VendorID,lpep_pickup_datetime,lpep_dropoff_datetime,store_and_fwd_flag,RatecodeID,PULocationID,DOLocationID,passenger_count,trip_distance,fare_amount,extra,mta_tax,tip_amount,tolls_amount,ehail_fee,improvement_surcharge,total_amount,payment_type,trip_type,congestion_surcharge
2,11/13/2024 08:10:31 AM,11/13/2024 08:20:21 AM,N,1,74,74,1,1.11,10,0,0.5,2.3,0,,1,13.8,1,1,0
2,04/12/2024 10:07:47 AM,04/12/2024 10:38:13 AM,N,1,102,82,1,3.26,26.8,0,0.5,0,0,,1,28.3,2,1,0
2,06/04/2024 03:04:30 PM,06/04/2024 03:18:37 PM,N,1,74,236,1,1.83,14.2,0,0.5,3.69,0,,1,22.14,1,1,2.75
2,05/21/2024 02:24:17 PM,05/21/2024 02:39:06 PM,N,1,74,263,1,1.86,14.9,0,0.5,3.83,0,,1,22.98,1,1,2.75
2,09/29/2024 12:56:24 PM,09/29/2024 01:03:14 PM,N,1,75,263,1,0.97,8.6,0,0.5,1,0,,1,13.85,1,1,2.75
2,06/13/2024 02:12:07 PM,06/13/2024 02:23:32 PM,N,1,166,143,5,2.05,13.5,0,0.5,3.55,0,,1,21.3,1,1,2.75
2,02/21/2024 04:53:59 PM,02/21/2024 05:01:10 PM,N,1,74,236,2,1.88,10.7,2.5,0.5,2.5,0,,1,19.95,1,1,2.75
1,04/15/2024 10:32:01 AM,04/15/2024 10:48:17 AM,N,1,74,75,1,1.3,14.9,0,1.5,4.1,0,,1,20.5,1,1,0
2,06/10/2024 10:03:53 AM,06/10/2024 10:15:17 AM,N,1,75,263,1,0.85,10.7,0,0.5,2.99,0,,1,17.94,1,1,2.75
2,01/05/2024 07:58:43 PM,01/05/2024 07:59:17 PM,N,1,82,82,1,0.09,3,2.5,0.5,0,0,,1,7,2,1,0
2,02/27/2024 05:35:29 PM,02/27/2024 05:41:16 PM,N,1,75,41,1,1.09,7.9,2.5,0.5,1.78,0,,1,13.68,1,1,0
2,09/03/2024 11:54:54 PM,09/04/2024 12:10:13 AM,N,5,93,256,1,13.18,100,0,0,10,0,,1,111,1,2,0
2,03/03/2024 02:37:27 PM,03/03/2024 02:45:13 PM,N,1,41,74,1,0.93,7.2,0,0.5,0,0,,1,8.7,2,1,0
2,07/13/2024 12:41:15 PM,07/13/2024 12:42:09 PM,N,1,74,42,1,0.28,3.7,0,0.5,0,0,,1,5.2,2,1,0
2,08/27/2024 08:14:15 PM,08/27/2024 08:49:53 PM,N,1,93,97,1,12.1,51.3,1,0.5,0,0,,1,53.8,1,1,0
1,09/20/2024 04:31:39 PM,09/20/2024 04:45:26 PM,N,1,74,152,1,1.8,14.2,2.5,1.5,3,0,,1,21.2,1,1,0
2,05/31/2024 06:40:22 PM,05/31/2024 06:53:40 PM,N,1,74,236,1,1.78,13.5,2.5,0.5,4.05,0,,1,24.3,1,1,2.75
1,08/13/2024 10:28:33 AM,08/13/2024 10:43:18 AM,N,1,130,138,0,6.8,28.2,5,1.5,6.9,0,,1,41.6,1,1,0
2,03/20/2024 03:21:58 AM,03/20/2024 03:23:33 AM,N,1,41,42,1,0.45,4.4,1,0.5,1.38,0,,1,8.28,1,1,0
2,11/18/2024 08:44:00 AM,11/18/2024 09:02:00 AM,,,29,14,,6.35,34.63,0,0.5,1,0,,1,37.13,,,
2,02/22/2024 08:39:33 PM,02/22/2024 08:48:06 PM,N,1,130,215,1,1.72,10.7,1,0.5,2.64,0,,1,15.84,1,1,0
2,05/30/2024 03:38:14 PM,05/30/2024 03:54:34 PM,N,1,74,42,1,0.74,13.5,0,0.5,0,0,,1,15,2,1,0
2,05/24/2024 04:27:44 PM,05/24/2024 04:44:42 PM,N,1,75,166,1,1.83,15.6,2.5,0.5,3.92,0,,1,23.52,1,1,0
1,05/26/2024 09:37:44 PM,05/26/2024 09:44:56 PM,N,1,74,75,1,1.4,8.6,1,1.5,0,0,,1,11.1,2,1,0
2,01/09/2024 01:02:32 PM,01/09/2024 01:15:12 PM,N,1,95,130,1,4.05,19.1,0,0.5,0,0,,1,20.6,2,1,0
1,09/06/2024 06:55:09 PM,09/06/2024 07:21:03 PM,N,1,74,238,1,3,24,5.25,1.5,6.15,0,,1,36.9,1,1,2.75
2,07/07/2024 07:09:50 PM,07/07/2024 07:11:48 PM,N,1,75,74,1,0.79,5.1,0,0.5,0,0,,1,6.6,2,1,0
2,07/05/2024 05:55:21 PM,07/05/2024 06:05:01 PM,N,1,95,28,2,1.82,11.4,2.5,0.5,0,0,,1,15.4,2,1,0
2,09/06/2024 04:59:07 AM,09/06/2024 05:05:29 AM,N,1,83,82,1,0.92,7.9,1,0.5,2.6,0,,1,13,1,1,0
1,04/10/2024 06:11:20 PM,04/10/2024 06:17:19 PM,N,1,75,238,1,1.2,8.6,5.25,1.5,3.05,0,,1,18.4,1,1,2.75
2,04/17/2024 10:52:01 AM,04/17/2024 11:00:43 AM,N,1,75,41,1,1.64,10.7,0,0.5,2.44,0,,1,14.64,1,1,0
2,10/19/2024 11:59:51 PM,10/20/2024 12:20:22 AM,N,1,129,226,1,1.9,18.4,1,0.5,0,0,,1,20.9,2,1,0
2,08/01/2024 09:53:54 AM,08/01/2024 10:01:13 AM,N,1,7,7,1,1.09,8.6,0,0.5,0,0,,1,10.1,2,1,0
2,09/07/2024 09:53:14 AM,09/07/2024 09:59:18 AM,N,1,195,195,1,0.96,7.9,0,0.5,0,0,,1,9.4,2,1,0
2,10/02/2024 01:59:08 AM,10/02/2024 01:59:14 AM,N,5,95,95,1,0,12,0,0,5,0,,1,18,1,2,0
1,05/28/2024 07:53:57 AM,05/28/2024 08:09:28 AM,N,1,166,166,1,2.4,14.9,0,1.5,0,0,,1,16.4,2,1,0
2,08/28/2024 11:24:56 AM,08/28/2024 11:34:14 AM,N,1,75,166,1,0,9.3,0,0.5,2.16,0,,1,12.96,1,1,0
2,11/20/2024 07:34:21 AM,11/20/2024 07:52:24 AM,N,1,74,69,1,2.13,17,0,0.5,3.7,0,,1,22.2,1,1,0
2,03/30/2024 12:12:05 PM,03/30/2024 12:13:08 PM,N,1,134,134,1,0.22,3.7,0,0.5,0,0,,1,5.2,2,1,0
2,01/21/2024 11:58:28 PM,01/22/2024 12:12:31 AM,N,1,69,69,2,1.59,13.5,1,0.5,0,0,,1,16,2,1,0
1,02/02/2024 01:20:06 PM,02/02/2024 01:29:12 PM,N,1,42,166,1,1.5,10,0,1.5,0.09,0,,1,11.59,1,1,0
1,08/31/2024 04:13:11 PM,08/31/2024 04:21:32 PM,N,1,95,134,1,1.4,10,0,1.5,0,0,,1,11.5,2,1,0
2,04/21/2024 10:59:58 AM,04/21/2024 11:20:17 AM,N,1,152,236,1,3.85,21.9,0,0.5,5.23,0,,1,31.38,1,1,2.75
2,10/26/2024 01:18:21 AM,10/26/2024 01:21:20 AM,N,1,95,95,1,0.6,5.1,1,0.5,1.9,0,,1,9.5,1,1,0
1,05/15/2024 09:31:17 AM,05/15/2024 09:48:26 AM,N,1,17,80,1,0,17.5,0,1.5,0,0,,1,19,1,1,0
2,07/29/2024 07:40:01 PM,07/29/2024 07:52:11 PM,N,1,260,226,1,2.01,13.5,2.5,0.5,3,0,,1,20.5,1,1,0
1,12/04/2024 04:56:40 PM,12/04/2024 05:06:54 PM,N,1,260,138,0,4.2,18.4,7.5,1.5,3,0,,1,30.4,1,1,0
2,06/14/2024 10:04:55 PM,06/14/2024 10:27:58 PM,N,1,66,162,1,6.85,31,1,0.5,6.7,0,,1,40.2,1,1,0
2,04/23/2024 07:08:33 AM,04/23/2024 07:12:41 AM,N,1,74,74,1,0.42,5.8,0,0.5,0,0,,1,7.3,2,1,0
2,03/05/2024 12:15:53 PM,03/05/2024 12:22:47 PM,N,1,75,41,1,1.25,9.3,0,0.5,0,0,,1,10.8,2,1,0
2,11/18/2024 06:31:00 PM,11/18/2024 06:41:59 PM,N,1,43,141,1,1.52,11.4,2.5,0.5,3.63,0,,1,21.78,1,1,2.75
2,02/02/2024 08:38:49 AM,02/02/2024 08:45:57 AM,N,1,74,75,1,0.62,7.9,0,0.5,0,0,,1,9.4,2,1,0
2,12/03/2024 05:27:01 PM,12/03/2024 05:44:42 PM,N,1,74,262,1,2.5,17.7,2.5,0.5,4,0,,1,28.45,1,1,2.75
2,09/03/2024 09:03:58 AM,09/03/2024 09:19:55 AM,N,1,74,75,1,1.07,14.9,0,0.5,0,0,,1,16.4,2,1,0
2,07/04/2024 11:55:10 PM,07/05/2024 12:07:32 AM,N,1,260,129,2,0.88,10.7,1,0.5,0,0,,1,13.2,2,1,0
2,09/05/2024 12:42:19 AM,09/05/2024 12:52:51 AM,N,1,260,129,1,2.11,12.8,1,0.5,1.53,0,,1,16.83,1,1,0
2,10/30/2024 01:24:42 PM,10/30/2024 01:35:33 PM,N,1,43,43,1,0.79,10.7,0,0.5,2,0,,1,16.95,1,1,2.75
2,05/05/2024 12:03:45 PM,05/05/2024 12:12:22 PM,N,1,74,236,1,1.92,11.4,0,0.5,3.13,0,,1,18.78,1,1,2.75
2,05/21/2024 09:07:46 PM,05/21/2024 09:18:42 PM,N,1,95,96,1,1.62,12.1,1,0.5,4.38,0,,1,18.98,1,1,0
2,09/03/2024 10:20:03 PM,09/03/2024 10:54:12 PM,N,1,93,236,2,13.55,57.6,1,0.5,13.96,6.94,,1,83.75,1,1,2.75
2,06/27/2024 02:54:56 PM,06/27/2024 03:19:20 PM,N,1,134,131,1,4.71,26.1,0,0.5,0,0,,1,27.6,2,1,0
2,03/18/2024 11:10:35 AM,03/18/2024 11:20:56 AM,N,1,75,238,2,1.18,11.4,0,0.5,3.13,0,,1,18.78,1,1,2.75
2,08/08/2024 10:21:42 PM,08/08/2024 10:33:27 PM,N,1,41,159,1,2.44,14.2,1,0.5,0,0,,1,16.7,2,1,0
2,10/21/2024 07:47:47 PM,10/21/2024 08:02:07 PM,N,1,74,116,1,2.31,14.9,2.5,0.5,0,0,,1,18.9,1,1,0
2,11/16/2024 09:57:12 PM,11/16/2024 09:57:48 PM,N,1,82,82,1,0.03,3,1,0.5,0,0,,1,5.5,2,1,0
2,03/17/2024 09:48:41 AM,03/17/2024 10:01:58 AM,N,1,42,141,1,5.51,23.3,0,0.5,0,0,,1,27.55,2,1,2.75
2,04/19/2024 09:56:51 PM,04/19/2024 10:07:18 PM,N,1,74,263,1,2.36,13.5,1,0.5,3.75,0,,1,22.5,1,1,2.75
2,03/07/2024 04:11:09 PM,03/07/2024 04:17:53 PM,N,1,82,196,1,1.05,7.9,2.5,0.5,0,0,,1,11.9,2,1,0
2,10/13/2024 07:13:02 PM,10/13/2024 07:26:10 PM,N,1,166,239,1,1.96,14.2,0,0.5,3.69,0,,1,22.14,1,1,2.75
2,05/15/2024 07:50:09 PM,05/15/2024 08:08:36 PM,N,1,95,216,1,2.97,19.1,2.5,0.5,4.62,0,,1,27.72,1,1,0
2,09/03/2024 11:18:25 AM,09/03/2024 11:42:23 AM,N,1,244,239,1,5.46,28.2,0,0.5,6.49,0,,1,38.94,1,1,2.75
1,10/08/2024 07:07:33 PM,10/08/2024 07:19:47 PM,N,1,65,61,1,1.8,12.1,2.5,1.5,2,0,,1,18.1,1,1,0
2,06/08/2024 08:25:47 PM,06/08/2024 08:40:32 PM,N,1,74,238,1,2.51,17,1,0.5,3.9,0,,1,23.4,1,1,0
1,06/11/2024 04:34:31 PM,06/11/2024 04:53:10 PM,N,1,150,108,1,0,20.5,0,1.5,0,0,,1,22,1,1,0
2,01/19/2024 07:27:00 PM,01/19/2024 07:31:17 PM,N,1,75,74,1,1.35,7.2,2.5,0.5,2.24,0,,1,13.44,1,1,0
2,05/16/2024 10:31:22 AM,05/16/2024 10:40:14 AM,N,1,74,236,1,2.08,11.4,0,0.5,4.7,0,,1,20.35,1,1,2.75
2,02/23/2024 04:42:51 PM,02/23/2024 04:55:52 PM,N,1,95,95,2,1.79,12.8,2.5,0.5,0,0,,1,16.8,2,1,0
2,06/27/2024 12:29:26 AM,06/27/2024 12:53:55 AM,N,1,186,189,1,5.6,28.2,1,0.5,6.64,0,,1,39.84,1,1,2.5
2,08/04/2024 02:53:19 AM,08/04/2024 03:06:00 AM,N,1,82,56,2,1.83,12.1,1,0.5,10,0,,1,24.6,1,1,0
2,02/05/2024 08:22:07 AM,02/05/2024 08:29:58 AM,N,1,95,95,2,1.11,9.3,0,0.5,0,0,,1,10.8,2,1,0
2,03/31/2024 06:42:15 AM,03/31/2024 06:48:34 AM,N,1,75,74,1,1.23,9.3,0,0.5,2.16,0,,1,12.96,1,1,0
2,07/24/2024 11:27:39 AM,07/24/2024 11:37:10 AM,N,1,166,238,1,1.49,11.4,0,0.5,2.58,0,,1,15.48,1,1,0
1,12/13/2024 03:42:44 PM,12/13/2024 03:46:38 PM,N,1,181,181,0,0.5,5.8,0,1.5,1.46,0,,1,8.76,1,1,0
2,04/19/2024 05:49:50 PM,04/19/2024 06:11:18 PM,N,1,43,163,2,2.21,20.5,2.5,0.5,4.9,0,,1,32.15,1,1,2.75
1,09/29/2024 07:09:10 PM,09/29/2024 07:24:31 PM,N,1,82,82,2,1.4,11.4,2.5,1.5,0,0,,1,15.4,2,1,0
2,04/13/2024 03:33:00 PM,04/13/2024 03:52:00 PM,,,116,142,,5.58,25.98,0,0,8.77,0,,1,38.5,,,
2,02/27/2024 02:22:10 PM,02/27/2024 02:28:30 PM,N,1,42,152,1,0.76,7.2,0,0.5,1,0,,1,9.7,1,1,0
1,01/11/2024 05:24:44 PM,01/11/2024 05:48:42 PM,N,1,82,129,1,2.3,16.3,2.5,1.5,0,0,,1,20.3,2,1,0
2,09/18/2024 08:55:15 PM,09/18/2024 09:00:26 PM,N,1,166,151,1,0.81,7.2,1,0.5,1.8,0,,1,11.5,1,1,0
2,12/15/2024 02:10:42 PM,12/15/2024 02:32:14 PM,N,1,166,237,1,3.31,21.9,0,0.5,0,0,,1,26.15,2,1,2.75
2,07/15/2024 12:35:02 PM,07/15/2024 12:46:54 PM,N,1,95,131,3,3.24,15.6,0,0.5,0,0,,1,17.1,2,1,0
2,09/26/2024 07:52:53 PM,09/26/2024 08:00:16 PM,N,1,82,138,1,3.86,17,7.5,0.5,6.5,0,,1,32.5,1,1,0
1,11/28/2024 11:46:36 AM,11/28/2024 11:51:37 AM,N,1,75,262,1,1.4,8.6,2.75,1.5,0,0,,1,12.85,2,1,2.75
2,05/08/2024 11:47:28 AM,05/08/2024 11:58:22 AM,N,1,95,160,1,2,12.8,0,0.5,0,0,,1,14.3,2,1,0
2,04/02/2024 07:08:01 PM,04/02/2024 07:15:58 PM,N,1,236,239,2,1.63,10.7,2.5,0.5,3.49,0,,1,20.94,1,1,2.75
2,01/22/2024 02:56:34 PM,01/22/2024 03:15:27 PM,N,1,97,188,2,2.45,18.4,0,0.5,3.98,0,,1,23.88,1,1,0
2,12/30/2024 08:13:32 PM,12/30/2024 08:23:21 PM,N,1,181,227,1,1.96,12.1,1,0.5,2.92,0,,1,17.52,1,1,0
2,09/09/2024 04:40:57 PM,09/09/2024 04:54:37 PM,N,1,82,138,1,3.76,18.4,7.5,0.5,0,0,,1,27.4,1,1,0
2,03/07/2024 05:11:58 PM,03/07/2024 05:42:31 PM,N,1,260,121,2,8.99,37.3,2.5,0.5,0,0,,1,41.3,2,1,0
2,07/30/2024 09:19:56 PM,07/30/2024 09:25:42 PM,N,1,43,236,1,1.22,8.6,1,0.5,2.77,0,,1,16.62,1,1,2.75
2,06/19/2024 03:30:44 PM,06/19/2024 03:52:07 PM,N,1,83,157,6,1.66,16.3,0,0.5,0,0,,1,17.8,2,1,0
1,03/13/2024 01:53:34 PM,03/13/2024 02:07:43 PM,N,1,166,143,1,3.3,17.7,2.75,1.5,4.35,0,,1,26.3,1,1,2.75
2,11/07/2024 09:58:42 AM,11/07/2024 10:16:08 AM,N,1,166,143,6,2.6,17.7,0,0.5,3,0,,1,24.95,1,1,2.75
2,01/17/2024 12:20:53 PM,01/17/2024 12:28:04 PM,N,1,24,238,1,1.06,7.9,0,0.5,0,0,,1,12.15,2,1,2.75
2,03/21/2024 10:39:00 AM,03/21/2024 11:14:00 AM,,,223,246,,15.52,62.21,0,0,0,6.94,,1,72.9,,,
2,03/27/2024 08:33:32 PM,03/27/2024 08:44:52 PM,N,1,166,74,1,1.76,12.1,1,0.5,2.92,0,,1,17.52,1,1,0
2,06/26/2024 08:35:16 PM,06/26/2024 08:45:12 PM,N,1,95,28,1,1.9,12.1,1,0.5,2,0,,1,16.6,1,1,0
1,05/27/2024 11:27:04 AM,05/27/2024 11:27:04 AM,Y,1,82,264,1,0,21.2,0,1.5,0,0,,1,22.7,2,1,0
1,02/24/2024 03:42:10 AM,02/24/2024 03:56:08 AM,N,1,157,112,1,2.8,15.6,1,1.5,3.6,0,,1,21.7,1,1,0
2,09/30/2024 12:01:13 AM,09/30/2024 12:06:23 AM,N,1,129,129,1,0.75,6.5,1,0.5,2.7,0,,1,11.7,1,1,0
2,03/17/2024 01:01:53 PM,03/17/2024 01:12:30 PM,N,1,74,166,1,1.93,12.1,0,0.5,2.72,0,,1,16.32,1,1,0
2,10/28/2024 08:15:19 PM,10/28/2024 08:21:57 PM,N,1,95,135,2,1.66,10,1,0.5,0,0,,1,12.5,2,1,0
2,06/23/2024 08:12:42 PM,06/23/2024 08:22:00 PM,N,1,95,95,1,1.48,10.7,1,0.5,3.3,0,,1,16.5,1,1,0
2,05/08/2024 06:41:20 PM,05/08/2024 06:45:14 PM,N,1,75,74,1,1.41,7.9,2.5,0.5,2.38,0,,1,14.28,1,1,0
2,09/20/2024 03:28:24 PM,09/20/2024 03:34:49 PM,N,1,75,74,1,1.24,8.6,0,0.5,2.52,0,,1,12.62,1,1,0
2,07/19/2024 03:54:38 PM,07/19/2024 04:02:59 PM,N,1,43,238,1,1.6,10.7,0,0.5,2.99,0,,1,17.94,1,1,2.75
2,06/11/2024 10:51:21 AM,06/11/2024 11:01:39 AM,N,1,75,262,1,1.05,10.7,0,0.5,2.99,0,,1,17.94,1,1,2.75
2,03/21/2024 10:22:32 AM,03/21/2024 10:39:18 AM,N,1,43,166,1,2.66,17,0,0.5,3,0,,1,21.5,1,1,0
2,10/19/2024 08:57:12 PM,10/19/2024 09:07:22 PM,N,1,41,74,6,1.33,11.4,1,0.5,0,0,,1,13.9,2,1,0
1,09/13/2024 07:16:26 PM,09/13/2024 07:35:48 PM,N,1,65,181,0,2.6,18.4,2.5,1.5,4.45,0,,1,26.85,1,1,0
2,02/05/2024 07:38:59 AM,02/05/2024 08:04:35 AM,N,1,152,75,2,2.96,23.3,0,0.5,0,0,,1,24.8,1,1,0
2,01/23/2024 08:05:05 PM,01/23/2024 08:10:59 PM,N,1,95,95,1,1.03,7.9,1,0.5,1,0,,1,11.4,1,1,0
2,08/20/2024 06:54:31 PM,08/20/2024 07:02:07 PM,N,1,43,239,1,1.56,10,2.5,0.5,2,0,,1,18.75,1,1,2.75
2,01/06/2024 10:07:51 AM,01/06/2024 10:34:56 AM,N,1,195,256,1,5.87,29.6,0,0.5,6.22,0,,1,37.32,1,1,0
2,12/04/2024 06:18:43 PM,12/04/2024 06:28:44 PM,N,1,75,42,1,2.06,12.1,2.5,0.5,0,0,,1,16.1,2,1,0
2,04/12/2024 09:53:28 AM,04/12/2024 10:22:50 AM,N,1,75,236,1,2.82,26.1,0,0.5,6.07,0,,1,36.42,1,1,2.75
2,06/17/2024 12:48:21 AM,06/17/2024 12:57:13 AM,N,1,82,129,1,2.6,14.2,1,0.5,1,0,,1,17.7,1,1,0
2,12/15/2024 03:46:55 PM,12/15/2024 03:57:34 PM,N,1,43,237,1,1.6,11.4,0,0.5,3.13,0,,1,18.78,1,1,2.75
2,03/12/2024 04:18:25 PM,03/12/2024 04:30:01 PM,N,1,74,41,2,1.19,11.4,2.5,0.5,3.08,0,,1,18.48,1,1,0
2,05/04/2024 10:32:50 PM,05/04/2024 10:32:55 PM,N,5,95,95,2,0.03,80,0,0,16.2,0,,1,97.2,1,2,0
2,07/28/2024 06:29:53 PM,07/28/2024 06:38:37 PM,N,1,74,41,1,1.06,10,0,0.5,2.3,0,,1,13.8,1,1,0
2,09/27/2024 11:52:54 PM,09/28/2024 12:07:50 AM,N,1,166,243,1,4.53,21.2,1,0.5,0,0,,1,23.7,2,1,0
2,12/13/2024 06:58:47 AM,12/13/2024 07:06:58 AM,N,1,74,152,2,1.38,10,0,0.5,2.3,0,,1,13.8,1,1,0
2,09/25/2024 10:06:47 PM,09/25/2024 10:16:18 PM,N,1,134,197,1,1.59,10.7,1,0.5,2.64,0,,1,15.84,1,1,0
2,05/24/2024 07:47:42 PM,05/24/2024 07:48:10 PM,N,1,166,166,1,0,3,2.5,0.5,0,0,,1,7,4,1,0
1,03/09/2024 12:53:08 PM,03/09/2024 12:59:12 PM,N,1,130,215,0,1,7.9,0,1.5,0,0,,1,9.4,2,1,0
2,02/17/2024 08:58:46 AM,02/17/2024 09:09:01 AM,N,1,244,238,1,4.3,19.1,0,0.5,3.5,0,,1,26.85,1,1,2.75
2,12/06/2024 05:34:52 PM,12/06/2024 05:39:19 PM,N,1,134,134,1,0.58,6.5,2.5,0.5,0.01,0,,1,10.51,1,1,0
2,09/28/2024 04:40:45 PM,09/28/2024 05:17:46 PM,N,1,75,107,1,5.35,30.3,0,0.5,6.91,0,,1,41.46,1,1,2.75
2,01/15/2024 03:01:08 PM,01/15/2024 03:04:04 PM,N,1,75,236,1,0.64,5.1,0,0.5,2.8,0,,1,12.15,1,1,2.75
2,06/12/2024 02:01:18 PM,06/12/2024 02:13:43 PM,N,1,7,146,1,1.66,12.8,0,0.5,3,0,,1,17.3,1,1,0
2,09/01/2024 07:27:25 PM,09/01/2024 07:34:28 PM,N,1,93,138,1,2.34,12.1,5,0.5,3.72,0,,1,22.32,1,1,0
2,07/11/2024 05:18:18 PM,07/11/2024 05:24:33 PM,N,1,82,196,1,1.08,8.6,2.5,0.5,2.52,0,,1,15.12,1,1,0
1,10/10/2024 06:10:59 AM,10/10/2024 06:18:49 AM,N,1,74,236,1,2,11.4,2.75,1.5,3.1,0,,1,18.75,1,1,2.75
2,08/15/2024 04:50:18 PM,08/15/2024 05:06:09 PM,N,5,93,223,1,5.8,40,0,0,12.3,0,,1,53.3,1,2,0
1,03/16/2024 10:09:00 AM,03/16/2024 10:14:32 AM,N,1,74,42,1,0.8,6.5,0,1.5,0,0,,1,8,2,1,0
2,07/09/2024 12:10:27 PM,07/09/2024 12:23:04 PM,N,1,75,41,5,1.5,13.5,0,0.5,0,0,,1,15,2,1,0
2,04/01/2024 09:13:48 AM,04/01/2024 09:24:44 AM,N,1,129,129,1,1.5,12.1,0,0.5,0,0,,1,13.6,2,1,0
2,06/19/2024 06:37:48 PM,06/19/2024 06:41:32 PM,N,1,75,236,1,0.51,5.8,2.5,0.5,0,0,,1,12.55,2,1,2.75
1,09/29/2024 04:28:04 PM,09/29/2024 04:40:21 PM,N,1,74,263,2,2.3,12.8,2.75,1.5,3.4,0,,1,20.45,1,1,2.75
2,02/20/2024 05:26:19 PM,02/20/2024 05:36:45 PM,N,1,65,40,1,1.75,11.4,2.5,0.5,3.08,0,,1,18.48,1,1,0
2,11/12/2024 11:06:11 AM,11/12/2024 11:21:38 AM,N,1,74,166,1,1.71,14.9,0,0.5,1,0,,1,17.4,1,1,0
2,02/09/2024 07:53:10 PM,02/09/2024 08:04:49 PM,N,1,74,141,1,2.8,14.9,2.5,0.5,4.28,0,,1,25.68,1,1,2.5
2,11/07/2024 06:07:32 AM,11/07/2024 06:12:57 AM,N,1,92,171,1,0.67,7.2,0,0.5,0,0,,1,8.7,2,1,0
2,11/23/2024 12:43:22 PM,11/23/2024 12:48:18 PM,N,1,152,166,1,0.89,7.2,0,0.5,1.74,0,,1,10.44,1,1,0
2,02/12/2024 10:06:11 PM,02/12/2024 10:23:55 PM,N,1,82,198,1,3.6,19.8,1,0.5,0,0,,1,22.3,2,1,0
2,03/03/2024 10:28:55 AM,03/03/2024 10:37:36 AM,N,5,93,138,1,5.36,50,5,0,0,0,,1,56,2,2,0
2,05/09/2024 12:27:30 PM,05/09/2024 12:41:48 PM,N,1,82,138,2,3.75,18.4,5,0.5,4.98,0,,1,29.88,1,1,0
2,06/30/2024 09:41:38 AM,06/30/2024 09:52:52 AM,N,1,74,138,1,6.84,28.2,5,0.5,10.41,6.94,,1,52.05,1,1,0
2,04/28/2024 09:55:23 PM,04/28/2024 10:23:06 PM,N,1,66,43,1,10.73,45,1,0.5,0,0,,1,50.25,2,1,2.75
1,12/28/2024 02:59:42 PM,12/28/2024 03:35:51 PM,N,1,55,89,0,5.8,34.5,0,1.5,0,0,,1,36,2,1,0
2,08/08/2024 07:50:53 PM,08/08/2024 08:00:24 PM,N,1,41,116,1,1.99,11.4,1,0.5,0,0,,1,13.9,2,1,0
2,03/24/2024 12:06:31 PM,03/24/2024 12:23:42 PM,N,1,42,32,1,8.33,33.8,0,0.5,0,0,,1,35.3,2,1,0
2,04/27/2024 09:15:00 AM,04/27/2024 09:30:00 AM,,,42,43,,3.42,21.31,0,0,3.68,0,,1,28.74,,,
2,12/03/2024 02:21:13 PM,12/03/2024 02:40:57 PM,N,1,43,237,1,2.31,18.4,0,0.5,3.5,0,,1,26.15,1,1,2.75
1,06/26/2024 05:03:38 PM,06/26/2024 06:15:58 PM,N,1,49,68,1,0,26.5,0,1.5,0,0,,1,28,1,1,0
2,08/17/2024 05:44:05 PM,08/17/2024 05:46:44 PM,N,1,260,83,6,0.26,4.4,0,0.5,0,0,,1,5.9,2,1,0
2,08/17/2024 02:11:00 PM,08/17/2024 02:43:00 PM,,,74,142,,4.29,26.95,0,0,6.04,0,,1,36.74,,,
2,09/17/2024 07:51:52 PM,09/17/2024 08:05:48 PM,N,1,82,70,1,3.56,18.4,2.5,0.5,2,0,,1,24.4,1,1,0
2,04/08/2024 10:06:00 AM,04/08/2024 10:26:00 AM,,,41,141,,3.57,24.19,0,0,4.94,0,,1,32.88,,,
2,05/19/2024 12:53:30 PM,05/19/2024 01:13:27 PM,N,1,65,61,1,2.99,19.8,0,0.5,0,0,,1,21.3,2,1,0
2,01/12/2024 05:36:23 PM,01/12/2024 05:49:13 PM,N,1,95,95,1,1.54,13.5,2.5,0.5,3.5,0,,1,21,1,1,0
2,09/27/2024 07:56:03 PM,09/27/2024 08:12:01 PM,N,1,82,102,1,2.87,17.7,1,0.5,4.04,0,,1,24.24,1,1,0
2,09/28/2024 07:36:09 PM,09/28/2024 07:46:28 PM,N,1,74,236,1,2.41,12.8,0,0.5,3.41,0,,1,20.46,1,1,2.75
2,04/26/2024 06:13:27 AM,04/26/2024 06:19:14 AM,N,1,74,43,1,1.38,8.6,0,0.5,0,0,,1,10.1,1,1,0
2,02/28/2024 09:58:48 AM,02/28/2024 10:10:59 AM,N,1,95,135,1,2.19,13.5,0,0.5,3,0,,1,18,1,1,0
2,01/24/2024 08:33:32 PM,01/24/2024 08:34:46 PM,N,1,43,236,1,0.51,4.4,1,0.5,2.9,0,,1,12.55,1,1,2.75
2,03/22/2024 04:49:56 AM,03/22/2024 04:56:50 AM,N,1,82,223,1,2.61,12.8,1,0.5,0,0,,1,15.3,2,1,0
2,02/09/2024 09:58:18 AM,02/09/2024 10:03:11 AM,N,1,166,41,1,0.43,6.5,0,0.5,0,0,,1,8,2,1,0
2,05/30/2024 07:31:25 PM,05/30/2024 07:40:16 PM,N,1,75,42,1,1.56,10.7,2.5,0.5,0.08,0,,1,14.78,1,1,0
2,01/12/2024 10:39:24 AM,01/12/2024 11:34:06 AM,N,1,75,26,6,16.71,74.4,0,0.5,21.4,6.94,,1,106.99,1,1,2.75
2,07/15/2024 07:09:34 PM,07/15/2024 07:18:16 PM,N,1,95,28,1,1.89,11.4,2.5,0.5,3.08,0,,1,18.48,1,1,0
2,12/03/2024 02:12:15 PM,12/03/2024 02:33:13 PM,N,1,61,71,1,3.07,20.5,0,0.5,0,0,,1,22,1,1,0
2,09/19/2024 09:35:29 PM,09/19/2024 09:42:59 PM,N,1,74,152,1,1.6,10,1,0.5,2.5,0,,1,15,1,1,0
2,10/13/2024 01:58:44 PM,10/13/2024 02:10:15 PM,N,1,65,66,1,1.68,12.1,0,0.5,2.72,0,,1,16.32,1,1,0
2,12/01/2024 05:11:05 PM,12/01/2024 05:19:18 PM,N,1,97,49,2,1.33,9.3,0,0.5,2.16,0,,1,12.96,1,1,0
2,10/06/2024 09:53:23 AM,10/06/2024 09:58:15 AM,N,1,74,41,1,0.93,7.2,0,0.5,0,0,,1,8.7,2,1,0
2,06/15/2024 03:44:49 PM,06/15/2024 04:31:34 PM,N,1,7,37,1,7.84,45,0,0.5,9.3,0,,1,55.8,1,1,0
2,01/26/2024 11:16:00 AM,01/26/2024 12:04:00 PM,,,41,197,,18.79,69.41,0,0,15.47,6.94,,1,92.82,,,
2,12/06/2024 12:34:24 PM,12/07/2024 12:00:00 AM,N,1,75,75,1,1.03,8.6,0,0.5,2.52,0,,1,12.62,1,1,0
2,12/17/2024 09:18:37 AM,12/17/2024 09:31:08 AM,N,1,243,244,1,1.32,12.1,0,0.5,0,0,,1,13.6,1,1,0
2,10/30/2024 05:07:13 PM,10/30/2024 05:20:48 PM,N,1,74,236,6,1.83,14.2,2.5,0.5,4.19,0,,1,25.14,1,1,2.75
2,03/23/2024 03:08:27 AM,03/23/2024 03:26:47 AM,N,1,83,64,1,9.29,38,1,0.5,0,0,,1,40.5,2,1,0
2,12/03/2024 05:49:44 PM,12/03/2024 06:00:56 PM,N,1,74,238,1,2.29,13.5,2.5,0.5,1,0,,1,21.25,1,1,2.75
2,07/01/2024 07:59:16 PM,07/01/2024 08:11:47 PM,N,1,260,223,2,3.38,17.7,1,0.5,4.04,0,,1,24.24,1,1,0
2,02/08/2024 03:05:01 PM,02/08/2024 03:09:40 PM,N,1,43,236,1,0.56,6.5,0,0.5,0,0,,1,10.75,2,1,2.75
2,11/01/2024 06:14:01 PM,11/01/2024 06:18:26 PM,N,1,75,75,1,0.55,6.5,2.5,0.5,0,0,,1,10.5,2,1,0
2,06/07/2024 09:44:41 PM,06/07/2024 10:13:31 PM,N,5,247,230,3,7.88,90,0,0,18.75,0,,1,112.5,1,2,2.75
2,04/13/2024 12:00:26 PM,04/13/2024 12:14:35 PM,N,1,260,93,2,5.26,24,0,0.5,2.55,0,,1,28.05,1,1,0
2,07/13/2024 01:01:45 AM,07/13/2024 01:16:52 AM,N,1,75,235,1,5.7,24.7,1,0.5,0,0,,1,27.2,2,1,0
2,07/17/2024 11:43:11 AM,07/17/2024 11:55:12 AM,N,1,74,166,1,1.99,12.8,0,0.5,0,0,,1,14.3,2,1,0
2,07/13/2024 11:59:57 PM,07/14/2024 12:02:52 AM,N,1,186,68,1,0.79,5.8,1,0.5,1,0,,1,11.8,1,1,2.5
2,03/20/2024 01:09:34 PM,03/20/2024 01:19:55 PM,N,1,166,239,1,1.85,12.1,0,0.5,3.27,0,,1,19.62,1,1,2.75
2,11/29/2024 07:32:28 PM,11/29/2024 07:44:25 PM,N,1,66,65,2,1.25,12.1,2.5,0.5,0,0,,1,16.1,1,1,0
2,06/09/2024 04:01:56 PM,06/09/2024 04:13:36 PM,N,1,74,236,1,2.1,13.5,0,0.5,2.66,0,,1,20.41,1,1,2.75
2,06/07/2024 01:44:20 PM,06/07/2024 01:54:36 PM,N,1,97,97,1,1.26,10.7,0,0.5,0,0,,1,12.2,2,1,0
2,06/29/2024 04:44:06 PM,06/29/2024 04:54:51 PM,N,1,97,66,2,0.83,10,0,0.5,2.3,0,,1,13.8,1,1,0
2,07/14/2024 08:57:51 PM,07/14/2024 09:06:27 PM,N,1,42,152,1,1.3,10,1,0.5,0,0,,1,12.5,2,1,0
2,09/08/2024 10:08:22 PM,09/08/2024 10:13:36 PM,N,1,186,249,1,1.07,7.2,1,0.5,1,0,,1,13.2,1,1,2.5
2,10/17/2024 01:19:28 PM,10/17/2024 01:54:54 PM,N,1,75,161,2,2.84,28.9,0,0.5,6.63,0,,1,39.78,1,1,2.75
2,03/05/2024 11:32:10 AM,03/05/2024 11:43:31 AM,N,1,95,197,1,1.68,12.8,0,0.5,0,0,,1,14.3,2,1,0
2,05/27/2024 01:26:27 AM,05/27/2024 01:37:33 AM,N,5,157,255,1,2.62,30,0,0,2,0,,1,33,1,2,0
2,07/16/2024 02:31:35 PM,07/16/2024 02:49:50 PM,N,1,75,140,1,2.62,19.1,0,0.5,2.08,0,,1,25.43,1,1,2.75
2,11/20/2024 07:29:29 PM,11/20/2024 07:34:40 PM,N,1,75,74,1,1.35,7.9,2.5,0.5,2.38,0,,1,14.28,1,1,0
2,11/17/2024 02:32:14 PM,11/17/2024 02:43:23 PM,N,1,25,106,1,1.71,11.4,0,0.5,3.22,0,,1,16.12,1,1,0
2,02/26/2024 06:34:06 PM,02/26/2024 06:49:57 PM,N,1,65,217,1,2.51,17.7,2.5,0.5,0,0,,1,21.7,2,1,0
2,03/07/2024 07:30:00 AM,03/07/2024 08:08:00 AM,,,134,233,,9.92,62.24,0,0,0,6.94,,1,72.93,,,
2,03/11/2024 12:25:05 PM,03/11/2024 12:36:27 PM,N,1,75,239,1,2.03,12.8,0,0.5,3.41,0,,1,20.46,1,1,2.75
2,08/19/2024 01:24:56 PM,08/19/2024 01:30:00 PM,N,1,75,74,1,1.26,7.9,0,0.5,2.82,0,,1,12.22,1,1,0
1,05/17/2024 04:45:47 PM,05/17/2024 05:05:05 PM,N,1,166,42,1,1.7,17,2.5,1.5,4.2,0,,1,25.2,1,1,0
2,06/06/2024 03:45:01 PM,06/06/2024 03:59:21 PM,N,1,43,237,1,1.75,14.2,0,0.5,0.55,0,,1,19,1,1,2.75
2,01/20/2024 05:58:24 PM,01/20/2024 06:08:17 PM,N,1,74,116,1,1.93,11.4,0,0.5,3.22,0,,1,16.12,1,1,0
2,10/27/2024 02:34:50 PM,10/27/2024 02:52:34 PM,N,1,74,239,1,2.7,17.7,0,0.5,0,0,,1,21.95,2,1,2.75
2,07/19/2024 07:00:06 AM,07/19/2024 07:05:35 AM,N,1,74,42,1,1.17,7.9,0,0.5,1.88,0,,1,11.28,1,1,0
2,06/19/2024 09:03:53 AM,06/19/2024 09:16:45 AM,N,1,43,50,1,4.08,19.1,0,0.5,4.67,0,,1,28.02,1,1,2.75
2,08/15/2024 12:32:15 PM,08/15/2024 12:43:04 PM,N,1,75,262,1,1.64,12.1,0,0.5,1,0,,1,17.35,1,1,2.75
2,08/02/2024 07:00:22 PM,08/02/2024 07:07:03 PM,N,1,74,41,1,0.91,8.6,2.5,0.5,2.52,0,,1,15.12,1,1,0
2,05/27/2024 11:57:13 AM,05/27/2024 12:07:06 PM,N,1,74,263,1,2.39,12.8,0,0.5,1,0,,1,18.05,1,1,2.75
2,03/08/2024 11:31:29 AM,03/08/2024 11:39:19 AM,N,1,75,42,2,2,10.7,0,0.5,0.08,0,,1,12.28,1,1,0
2,04/03/2024 09:39:57 AM,04/03/2024 09:46:18 AM,N,1,75,236,1,0.98,7.9,0,0.5,0,0,,1,12.15,2,1,2.75
2,09/11/2024 07:45:52 AM,09/11/2024 08:34:22 AM,N,1,95,237,1,7.53,47.1,0,0.5,0,0,,1,51.35,2,1,2.75
2,08/22/2024 06:56:26 PM,08/22/2024 06:59:23 PM,N,1,93,57,5,0.54,5.1,2.5,0.5,0,0,,1,9.1,2,1,0
2,09/22/2024 06:27:59 PM,09/22/2024 06:41:22 PM,N,1,74,42,1,2.69,13.5,0,0.5,0,0,,1,15,1,1,0
2,04/04/2024 03:37:00 PM,04/04/2024 03:44:29 PM,N,1,236,74,1,1.39,9.3,0,0.5,2.02,0,,0.3,12.12,1,1,0
2,03/01/2024 08:40:09 PM,03/01/2024 08:53:21 PM,N,1,74,263,1,2.01,14.2,1,0.5,3.89,0,,1,23.34,1,1,2.75
1,08/14/2024 09:46:41 PM,08/14/2024 10:06:31 PM,N,5,93,134,3,5.1,40,0,0,0,0,,0,40,2,2,0
2,12/11/2024 03:52:22 PM,12/11/2024 03:58:47 PM,N,1,95,95,1,1.05,8.6,0,0.5,3.03,0,,1,13.13,1,1,0
2,03/24/2024 12:28:33 PM,03/24/2024 12:47:55 PM,N,1,66,256,1,3.37,21.2,0,0.5,4.54,0,,1,27.24,1,1,0
2,06/25/2024 10:31:41 AM,06/25/2024 11:09:29 AM,N,1,102,82,1,4.79,32.4,0,0.5,0,0,,1,33.9,2,1,0
1,07/16/2024 02:26:34 PM,07/16/2024 02:40:23 PM,N,1,264,95,1,2.7,14.9,0,1.5,0,0,,1,16.4,2,1,0
2,09/20/2024 04:05:28 PM,09/20/2024 04:41:29 PM,N,5,244,138,1,10.82,65,5,0,14.2,0,,1,85.2,1,2,0
2,10/21/2024 05:06:38 PM,10/21/2024 05:18:21 PM,N,1,82,138,1,3.65,18.4,7.5,0.5,5.48,0,,1,32.88,1,1,0
2,04/22/2024 05:17:00 PM,04/22/2024 05:23:00 PM,,,7,7,,0.74,12.08,0,0,3.77,0,,1,16.85,,,
2,03/02/2024 08:19:14 AM,03/02/2024 08:33:09 AM,N,1,75,48,6,3.42,17.7,0,0.5,4,0,,1,25.95,1,1,2.75
1,04/25/2024 07:30:28 AM,04/25/2024 07:53:30 AM,N,1,74,170,1,4.3,21.2,2.75,1.5,0,0,,1,25.45,1,1,2.75
2,07/13/2024 06:43:49 PM,07/13/2024 06:53:53 PM,N,1,75,141,1,1.83,12.8,0,0.5,3.41,0,,1,20.46,1,1,2.75
2,10/19/2024 11:03:20 AM,10/19/2024 11:08:58 AM,N,1,166,41,1,0.99,7.9,0,0.5,0,0,,1,9.4,2,1,0
2,02/27/2024 09:09:56 PM,02/27/2024 09:28:48 PM,N,1,134,157,1,4.98,24,1,0.5,0,0,,1,26.5,1,1,0
2,08/19/2024 10:57:22 AM,08/19/2024 11:21:06 AM,N,1,82,256,4,5.3,26.1,0,0.5,5.52,0,,1,33.12,1,1,0
2,12/20/2024 04:31:56 PM,12/20/2024 04:40:37 PM,N,1,75,236,1,1.34,10,2.5,0.5,0,0,,1,16.75,2,1,2.75
2,09/06/2024 09:41:32 AM,09/06/2024 09:56:24 AM,N,1,74,75,1,1.42,14.2,0,0.5,0,0,,1,15.7,2,1,0
2,05/02/2024 09:07:58 AM,05/02/2024 09:33:24 AM,N,1,7,112,1,3.96,24.7,0,0.5,5.24,0,,1,31.44,1,1,0
2,02/27/2024 07:10:14 PM,02/27/2024 07:24:00 PM,N,1,82,7,1,2.94,16.3,2.5,0.5,0,0,,1,20.3,2,1,0
2,09/05/2024 05:53:04 PM,09/05/2024 06:04:08 PM,N,1,82,138,1,3.73,17.7,7.5,0.5,5.34,0,,1,32.04,1,1,0
2,01/31/2024 04:08:13 PM,01/31/2024 04:13:08 PM,N,1,166,151,1,0.81,6.5,2.5,0.5,1,0,,1,11.5,1,1,0
2,09/04/2024 06:01:32 PM,09/04/2024 06:09:14 PM,N,1,134,197,1,1.33,9.3,2.5,0.5,0,0,,1,13.3,2,1,0
2,12/28/2024 05:06:24 PM,12/28/2024 05:22:06 PM,N,1,74,24,1,0,13.5,0,0.5,0,0,,1,15,2,1,0
1,09/29/2024 08:02:41 PM,09/29/2024 08:17:17 PM,N,1,41,238,1,3.4,16.3,2.75,1.5,4.1,0,,1,24.65,1,1,2.75
2,05/07/2024 07:23:05 PM,05/07/2024 07:25:59 PM,N,1,97,25,2,0.36,5.1,2.5,0.5,2.73,0,,1,11.83,1,1,0
2,05/07/2024 03:54:08 PM,05/07/2024 04:01:51 PM,N,1,74,75,1,1.22,9.3,0,0.5,1,0,,1,11.8,1,1,0
2,04/07/2024 02:54:56 PM,04/07/2024 03:02:10 PM,N,1,41,166,6,1.43,9.3,0,0.5,0,0,,1,10.8,2,1,0
2,07/04/2024 04:56:42 PM,07/04/2024 05:05:23 PM,N,1,97,49,1,0.51,8.6,0,0.5,2.02,0,,1,12.12,1,1,0
1,02/08/2024 06:50:59 PM,02/08/2024 07:02:57 PM,N,1,223,7,1,1.6,12.8,2.5,1.5,0,0,,1,16.8,3,1,0
2,08/09/2024 08:42:14 AM,08/09/2024 08:58:30 AM,N,1,95,122,1,4.8,23.3,0,0.5,0,0,,1,24.8,2,1,0
2,09/17/2024 08:31:05 AM,09/17/2024 08:35:35 AM,N,1,75,75,1,0.62,5.8,0,0.5,0,0,,1,7.3,2,1,0
2,07/17/2024 01:17:03 PM,07/17/2024 01:37:46 PM,N,1,75,143,1,2.88,21.2,0,0.5,10,0,,1,35.45,1,1,2.75
2,04/21/2024 07:34:19 PM,04/21/2024 07:45:29 PM,N,1,74,116,1,1.97,12.8,0,0.5,2.86,0,,1,17.16,1,1,0
2,12/28/2024 12:13:54 PM,12/28/2024 12:30:10 PM,N,1,7,42,1,4.74,22.6,0,0.5,0,6.94,,1,31.04,1,1,0
1,07/30/2024 09:42:07 AM,07/30/2024 09:54:27 AM,N,1,74,166,1,1.8,11.4,0,1.5,2,0,,1,14.9,1,1,0
2,04/13/2024 06:28:40 PM,04/13/2024 06:51:24 PM,N,1,236,234,1,3.86,24,1,0.5,1,0,,1,30.25,1,1,2.75
2,09/12/2024 06:47:09 PM,09/12/2024 06:59:41 PM,N,1,75,42,2,1.83,12.8,2.5,0.5,2,0,,1,18.8,1,1,0
2,10/25/2024 04:18:34 PM,10/25/2024 04:45:47 PM,N,1,95,258,1,3.38,25.4,2.5,0.5,5.88,0,,1,35.28,1,1,0
2,12/21/2024 05:28:46 PM,12/21/2024 05:38:19 PM,N,1,166,239,1,1.44,11.4,0,0.5,3.13,0,,1,18.78,1,1,2.75
2,06/08/2024 03:01:33 PM,06/08/2024 03:19:20 PM,N,1,66,181,1,2.69,17.7,0,0.5,3.84,0,,1,23.04,1,1,0
2,04/26/2024 06:29:31 AM,04/26/2024 06:34:54 AM,N,1,260,260,1,1.01,7.2,0,0.5,1.74,0,,1,10.44,1,1,0
2,06/10/2024 05:54:57 PM,06/10/2024 06:00:30 PM,N,1,74,75,1,1.03,7.9,2.5,0.5,1,0,,1,12.9,1,1,0
2,09/15/2024 10:41:12 PM,09/15/2024 11:07:37 PM,N,1,134,223,1,10.93,46.4,1,0.5,0,0,,1,48.9,2,1,0
2,08/27/2024 04:16:02 PM,08/27/2024 04:31:25 PM,N,1,24,239,1,2.35,16.3,2.5,0.5,3.46,0,,1,26.51,1,1,2.75
2,10/01/2024 04:46:04 PM,10/01/2024 05:09:00 PM,N,1,134,216,1,2.99,23.3,2.5,0.5,0,0,,1,27.3,1,1,0
2,10/08/2024 12:09:11 PM,10/08/2024 12:49:57 PM,N,1,244,13,1,10.15,49.9,0,0.5,0,0,,1,54.15,2,1,2.75
2,03/28/2024 07:30:50 PM,03/28/2024 07:40:09 PM,N,1,129,129,1,1.27,10,2.5,0.5,0,0,,1,14,2,1,0
2,04/07/2024 03:26:44 AM,04/07/2024 03:39:29 AM,N,5,80,223,2,7.2,55,0,0,11.2,0,,1,67.2,1,2,0
1,12/20/2024 10:40:41 AM,12/20/2024 11:10:43 AM,N,1,116,209,1,0,42.5,0,1.5,0,0,,1,44,1,1,0
2,02/14/2024 02:08:00 PM,02/14/2024 02:22:00 PM,,,97,49,,1.15,15,0,0,0,0,,1,16,,,
2,12/09/2024 07:28:13 AM,12/09/2024 07:37:29 AM,N,1,74,43,1,1.48,10.7,0,0.5,2.44,0,,1,14.64,1,1,0
2,04/29/2024 04:01:18 PM,04/29/2024 04:13:16 PM,N,1,166,74,1,1.65,12.8,2.5,0.5,3.36,0,,1,20.16,1,1,0
2,12/14/2024 08:32:38 PM,12/14/2024 08:41:28 PM,N,1,97,97,1,1.1,10,1,0.5,2.5,0,,1,15,1,1,0
2,11/29/2024 06:06:37 PM,11/29/2024 06:25:16 PM,N,1,74,170,1,5.79,26.1,2.5,0.5,6.43,0,,0.3,38.58,1,1,2.75
1,10/13/2024 06:08:09 PM,10/13/2024 06:49:31 PM,N,1,75,231,2,7.8,43.6,5.25,1.5,10.05,0,,1,60.4,1,1,2.75
2,01/05/2024 10:31:09 AM,01/05/2024 11:00:55 AM,N,1,152,158,1,10.78,45.7,0,0.5,2,0,,1,51.95,1,1,2.75
1,10/05/2024 08:07:51 PM,10/05/2024 09:10:25 PM,N,1,247,265,1,41.2,150.7,1,1.5,50.55,15.38,,1,219.13,1,1,0
2,08/17/2024 06:08:30 PM,08/17/2024 06:29:22 PM,N,1,41,161,1,4.05,23.3,0,0.5,0,0,,1,27.55,2,1,2.75
2,08/29/2024 02:24:40 PM,08/29/2024 02:30:40 PM,N,1,75,43,1,1.19,8.6,0,0.5,2.57,0,,1,15.42,1,1,2.75
2,05/20/2024 06:12:31 PM,05/20/2024 06:18:13 PM,N,1,75,238,1,1.15,7.9,2.5,0.5,3.66,0,,1,18.31,1,1,2.75
2,12/21/2024 10:24:19 PM,12/21/2024 10:37:19 PM,N,1,74,263,1,2.73,16.3,1,0.5,4.31,0,,1,25.86,1,1,2.75
2,09/26/2024 10:01:31 PM,09/26/2024 10:10:46 PM,N,1,95,134,1,1.14,10.7,1,0.5,0,0,,1,13.2,2,1,0
2,05/23/2024 10:26:01 AM,05/23/2024 10:26:04 AM,N,5,182,182,1,0,20,0,0,4.2,0,,1,25.2,1,2,0
2,01/19/2024 05:02:32 PM,01/19/2024 05:15:54 PM,N,1,97,181,2,2.04,13.5,2.5,0.5,3.5,0,,1,21,1,1,0
2,04/04/2024 11:41:17 AM,04/04/2024 11:54:49 AM,N,1,74,239,1,2.93,16.3,0,0.5,4.11,0,,1,24.66,1,1,2.75
2,07/11/2024 12:55:43 PM,07/11/2024 01:15:20 PM,N,1,95,191,1,6.24,28.2,0,0.5,0,0,,1,29.7,2,1,0
2,01/07/2024 12:13:40 PM,01/07/2024 12:24:03 PM,N,1,97,181,5,1.64,11.4,0,0.5,3.87,0,,1,16.77,1,1,0
2,04/03/2024 06:56:16 PM,04/03/2024 07:24:36 PM,N,1,7,130,5,9.17,39.4,2.5,0.5,6,0,,1,49.4,1,1,0
2,12/18/2024 12:57:17 PM,12/18/2024 01:30:30 PM,N,1,75,33,1,10.18,45.7,0,0.5,9.99,0,,1,59.94,1,1,2.75
2,09/04/2024 04:07:04 PM,09/04/2024 04:15:28 PM,N,1,65,97,1,1.06,9.3,2.5,0.5,2.66,0,,1,15.96,1,1,0
2,09/14/2024 05:33:52 PM,09/14/2024 05:43:09 PM,N,1,74,75,1,1.78,10.7,2.5,0.5,2.94,0,,1,17.64,1,1,0
2,07/15/2024 05:47:08 PM,07/15/2024 05:53:13 PM,N,1,82,56,1,0.88,7.2,2.5,0.5,0,0,,1,11.2,2,1,0
2,02/20/2024 08:31:27 PM,02/20/2024 08:39:53 PM,N,1,66,25,1,1.83,10.7,1,0.5,2.64,0,,1,15.84,1,1,0
2,08/31/2024 01:24:19 AM,08/31/2024 01:31:27 AM,N,1,211,148,1,1.16,9.3,1,0.5,1,0,,1,15.3,1,1,2.5
2,07/18/2024 05:38:23 PM,07/18/2024 05:45:03 PM,N,1,43,238,1,1.08,8.6,2.5,0.5,2.8,0,,1,15.4,1,1,0
2,05/16/2024 02:13:22 PM,05/16/2024 02:29:30 PM,N,1,134,132,1,6.57,28.2,0,0.5,5.94,0,,1,35.64,1,1,0
2,04/07/2024 12:21:36 PM,04/07/2024 12:31:34 PM,N,1,95,28,1,1.58,11.4,0,0.5,2.58,0,,1,15.48,1,1,0
1,10/05/2024 10:36:58 PM,10/05/2024 10:40:34 PM,N,1,74,74,1,0.6,5.1,1,1.5,0.76,0,,1,8.36,1,1,0
2,06/03/2024 12:59:58 PM,06/03/2024 01:22:27 PM,N,1,196,129,1,3.11,21.2,0,0.5,0,0,,1,22.7,2,1,0
2,05/08/2024 02:24:08 PM,05/08/2024 02:33:56 PM,N,1,75,74,1,1.4,10.7,0,0.5,0,0,,1,12.2,2,1,0
2,12/18/2024 10:11:00 AM,12/18/2024 10:41:00 AM,,,29,63,,1.48,43.28,0,0.5,0,0,,1,44.78,,,
2,04/16/2024 11:32:58 AM,04/16/2024 11:40:49 AM,N,1,166,41,1,0.8,8.6,0,0.5,0,0,,1,10.1,2,1,0
2,12/09/2024 04:35:18 PM,12/09/2024 04:49:29 PM,N,1,129,138,1,3.85,18.4,7.5,0.5,0.01,0,,1,27.41,1,1,0
2,12/27/2024 05:31:39 PM,12/27/2024 05:43:37 PM,N,1,75,42,1,2.98,15.6,2.5,0.5,4.9,0,,1,24.5,1,1,0
2,12/11/2024 11:08:02 AM,12/11/2024 11:30:36 AM,N,1,95,226,1,5.1,26.8,0,0.5,0,0,,1,28.3,2,1,0
2,02/24/2024 11:22:00 PM,02/24/2024 11:33:00 PM,,,74,116,,2.13,15.51,0,0,1.98,0,,1,18.49,,,
2,09/24/2024 07:48:03 AM,09/24/2024 08:40:35 AM,N,1,95,237,1,7.8,49.9,0,0.5,0,0,,1,54.15,2,1,2.75
2,04/18/2024 04:56:20 PM,04/18/2024 05:13:32 PM,N,1,226,138,1,5.67,24.7,7.5,0.5,20,0,,1,53.7,1,1,0
2,04/23/2024 09:15:46 PM,04/23/2024 09:22:44 PM,N,1,33,40,1,1.28,8.6,1,0.5,2.22,0,,1,13.32,1,1,0
2,09/03/2024 06:46:18 PM,09/03/2024 07:15:26 PM,N,1,152,231,1,3,30.3,2.5,0.5,7,0,,1,44.05,1,1,2.75
2,04/08/2024 02:57:56 PM,04/08/2024 03:07:02 PM,N,1,95,196,1,1.08,10,0,0.5,2.3,0,,1,13.8,1,1,0
2,11/13/2024 06:33:41 PM,11/13/2024 07:04:37 PM,N,1,75,230,1,2.86,27.5,2.5,0.5,6.85,0,,1,41.1,1,1,2.75
2,01/21/2024 02:37:44 PM,01/21/2024 02:56:13 PM,N,1,25,49,1,1.4,16.3,0,0.5,4.45,0,,1,22.25,1,1,0
1,08/26/2024 12:58:43 PM,08/26/2024 01:10:43 PM,N,1,75,239,1,2.3,13.5,2.75,1.5,0,0,,1,17.75,2,1,2.75
2,06/13/2024 06:40:01 PM,06/13/2024 06:55:28 PM,N,1,74,237,1,2.77,17.7,2.5,0.5,0,0,,0.3,23.75,2,1,2.75
2,06/13/2024 08:33:59 AM,06/13/2024 08:54:49 AM,N,1,74,162,1,3.63,21.2,0,0.5,3.05,0,,1,28.5,1,1,2.75
2,12/31/2024 12:53:33 PM,12/31/2024 12:57:25 PM,N,1,75,42,3,1.17,7.2,0,0.5,1.74,0,,1,10.44,1,1,0
2,03/31/2024 12:25:13 PM,03/31/2024 12:33:52 PM,N,1,74,129,1,5.36,21.2,5,0.5,0,6.94,,1,34.64,2,1,0
2,06/07/2024 04:10:13 PM,06/07/2024 04:24:30 PM,N,1,74,24,2,1.53,13.5,2.5,0.5,3.5,0,,1,21,1,1,0
2,10/06/2024 12:49:23 AM,10/06/2024 01:09:18 AM,N,1,66,80,1,5.34,26.8,1,0.5,7.32,0,,1,36.62,1,1,0
2,08/25/2024 03:48:55 PM,08/25/2024 03:56:44 PM,N,1,95,28,1,1.81,10.7,0,0.5,2.44,0,,1,14.64,1,1,0
2,05/22/2024 07:39:28 AM,05/22/2024 07:51:05 AM,N,1,74,236,1,1.83,12.1,0,0.5,3.27,0,,1,19.62,1,1,2.75
2,09/10/2024 10:32:59 AM,09/10/2024 10:58:11 AM,N,1,244,43,1,5.58,28.9,0,0.5,6.63,0,,1,39.78,1,1,2.75
2,08/01/2024 02:37:30 PM,08/01/2024 02:41:32 PM,N,1,41,75,1,0.56,5.8,0,0.5,1.46,0,,1,8.76,1,1,0
2,12/02/2024 05:44:36 PM,12/02/2024 05:58:03 PM,N,1,82,138,1,3.64,17,7.5,0.5,3.12,0,,1,29.12,1,1,0
2,09/21/2024 09:49:47 PM,09/21/2024 10:00:54 PM,N,1,130,215,1,2.16,12.8,1,0.5,0.8,0,,1,16.1,1,1,0
2,10/17/2024 05:58:00 PM,10/17/2024 06:49:00 PM,,,25,132,,"62,748.78",57.61,0,0,3.41,0,,1,62.02,,,
2,02/02/2024 07:45:37 PM,02/02/2024 08:09:19 PM,N,1,65,37,1,5.19,28.2,2.5,0.5,0,0,,1,32.2,1,1,0
2,07/29/2024 09:02:34 AM,07/29/2024 09:20:32 AM,N,1,74,246,1,6.2,28.2,0,0.5,6.49,0,,1,38.94,1,1,2.75
2,02/22/2024 07:48:00 AM,02/22/2024 07:56:00 AM,,,145,193,,1.49,14.75,0,0,2,0,,1,17.75,,,
2,04/27/2024 12:35:35 PM,04/27/2024 12:49:09 PM,N,1,74,141,1,2.89,15.6,0,0.5,5.96,0,,1,25.81,1,1,2.75
2,10/16/2024 02:17:07 PM,10/16/2024 02:25:46 PM,N,1,41,42,1,1.51,10.7,0,0.5,0,0,,1,12.2,2,1,0
2,01/30/2024 12:56:15 PM,01/30/2024 01:11:26 PM,N,1,244,143,1,5.52,24.7,0,0.5,5.79,0,,1,34.74,1,1,2.75
1,06/11/2024 07:18:34 AM,06/11/2024 07:39:25 AM,N,1,166,138,1,8,33.8,5,1.5,11.8,6.94,,1,59.04,1,1,0
2,12/11/2024 12:40:28 PM,12/11/2024 12:58:03 PM,N,1,43,141,1,1.83,15.6,0,0.5,3.97,0,,1,23.82,1,1,2.75
1,07/20/2024 09:02:00 AM,07/20/2024 09:18:26 AM,N,1,129,173,0,3.1,19.1,0,1.5,0,0,,1,20.6,3,1,0
2,10/09/2024 03:01:04 PM,10/09/2024 03:13:21 PM,N,1,83,138,1,3.76,17.7,5,0.5,6.05,0,,1,30.25,1,1,0
1,06/28/2024 02:49:25 PM,06/28/2024 03:07:19 PM,N,1,43,48,2,3.6,19.8,2.75,1.5,4.5,0,,1,28.55,1,1,2.75
1,03/26/2024 10:43:35 AM,03/26/2024 10:52:05 AM,N,1,74,166,1,1.7,10,0,1.5,2.3,0,,1,13.8,1,1,0
2,12/12/2024 04:41:33 PM,12/12/2024 04:51:24 PM,N,1,75,75,2,0.04,9.3,2.5,0.5,0,0,,1,13.3,2,1,0
2,06/01/2024 12:26:43 PM,06/01/2024 01:16:18 PM,N,1,244,255,1,14.63,64.6,0,0.5,13.77,0,,1,82.62,1,1,2.75
1,02/26/2024 08:56:12 AM,02/26/2024 09:53:18 AM,N,1,123,162,1,0,43.5,0,1.5,0,6.94,,1,51.94,1,1,0
2,07/01/2024 01:29:47 PM,07/01/2024 01:37:25 PM,N,1,75,41,2,1.19,9.3,0,0.5,1,0,,1,11.8,1,1,0
2,12/03/2024 10:19:45 PM,12/03/2024 10:31:05 PM,N,1,95,131,1,4.56,20.5,1,0.5,5.75,0,,1,28.75,1,1,0
2,07/03/2024 05:01:57 PM,07/03/2024 05:39:47 PM,N,1,43,112,1,6.6,38,2.5,0.5,7,0,,1,51.75,1,1,2.75
1,09/05/2024 11:20:45 AM,09/05/2024 11:30:37 AM,N,1,226,83,1,0,17.5,0,1.5,0,0,,1,19,1,1,0
2,01/28/2024 08:45:45 PM,01/28/2024 08:45:48 PM,N,5,66,264,2,0,7,0,0,1.6,0,,1,9.6,1,2,0
2,10/16/2024 10:20:22 AM,10/16/2024 10:29:00 AM,N,1,82,70,1,3.23,15.6,0,0.5,3.42,0,,1,20.52,1,1,0
2,06/08/2024 04:01:11 PM,06/08/2024 04:25:31 PM,N,1,74,236,1,2.09,21.2,0,0.5,0,0,,1,25.45,2,1,2.75
2,03/27/2024 09:14:14 AM,03/27/2024 09:17:46 AM,N,1,75,41,1,0.52,5.8,0,0.5,2.19,0,,1,9.49,1,1,0
2,10/07/2024 09:48:43 AM,10/07/2024 10:12:46 AM,N,1,166,237,4,3.66,23.3,0,0.5,0,0,,1,27.55,2,1,2.75
2,11/28/2024 04:04:27 PM,11/28/2024 04:12:23 PM,N,1,41,236,2,1.74,10.7,0,0.5,3.74,0,,1,18.69,1,1,2.75
2,11/18/2024 06:03:39 PM,11/18/2024 06:16:10 PM,N,1,236,237,2,1.73,13.5,2.5,0.5,4.05,0,,1,24.3,1,1,2.75
2,03/21/2024 11:05:02 AM,03/21/2024 11:28:07 AM,N,1,75,237,1,2.18,20.5,0,0.5,4.95,0,,1,29.7,1,1,2.75
2,07/07/2024 04:36:00 AM,07/07/2024 04:50:00 AM,,,97,4,,4.17,23.96,0,0.5,5.59,0,,1,33.55,,,
2,12/02/2024 03:31:44 PM,12/02/2024 03:46:35 PM,N,1,97,33,1,1.62,14.9,0,0.5,0,0,,1,16.4,2,1,0
2,09/11/2024 07:53:46 PM,09/11/2024 07:58:03 PM,N,1,41,42,1,0.84,7.2,2.5,0.5,0,0,,1,11.2,1,1,0
2,11/11/2024 12:06:39 PM,11/11/2024 12:20:02 PM,N,1,74,43,1,2.27,14.2,0,0.5,3.69,0,,1,22.14,1,1,2.75
1,10/26/2024 11:41:09 AM,10/26/2024 11:52:43 AM,N,1,74,166,1,1.6,11.4,0,1.5,2.55,0,,1,15.45,1,1,0
2,11/13/2024 07:25:59 PM,11/13/2024 07:36:01 PM,N,1,82,129,1,1.2,10.7,2.5,0.5,3.68,0,,1,18.38,1,1,0
1,05/16/2024 09:07:39 PM,05/16/2024 09:28:29 PM,N,1,65,256,1,3.6,21.9,1,1.5,0,0,,1,24.4,1,1,0
2,08/23/2024 12:41:58 PM,08/23/2024 01:11:38 PM,N,1,97,72,2,4.98,28.9,0,0.5,3,0,,1,33.4,1,1,0
1,11/05/2024 05:38:52 PM,11/05/2024 05:53:41 PM,N,1,181,97,1,0,12.8,0,1.5,3,0,,1,17.3,1,1,0
2,07/18/2024 09:49:34 AM,07/18/2024 10:07:28 AM,N,1,134,15,1,8.47,34.5,0,0.5,0,0,,1,36,2,1,0
2,09/14/2024 07:50:36 PM,09/14/2024 08:38:50 PM,N,1,49,230,1,8.67,47.1,0,0.5,0,0,,1,51.35,2,1,2.75
2,06/07/2024 06:29:02 PM,06/07/2024 06:48:10 PM,N,1,65,17,2,2.19,17.7,2.5,0.5,0,0,,1,21.7,2,1,0
2,04/23/2024 06:22:25 PM,04/23/2024 06:39:02 PM,N,1,74,239,1,2.82,17,2.5,0.5,4.75,0,,1,28.5,1,1,2.75
2,05/11/2024 04:40:32 PM,05/11/2024 04:46:46 PM,N,1,75,239,1,1.95,10,0,0.5,2.85,0,,1,17.1,1,1,2.75
2,11/13/2024 07:02:51 PM,11/13/2024 07:09:20 PM,N,1,75,74,1,1.37,8.6,2.5,0.5,2.52,0,,1,15.12,1,1,0
2,01/28/2024 02:52:03 PM,01/28/2024 03:07:58 PM,N,1,97,25,1,0.66,12.1,0,0.5,0,0,,1,13.6,2,1,0
2,11/30/2024 12:31:28 PM,11/30/2024 12:41:19 PM,N,1,74,116,1,2,12.1,0,0.5,2.72,0,,1,16.32,1,1,0
2,02/16/2024 01:40:44 PM,02/16/2024 01:48:39 PM,N,1,41,42,1,1.4,10,0,0.5,2.3,0,,1,13.8,1,1,0
2,03/01/2024 02:39:08 PM,03/01/2024 02:47:18 PM,N,1,95,196,1,1.22,9.3,0,0.5,0,0,,1,10.8,1,1,0
2,03/03/2024 10:47:21 PM,03/03/2024 11:04:36 PM,N,1,75,107,2,5.92,27.5,1,0.5,6.55,0,,1,39.3,1,1,2.75
2,07/15/2024 03:09:08 PM,07/15/2024 03:17:12 PM,N,1,43,142,1,2.1,11.4,2.5,0.5,3.63,0,,1,21.78,1,1,2.75
2,05/29/2024 10:37:48 AM,05/29/2024 10:51:41 AM,N,1,74,166,1,1.88,14.2,0,0.5,0,0,,1,15.7,1,1,0
2,08/29/2024 06:21:25 PM,08/29/2024 06:28:06 PM,N,1,75,236,1,1.22,9.3,2.5,0.5,3.21,0,,1,19.26,1,1,2.75
2,05/05/2024 11:32:57 AM,05/05/2024 11:41:29 AM,N,1,82,138,1,3.67,17,5,0.5,2,0,,1,25.5,1,1,0
2,12/13/2024 05:01:21 PM,12/13/2024 05:19:11 PM,N,1,236,162,2,2.1,17.7,2.5,0.5,4.89,0,,1,29.34,1,1,2.75
2,07/20/2024 10:55:10 PM,07/20/2024 11:02:40 PM,N,1,181,189,2,1.42,10,1,0.5,0.04,0,,1,12.54,1,1,0
2,06/28/2024 07:36:06 PM,06/28/2024 07:54:17 PM,N,5,95,132,2,7,35,0,0,10.8,0,,1,46.8,1,2,0
1,03/26/2024 05:06:53 PM,03/26/2024 05:36:22 PM,N,1,43,229,2,2.8,21.2,5.25,1.5,5,0,,1,32.95,1,1,2.75
2,12/05/2024 09:09:22 PM,12/05/2024 09:15:41 PM,N,1,65,52,1,1.04,7.9,1,0.5,2.08,0,,1,12.48,1,1,0
2,07/12/2024 12:28:43 AM,07/12/2024 12:43:15 AM,N,1,41,50,1,5.62,25.4,1,0.5,0,0,,1,30.4,2,1,2.5
2,04/23/2024 08:10:35 AM,04/23/2024 08:19:31 AM,N,1,24,74,1,1.84,11.4,0,0.5,1.1,0,,1,14,1,1,0
2,10/30/2024 10:24:08 AM,10/30/2024 10:30:02 AM,N,1,75,236,1,0.88,7.2,0,0.5,1.14,0,,1,12.59,1,1,2.75
2,06/15/2024 11:57:18 AM,06/15/2024 12:14:39 PM,N,1,41,246,1,6.32,28.2,0,0.5,3,0,,1,35.45,1,1,2.75
2,05/11/2024 07:16:21 AM,05/11/2024 07:34:47 AM,N,1,166,194,1,3.62,20.5,0,0.5,0,6.94,,1,28.94,1,1,0
2,10/19/2024 11:44:25 PM,10/19/2024 11:47:04 PM,N,1,95,95,1,0.43,4.4,1,0.5,0.34,0,,1,7.24,1,1,0
2,12/15/2024 06:31:55 PM,12/15/2024 06:42:02 PM,N,1,82,56,1,1.11,10,0,0.5,0,0,,1,11.5,2,1,0
2,09/09/2024 09:33:42 PM,09/09/2024 09:43:46 PM,N,1,33,257,1,3.8,17.7,1,0.5,4.04,0,,1,24.24,1,1,0
2,02/15/2024 07:32:29 PM,02/15/2024 07:44:00 PM,N,1,74,140,1,2.89,14.2,2.5,0.5,4.19,0,,1,25.14,1,1,2.75
1,07/09/2024 09:07:46 AM,07/09/2024 09:20:43 AM,N,1,166,74,2,1.9,12.1,0,1.5,0,0,,1,13.6,2,1,0
2,06/06/2024 07:29:45 PM,06/06/2024 07:40:32 PM,N,1,82,226,1,1.44,11.4,2.5,0.5,0,0,,1,15.4,2,1,0
2,06/20/2024 10:11:02 PM,06/20/2024 10:24:22 PM,N,1,74,43,4,2.73,15.6,1,0.5,3.13,0,,1,23.98,1,1,2.75
2,08/11/2024 10:00:00 PM,08/11/2024 10:22:00 PM,,,52,233,,6.67,32.99,0,0,5.98,0,,1,42.72,,,
2,06/15/2024 07:21:50 PM,06/15/2024 07:25:56 PM,N,1,74,75,1,0.78,6.5,0,0.5,0,0,,1,8,2,1,0
2,03/29/2024 04:08:40 PM,03/29/2024 04:16:01 PM,N,1,166,238,1,1.29,9.3,2.5,0.5,0,0,,1,13.3,2,1,0
2,08/20/2024 11:10:31 AM,08/20/2024 11:27:00 AM,N,1,74,237,1,2.73,17.7,0,0.5,0,0,,1,21.95,1,1,2.75
2,06/26/2024 10:42:46 AM,06/26/2024 10:55:07 AM,N,1,75,116,1,2.7,14.9,0,0.5,1,0,,1,17.4,1,1,0
2,09/20/2024 07:11:29 PM,09/20/2024 07:23:14 PM,N,1,75,42,1,2.98,15.6,2.5,0.5,4.9,0,,1,24.5,1,1,0
2,12/23/2024 09:37:35 AM,12/23/2024 09:45:00 AM,N,1,75,74,1,1.15,9.3,0,0.5,2.16,0,,1,12.96,1,1,0
2,01/31/2024 08:11:36 PM,01/31/2024 08:16:30 PM,N,1,75,75,1,0.69,6.5,1,0.5,2.25,0,,1,11.25,1,1,0
2,12/01/2024 02:37:39 PM,12/01/2024 02:54:42 PM,N,1,74,140,1,3.08,18.4,0,0.5,5,0,,1,27.65,1,1,2.75
2,09/13/2024 10:38:35 AM,09/13/2024 10:51:37 AM,N,1,74,152,1,1.98,13.5,0,0.5,0,0,,1,15,2,1,0
2,03/17/2024 10:05:06 AM,03/17/2024 10:09:07 AM,N,1,74,42,1,0.62,5.8,0,0.5,3,0,,1,10.3,1,1,0
1,09/17/2024 11:44:26 AM,09/17/2024 12:13:27 PM,N,1,75,107,2,6.3,32.4,2.75,1.5,3,0,,1,39.65,1,1,2.75
2,12/25/2024 02:31:36 PM,12/25/2024 02:42:18 PM,N,1,74,151,1,2.09,12.1,0,0.5,2.72,0,,1,16.32,1,1,0
2,04/29/2024 10:35:30 AM,04/29/2024 10:58:31 AM,N,1,166,43,1,3.51,24,0,0.5,5.65,0,,1,33.9,1,1,2.75
2,03/28/2024 02:40:30 PM,03/28/2024 02:46:12 PM,N,1,95,95,1,0.89,7.2,0,0.5,2.18,0,,1,10.88,1,1,0
1,09/21/2024 07:35:25 AM,09/21/2024 08:08:45 AM,N,1,69,226,1,0,35.5,0,1.5,0,0,,1,37,1,1,0
2,10/04/2024 05:35:37 PM,10/04/2024 05:45:43 PM,N,1,82,138,2,3.76,17,7.5,0.5,0,0,,1,26,2,1,0
2,11/22/2024 11:18:26 AM,11/22/2024 11:42:10 AM,N,1,43,68,1,5.35,28.9,0,0.5,2.5,0,,1,35.65,1,1,2.75
2,07/15/2024 06:36:08 PM,07/15/2024 06:42:41 PM,N,1,97,25,1,0.75,7.9,2.5,0.5,2.38,0,,1,14.28,1,1,0
2,03/21/2024 06:59:07 AM,03/21/2024 06:59:12 AM,N,5,92,92,1,0.1,11,0,0,0,0,,1,12,1,2,0
2,06/09/2024 01:47:32 PM,06/09/2024 01:56:55 PM,N,1,74,263,1,1.9,11.4,0,0.5,2.35,0,,1,18,1,1,2.75
2,03/22/2024 07:26:15 PM,03/22/2024 07:30:44 PM,N,1,166,152,1,1.02,7.2,2.5,0.5,2.24,0,,1,13.44,1,1,0
2,08/09/2024 05:44:01 PM,08/09/2024 05:49:30 PM,N,1,75,74,1,1.34,7.9,2.5,0.5,2.2,0,,1,16.85,1,1,2.75
2,01/16/2024 12:27:45 PM,01/16/2024 12:48:18 PM,N,1,75,48,1,3.38,20.5,0,0.5,6.19,0,,1,30.94,1,1,2.75
2,06/12/2024 08:51:01 PM,06/12/2024 08:53:56 PM,N,1,41,41,1,0.4,5.1,1,0.5,1.14,0,,1,8.74,1,1,0
2,01/19/2024 07:02:24 PM,01/19/2024 07:13:28 PM,N,1,260,223,1,2.6,14.9,2.5,0.5,2,0,,1,20.9,1,1,0
2,07/20/2024 01:54:38 PM,07/20/2024 02:00:53 PM,N,1,74,41,1,0.83,7.9,0,0.5,0,0,,0.3,8.7,1,1,0
2,03/08/2024 09:23:24 AM,03/08/2024 09:42:08 AM,N,1,74,244,1,3.19,19.8,0,0.5,5.32,0,,1,26.62,1,1,0
2,09/14/2024 04:02:39 PM,09/14/2024 06:23:02 PM,N,1,22,55,1,13.91,114.3,0,0.5,0,0,,1,115.8,2,1,0
2,05/25/2024 09:03:45 PM,05/25/2024 09:13:57 PM,N,1,28,56,1,3.47,16.3,1,0.5,0,0,,1,18.8,2,1,0
2,10/18/2024 05:23:03 AM,10/18/2024 05:34:19 AM,N,1,92,138,1,3.25,17,6,0.5,1,0,,1,25.5,1,1,0
2,08/18/2024 06:35:38 PM,08/18/2024 06:46:06 PM,N,1,74,236,2,1.91,12.1,0,0.5,3.27,0,,1,19.62,1,1,2.75
2,10/01/2024 08:00:58 AM,10/01/2024 08:15:31 AM,N,1,74,75,1,1.33,13.5,0,0.5,3,0,,1,18,1,1,0
2,07/21/2024 02:14:42 AM,07/21/2024 02:39:38 AM,N,1,82,260,1,2.18,21.2,1,0.5,0,0,,1,23.7,2,1,0
2,04/04/2024 06:26:18 AM,04/04/2024 06:45:23 AM,N,1,74,239,1,3.45,19.8,0,0.5,2.95,0,,1,27,1,1,2.75
2,01/13/2024 11:37:14 PM,01/13/2024 11:57:17 PM,N,1,25,89,1,5.81,28.2,1,0.5,6.14,0,,1,36.84,1,1,0
2,07/21/2024 04:14:43 AM,07/21/2024 04:41:37 AM,N,5,53,132,4,11.36,50,0,0,0,0,,1,51,2,1,0
2,11/20/2024 10:03:24 AM,11/20/2024 11:11:42 AM,N,1,74,74,1,0,8.6,0,0.5,2.02,0,,1,12.12,1,1,0
2,09/06/2024 02:07:09 PM,09/06/2024 02:14:57 PM,N,1,75,75,1,1.08,8.6,0,0.5,2.02,0,,1,12.12,1,1,0
2,11/23/2024 11:30:59 AM,11/23/2024 11:37:57 AM,N,1,95,28,1,1.48,9.3,0,0.5,2.16,0,,1,12.96,1,1,0
2,10/31/2024 08:02:35 PM,10/31/2024 08:09:10 PM,N,1,43,236,1,0.95,7.9,1,0.5,2.63,0,,1,15.78,1,1,2.75
2,08/08/2024 04:38:16 PM,08/08/2024 04:52:23 PM,N,1,75,236,2,1.57,13.5,2.5,0.5,3,0,,1,23.25,1,1,2.75
2,07/23/2024 02:03:35 PM,07/23/2024 02:15:56 PM,N,1,41,116,1,2.09,13.5,0,0.5,0,0,,1,15,1,1,0
2,07/25/2024 01:58:54 PM,07/25/2024 02:38:30 PM,N,5,130,62,1,9.15,45,0,0,0,0,,1,46,2,2,0
2,09/11/2024 08:13:00 AM,09/11/2024 08:24:28 AM,N,1,74,166,1,1.73,12.1,0,0.5,0,0,,1,13.6,1,1,0
2,09/18/2024 04:44:54 PM,09/18/2024 05:12:30 PM,N,1,41,70,2,7.17,33.1,7.5,0.5,0,6.94,,1,49.04,1,1,0
2,04/04/2024 02:58:35 PM,04/04/2024 03:21:56 PM,N,1,74,238,1,2.83,21.9,0,0.5,5.23,0,,1,31.38,1,1,2.75
2,06/21/2024 02:02:02 PM,06/21/2024 02:12:01 PM,N,1,82,223,1,2.76,14.2,0,0.5,5,0,,1,20.7,1,1,0
2,11/08/2024 06:36:15 PM,11/08/2024 06:49:02 PM,N,1,74,236,1,2.24,14.2,2.5,0.5,3.56,0,,1,24.51,1,1,2.75
2,10/04/2024 03:50:00 PM,10/04/2024 03:54:22 PM,N,1,74,74,1,0.51,5.8,0,0.5,0,0,,1,7.3,2,1,0
2,03/27/2024 01:00:35 PM,03/27/2024 01:13:53 PM,N,1,66,255,1,3.63,19.1,0,0.5,5.15,0,,1,25.75,1,1,0
2,08/23/2024 07:32:57 PM,08/23/2024 07:41:04 PM,N,1,95,134,1,1.72,10.7,2.5,0.5,0,0,,1,14.7,2,1,0
2,05/27/2024 01:09:47 PM,05/27/2024 01:21:40 PM,N,1,74,24,1,2.12,13.5,0,0.5,1.5,0,,1,16.5,1,1,0
2,06/12/2024 05:08:09 PM,06/12/2024 05:39:27 PM,N,1,75,138,1,8.14,36.6,7.5,0.5,9.12,0,,1,54.72,1,1,0
2,03/23/2024 02:31:04 PM,03/23/2024 02:45:21 PM,N,1,74,166,1,1.96,14.2,0,0.5,3.92,0,,1,19.62,1,1,0
2,12/10/2024 03:41:41 PM,12/10/2024 03:53:14 PM,N,1,129,129,1,2.36,14.2,0,0.5,0,0,,1,15.7,2,1,0
2,04/13/2024 01:41:27 PM,04/13/2024 02:02:32 PM,N,1,74,238,1,2.94,20.5,0,0.5,4.95,0,,1,29.7,1,1,2.75
2,10/30/2024 08:18:17 PM,10/30/2024 08:27:42 PM,N,1,130,10,1,2.92,14.9,1,0.5,3.48,0,,1,20.88,1,1,0
2,09/08/2024 05:07:43 AM,09/08/2024 05:15:47 AM,N,1,129,226,1,2.5,10,0.5,0.5,0,0,,0.3,11.3,2,1,0
2,06/27/2024 08:48:14 AM,06/27/2024 09:36:58 AM,N,1,74,237,1,3.01,38.7,0,0.5,8.59,0,,1,51.54,1,1,2.75
2,10/30/2024 11:58:14 AM,10/30/2024 12:19:12 PM,N,1,166,246,1,5.84,28.9,0,0.5,5,0,,1,38.15,1,1,2.75
2,06/24/2024 09:31:59 PM,06/24/2024 09:53:04 PM,N,1,82,25,1,9.28,36.6,1,0.5,2,0,,1,41.1,1,1,0
1,05/14/2024 05:35:29 AM,05/14/2024 05:46:51 AM,N,1,63,124,1,0,20.5,0,1.5,0,0,,1,22,1,1,0
2,10/03/2024 05:51:52 PM,10/03/2024 06:11:26 PM,N,1,186,141,1,3,19.8,2.5,0.5,5.26,0,,1,31.56,1,1,2.5
2,09/09/2024 04:48:11 PM,09/09/2024 04:55:00 PM,N,1,43,236,1,1,7.9,2.5,0.5,2.5,0,,1,17.15,1,1,2.75
2,05/13/2024 10:05:56 AM,05/13/2024 10:08:31 AM,N,1,74,74,1,0.62,5.1,0,0.5,1.98,0,,1,8.58,1,1,0
2,11/27/2024 09:42:52 PM,11/27/2024 09:43:52 PM,N,5,121,264,1,0,25,0,0,5.2,0,,1,31.2,1,2,0
2,09/23/2024 08:46:04 PM,09/23/2024 08:59:57 PM,N,1,74,262,1,2.66,15.6,1,0.5,4.17,0,,1,25.02,1,1,2.75
1,04/25/2024 07:36:07 AM,04/25/2024 07:46:42 AM,N,1,74,75,1,1.3,10.7,0,1.5,5,0,,1,17.2,1,1,0
1,03/13/2024 07:09:15 PM,03/13/2024 07:24:11 PM,N,1,75,43,0,2.4,16.3,5.25,1.5,0,0,,1,23.05,2,1,2.75
2,09/27/2024 11:00:45 PM,09/27/2024 11:25:26 PM,N,1,95,179,1,10.43,44.3,1,0.5,14.04,0,,1,60.84,1,1,0
1,12/07/2024 11:47:12 AM,12/07/2024 11:57:52 AM,N,1,65,40,1,1.1,10.7,0,1.5,2.4,0,,1,14.6,1,1,0
2,04/27/2024 12:00:06 AM,04/27/2024 12:07:27 AM,N,1,74,42,1,1.41,10,1,0.5,0.12,0,,1,12.62,1,1,0
2,10/14/2024 09:32:25 PM,10/14/2024 09:41:05 PM,N,1,75,75,1,1.42,10,1,0.5,0,0,,1,12.5,2,1,0
2,08/09/2024 03:48:28 PM,08/09/2024 03:58:35 PM,N,1,82,138,1,3.77,17.7,5,0.5,4.84,0,,1,29.04,1,1,0
2,11/02/2024 11:11:44 AM,11/02/2024 11:31:09 AM,N,1,97,177,1,4.27,23.3,0,0.5,4.96,0,,1,29.76,1,1,0
2,12/16/2024 05:01:33 PM,12/16/2024 05:13:34 PM,N,5,25,40,1,1.1,25,0,0,5.2,0,,1,31.2,1,2,0
2,01/17/2024 05:51:30 AM,01/17/2024 05:56:13 AM,N,5,7,146,1,0.78,10,0,0,1,0,,1,12,1,2,0
2,05/05/2024 05:35:47 PM,05/05/2024 05:42:42 PM,N,1,166,238,1,1.11,9.3,0,0.5,2.71,0,,1,16.26,1,1,2.75
2,04/16/2024 08:39:09 AM,04/16/2024 08:48:55 AM,N,1,166,244,2,3.3,15.6,0,0.5,3.42,0,,1,20.52,1,1,0
2,02/19/2024 06:22:08 PM,02/19/2024 06:31:52 PM,N,1,166,244,1,2.42,13.5,0,0.5,0,0,,1,15,2,1,0
2,05/29/2024 01:58:20 PM,05/29/2024 02:10:33 PM,N,1,95,95,1,1.82,13.5,0,0.5,0,0,,1,15,2,1,0
2,05/06/2024 05:41:52 PM,05/06/2024 05:50:17 PM,N,1,82,129,1,1.57,10.7,2.5,0.5,0,0,,1,14.7,2,1,0
2,05/09/2024 07:19:22 PM,05/09/2024 07:42:02 PM,N,1,66,61,1,3.04,22.6,2.5,0.5,5.32,0,,1,31.92,1,1,0
2,10/24/2024 12:58:19 PM,10/24/2024 12:59:08 PM,N,1,65,25,1,0.08,3,0,0.5,0,0,,1,4.5,2,1,0
2,09/30/2024 06:36:31 AM,09/30/2024 07:07:07 AM,N,1,70,36,1,6.37,32.4,0,0.5,6.78,0,,1,40.68,1,1,0
2,07/19/2024 10:59:03 AM,07/19/2024 11:18:36 AM,N,1,65,181,2,2.55,19.1,0,0.5,3,0,,1,23.6,1,1,0
2,02/07/2024 12:44:55 PM,02/07/2024 12:55:30 PM,N,1,74,75,1,1.28,11.4,0,0.5,2.58,0,,1,15.48,1,1,0
2,07/10/2024 07:11:30 PM,07/10/2024 07:22:06 PM,N,1,74,75,1,1.57,11.4,2.5,0.5,2.94,0,,0.3,17.64,1,1,0
2,05/29/2024 09:38:14 PM,05/29/2024 09:46:38 PM,N,1,95,196,1,1.13,9.3,1,0.5,0,0,,1,11.8,2,1,0
2,12/19/2024 07:21:29 AM,12/19/2024 07:34:14 AM,N,1,74,75,1,1.75,12.8,0,0.5,1.43,0,,1,15.73,1,1,0
2,11/24/2024 12:29:48 AM,11/24/2024 12:35:07 AM,N,1,129,260,1,1.54,7,0.5,0.5,0,0,,0.3,8.3,2,1,0
2,12/26/2024 01:44:23 PM,12/26/2024 02:02:17 PM,N,1,244,20,1,4.35,21.9,0,0.5,5.85,0,,1,29.25,1,1,0
1,04/25/2024 01:56:04 PM,04/25/2024 02:35:17 PM,N,1,244,229,1,9,45,2.75,1.5,10,0,,1,59.25,1,1,2.75
2,12/06/2024 04:57:07 PM,12/06/2024 05:01:16 PM,N,1,74,42,1,0.8,6.5,2.5,0.5,2,0,,1,12.5,1,1,0
2,10/02/2024 06:29:00 PM,10/02/2024 07:01:00 PM,,,42,230,,6.6,47.54,0,0,10.16,0,,1,61.45,,,
2,10/24/2024 09:49:24 PM,10/24/2024 10:00:25 PM,N,1,41,116,1,1.98,12.8,1,0.5,3.06,0,,1,18.36,1,1,0
2,10/17/2024 07:37:51 PM,10/17/2024 07:50:40 PM,N,1,95,121,1,2.49,14.2,2.5,0.5,3.64,0,,1,21.84,1,1,0
1,04/24/2024 08:13:31 AM,04/24/2024 08:35:32 AM,N,1,74,236,1,2,19.8,2.75,1.5,3,0,,1,27.05,1,1,2.75
2,01/09/2024 09:23:45 AM,01/09/2024 09:32:48 AM,N,1,129,82,1,1.41,10,0,0.5,0,0,,1,11.5,2,1,0
2,10/20/2024 08:06:43 PM,10/20/2024 08:18:41 PM,N,1,82,260,1,1.6,12.1,1,0.5,0,0,,1,14.6,2,1,0
2,08/27/2024 06:28:19 PM,08/27/2024 06:59:50 PM,N,1,93,144,1,10.47,47.1,2.5,0.5,13.46,0,,1,67.31,1,1,2.75
2,10/16/2024 10:47:20 PM,10/16/2024 11:15:15 PM,N,5,93,231,1,13.41,80,0,0,20.94,0,,1,104.69,1,2,2.75
2,08/31/2024 06:51:08 PM,08/31/2024 07:08:52 PM,N,1,97,17,2,2.67,17.7,0,0.5,3.84,0,,1,23.04,1,1,0
2,06/22/2024 04:19:20 PM,06/22/2024 04:29:34 PM,N,1,82,129,1,1.73,12.8,0,0.5,0,0,,1,14.3,1,1,0
1,11/28/2024 05:21:19 PM,11/28/2024 05:21:54 PM,N,1,24,24,1,0,3,0,1.5,0,0,,1,4.5,2,1,0
2,06/24/2024 06:26:01 AM,06/24/2024 06:36:12 AM,N,1,95,121,1,2.3,13.5,0,0.5,4.5,0,,1,19.5,1,1,0
2,03/29/2024 10:51:20 AM,03/29/2024 11:02:58 AM,N,1,260,138,1,3.83,18.4,5,0.5,4.98,0,,1,29.88,1,1,0
2,12/03/2024 10:10:02 PM,12/03/2024 10:10:06 PM,N,5,82,82,1,0,12,0,0,0.01,0,,1,13.01,1,2,0
2,08/14/2024 02:13:11 PM,08/14/2024 02:24:10 PM,N,1,82,138,2,3.74,18.4,5,0.5,4.98,0,,1,29.88,1,1,0
2,11/25/2024 04:04:10 PM,11/25/2024 04:18:13 PM,N,1,74,166,2,1.8,14.2,2.5,0.5,3.64,0,,1,21.84,1,1,0
2,12/27/2024 12:56:26 PM,12/27/2024 12:56:38 PM,N,5,7,7,1,0.01,10,0,0,2.2,0,,1,13.2,1,2,0
2,11/03/2024 06:27:40 PM,11/03/2024 06:40:46 PM,N,1,82,138,1,3.71,19.1,5,0.5,5.12,0,,1,30.72,1,1,0
2,08/26/2024 05:53:22 PM,08/26/2024 06:11:53 PM,N,1,65,225,2,2.88,18.4,2.5,0.5,4.48,0,,1,26.88,1,1,0
2,02/08/2024 01:08:22 PM,02/08/2024 01:25:22 PM,N,1,74,238,1,2.59,17.7,0,0.5,6.58,0,,1,28.53,1,1,2.75
2,01/20/2024 01:12:55 AM,01/20/2024 01:23:08 AM,N,5,97,95,1,8.33,20,0,0,4.2,0,,1,25.2,1,2,0
2,03/23/2024 09:14:04 PM,03/23/2024 09:25:11 PM,N,1,66,181,1,3.42,16.3,1,0.5,0,0,,1,18.8,2,1,0
2,12/14/2024 07:07:06 PM,12/14/2024 07:24:20 PM,N,1,190,25,1,1.74,16.3,0,0.5,4.45,0,,1,22.25,1,1,0
2,05/19/2024 04:56:05 PM,05/19/2024 05:03:12 PM,N,1,74,41,1,1.29,9.3,0,0.5,2.16,0,,1,12.96,1,1,0
2,10/06/2024 07:35:30 PM,10/06/2024 07:44:45 PM,N,1,24,75,1,1.37,10,0,0.5,2.3,0,,1,13.8,1,1,0
2,03/09/2024 05:04:28 PM,03/09/2024 05:11:32 PM,N,1,130,130,1,0.91,8.6,0,0.5,3.03,0,,1,13.13,1,1,0
2,01/31/2024 05:34:51 PM,01/31/2024 05:57:31 PM,N,1,166,100,1,5.51,27.5,2.5,0.5,8.5,0,,1,42.5,1,1,2.5
2,04/03/2024 09:41:35 AM,04/03/2024 09:52:40 AM,N,1,74,43,1,1.39,11.4,0,0.5,0,0,,1,12.9,2,1,0
1,06/13/2024 06:01:35 PM,06/13/2024 06:52:55 PM,N,1,263,205,1,0,46.5,0,1.5,0,6.94,,1,54.94,1,1,0
2,01/04/2024 08:38:10 AM,01/04/2024 08:46:54 AM,N,1,24,41,3,1.05,10,0,0.5,0,0,,1,11.5,2,1,0
2,07/06/2024 09:52:56 AM,07/06/2024 10:03:37 AM,N,1,75,237,1,1.99,12.1,0,0.5,4.9,0,,1,21.25,1,1,2.75
2,12/04/2024 10:23:15 AM,12/04/2024 10:47:04 AM,N,1,43,68,1,5.39,28.9,0,0.5,4.97,0,,1,38.12,1,1,2.75
2,09/23/2024 09:29:53 AM,09/23/2024 09:33:56 AM,N,1,74,74,1,0.57,5.8,0,0.5,0,0,,1,7.3,2,1,0
2,12/05/2024 07:44:39 PM,12/05/2024 07:57:32 PM,N,1,74,263,1,2.57,14.9,2.5,0.5,1.5,0,,1,23.15,1,1,2.75
2,02/24/2024 04:31:13 PM,02/24/2024 04:39:40 PM,N,1,74,41,1,1.09,9.3,0,0.5,1.7,0,,1,12.5,1,1,0
2,02/22/2024 03:36:09 PM,02/22/2024 03:58:43 PM,N,1,112,7,1,3.71,21.9,0,0.5,4.68,0,,1,28.08,1,1,0
2,05/31/2024 04:13:49 PM,05/31/2024 04:29:38 PM,N,1,41,43,1,1.28,11.4,2.5,0.5,0,0,,1,15.4,2,1,0
2,04/15/2024 06:50:47 AM,04/15/2024 07:03:41 AM,N,1,74,166,1,1.91,13.5,0,0.5,3,0,,1,18,1,1,0
2,02/14/2024 06:04:39 AM,02/14/2024 06:09:21 AM,N,1,138,223,2,0.96,7.2,0,0.5,0,0,,1,8.7,2,1,0
2,09/10/2024 07:31:03 PM,09/10/2024 07:40:54 PM,N,1,166,75,1,1.57,10.7,2.5,0.5,1,0,,1,15.7,1,1,0
2,06/11/2024 08:18:12 AM,06/11/2024 08:35:44 AM,N,1,166,50,1,3.83,19.8,0,0.5,0,0,,1,24.05,2,1,2.75
2,01/12/2024 07:56:26 AM,01/12/2024 08:18:35 AM,N,1,74,244,1,3.4,21.9,0,0.5,4.68,0,,1,28.08,1,1,0
2,05/13/2024 10:33:30 AM,05/13/2024 10:38:01 AM,N,1,42,41,1,0.89,7.2,0,0.5,0,0,,1,8.7,2,1,0
1,06/16/2024 01:37:10 AM,06/16/2024 01:55:29 AM,N,5,255,140,1,4.9,80,0,0,16,0,,0,96,1,2,0
2,06/14/2024 05:46:24 PM,06/14/2024 05:52:57 PM,N,1,75,74,1,1.34,8.6,2.5,0.5,1.5,0,,1,14.1,1,1,0
2,08/26/2024 04:47:42 PM,08/26/2024 04:55:15 PM,N,1,75,239,1,1.76,10,2.5,0.5,3.35,0,,1,20.1,1,1,2.75
2,07/22/2024 06:02:33 PM,07/22/2024 06:11:23 PM,N,1,43,238,1,1.72,10.7,2.5,0.5,3.49,0,,1,20.94,1,1,2.75
2,06/02/2024 01:34:26 PM,06/02/2024 01:53:00 PM,N,1,74,140,1,3.25,19.8,0,0.5,4.81,0,,1,28.86,1,1,2.75
2,05/07/2024 08:47:04 AM,05/07/2024 09:13:21 AM,N,1,74,236,1,2.7,23.3,0,0.5,5.51,0,,1,33.06,1,1,2.75
2,05/25/2024 10:37:43 PM,05/25/2024 10:45:09 PM,N,1,74,42,1,2.25,12.1,1,0.5,0,0,,1,14.6,2,1,0
1,08/10/2024 05:55:32 PM,08/10/2024 06:06:10 PM,N,1,74,41,3,1.1,10.7,0,1.5,0,0,,1,12.2,2,1,0
2,05/28/2024 06:59:06 AM,05/28/2024 07:04:30 AM,N,1,74,74,1,0.88,7.2,0,0.5,1.3,0,,1,10,1,1,0
2,03/22/2024 07:22:14 PM,03/22/2024 07:37:50 PM,N,1,74,238,1,3.25,17.7,2.5,0.5,4,0,,1,28.45,1,1,2.75
1,01/13/2024 03:30:03 PM,01/13/2024 03:41:46 PM,N,1,74,263,1,2.4,12.8,2.75,1.5,0,0,,1,17.05,1,1,2.75
2,10/28/2024 04:59:52 PM,10/28/2024 05:07:48 PM,N,1,75,74,1,1.28,9.3,2.5,0.5,2.66,0,,1,15.96,1,1,0
2,11/19/2024 09:15:14 PM,11/19/2024 09:24:41 PM,N,1,97,97,1,1.25,10,1,0.5,2.5,0,,1,15,1,1,0
2,04/04/2024 04:12:05 PM,04/04/2024 04:12:27 PM,N,5,92,264,1,0,27,0,0,0,0,,1,28,1,2,0
2,04/22/2024 07:37:31 AM,04/22/2024 07:46:42 AM,N,1,74,75,1,1.34,10,0,0.5,2.3,0,,1,13.8,1,1,0
2,04/02/2024 04:44:18 PM,04/02/2024 04:57:13 PM,N,1,244,238,1,4.49,20.5,2.5,0.5,5.45,0,,1,32.7,1,1,2.75
2,10/03/2024 02:06:29 PM,10/03/2024 02:24:13 PM,N,1,74,237,2,2.78,18.4,0,0.5,3.4,0,,1,26.05,1,1,2.75
1,12/26/2024 03:55:33 PM,12/26/2024 04:19:26 PM,N,1,25,75,1,0,33.5,0,1.5,0,0,,1,35,1,1,0
1,04/11/2024 07:14:37 PM,04/11/2024 07:59:59 PM,N,1,65,132,1,12.8,55.5,2.5,1.5,10,0,,1,69.5,1,1,0
2,07/16/2024 09:26:03 PM,07/16/2024 09:39:56 PM,N,1,65,54,1,1.64,13.5,1,0.5,2.88,0,,1,18.88,1,1,0
1,08/02/2024 03:58:46 PM,08/02/2024 04:04:15 PM,N,1,210,210,1,0.8,6.5,0,1.5,0,0,,1,8,1,1,0
2,12/31/2024 07:23:48 PM,12/31/2024 07:31:44 PM,N,1,166,239,1,1.54,10,2.5,0.5,4.19,0,,1,20.94,1,1,2.75
1,08/16/2024 11:37:13 PM,08/16/2024 11:42:03 PM,,,75,75,,0.5,6.5,1,0.5,1.35,0,,1,10.35,,,
2,08/17/2024 03:26:07 AM,08/17/2024 03:38:57 AM,N,1,83,256,2,5.33,23.3,1,0.5,0,0,,1,25.8,1,1,0
2,05/16/2024 03:25:12 PM,05/16/2024 04:01:21 PM,N,1,75,43,1,3.07,30.3,0,0.5,0,0,,1,34.55,1,1,2.75
2,08/06/2024 07:58:05 AM,08/06/2024 08:09:24 AM,N,1,244,166,1,2.66,14.9,0,0.5,3.28,0,,1,19.68,1,1,0
2,05/28/2024 07:21:48 AM,05/28/2024 07:38:00 AM,N,1,74,238,1,2.15,16.3,0,0.5,3.56,0,,1,21.36,1,1,0
2,01/01/2024 01:38:21 AM,01/01/2024 01:46:59 AM,N,1,75,151,1,0,7.9,1,0.5,0,0,,1,10.4,2,1,0
2,10/20/2024 06:25:03 AM,10/20/2024 06:32:09 AM,N,1,179,138,1,3.65,16.3,5,0.5,4.56,0,,1,27.36,1,1,0
2,11/02/2024 11:02:46 PM,11/02/2024 11:20:06 PM,N,1,166,141,2,4,20.5,1,0.5,5.15,0,,1,30.9,1,1,2.75
1,10/20/2024 06:54:42 PM,10/20/2024 07:36:15 PM,N,1,244,170,1,10.7,44.3,2.75,1.5,12.1,0,,1,60.65,1,1,2.75
2,02/11/2024 04:52:43 AM,02/11/2024 04:52:43 AM,N,1,264,264,1,0,3,1,0.5,0,0,,1,5.5,2,1,0
2,11/14/2024 12:30:19 PM,11/15/2024 11:31:44 AM,N,1,82,138,2,3.64,17,5,0.5,4.7,0,,1,28.2,1,1,0
2,10/24/2024 06:43:26 PM,10/24/2024 06:49:43 PM,N,1,75,74,1,1.38,8.6,2.5,0.5,2,0,,1,14.6,1,1,0
2,04/11/2024 12:50:23 AM,04/11/2024 12:58:56 AM,N,5,92,252,1,2.27,22,0,0,0,0,,1,23,1,2,0
2,08/08/2024 02:39:57 PM,08/08/2024 02:59:17 PM,N,1,74,238,1,2.93,19.8,0,0.5,2,0,,1,26.05,1,1,2.75
2,10/27/2024 01:21:00 AM,10/27/2024 01:30:46 AM,N,1,145,7,1,0.96,10,1,0.5,0,0,,1,12.5,1,1,0
1,05/26/2024 04:18:06 PM,05/26/2024 05:00:42 PM,N,5,93,100,4,10.7,90,0,0,10,6.94,,0,106.94,1,2,0
2,04/19/2024 04:22:18 PM,04/19/2024 04:29:56 PM,N,1,75,74,1,1.35,9.3,2.5,0.5,2.66,0,,1,15.96,1,1,0
2,02/29/2024 01:10:06 PM,02/29/2024 01:29:59 PM,N,1,74,69,1,3.3,19.8,0,0.5,5,0,,1,26.3,1,1,0
2,01/27/2024 04:25:12 PM,01/27/2024 04:29:51 PM,N,1,55,55,1,1.3,7.9,0,0.5,1.88,0,,1,11.28,1,1,0
2,06/12/2024 01:02:29 PM,06/12/2024 01:06:59 PM,N,1,166,151,1,0.67,6.5,0,0.5,0,0,,1,8,2,1,0
1,07/28/2024 07:46:28 PM,07/28/2024 07:48:59 PM,N,1,166,151,1,0.3,4.4,0,1.5,0,0,,1,5.9,2,1,0
2,08/05/2024 04:25:08 PM,08/05/2024 04:31:12 PM,N,1,43,238,1,1.13,8.6,2.5,0.5,2.52,0,,1,15.12,1,1,0
2,10/31/2024 01:41:27 PM,10/31/2024 01:50:59 PM,N,1,75,74,1,1.39,10.7,0,0.5,2.44,0,,1,14.64,1,1,0
2,12/13/2024 07:29:00 AM,12/13/2024 07:51:00 AM,,,41,246,,6.46,31.79,0,0.5,5.41,0,,1,41.45,,,
2,01/07/2024 03:59:57 PM,01/07/2024 04:15:23 PM,N,1,74,151,1,2.29,16.3,0,0.5,3.56,0,,1,21.36,1,1,0
2,08/31/2024 09:58:23 AM,08/31/2024 10:07:08 AM,N,1,195,195,1,1.51,10,0,0.5,0,0,,1,11.5,2,1,0
2,05/08/2024 06:18:23 PM,05/08/2024 06:34:16 PM,N,1,74,236,2,2.44,17,2.5,0.5,3.56,0,,1,27.31,1,1,2.75
2,03/10/2024 06:23:27 PM,03/10/2024 06:32:09 PM,N,1,74,236,1,2.03,11.4,0,0.5,3,0,,1,18.65,1,1,2.75
1,10/18/2024 12:51:16 PM,10/18/2024 12:58:56 PM,N,1,75,239,1,0,7.9,2.75,1.5,3.65,0,,1,15.8,1,1,2.75
2,06/10/2024 11:43:11 AM,06/11/2024 11:02:22 AM,N,1,74,236,1,2.32,19.1,0,0.5,0,0,,1,23.35,1,1,2.75
2,10/22/2024 09:20:28 PM,10/22/2024 09:28:09 PM,N,1,75,263,1,1.37,10,1,0.5,3.05,0,,1,18.3,1,1,2.75
2,05/20/2024 08:06:37 AM,05/20/2024 08:28:26 AM,N,1,20,174,2,2.64,20.5,0,0.5,0,0,,1,22,2,1,0
2,09/08/2024 01:05:40 AM,09/08/2024 01:12:38 AM,N,1,97,17,1,0.7,7.2,1,0.5,1.94,0,,1,11.64,1,1,0
2,10/22/2024 04:44:34 PM,10/22/2024 04:53:04 PM,N,1,75,238,1,1.22,10,2.5,0.5,5,0,,1,19,1,1,0
2,01/16/2024 06:26:48 PM,01/16/2024 06:38:53 PM,N,1,75,237,1,2.08,14.2,2.5,0.5,4.19,0,,1,25.14,1,1,2.75
2,04/29/2024 07:51:21 AM,04/29/2024 08:01:20 AM,N,1,83,138,1,4.88,19.8,5,0.5,5.26,0,,1,31.56,1,1,0
1,04/10/2024 12:46:45 PM,04/10/2024 01:07:33 PM,N,1,244,142,1,6.4,28.2,2.75,1.5,8.1,0,,1,40.55,1,1,2.75
2,06/25/2024 09:41:36 AM,06/25/2024 09:54:13 AM,N,1,74,166,1,1.96,12.8,0,0.5,0,0,,1,14.3,2,1,0
2,03/12/2024 06:54:21 PM,03/12/2024 07:18:21 PM,N,1,75,107,1,4.5,24,2.5,0.5,6.15,0,,1,36.9,1,1,2.75
2,09/03/2024 07:01:11 PM,09/03/2024 07:11:02 PM,N,1,75,24,1,1.69,11.4,2.5,0.5,3.08,0,,1,18.48,1,1,0
1,05/03/2024 07:28:24 PM,05/03/2024 07:37:00 PM,N,1,75,42,1,1.8,10,2.5,1.5,2.8,0,,1,16.8,1,1,0
2,06/27/2024 11:07:39 AM,06/27/2024 11:20:24 AM,N,1,74,263,1,2.21,14.2,0,0.5,0,0,,1,18.45,2,1,2.75
2,12/07/2024 02:39:24 PM,12/07/2024 02:57:03 PM,N,1,74,24,1,1.82,17,0,0.5,5,0,,1,23.5,1,1,0
2,03/31/2024 04:11:12 PM,03/31/2024 04:53:21 PM,N,5,74,132,1,16.74,100,0,0,50,6.94,,1,157.94,1,2,0
2,05/19/2024 06:35:46 PM,05/19/2024 06:52:14 PM,N,1,74,238,1,2.92,17.7,0,0.5,5.49,0,,1,27.44,1,1,2.75
2,03/20/2024 05:47:01 PM,03/20/2024 06:16:00 PM,N,1,196,28,1,4.3,26.8,2.5,0.5,0,0,,1,30.8,2,1,0
2,05/02/2024 04:02:39 PM,05/02/2024 04:16:39 PM,N,1,244,119,1,1.84,14.2,2.5,0.5,0,0,,1,18.2,2,1,0
1,11/16/2024 02:32:02 PM,11/16/2024 02:45:49 PM,N,1,74,166,1,1.9,14.2,0,1.5,3.9,0,,1,19.6,1,1,0
2,06/04/2024 05:23:27 PM,06/04/2024 05:39:35 PM,N,1,75,237,1,2.06,17,2.5,0.5,4.61,0,,0.3,27.66,1,1,2.75
2,07/15/2024 09:50:11 PM,07/15/2024 10:03:12 PM,N,1,75,143,1,3.04,16.3,1,0.5,4.31,0,,1,25.86,1,1,2.75
2,12/27/2024 04:08:56 PM,12/27/2024 04:22:53 PM,N,1,74,43,1,2.39,14.9,2.5,0.5,3.75,0,,1,25.4,1,1,2.75
2,10/01/2024 03:39:42 PM,10/01/2024 03:51:52 PM,N,1,75,166,2,2.16,13.5,0,0.5,2.5,0,,1,17.5,1,1,0
2,10/07/2024 11:03:16 AM,10/07/2024 11:20:08 AM,N,1,29,11,1,3.47,19.1,0,0.5,0,0,,1,20.6,1,1,0
2,06/29/2024 10:50:49 PM,06/29/2024 11:12:18 PM,N,1,181,37,2,4.41,24.7,1,0.5,3,0,,1,30.2,1,1,0
2,03/25/2024 06:02:22 PM,03/25/2024 06:07:29 PM,N,1,166,24,1,0.86,7.2,2.5,0.5,3,0,,1,14.2,1,1,0
1,04/19/2024 11:14:34 PM,04/19/2024 11:33:05 PM,N,1,33,89,1,3.9,20.5,1,1.5,5.75,0,,1,28.75,1,1,0
2,06/27/2024 07:26:33 PM,06/27/2024 07:35:30 PM,N,1,82,157,1,1.32,10,2.5,0.5,2.8,0,,1,16.8,1,1,0
2,02/17/2024 01:34:01 PM,02/17/2024 01:41:23 PM,N,1,42,74,1,1.06,9.3,0,0.5,2.16,0,,1,12.96,1,1,0
2,01/24/2024 04:29:11 PM,01/24/2024 04:41:46 PM,N,1,74,166,1,1.64,12.8,2.5,0.5,3.36,0,,1,20.16,1,1,0
2,04/13/2024 08:00:19 AM,04/13/2024 08:15:26 AM,N,1,41,151,1,2.14,16.3,0,0.5,0,0,,1,17.8,2,1,0
2,01/03/2024 10:33:50 AM,01/03/2024 10:41:28 AM,N,1,74,42,1,1.04,8.6,0,0.5,0,0,,1,10.1,2,1,0
2,11/18/2024 08:22:09 AM,11/18/2024 08:34:53 AM,N,1,166,74,1,1.86,13.5,0,0.5,0,0,,1,15,1,1,0
2,09/19/2024 10:48:37 AM,09/19/2024 10:54:41 AM,N,1,7,193,1,1.05,7.9,0,0.5,2.82,0,,1,12.22,1,1,0
2,04/30/2024 06:09:57 PM,04/30/2024 06:23:28 PM,N,1,24,142,1,2.64,15.6,2.5,0.5,4.47,0,,1,26.82,1,1,2.75
1,05/19/2024 12:29:49 AM,05/19/2024 12:45:54 AM,N,1,74,237,1,3.3,17.7,3.75,1.5,5.05,0,,1,28,1,1,2.75
1,03/04/2024 02:44:34 AM,03/04/2024 02:48:19 AM,N,1,129,83,1,0.5,5.8,1,1.5,0,0,,1,8.3,3,1,0
2,03/21/2024 10:00:59 AM,03/21/2024 10:24:18 AM,N,1,75,162,1,2.62,21.2,0,0.5,0,0,,1,25.45,2,1,2.75
2,04/29/2024 11:09:33 AM,04/29/2024 11:15:24 AM,N,1,74,75,1,1.05,7.9,0,0.5,1.88,0,,1,11.28,1,1,0
2,08/26/2024 09:11:56 PM,08/26/2024 09:20:48 PM,N,5,92,53,1,1.96,40,0,0,0,0,,1,41,1,2,0
2,12/13/2024 05:51:51 PM,12/13/2024 05:56:52 PM,N,1,74,41,1,0.69,6.5,2.5,0.5,1.05,0,,1,11.55,1,1,0
1,02/05/2024 12:15:52 PM,02/05/2024 12:29:43 PM,N,1,265,185,1,0,22.5,0,1.5,0,0,,1,24,1,1,0
2,08/13/2024 11:13:37 PM,08/13/2024 11:16:40 PM,N,1,75,75,1,0.73,5.8,1,0.5,2.08,0,,1,10.38,1,1,0
2,04/19/2024 06:15:00 PM,04/19/2024 06:39:00 PM,,,7,255,,3.99,27.33,0,0,0,0,,1,28.33,,,
2,12/06/2024 09:14:34 PM,12/06/2024 09:41:04 PM,N,1,97,61,1,2.49,24,1,0.5,5.3,0,,1,31.8,1,1,0
2,11/08/2024 07:06:16 PM,11/08/2024 07:28:06 PM,N,1,236,50,2,3.49,21.2,2.5,0.5,5.59,0,,1,33.54,1,1,2.75
2,06/18/2024 11:51:05 AM,06/18/2024 11:58:02 AM,N,1,134,130,1,1.34,9.3,0,0.5,0,0,,1,10.8,2,1,0
2,05/16/2024 11:25:56 PM,05/16/2024 11:50:21 PM,N,1,92,244,1,12.22,47.8,1,0.5,0,6.94,,1,57.24,2,1,0
2,07/03/2024 09:54:12 AM,07/03/2024 10:10:57 AM,N,1,95,130,1,2.99,19.1,0,0.5,0,0,,1,20.6,2,1,0
2,12/05/2024 01:29:19 AM,12/05/2024 01:42:28 AM,N,1,82,160,1,2.67,15.6,1,0.5,2,0,,1,20.1,1,1,0
2,11/30/2024 11:31:24 PM,11/30/2024 11:37:07 PM,N,1,74,75,1,1.19,7.9,1,0.5,2.6,0,,1,13,1,1,0
2,10/11/2024 02:19:56 PM,10/11/2024 02:43:11 PM,N,1,116,262,1,4.97,26.1,0,0.5,0,0,,1,30.35,2,1,2.75
2,05/21/2024 11:09:35 PM,05/22/2024 10:23:12 PM,N,5,25,49,1,1.82,20,0,0,0,0,,1,21,1,2,0
2,01/16/2024 02:17:00 PM,01/16/2024 02:40:00 PM,,,75,229,,8.67,19.7,0,0,4.69,0,,1,28.14,,,
2,07/06/2024 08:39:07 AM,07/06/2024 09:05:01 AM,N,1,195,108,1,7.94,35.9,0,0.5,0,0,,1,37.4,2,1,0
2,06/30/2024 11:21:55 PM,06/30/2024 11:36:09 PM,N,1,79,161,1,2.96,17,1,0.5,4.4,0,,1,26.4,1,1,2.5
2,11/11/2024 06:09:01 PM,11/11/2024 06:15:43 PM,N,1,75,238,1,1.35,8.6,0,0.5,2.57,0,,1,15.42,1,1,2.75
2,02/19/2024 01:37:09 PM,02/19/2024 01:42:35 PM,N,1,166,151,1,0.91,7.9,0,0.5,1,0,,1,10.4,1,1,0
2,09/16/2024 11:31:40 AM,09/16/2024 11:58:34 AM,N,1,43,161,6,2.62,24.7,0,0.5,4.34,0,,1,33.29,1,1,2.75
1,09/06/2024 05:00:15 PM,09/06/2024 05:11:39 PM,,,75,239,,1.8,10.7,2.5,0.5,3.49,0,,1,20.94,,,
1,09/08/2024 07:46:30 PM,09/08/2024 08:03:52 PM,N,1,93,260,2,5.4,23.3,0,1.5,4.95,0,,1,29.75,1,1,0
1,07/10/2024 05:31:34 PM,07/10/2024 05:39:08 PM,N,1,75,74,1,0.9,7.9,2.5,1.5,0,0,,1,11.9,2,1,0
2,12/25/2024 03:06:36 PM,12/25/2024 03:17:15 PM,N,1,260,7,2,2.13,12.8,0,0.5,4.29,0,,1,18.59,1,1,0
2,07/03/2024 03:33:56 PM,07/03/2024 04:07:30 PM,N,1,82,16,1,7.6,37.3,0,0.5,7.76,0,,1,46.56,1,1,0
2,11/14/2024 06:12:28 PM,11/14/2024 06:29:26 PM,N,1,75,262,1,1.76,16.3,2.5,0.5,0,0,,1,23.05,2,1,2.75
2,11/15/2024 07:12:43 AM,11/15/2024 07:23:16 AM,N,1,7,145,1,1.63,11.4,0,0.5,2.58,0,,1,15.48,1,1,0
2,07/12/2024 06:07:32 PM,07/12/2024 06:16:42 PM,N,1,97,49,2,1.73,10.7,2.5,0.5,0,0,,1,14.7,2,1,0
2,04/03/2024 06:41:27 PM,04/03/2024 06:55:01 PM,N,1,97,97,2,1.21,12.8,2.5,0.5,3.36,0,,1,20.16,1,1,0
2,04/12/2024 03:55:25 PM,04/12/2024 03:59:52 PM,N,1,223,7,1,0.93,6.5,0,0.5,0,0,,1,8,2,1,0
2,02/01/2024 06:32:49 PM,02/01/2024 06:57:52 PM,N,1,166,237,1,3.86,24.7,2.5,0.5,6.24,0,,1,37.44,1,1,2.5
2,12/22/2024 08:45:10 PM,12/22/2024 08:56:41 PM,N,1,260,138,5,3.84,18.4,6,0.5,0,0,,1,25.9,1,1,0
2,05/24/2024 12:00:39 PM,05/24/2024 12:15:17 PM,N,1,74,263,1,2.16,14.9,0,0.5,3.83,0,,1,22.98,1,1,2.75
2,12/26/2024 06:02:41 PM,12/26/2024 06:16:22 PM,N,1,74,238,1,2.22,14.9,2.5,0.5,4.33,0,,1,25.98,1,1,2.75
2,03/12/2024 08:47:38 AM,03/12/2024 09:00:10 AM,N,1,74,138,1,6.7,27.5,5,0.5,10,6.94,,1,50.94,1,1,0
2,06/23/2024 12:39:00 AM,06/23/2024 12:39:03 AM,N,5,25,264,1,0.04,25,0,0,0,0,,1,26,1,2,0
2,09/28/2024 07:36:55 PM,09/28/2024 07:48:15 PM,N,1,166,41,1,1.56,12.1,0,0.5,0,0,,1,13.6,2,1,0
2,12/11/2024 10:29:38 AM,12/11/2024 10:55:02 AM,N,1,41,163,1,3.51,24,0,0.5,2,0,,1,30.25,1,1,2.75
2,10/26/2024 06:52:01 PM,10/26/2024 07:08:14 PM,N,5,95,131,1,3.5,25,0,0,2,0,,1,28,1,2,0
2,03/17/2024 04:00:10 PM,03/17/2024 04:16:24 PM,N,1,75,162,1,3.17,19.1,0,0.5,4.67,0,,1,28.02,1,1,2.75
2,06/03/2024 03:41:45 AM,06/03/2024 03:55:09 AM,N,1,92,135,1,3.08,17,1,0.5,3.9,0,,1,23.4,1,1,0
2,12/11/2024 04:04:35 PM,12/11/2024 04:16:59 PM,N,1,83,138,1,3.73,17.7,7.5,0.5,5.34,0,,1,32.04,1,1,0
2,06/22/2024 12:02:43 AM,06/22/2024 12:13:26 AM,N,1,260,223,5,2.86,15.6,1,0.5,4.52,0,,1,22.62,1,1,0
2,01/08/2024 07:10:05 AM,01/08/2024 07:24:32 AM,N,5,75,162,2,2.7,7,0,0,0,0,,1,10.75,2,2,2.75
2,11/26/2024 10:05:58 AM,11/26/2024 10:25:34 AM,N,1,74,24,1,2.94,18.4,0,0.5,5.97,0,,1,25.87,1,1,0
2,05/16/2024 10:31:43 AM,05/16/2024 10:39:49 AM,N,1,75,74,1,1.5,10.7,0,0.5,2,0,,1,14.2,1,1,0
2,12/13/2024 03:56:47 PM,12/13/2024 04:09:35 PM,N,1,74,42,1,1.5,12.8,0,0.5,2.86,0,,1,17.16,1,1,0
2,07/12/2024 04:04:44 PM,07/12/2024 04:13:34 PM,N,1,74,236,1,1.63,10.7,2.5,0.5,2.94,0,,1,17.64,1,1,0
2,09/20/2024 10:40:04 AM,09/20/2024 10:53:36 AM,N,1,95,130,1,2.97,17,0,0.5,0,0,,1,18.5,2,1,0
2,10/14/2024 09:07:00 PM,10/14/2024 09:15:00 PM,,,42,42,,0.49,14.08,0,0,0,0,,1,15.08,,,
2,07/26/2024 03:07:27 PM,07/26/2024 03:19:17 PM,N,1,95,95,1,1.41,12.8,0,0.5,0,0,,1,14.3,2,1,0
2,02/27/2024 04:50:42 PM,02/27/2024 04:53:01 PM,N,1,43,238,1,0.61,5.1,2.5,0.5,1.82,0,,1,10.92,1,1,0
2,05/13/2024 07:17:00 PM,05/13/2024 07:22:34 PM,N,1,223,223,1,0.66,7.2,2.5,0.5,1.08,0,,1,12.28,1,1,0
2,06/01/2024 11:03:29 AM,06/01/2024 11:19:20 AM,N,1,74,151,1,2.32,16.3,0,0.5,2.56,0,,0.3,19.66,1,1,0
2,10/08/2024 03:48:40 PM,10/08/2024 04:04:58 PM,N,1,65,49,1,1.83,14.9,0,0.5,3.28,0,,1,19.68,1,1,0
2,08/23/2024 07:38:00 PM,08/23/2024 07:53:00 PM,,,66,144,,2.49,16.79,0,0,4.01,0,,1,24.55,,,
2,04/25/2024 03:09:10 PM,04/25/2024 03:26:12 PM,N,1,97,62,1,2.42,16.3,0,0.5,0,0,,1,17.8,2,1,0
2,06/24/2024 03:39:15 PM,06/24/2024 03:50:10 PM,N,1,74,236,6,1.84,12.1,0,0.5,1.64,0,,1,17.99,1,1,2.75
2,12/13/2024 12:37:49 PM,12/13/2024 01:02:02 PM,N,1,16,92,2,0,19.8,0,0.5,0,0,,1,21.3,2,1,0
2,12/05/2024 06:14:52 PM,12/05/2024 06:23:09 PM,N,1,263,75,1,0.66,9.3,2.5,0.5,2.66,0,,1,15.96,1,1,0
2,05/06/2024 11:13:11 AM,05/06/2024 11:21:07 AM,N,1,82,138,1,3.82,17,5,0.5,4.7,0,,1,28.2,1,1,0
2,12/31/2024 07:47:32 PM,12/31/2024 08:25:32 PM,N,1,7,249,1,11.78,51.3,2.5,0.5,11.61,0,,1,69.66,1,1,2.75
2,07/15/2024 09:28:00 AM,07/15/2024 09:39:24 AM,N,1,41,142,2,0.47,11.4,0,0.5,3.13,0,,1,18.78,1,1,2.75
2,02/05/2024 06:10:34 PM,02/05/2024 06:19:16 PM,N,1,75,263,1,1.4,10,2.5,0.5,3.35,0,,1,20.1,1,1,2.75
2,03/23/2024 03:22:17 PM,03/23/2024 03:34:40 PM,N,1,97,17,1,2.23,13.5,0,0.5,3,0,,1,18,1,1,0
2,01/12/2024 06:03:16 PM,01/12/2024 06:13:50 PM,N,1,74,75,1,1.43,10.7,2.5,0.5,2.94,0,,1,17.64,1,1,0
2,04/26/2024 09:55:11 PM,04/26/2024 10:10:53 PM,N,1,166,48,1,3.19,18.4,1,0.5,0,0,,1,23.65,2,1,2.75
2,06/15/2024 02:59:38 PM,06/15/2024 03:33:00 PM,N,1,83,129,1,3.19,27.5,0,0.5,5,0,,1,34,1,1,0
2,06/26/2024 03:06:29 PM,06/26/2024 03:16:57 PM,N,1,74,75,1,1.45,11.4,0,0.5,0,0,,1,12.9,2,1,0
2,01/04/2024 12:20:44 PM,01/04/2024 12:54:52 PM,N,1,75,234,1,3.98,31,0,0.5,3,0,,1,38.25,1,1,2.75
2,02/15/2024 12:46:57 AM,02/15/2024 01:06:14 AM,N,1,97,177,1,2.13,16.3,1,0.5,1,0,,1,19.8,1,1,0
2,01/26/2024 05:10:06 PM,01/26/2024 05:20:57 PM,N,1,95,135,1,2.09,12.8,2.5,0.5,0,0,,1,16.8,2,1,0
2,07/29/2024 02:46:35 PM,07/29/2024 03:01:36 PM,N,1,75,140,1,2.24,15.6,0,0.5,3.97,0,,1,23.82,1,1,2.75
2,06/07/2024 01:39:59 PM,06/07/2024 01:45:33 PM,N,1,41,42,1,1.23,8.6,0,0.5,0,0,,1,10.1,1,1,0
2,12/17/2024 09:11:51 AM,12/17/2024 09:32:26 AM,N,1,166,50,1,3.83,22.6,0,0.5,2,0,,1,28.85,1,1,2.75
2,02/02/2024 11:04:54 PM,02/02/2024 11:11:24 PM,N,1,95,95,2,0,7.2,1,0.5,1,0,,1,10.7,1,1,0
2,02/09/2024 09:29:36 AM,02/09/2024 09:47:32 AM,N,1,74,238,1,2.93,18.4,0,0.5,4.53,0,,1,27.18,1,1,2.75
1,03/27/2024 08:18:09 AM,03/27/2024 08:37:47 AM,N,1,74,239,2,3.6,18.4,2.75,1.5,2,0,,1,24.65,1,1,2.75
2,09/26/2024 03:11:56 PM,09/26/2024 03:20:46 PM,N,1,75,74,1,1.42,10,0,0.5,2.3,0,,1,13.8,1,1,0
2,06/10/2024 01:22:39 PM,06/10/2024 01:29:34 PM,N,1,166,152,1,0.84,8.6,0,0.5,0,0,,1,10.1,2,1,0
1,07/05/2024 04:48:55 PM,07/05/2024 06:28:18 PM,N,1,77,74,1,0,50.5,0,1.5,0,6.94,,1,58.94,1,1,0
1,03/21/2024 01:59:19 PM,03/21/2024 02:16:28 PM,N,1,92,121,1,0,19.5,0,1.5,0,0,,1,21,1,1,0
2,12/07/2024 02:16:44 PM,12/07/2024 02:33:49 PM,N,1,41,244,6,2.56,17.7,0,0.5,2,0,,1,21.2,1,1,0
2,12/31/2024 08:09:11 AM,12/31/2024 08:14:04 AM,N,1,74,75,1,1.39,7.9,0,0.5,2.82,0,,1,12.22,1,1,0
2,12/16/2024 09:08:00 AM,12/16/2024 09:16:00 AM,,,41,238,,1.63,13.58,0,0.5,2.67,0,,1,20.5,,,
2,07/30/2024 07:36:12 AM,07/30/2024 07:56:51 AM,N,1,74,140,1,4.31,23.3,0,0.5,3,0,,1,30.55,1,1,2.75
2,12/07/2024 11:44:36 AM,12/07/2024 11:54:59 AM,N,1,74,138,1,6.49,26.1,5,0.5,7.91,6.94,,1,47.45,1,1,0
2,05/22/2024 03:10:50 PM,05/22/2024 03:16:24 PM,N,1,244,244,1,0.33,6.5,0,0.5,2.4,0,,1,10.4,1,1,0
2,08/01/2024 07:26:41 AM,08/01/2024 07:33:06 AM,N,1,74,41,1,0.99,7.9,0,0.5,0,0,,1,9.4,1,1,0
2,04/16/2024 08:10:38 PM,04/16/2024 08:12:22 PM,N,1,43,236,1,0.61,5.1,1,0.5,1.01,0,,1,11.11,1,1,2.5
2,07/16/2024 07:59:51 AM,07/16/2024 08:16:17 AM,N,1,74,116,1,2.5,16.3,0,0.5,3.56,0,,1,21.36,1,1,0
2,08/17/2024 07:35:33 PM,08/17/2024 07:46:51 PM,N,1,97,49,1,1.56,12.1,0,0.5,2,0,,1,15.6,1,1,0
2,03/05/2024 09:49:38 AM,03/05/2024 09:58:00 AM,N,1,75,236,1,1.3,8.6,0,0.5,0,0,,1,12.85,2,1,2.75
1,03/26/2024 08:33:50 PM,03/26/2024 08:40:37 PM,N,1,75,239,1,1.6,10,3.75,1.5,0,0,,1,15.25,2,1,2.75
2,06/25/2024 10:03:31 PM,06/25/2024 10:22:20 PM,N,5,93,137,3,10.79,100,0,0,22.14,6.94,,1,132.83,1,2,2.75
2,08/01/2024 07:57:20 PM,08/01/2024 08:11:17 PM,N,1,74,140,1,4.64,21.9,2.5,0.5,7.16,0,,1,35.81,1,1,2.75
2,04/26/2024 07:25:27 AM,04/26/2024 07:28:23 AM,N,1,41,43,1,0.48,5.1,0,0.5,0,0,,1,6.6,2,1,0
2,05/03/2024 02:35:05 PM,05/03/2024 02:54:41 PM,N,1,75,116,1,3.41,19.8,0,0.5,1,0,,1,22.3,1,1,0
2,06/20/2024 08:51:15 PM,06/20/2024 08:58:22 PM,N,1,43,263,1,1.26,8.6,1,0.5,0,0,,1,13.85,1,1,2.75
1,03/19/2024 05:05:44 PM,03/19/2024 05:13:29 PM,N,1,75,236,1,1.5,8.6,5.25,1.5,0,0,,1,15.35,2,1,2.75
2,11/18/2024 08:23:42 PM,11/18/2024 08:30:23 PM,N,1,75,239,1,1.93,10,1,0.5,2.59,0,,1,17.84,1,1,2.75
2,05/26/2024 07:22:08 PM,05/26/2024 07:38:31 PM,N,1,95,197,1,2.26,15.6,0,0.5,4.28,0,,1,21.38,1,1,0
2,04/08/2024 03:02:54 PM,04/08/2024 03:12:29 PM,N,1,74,75,1,1.21,10,0,0.5,0,0,,1,11.5,2,1,0
2,01/02/2024 10:44:03 AM,01/02/2024 10:51:06 AM,N,1,74,75,1,1.3,8.6,0,0.5,0,0,,1,10.1,2,1,0
2,11/03/2024 03:34:03 PM,11/03/2024 04:07:46 PM,N,1,74,151,2,3.45,29.6,0,0.5,0,0,,1,33.85,2,1,2.75
2,03/12/2024 07:14:06 PM,03/12/2024 07:21:47 PM,N,1,74,236,1,1.79,10.7,2.5,0.5,3.49,0,,1,20.94,1,1,2.75
2,12/07/2024 05:15:00 PM,12/07/2024 05:22:14 PM,N,1,65,181,1,0.84,8.6,0,0.5,2.02,0,,1,12.12,1,1,0
2,10/18/2024 07:47:03 AM,10/18/2024 07:56:32 AM,N,1,74,75,2,1.41,10,0,0.5,3.45,0,,1,14.95,1,1,0
2,02/18/2024 01:57:00 AM,02/18/2024 02:12:00 AM,,,106,97,,2,13.34,0,0,2.87,0,,1,17.21,,,
1,05/14/2024 01:18:14 PM,05/14/2024 01:54:08 PM,N,1,196,216,1,0,28.5,0,1.5,0,0,,1,30,1,1,0
2,10/07/2024 11:36:20 PM,10/07/2024 11:40:30 PM,N,1,74,75,1,1.33,7.9,1,0.5,1,0,,1,11.4,1,1,0
1,09/11/2024 05:59:40 PM,09/11/2024 06:03:45 PM,N,1,75,236,0,0.8,6.5,5.25,1.5,3,0,,1,16.25,1,1,2.75
2,06/06/2024 04:57:01 PM,06/06/2024 05:18:02 PM,N,1,161,107,1,2.04,19.1,2.5,0.5,5.12,0,,1,30.72,1,1,2.5
1,09/21/2024 04:07:45 PM,09/21/2024 04:15:13 PM,N,1,43,236,1,1.2,8.6,2.75,1.5,2.55,0,,1,15.4,1,1,2.75
2,08/08/2024 07:10:58 PM,08/08/2024 07:21:48 PM,N,1,7,129,1,1.59,11.4,2.5,0.5,2.31,0,,1,17.71,1,1,0
2,05/22/2024 04:54:09 PM,05/22/2024 05:17:23 PM,N,1,74,239,1,3.51,22.6,2.5,0.5,5.87,0,,1,35.22,1,1,2.75
2,10/24/2024 09:31:11 AM,10/24/2024 09:54:15 AM,N,1,74,159,1,2.93,21.2,0,0.5,4.54,0,,1,27.24,1,1,0
1,11/29/2024 01:23:43 PM,11/29/2024 02:07:52 PM,N,1,252,61,1,0,42.5,0,1.5,0,0,,1,44,1,1,0
2,05/08/2024 06:59:48 PM,05/08/2024 07:12:56 PM,N,1,7,138,2,3.6,19.8,7.5,0.5,7.2,0,,1,36,1,1,0
2,04/24/2024 09:07:19 PM,04/24/2024 09:11:29 PM,N,1,130,28,1,0.86,6.5,1,0.5,1.8,0,,1,10.8,1,1,0
2,08/18/2024 07:25:17 PM,08/18/2024 07:38:51 PM,N,1,74,238,1,2.55,14.9,0,0.5,3.83,0,,1,22.98,1,1,2.75
1,03/15/2024 08:48:57 AM,03/15/2024 09:28:05 AM,N,1,124,80,1,0,31.5,0,1.5,0,0,,1,33,1,1,0
2,09/13/2024 12:08:02 PM,09/13/2024 12:26:21 PM,N,1,74,151,1,2.61,18.4,0,0.5,4.98,0,,1,24.88,1,1,0
2,05/28/2024 12:53:29 PM,05/28/2024 01:23:20 PM,N,1,74,43,1,2.6,18.4,0,0.5,0,0,,1,19.9,2,1,0
2,07/08/2024 03:14:46 PM,07/08/2024 03:22:02 PM,N,1,75,236,6,1.06,9.3,0,0.5,2.71,0,,1,16.26,1,1,2.75
2,06/14/2024 08:36:00 PM,06/14/2024 08:46:00 PM,,,42,75,,2.26,12.8,0,0,1.33,0,,1,15.13,,,
2,05/11/2024 03:08:57 PM,05/11/2024 03:35:30 PM,N,1,82,95,1,3.85,25.4,0,0.5,0,0,,1,26.9,2,1,0
2,06/23/2024 05:02:26 PM,06/23/2024 05:10:42 PM,N,1,74,236,1,1.61,10,0,0.5,2.3,0,,1,13.8,1,1,0
2,11/21/2024 04:27:20 PM,11/21/2024 05:50:59 PM,N,2,74,132,1,17.21,70,5,0.5,0.25,6.94,,1,83.69,1,1,0
2,09/17/2024 09:35:06 AM,09/17/2024 09:52:44 AM,N,1,74,43,2,1.25,16.3,0,0.5,3.56,0,,1,21.36,1,1,0
2,12/02/2024 04:34:00 PM,12/02/2024 04:49:00 PM,,,173,223,,3.28,23.16,0,0.5,2.47,0,,1,27.13,,,
2,04/30/2024 08:06:40 AM,04/30/2024 08:15:00 AM,N,1,42,116,1,1.33,10,0,0.5,0,0,,1,11.5,1,1,0
2,02/16/2024 05:54:50 PM,02/16/2024 06:04:44 PM,N,1,95,28,5,1.84,12.1,2.5,0.5,0,0,,1,16.1,1,1,0
2,05/17/2024 05:51:12 PM,05/17/2024 06:03:22 PM,N,1,74,263,1,1.91,13.5,2.5,0.5,4.05,0,,1,24.3,1,1,2.75
2,02/16/2024 01:28:04 PM,02/16/2024 01:38:38 PM,N,1,74,75,1,1.72,12.1,0,0.5,0,0,,1,13.6,2,1,0
2,06/14/2024 12:46:12 PM,06/14/2024 01:05:33 PM,N,1,75,239,1,2.08,18.4,0,0.5,0.08,0,,1,22.73,1,1,2.75
1,12/06/2024 04:51:01 PM,12/06/2024 05:20:37 PM,N,1,95,95,1,2.3,24.7,2.5,1.5,0,0,,1,28.7,2,1,0
2,01/28/2024 09:37:53 PM,01/28/2024 09:49:05 PM,N,1,95,95,1,1.82,12.1,1,0.5,0,0,,1,14.6,2,1,0
2,07/03/2024 04:51:45 PM,07/03/2024 04:57:59 PM,N,1,43,238,6,1.1,8.6,2.5,0.5,2.52,0,,1,15.12,1,1,0
2,06/04/2024 05:54:06 PM,06/04/2024 05:58:08 PM,N,1,75,75,1,0.59,5.8,2.5,0.5,0,0,,1,9.8,2,1,0
2,03/04/2024 07:54:26 PM,03/04/2024 07:58:48 PM,N,1,223,223,5,0.6,6.5,2.5,0.5,3.15,0,,1,13.65,1,1,0
2,03/28/2024 01:38:59 AM,03/28/2024 01:57:43 AM,N,1,181,226,1,7.86,33.8,1,0.5,0,0,,1,36.3,1,1,0
2,07/20/2024 07:58:15 PM,07/20/2024 08:07:07 PM,N,1,134,95,1,1.68,11.4,0,0.5,3.87,0,,1,16.77,1,1,0
2,12/02/2024 04:23:17 PM,12/02/2024 04:37:54 PM,N,1,43,141,1,1.77,14.2,2.5,0.5,4.19,0,,1,25.14,1,1,2.75
2,03/16/2024 04:01:00 PM,03/16/2024 04:19:06 PM,N,1,74,151,1,2.36,17.7,0,0.5,3.84,0,,1,23.04,1,1,0
2,04/04/2024 05:34:46 PM,04/04/2024 05:49:43 PM,N,1,75,163,1,2.21,15.6,2.5,0.5,4.47,0,,1,26.82,1,1,2.75
2,09/08/2024 06:27:30 PM,09/08/2024 06:57:39 PM,N,1,75,7,1,5.42,31,0,0.5,7.05,0,,1,42.3,1,1,2.75
1,05/17/2024 04:25:27 PM,05/17/2024 04:37:02 PM,N,1,75,24,1,1.6,12.8,2.5,1.5,3.35,0,,1,20.15,1,1,0
2,01/29/2024 06:04:00 PM,01/29/2024 06:10:00 PM,,,193,146,,1.51,11.78,0,0,2.56,0,,1,15.34,,,
2,09/02/2024 02:00:01 PM,09/02/2024 02:09:44 PM,N,1,74,159,1,2.24,13.5,0,0.5,1,0,,1,16,1,1,0
2,02/02/2024 12:12:28 AM,02/02/2024 12:23:25 AM,N,1,83,160,1,2.28,13.5,1,0.5,2,0,,1,18,1,1,0
2,10/24/2024 08:25:46 PM,10/24/2024 08:45:55 PM,N,5,33,145,1,6.09,40,0,0,0,0,,1,41,1,2,0
2,02/14/2024 09:49:39 AM,02/14/2024 10:05:05 AM,N,1,95,121,1,2.67,17,0,0.5,0,0,,1,18.5,2,1,0
2,08/03/2024 03:48:30 PM,08/03/2024 03:55:08 PM,N,1,82,260,1,1.1,8.6,0,0.5,1,0,,1,11.1,1,1,0
2,07/03/2024 01:18:22 PM,07/03/2024 01:27:08 PM,N,1,75,74,1,1.66,10.7,0,0.5,2.44,0,,1,14.64,1,1,0
2,04/22/2024 06:08:29 PM,04/22/2024 06:15:43 PM,N,1,7,193,1,1.27,9.3,2.5,0.5,0,0,,1,13.3,2,1,0
2,08/25/2024 04:36:12 PM,08/25/2024 04:53:37 PM,N,1,74,239,1,2.87,19.1,0,0.5,1,0,,1,24.35,1,1,2.75
2,01/22/2024 05:22:00 PM,01/22/2024 05:28:00 PM,,,121,28,,0.99,16.96,0,0,3.59,0,,1,21.55,,,
1,06/13/2024 08:09:33 AM,06/13/2024 08:24:55 AM,N,1,74,166,1,1.9,12.8,0,1.5,2.85,0,,1,17.15,1,1,0
2,12/09/2024 06:00:50 PM,12/09/2024 06:06:35 PM,N,1,75,74,2,1.22,8.6,2.5,0.5,2.52,0,,1,15.12,1,1,0
2,09/15/2024 07:09:03 PM,09/15/2024 07:14:32 PM,N,1,75,236,1,0.9,7.2,0,0.5,0,0,,1,11.45,2,1,2.75
2,10/06/2024 08:29:52 PM,10/06/2024 08:38:31 PM,N,1,74,236,1,1.71,10.7,1,0.5,1.52,0,,0.3,16.77,1,1,2.75
2,08/27/2024 02:00:11 PM,08/27/2024 02:01:58 PM,N,1,75,43,2,0.02,-3.7,0,-0.5,0,0,,-1,-5.2,4,1,0
2,05/08/2024 11:45:15 PM,05/08/2024 11:45:52 PM,N,1,223,223,1,0,3,1,0.5,0,0,,1,5.5,2,1,0
2,10/05/2024 09:58:07 PM,10/05/2024 10:08:41 PM,N,1,74,151,1,2.47,13.5,1,0.5,3.2,0,,1,19.2,1,1,0
2,06/08/2024 10:54:14 AM,06/08/2024 11:10:53 AM,N,1,74,263,1,2.21,16.3,0,0.5,0,0,,1,20.55,1,1,2.75
1,07/13/2024 10:53:26 AM,07/13/2024 11:17:55 AM,N,1,129,255,1,0,24.5,0,1.5,0,0,,1,26,1,1,0
2,02/06/2024 09:28:43 AM,02/06/2024 09:44:33 AM,N,1,83,7,2,2,15.6,0,0.5,0,0,,1,17.1,2,1,0
2,11/09/2024 06:28:41 PM,11/09/2024 06:39:31 PM,N,1,74,41,2,1.48,11.4,0,0.5,0,0,,1,12.9,2,1,0
2,01/20/2024 09:15:16 PM,01/20/2024 09:30:33 PM,N,1,82,129,1,1.9,14.9,1,0.5,0,0,,1,17.4,2,1,0
2,04/12/2024 03:37:43 PM,04/12/2024 03:59:04 PM,N,1,74,142,1,3.59,21.9,0,0.5,3,0,,1,29.15,1,1,2.75
1,05/19/2024 07:34:54 PM,05/19/2024 07:49:57 PM,N,1,74,166,1,1.9,14.9,0,1.5,0,0,,1,16.4,1,1,0
2,10/07/2024 07:46:31 PM,10/07/2024 07:57:54 PM,N,1,129,138,1,3.82,19.1,7.5,0.5,5.62,0,,1,33.72,1,1,0
1,10/20/2024 04:05:28 PM,10/20/2024 04:13:46 PM,N,1,74,236,0,1.9,10.7,5.25,1.5,2,0,,1,19.45,1,1,2.75
1,05/15/2024 07:05:00 AM,05/15/2024 07:15:38 AM,N,1,74,152,1,1.7,12.1,0,1.5,2.72,0,,1,16.32,1,1,0
2,07/03/2024 02:54:34 PM,07/03/2024 03:06:27 PM,N,1,75,24,1,1.91,13.5,0,0.5,4.5,0,,1,19.5,1,1,0
2,10/20/2024 09:24:28 AM,10/20/2024 09:35:49 AM,N,1,95,130,2,2.61,14.9,0,0.5,0,0,,1,16.4,2,1,0
2,10/20/2024 10:05:21 PM,10/20/2024 10:21:13 PM,N,1,24,163,1,2.97,18.4,1,0.5,4.73,0,,1,28.38,1,1,2.75
2,03/14/2024 05:04:04 PM,03/14/2024 05:16:13 PM,N,1,166,74,1,1.9,12.8,2.5,0.5,0,0,,1,16.8,2,1,0
1,09/05/2024 05:15:09 PM,09/05/2024 06:53:02 PM,N,1,142,10,1,0,48.5,0,1.5,0,0,,1,50,1,1,0
2,08/09/2024 03:18:33 AM,08/09/2024 03:31:23 AM,N,5,92,73,1,2.61,15,0,0,0,0,,1,16,2,2,0
2,06/16/2024 01:30:44 PM,06/16/2024 01:48:24 PM,N,1,260,179,1,3.41,19.1,0,0.5,0,0,,1,20.6,2,1,0
2,02/29/2024 08:28:41 PM,02/29/2024 09:11:11 PM,N,1,256,263,5,8.01,42.9,1,0.5,0,0,,1,48.15,2,1,2.75
2,12/14/2024 06:06:42 PM,12/14/2024 06:17:32 PM,N,1,74,41,1,1.49,12.1,0,0.5,2.72,0,,1,16.32,1,1,0
2,04/30/2024 12:34:18 PM,04/30/2024 01:01:03 PM,N,1,74,239,2,3.22,24.7,0,0.5,7.24,0,,1,36.19,1,1,2.75
2,06/13/2024 11:29:07 AM,06/13/2024 11:57:43 AM,N,1,75,232,6,7.45,35.2,0,0.5,0,0,,1,39.45,1,1,2.75
2,12/21/2024 06:36:04 PM,12/21/2024 07:00:07 PM,N,1,97,256,2,3.55,24,0,0.5,2,0,,1,27.5,1,1,0
2,08/27/2024 03:34:10 PM,08/27/2024 03:40:18 PM,N,5,93,138,1,2.19,29,5,0,22,0,,1,57,1,2,0
2,09/30/2024 06:35:21 PM,09/30/2024 06:46:03 PM,N,1,74,42,1,1.59,12.1,2.5,0.5,4.02,0,,1,20.12,1,1,0
2,10/18/2024 06:00:15 PM,10/18/2024 06:15:24 PM,N,1,95,102,1,2.02,14.9,2.5,0.5,0,0,,1,18.9,2,1,0
2,12/24/2024 01:53:23 AM,12/24/2024 01:55:07 AM,N,1,7,7,1,0.29,4.4,1,0.5,2.07,0,,1,8.97,1,1,0
2,02/26/2024 08:51:07 PM,02/26/2024 08:56:13 PM,N,1,75,238,1,1.19,7.9,1,0.5,0,0,,1,13.15,2,1,2.75
2,09/03/2024 06:55:11 PM,09/03/2024 07:05:41 PM,N,1,95,135,1,1.99,12.1,2.5,0.5,1.68,0,,1,17.78,1,1,0
2,06/08/2024 01:11:01 AM,06/08/2024 01:31:07 AM,N,1,34,4,1,3.92,22.6,1,0.5,5.57,0,,1,33.42,1,1,2.75
2,04/19/2024 02:00:40 PM,04/19/2024 02:39:09 PM,N,1,43,56,1,11.16,49.9,0,0.5,0,6.94,,1,58.34,2,1,0
2,01/10/2024 08:36:13 AM,01/10/2024 08:58:14 AM,N,1,75,69,1,3.27,21.2,0,0.5,4.54,0,,1,27.24,1,1,0
2,09/09/2024 11:21:44 AM,09/09/2024 11:30:54 AM,N,1,75,75,1,1.55,10.7,0,0.5,0,0,,1,12.2,2,1,0
2,07/02/2024 08:01:59 PM,07/02/2024 08:15:41 PM,N,1,65,188,2,3.01,17,2.5,0.5,0,0,,1,21,2,1,0
2,11/10/2024 04:39:43 AM,11/10/2024 04:39:48 AM,N,5,179,179,1,0,140,0,0,0,0,,1,141,2,2,0
2,11/10/2024 01:32:35 PM,11/10/2024 02:18:31 PM,N,1,65,132,1,18.29,72.3,0,0.5,14.76,0,,1,88.56,1,1,0
2,11/06/2024 09:31:08 PM,11/06/2024 09:41:43 PM,N,1,74,151,1,2.33,12.8,1,0.5,3.82,0,,1,19.12,1,1,0
2,10/07/2024 08:55:00 AM,10/07/2024 09:06:42 AM,N,1,116,239,1,3.48,16.3,0,0.5,0,0,,1,20.55,2,1,2.75
1,09/23/2024 03:19:59 PM,09/23/2024 03:48:30 PM,N,1,244,68,1,8.4,38,2.75,1.5,8.45,0,,1,50.7,1,1,2.75
2,08/15/2024 01:40:21 PM,08/15/2024 01:50:58 PM,N,1,74,166,1,1.46,11.4,0,0.5,0,0,,1,12.9,2,1,0
2,02/19/2024 08:26:33 PM,02/19/2024 08:34:08 PM,N,1,74,75,1,1.48,9.3,1,0.5,2.36,0,,1,14.16,1,1,0
2,11/22/2024 07:45:31 PM,11/22/2024 07:55:50 PM,N,1,65,65,1,1,10,2.5,0.5,0,0,,1,14,2,1,0
2,05/22/2024 02:02:18 PM,05/22/2024 02:13:18 PM,N,1,75,238,1,1.35,11.4,0,0.5,4,0,,1,19.65,1,1,2.75
2,05/10/2024 05:52:46 PM,05/10/2024 06:02:25 PM,N,1,130,130,3,1.35,10.7,2.5,0.5,0,0,,1,14.7,1,1,0
2,02/17/2024 02:27:40 PM,02/17/2024 02:37:48 PM,N,1,65,17,1,1.74,11.4,0,0.5,2.58,0,,1,15.48,1,1,0
2,04/13/2024 02:18:58 AM,04/13/2024 02:36:37 AM,N,1,66,61,1,4.46,22.6,1,0.5,2,0,,1,27.1,1,1,0
2,05/31/2024 06:46:15 PM,05/31/2024 08:14:45 PM,N,1,193,7,1,0.33,-64.6,-2.5,-0.5,0,0,,-1,-68.6,3,1,0
2,11/15/2024 05:18:48 PM,11/15/2024 05:44:49 PM,N,1,134,130,1,3.55,23.3,2.5,0.5,0,0,,1,27.3,2,1,0
2,08/29/2024 12:21:27 PM,08/29/2024 12:32:15 PM,N,1,75,74,1,1.77,12.1,2.5,0.5,2,0,,1,18.1,1,1,0
2,05/20/2024 07:53:47 AM,05/20/2024 08:03:53 AM,N,1,74,74,1,1.1,10.7,0,0.5,2.44,0,,1,14.64,1,1,0
2,12/14/2024 07:20:30 PM,12/14/2024 08:55:21 PM,N,1,166,249,1,7.35,74.4,0,0.5,10,0,,1,88.65,1,1,2.75
2,03/24/2024 12:01:30 PM,03/24/2024 12:12:59 PM,N,1,74,236,2,1.98,12.8,0,0.5,3.41,0,,1,20.46,1,1,2.75
2,05/03/2024 04:00:43 PM,05/03/2024 04:19:48 PM,N,1,75,116,1,3.04,19.1,2.5,0.5,4.62,0,,1,27.72,1,1,0
2,05/31/2024 09:37:55 AM,05/31/2024 09:52:26 AM,N,1,236,237,1,1.87,14.9,0,0.5,3.83,0,,1,22.98,1,1,2.75
2,11/21/2024 08:31:01 AM,11/21/2024 08:43:09 AM,N,1,74,152,1,1.59,12.1,0,0.5,2.72,0,,1,16.32,1,1,0
2,11/25/2024 03:05:36 PM,11/25/2024 03:21:41 PM,N,1,74,238,1,2.63,17,0,0.5,1.85,0,,1,20.35,1,1,0
1,11/27/2024 04:32:42 PM,11/27/2024 04:52:48 PM,N,1,149,89,1,0,18.5,0,1.5,0,0,,1,20,1,1,0
2,05/31/2024 02:58:50 PM,05/31/2024 03:14:21 PM,N,1,124,219,1,3.78,20.5,0,0.5,0,0,,1,22,2,1,0
2,11/08/2024 06:12:45 PM,11/08/2024 06:29:57 PM,N,1,166,263,1,3.09,18.4,2.5,0.5,3,0,,1,28.15,1,1,2.75
1,12/24/2024 12:09:12 PM,12/24/2024 12:20:06 PM,N,1,74,41,1,0.8,10.7,0,1.5,0,0,,1,12.2,1,1,0
2,10/30/2024 06:46:56 AM,10/30/2024 06:59:53 AM,N,1,74,41,2,1.32,12.8,0,0.5,2.86,0,,1,17.16,1,1,0
2,03/08/2024 04:34:26 PM,03/08/2024 04:57:08 PM,N,1,74,239,1,3.2,21.9,2.5,0.5,5.73,0,,1,34.38,1,1,2.75
2,03/24/2024 04:21:23 PM,03/24/2024 04:29:05 PM,N,1,74,42,1,1.39,9.3,0,0.5,0,0,,1,10.8,2,1,0
2,12/04/2024 06:29:23 PM,12/04/2024 06:40:25 PM,N,1,166,239,1,1.88,13.5,2.5,0.5,5.06,0,,1,25.31,1,1,2.75
2,03/13/2024 02:45:43 PM,03/13/2024 03:31:43 PM,N,1,255,236,1,8.77,46.4,0,0.5,10.13,0,,1,60.78,1,1,2.75
2,08/30/2024 09:05:19 AM,08/30/2024 09:08:11 AM,N,1,41,152,1,0.49,5.1,0,0.5,1.65,0,,1,8.25,1,1,0
2,08/20/2024 08:26:07 PM,08/20/2024 08:37:57 PM,N,1,75,74,1,1.51,12.8,1,0.5,0,0,,1,15.3,2,1,0
2,11/23/2024 09:10:49 PM,11/23/2024 09:15:41 PM,N,1,28,131,1,4.15,17,1,0.5,2,0,,1,21.5,1,1,0
2,09/10/2024 07:08:24 PM,09/10/2024 07:24:37 PM,N,1,33,112,1,4.25,23.3,2.5,0.5,5.46,0,,1,32.76,1,1,0
2,02/04/2024 06:29:16 PM,02/04/2024 07:37:55 PM,N,1,82,239,1,10.08,63.9,0,0.5,5,0,,1,73.15,1,1,2.75
2,03/27/2024 08:24:42 AM,03/27/2024 08:31:52 AM,N,1,41,74,1,0.98,8.6,0,0.5,0,0,,1,10.1,2,1,0
2,05/03/2024 12:02:26 PM,05/03/2024 12:24:43 PM,N,1,130,53,1,7.61,32.4,0,0.5,0,0,,1,33.9,2,1,0
2,01/16/2024 11:11:26 AM,01/16/2024 11:25:32 AM,N,1,74,140,1,3.54,17,0,0.5,2,0,,1,23.25,1,1,2.75
2,08/11/2024 02:32:40 AM,08/11/2024 02:37:35 AM,N,1,256,255,1,0.7,6.5,1,0.5,0,0,,1,9,2,1,0
2,01/01/2024 03:58:57 PM,01/01/2024 04:04:01 PM,N,1,152,42,1,0.85,7.2,0,0.5,0,0,,1,8.7,2,1,0
2,05/09/2024 06:58:02 AM,05/09/2024 07:14:33 AM,N,1,74,24,1,2.29,16.3,0,0.5,2,0,,1,19.8,1,1,0
2,08/10/2024 08:01:10 PM,08/10/2024 08:04:38 PM,N,1,223,223,2,0.53,5.8,1,0.5,1.66,0,,1,9.96,1,1,0
1,03/21/2024 05:57:05 AM,03/21/2024 06:10:15 AM,N,1,82,160,1,3.1,17,1,1.5,0,0,,1,19.5,1,1,0
1,01/23/2024 01:43:46 PM,01/23/2024 02:05:08 PM,N,1,181,89,1,0,22,0,1.5,0,0,,1,23.5,1,1,0
2,03/14/2024 09:11:06 AM,03/14/2024 09:27:46 AM,N,1,49,25,1,1.33,14.9,0,0.5,4.1,0,,1,20.5,1,1,0
2,06/11/2024 01:00:33 PM,06/11/2024 01:15:35 PM,N,1,244,238,1,4.8,23.3,0,0.5,0,0,,1,27.55,2,1,2.75
2,05/22/2024 05:55:13 PM,05/22/2024 06:08:31 PM,N,1,82,56,1,1.24,12.8,2.5,0.5,0,0,,1,16.8,2,1,0
2,10/16/2024 03:38:50 PM,10/16/2024 03:53:57 PM,N,1,75,238,1,1.68,14.2,0,0.5,3.69,0,,1,22.14,1,1,2.75
2,01/20/2024 07:25:24 PM,01/20/2024 07:48:59 PM,N,1,7,82,1,3.16,21.2,0,0.5,0,0,,1,22.7,2,1,0
2,11/26/2024 10:07:14 AM,11/26/2024 10:15:32 AM,N,1,74,75,1,1.39,10,0,0.5,2.3,0,,1,13.8,1,1,0
2,01/30/2024 07:13:27 AM,01/30/2024 07:33:15 AM,N,1,74,236,1,2.32,18.4,0,0.5,1,0,,1,23.65,1,1,2.75
2,10/04/2024 06:47:49 AM,10/04/2024 06:53:28 AM,N,1,74,75,1,1.38,8.6,0,0.5,1.5,0,,1,11.6,1,1,0
2,02/19/2024 05:49:01 PM,02/19/2024 06:04:38 PM,N,1,166,239,1,2.6,17,0,0.5,4.25,0,,1,25.5,1,1,2.75
2,01/09/2024 02:38:11 PM,01/09/2024 02:56:42 PM,N,1,83,82,6,1.62,16.3,0,0.5,0,0,,1,17.8,2,1,0
2,06/11/2024 02:27:44 PM,06/11/2024 02:34:32 PM,N,1,75,239,1,1.25,9.3,0,0.5,4.06,0,,1,17.61,1,1,2.75
2,12/07/2024 08:58:03 PM,12/07/2024 09:03:12 PM,N,1,75,74,1,1.04,7.2,1,0.5,2.91,0,,1,12.61,1,1,0
2,07/17/2024 10:37:46 PM,07/17/2024 10:44:44 PM,N,1,134,135,1,1.61,9.3,1,0.5,0,0,,1,11.8,2,1,0
2,10/28/2024 10:39:47 PM,10/28/2024 10:50:39 PM,N,1,66,25,5,1.64,12.1,1,0.5,2.92,0,,1,17.52,1,1,0
1,04/07/2024 11:38:54 AM,04/07/2024 11:48:05 AM,N,1,242,242,1,0,16.5,0,1.5,0,0,,1,18,1,1,0
2,08/04/2024 04:25:38 PM,08/04/2024 04:41:18 PM,N,1,95,215,1,3.35,18.4,0,0.5,2,0,,1,21.9,1,1,0
1,06/10/2024 08:24:51 PM,06/10/2024 08:36:56 PM,N,1,43,141,2,1.9,12.1,3.75,1.5,0,0,,1,17.35,2,1,2.75
2,11/22/2024 06:23:58 PM,11/22/2024 06:32:30 PM,N,1,166,42,1,1.33,10,2.5,0.5,2,0,,1,16,1,1,0
1,07/10/2024 07:26:32 PM,07/10/2024 07:43:04 PM,N,1,65,49,1,1.4,12.8,2.5,1.5,0,0,,1,16.8,2,1,0
2,05/18/2024 02:13:44 PM,05/18/2024 03:00:27 PM,N,2,166,132,1,19.5,70,0,0.5,15.69,6.94,,1,94.13,1,1,0
2,10/03/2024 09:39:35 AM,10/03/2024 09:46:40 AM,N,1,74,262,1,1.36,9.3,0,0.5,2.71,0,,1,16.26,1,1,2.75
2,06/23/2024 11:26:42 AM,06/23/2024 11:38:25 AM,N,1,116,153,1,3.76,18.4,0,0.5,0,0,,1,19.9,2,1,0
2,11/12/2024 04:53:09 PM,11/12/2024 04:57:21 PM,N,1,166,151,1,0.83,7.2,2.5,0.5,2.24,0,,1,13.44,1,1,0
2,12/17/2024 08:34:14 PM,12/17/2024 08:44:52 PM,N,1,74,236,1,2.27,13.5,1,0.5,0,0,,1,18.75,2,1,2.75
1,09/30/2024 02:16:10 PM,09/30/2024 02:24:42 PM,N,1,52,66,0,1.1,9.3,0,1.5,2,0,,1,12.8,1,1,0
2,01/11/2024 07:22:26 PM,01/11/2024 07:41:42 PM,N,1,66,249,1,3.93,21.9,2.5,0.5,4.3,0,,1,32.95,1,1,2.75
2,04/21/2024 11:56:43 PM,04/21/2024 11:57:12 PM,N,5,264,264,1,0,25,0,0,0,0,,1,26,1,2,0
2,05/25/2024 10:07:57 AM,05/25/2024 10:25:21 AM,N,1,74,239,1,2.93,19.1,0,0.5,0,0,,1,23.35,2,1,2.75
2,03/28/2024 05:46:42 PM,03/28/2024 05:56:54 PM,N,1,75,74,1,1.57,11.4,2.5,0.5,4.62,0,,1,20.02,1,1,0
1,05/10/2024 06:00:27 PM,05/10/2024 06:10:26 PM,N,1,75,41,1,1.4,10.7,2.5,1.5,3.65,0,,1,18.35,1,1,0
2,11/05/2024 11:43:44 AM,11/05/2024 12:13:45 PM,N,1,74,163,1,5.09,30.3,0,0.5,1.5,0,,1,36.05,1,1,2.75
2,01/04/2024 08:29:40 PM,01/04/2024 08:32:14 PM,N,1,65,25,1,0.25,4.4,1,0.5,1,0,,1,7.9,1,1,0
2,01/12/2024 04:49:54 PM,01/12/2024 06:10:07 PM,N,1,95,164,1,8.91,71.6,2.5,0.5,25.59,6.94,,1,110.88,1,1,2.75
2,06/10/2024 09:49:07 AM,06/10/2024 09:59:04 AM,N,1,41,75,1,1.26,10,0,0.5,0,0,,1,11.5,2,1,0
2,12/11/2024 05:39:47 PM,12/11/2024 06:41:07 PM,N,1,75,230,1,3.55,49.2,2.5,0.5,0,0,,1,55.95,2,1,2.75
2,10/25/2024 08:55:44 PM,10/25/2024 09:13:01 PM,N,1,263,137,1,3.93,22.6,1,0.5,1,0,,1,28.6,1,1,2.5
2,07/23/2024 03:30:40 PM,07/23/2024 03:50:15 PM,N,1,74,238,6,3.05,19.8,0,0.5,2,0,,1,26.05,1,1,2.75
2,09/18/2024 05:04:53 PM,09/18/2024 05:39:01 PM,N,1,196,146,1,4.88,33.8,2.5,0.5,0.05,0,,1,37.85,1,1,0
2,06/13/2024 07:44:35 PM,06/13/2024 07:50:39 PM,N,1,74,236,1,1.34,8.6,2.5,0.5,3.07,0,,1,18.42,1,1,2.75
2,03/09/2024 09:56:38 PM,03/09/2024 10:07:36 PM,N,1,260,7,1,2.51,14.9,1,0.5,5.22,0,,1,22.62,1,1,0
2,01/17/2024 02:19:49 PM,01/17/2024 02:32:48 PM,N,1,74,152,1,1.4,12.8,0,0.5,0,0,,1,14.3,2,1,0
2,07/02/2024 11:07:46 PM,07/02/2024 11:44:38 PM,N,1,210,210,1,1,29.6,1,0.5,0,0,,1,32.1,2,1,0
2,12/14/2024 11:36:50 AM,12/14/2024 11:44:50 AM,N,1,66,195,1,2.12,11.4,0,0.5,3.22,0,,1,16.12,1,1,0
1,08/16/2024 02:14:01 PM,08/16/2024 02:30:59 PM,N,1,82,173,1,2.1,13.5,0,1.5,0,0,,1,15,2,1,0
2,09/04/2024 02:29:22 PM,09/04/2024 02:40:46 PM,N,1,74,166,1,1.89,12.8,0,0.5,1.43,0,,1,15.73,1,1,0
1,05/04/2024 07:32:34 AM,05/04/2024 07:32:37 AM,N,1,74,74,0,0,3,0,1.5,0,0,,1,4.5,3,1,0
1,02/03/2024 10:09:23 PM,02/03/2024 10:20:47 PM,N,1,33,80,1,4.4,19.1,1,1.5,5.4,0,,1,27,1,1,0
2,08/27/2024 03:06:53 PM,08/27/2024 03:21:47 PM,N,1,95,135,1,1.7,14.9,0,0.5,8,0,,1,24.4,1,1,0
2,08/30/2024 10:53:12 AM,08/30/2024 11:03:41 AM,N,1,75,239,1,1.89,12.1,0,0.5,4.09,0,,1,20.44,1,1,2.75
2,09/20/2024 02:12:01 PM,09/20/2024 02:15:27 PM,N,1,41,43,1,0.58,5.8,0,0.5,1.46,0,,1,8.76,1,1,0
2,09/13/2024 01:29:08 PM,09/13/2024 01:48:57 PM,N,1,10,205,1,3.3,19.8,0,0.5,0,0,,1,21.3,2,1,0
2,10/06/2024 09:31:18 PM,10/06/2024 09:39:35 PM,N,1,74,236,1,1.6,10.7,1,0.5,2,0,,1,17.95,1,1,2.75
2,11/18/2024 07:12:59 AM,11/18/2024 07:25:29 AM,N,1,166,116,1,2.18,14.9,0,0.5,0,0,,0.3,15.7,2,1,0
2,11/01/2024 09:06:18 PM,11/01/2024 09:06:55 PM,N,5,129,129,3,0,20,0,0,4.2,0,,1,25.2,1,2,0
2,01/31/2024 02:34:11 PM,01/31/2024 03:04:31 PM,N,1,82,145,1,4.7,31,0,0.5,0,0,,1,32.5,2,1,0
1,04/25/2024 06:58:25 AM,04/25/2024 07:11:42 AM,N,1,74,140,1,3.6,17.7,2.75,1.5,2.63,0,,1,24.58,1,1,2.75
2,03/21/2024 05:47:37 PM,03/21/2024 05:53:46 PM,N,1,82,260,1,0.94,7.9,2.5,0.5,0,0,,1,11.9,1,1,0
2,09/20/2024 10:40:48 AM,09/20/2024 11:08:55 AM,N,1,43,161,1,2.71,24,0,0.5,5.65,0,,1,33.9,1,1,2.75
2,09/21/2024 12:07:16 AM,09/21/2024 12:20:48 AM,N,1,25,257,1,3.29,18.4,1,0.5,4.18,0,,1,25.08,1,1,0
2,06/10/2024 09:20:39 AM,06/10/2024 09:33:17 AM,N,1,74,151,1,2.2,14.2,0,0.5,3,0,,0.3,18,1,1,0
2,12/16/2024 02:45:12 PM,12/16/2024 03:15:17 PM,N,1,43,243,1,5.69,32.4,0,0.5,8.48,0,,1,42.38,1,1,0
2,04/26/2024 09:54:26 AM,04/26/2024 09:57:37 AM,N,1,41,42,1,0.37,5.1,0,0.5,1.32,0,,1,7.92,1,1,0
2,01/09/2024 06:57:00 PM,01/09/2024 07:02:00 PM,,,193,193,,0.93,11.02,0,0,2.16,0,,1,14.18,,,
2,06/15/2024 09:38:22 AM,06/15/2024 09:44:48 AM,N,1,166,238,1,1.13,8.6,0,0.5,2.15,0,,1,15,1,1,2.75
2,07/17/2024 07:14:26 PM,07/17/2024 07:21:49 PM,N,1,74,75,1,1.51,9.3,2.5,0.5,2.66,0,,1,15.96,1,1,0
2,09/29/2024 03:16:10 PM,09/29/2024 03:24:50 PM,N,1,41,74,1,1.43,10,0,0.5,0,0,,1,11.5,2,1,0
1,07/26/2024 05:30:43 PM,07/26/2024 05:47:47 PM,N,1,41,75,1,2.1,16.3,2.5,1.5,0,0,,1,20.3,2,1,0
1,09/27/2024 06:42:29 AM,09/27/2024 06:58:48 AM,N,1,21,29,1,0,19.5,0,1.5,0,0,,1,21,1,1,0
2,09/03/2024 03:39:01 PM,09/03/2024 03:46:08 PM,N,1,41,41,1,0.94,7.9,0,0.5,1,0,,1,10.4,1,1,0
2,12/15/2024 07:21:06 PM,12/15/2024 07:30:18 PM,N,1,75,238,1,1.57,11.4,0,0.5,2.58,0,,1,15.48,1,1,0
1,12/12/2024 04:06:55 PM,12/12/2024 05:10:37 PM,N,1,43,231,0,7.9,52.7,5.25,1.5,6,0,,1,65.45,1,1,2.75
2,04/11/2024 06:12:47 PM,04/11/2024 06:17:08 PM,N,1,75,74,1,1.33,7.9,2.5,0.5,2.98,0,,1,14.88,1,1,0
2,02/15/2024 03:50:06 PM,02/15/2024 04:04:36 PM,N,1,74,24,1,1.54,14.2,0,0.5,3,0,,1,18.7,1,1,0
2,08/05/2024 02:48:29 PM,08/05/2024 02:55:19 PM,N,1,95,28,5,1.62,10,0,0.5,0,0,,1,11.5,2,1,0
2,12/17/2024 07:44:12 PM,12/17/2024 07:52:00 PM,N,1,75,41,1,1.51,10,2.5,0.5,2.8,0,,1,16.8,1,1,0
2,04/18/2024 01:22:58 PM,04/18/2024 01:48:56 PM,N,1,33,189,1,3.3,24,0,0.5,0,0,,1,25.5,2,1,0
1,04/01/2024 03:45:48 PM,04/01/2024 04:23:31 PM,N,1,42,78,1,0,25.5,0,1.5,0,0,,1,27,1,1,0
2,09/27/2024 01:14:23 AM,09/27/2024 01:36:22 AM,N,1,226,132,1,13.48,52,1,0.5,5,0,,1,59.5,1,1,0
2,04/23/2024 02:07:08 PM,04/23/2024 02:17:22 PM,N,1,95,95,1,2.06,11.4,0,0.5,3.87,0,,1,16.77,1,1,0
2,01/14/2024 12:02:27 AM,01/14/2024 12:14:05 AM,N,1,74,141,1,2.91,14.9,1,0.5,1.99,0,,1,21.89,1,1,2.5
2,02/20/2024 07:42:38 PM,02/20/2024 07:49:26 PM,N,1,41,24,1,1.27,9.3,2.5,0.5,0,0,,1,13.3,2,1,0
2,01/06/2024 09:36:26 PM,01/06/2024 09:47:13 PM,N,1,166,244,1,2.57,14.9,1,0.5,2,0,,1,19.4,1,1,0
2,02/04/2024 01:46:39 PM,02/04/2024 01:53:39 PM,N,1,95,95,2,0.99,8.6,0,0.5,0,0,,1,10.1,2,1,0
2,07/16/2024 08:55:27 AM,07/16/2024 09:00:51 AM,N,1,95,95,1,0.88,7.9,0,0.5,2,0,,1,11.4,1,1,0
2,01/01/2024 03:41:32 PM,01/01/2024 03:55:20 PM,N,1,74,238,1,3.2,17,0,0.5,4.25,0,,1,25.5,1,1,2.75
2,01/21/2024 01:47:43 AM,01/21/2024 01:47:49 AM,N,5,129,129,2,0,35,0,0,0,0,,1,36,1,2,0
2,03/09/2024 12:06:15 PM,03/09/2024 12:13:52 PM,N,1,74,43,1,1.46,10,0,0.5,0,0,,1,11.5,1,1,0
1,01/18/2024 05:38:48 PM,01/18/2024 05:52:26 PM,N,1,227,26,1,0,19,0,1.5,0,0,,1,20.5,1,1,0
2,10/06/2024 12:35:26 PM,10/06/2024 12:39:52 PM,N,1,74,75,1,1.29,7.2,0,0.5,1.74,0,,1,10.44,1,1,0
2,05/16/2024 11:59:02 PM,05/17/2024 12:08:16 AM,N,1,166,239,1,1.97,10.7,1,0.5,0,0,,1,15.95,2,1,2.75
2,10/16/2024 10:44:06 PM,10/16/2024 11:24:34 PM,N,1,93,239,1,13.49,59.7,1,0.5,14.38,6.94,,1,86.27,1,1,2.75
2,02/21/2024 07:13:45 PM,02/21/2024 07:27:18 PM,N,1,74,262,4,2.6,15.6,2.5,0.5,5.59,0,,1,27.94,1,1,2.75
1,10/14/2024 08:02:11 PM,10/14/2024 08:10:33 PM,N,1,75,236,1,1.5,9.3,2.75,1.5,2.7,0,,1,16.25,1,1,2.75
2,08/08/2024 11:16:39 AM,08/08/2024 11:41:09 AM,N,1,74,239,1,3.02,22.6,0,0.5,5.37,0,,1,32.22,1,1,2.75
2,12/11/2024 06:07:23 PM,12/11/2024 06:23:25 PM,N,1,74,262,1,2.63,17,2.5,0.5,1,0,,0.3,24.05,1,1,2.75
2,07/14/2024 11:41:44 AM,07/14/2024 11:54:53 AM,N,1,116,116,1,1.98,14.2,0,0.5,0,0,,1,15.7,2,1,0
2,11/26/2024 01:52:04 AM,11/26/2024 01:58:36 AM,N,1,179,146,1,1.4,9.3,1,0.5,0,0,,1,11.8,2,1,0
2,06/02/2024 06:13:20 AM,06/02/2024 06:17:25 AM,N,1,95,95,1,0.65,6.5,0,0.5,1.6,0,,1,9.6,1,1,0
2,04/13/2024 03:04:18 PM,04/13/2024 03:12:09 PM,N,1,75,74,1,1.09,9.3,0,0.5,2.16,0,,1,12.96,1,1,0
2,08/15/2024 11:35:51 PM,08/15/2024 11:48:28 PM,N,1,129,160,1,3.39,17,1,0.5,10,0,,1,29.5,1,1,0
2,12/12/2024 06:15:43 PM,12/12/2024 06:28:23 PM,N,1,75,166,5,2.16,13.5,2.5,0.5,0,0,,1,17.5,2,1,0
2,08/21/2024 04:03:28 PM,08/21/2024 04:24:59 PM,N,1,244,236,1,5.94,28.9,2.5,0.5,7.13,0,,1,42.78,1,1,2.75
2,08/20/2024 04:20:01 PM,08/20/2024 04:33:03 PM,N,1,95,95,1,2.1,13.5,2.5,0.5,3.5,0,,1,21,1,1,0
2,03/07/2024 10:17:26 PM,03/07/2024 10:25:07 PM,N,1,83,129,1,0.89,8.6,1,0.5,0,0,,1,11.1,2,1,0
1,08/12/2024 03:44:06 PM,08/12/2024 04:27:36 PM,N,1,97,76,0,7.1,40.8,0,1.5,0,0,,1,42.3,2,1,0
1,04/05/2024 09:31:00 PM,04/05/2024 09:42:58 PM,N,1,75,163,2,2.7,14.9,3.75,1.5,4,0,,1,24.15,1,1,2.75
2,10/30/2024 12:53:20 PM,10/30/2024 01:21:51 PM,N,1,43,200,1,8.87,40.1,0,0.5,8.96,3.18,,1,53.74,1,1,0
1,09/06/2024 02:47:55 PM,09/06/2024 03:22:18 PM,N,1,65,76,0,5.5,33.1,0,1.5,2,0,,1,36.6,1,1,0
1,02/01/2024 05:37:05 PM,02/01/2024 05:52:16 PM,N,1,74,42,1,2,14.9,2.5,1.5,3.75,0,,1,22.65,1,1,0
2,01/12/2024 09:22:01 AM,01/12/2024 09:39:44 AM,N,1,75,142,5,2.89,17.7,0,0.5,0,0,,1,21.95,2,1,2.75
2,07/26/2024 10:43:49 AM,07/26/2024 10:54:56 AM,N,1,74,236,2,1.76,12.1,0,0.5,3.27,0,,1,19.62,1,1,2.75
2,06/10/2024 10:48:44 AM,06/10/2024 11:11:31 AM,N,1,43,231,1,7.51,33.8,0,0.5,7.61,0,,1,45.66,1,1,2.75
2,02/02/2024 06:24:25 PM,02/02/2024 06:39:49 PM,N,1,97,188,1,2.54,16.3,2.5,0.5,3,0,,1,23.3,1,1,0
2,10/16/2024 11:58:32 PM,10/17/2024 12:50:36 AM,N,4,93,265,5,36.3,224.9,1,0.5,0,0,,1,227.4,1,1,0
2,09/08/2024 02:07:22 AM,09/08/2024 02:22:21 AM,N,5,80,148,1,4.52,40,0,0,5,0,,1,48.75,1,2,2.75
2,11/22/2024 11:00:03 PM,11/22/2024 11:08:58 PM,N,1,83,256,1,5.06,21.2,1,0.5,0,0,,1,23.7,2,1,0
2,12/29/2024 10:11:43 PM,12/29/2024 10:15:37 PM,N,1,75,43,1,0.79,6.5,1,0.5,2.25,0,,1,11.25,1,1,0
2,02/29/2024 03:39:27 PM,02/29/2024 03:43:03 PM,N,1,7,7,1,0.5,5.8,0,0.5,0,0,,1,7.3,2,1,0
2,10/05/2024 08:33:16 PM,10/05/2024 08:46:13 PM,N,1,260,70,2,4.34,20.5,1,0.5,0,0,,1,23,2,1,0
2,02/29/2024 07:52:17 PM,02/29/2024 08:15:54 PM,N,1,97,257,1,2.86,21.9,2.5,0.5,5.18,0,,1,31.08,1,1,0
2,07/03/2024 11:36:49 PM,07/03/2024 11:45:27 PM,N,1,7,260,2,2.96,14.9,1,0.5,4.35,0,,1,21.75,1,1,0
2,06/16/2024 12:33:18 PM,06/16/2024 12:41:21 PM,N,1,74,151,1,2.12,11.4,0,0.5,2.58,0,,1,15.48,1,1,0
2,06/26/2024 10:58:52 PM,06/26/2024 11:07:44 PM,N,1,74,151,1,1.83,11.4,1,0.5,2.5,0,,1,16.4,1,1,0
1,03/07/2024 04:27:39 PM,03/07/2024 05:07:29 PM,N,1,97,89,0,3,33.8,2.5,1.5,7.55,0,,1,45.35,1,1,0
1,11/05/2024 04:03:12 AM,11/05/2024 05:17:46 AM,Y,1,21,210,1,5.4,61.1,1,1.5,0,0,,1,63.6,2,1,0
2,03/12/2024 05:37:06 PM,03/12/2024 05:53:15 PM,N,1,82,129,2,2.13,15.6,2.5,0.5,0,0,,1,19.6,1,1,0
1,09/20/2024 06:20:18 PM,09/20/2024 06:44:35 PM,N,1,65,97,0,1.9,21.2,2.5,1.5,2,0,,1,27.2,1,1,0
2,05/26/2024 10:39:50 PM,05/26/2024 10:45:11 PM,N,1,7,179,1,0.72,6.5,1,0.5,2.25,0,,1,11.25,1,1,0
2,06/04/2024 04:02:16 PM,06/04/2024 04:11:14 PM,N,1,166,238,1,1.32,10.7,2.5,0.5,0,0,,1,14.7,2,1,0
2,03/02/2024 12:00:46 PM,03/02/2024 12:13:11 PM,N,1,97,181,1,1.29,12.8,0,0.5,2,0,,1,16.3,1,1,0
2,07/20/2024 11:16:00 PM,07/20/2024 11:35:00 PM,,,256,224,,3.37,19.88,0,0,4.63,0,,1,28.26,,,
1,05/14/2024 11:40:16 AM,05/14/2024 12:07:12 PM,N,1,75,162,2,2.4,19.1,2.75,1.5,4,0,,1,27.35,1,1,2.75
2,02/25/2024 10:38:25 PM,02/25/2024 10:53:12 PM,N,1,130,223,1,8.7,33.8,1,0.5,5,0,,1,41.3,1,1,0
2,12/14/2024 04:31:59 PM,12/14/2024 04:43:41 PM,N,1,65,106,1,1.87,12.8,0,0.5,0,0,,1,14.3,2,1,0
2,05/03/2024 06:20:51 PM,05/03/2024 06:31:23 PM,N,1,43,237,1,1.53,12.1,2.5,0.5,3,0,,1,21.85,1,1,2.75
2,10/05/2024 02:31:24 PM,10/05/2024 02:42:14 PM,N,1,41,42,1,1.55,9.3,0,0.5,0,0,,1,10.8,2,1,0
2,02/19/2024 12:52:02 PM,02/19/2024 12:56:45 PM,N,1,74,263,1,1.77,8.6,0,0.5,0,0,,1,12.85,2,1,2.75
2,03/11/2024 08:43:29 AM,03/11/2024 08:51:33 AM,N,1,75,263,5,1.05,9.3,0,0.5,2.71,0,,1,16.26,1,1,2.75
2,03/27/2024 01:15:39 AM,03/27/2024 01:17:54 AM,N,1,129,82,1,0.35,4.4,1,0.5,0,0,,0.3,6.2,2,1,0
2,10/02/2024 02:53:10 PM,10/02/2024 03:08:43 PM,N,1,244,238,1,5.02,24,0,0.5,2,0,,1,30.25,1,1,2.75
2,04/22/2024 05:14:24 PM,04/22/2024 05:26:17 PM,N,1,75,166,1,1.54,12.8,2.5,0.5,3.36,0,,1,20.16,1,1,0
2,05/22/2024 07:55:04 AM,05/22/2024 07:59:47 AM,N,1,74,41,1,0.81,7.2,0,0.5,3,0,,0.3,11,1,1,0
2,01/20/2024 04:01:16 PM,01/20/2024 04:11:23 PM,N,1,166,42,1,1.52,11.4,0,0.5,3.22,0,,1,16.12,1,1,0
1,11/12/2024 04:59:56 PM,11/12/2024 05:10:46 PM,N,1,75,239,0,2,12.8,5.25,1.5,0,0,,1,19.55,2,1,2.75
2,04/25/2024 08:31:18 PM,04/25/2024 08:47:19 PM,N,1,75,244,2,6.4,28.2,1,0.5,3,0,,1,33.7,1,1,0
2,12/09/2024 07:40:26 PM,12/09/2024 07:57:27 PM,N,1,82,129,1,1.03,14.9,2.5,0.5,0,0,,1,18.9,2,1,0
2,10/18/2024 04:41:58 PM,10/18/2024 04:54:44 PM,N,1,75,166,1,1.79,13.5,2.5,0.5,3.5,0,,1,21,1,1,0
2,01/29/2024 04:17:21 PM,01/29/2024 04:23:59 PM,N,1,75,238,1,1.45,9.3,2.5,0.5,3.21,0,,1,19.26,1,1,2.75
2,09/10/2024 02:57:57 PM,09/10/2024 03:25:25 PM,N,1,75,142,2,2.2,23.3,0,0.5,2,0,,1,29.55,1,1,2.75
2,12/04/2024 02:07:32 PM,12/04/2024 02:20:00 PM,N,1,42,74,1,2.08,13.5,0,0.5,0,0,,1,15,2,1,0
1,02/26/2024 03:51:06 PM,02/26/2024 03:57:18 PM,N,1,75,74,1,1,7.9,0,1.5,0,0,,1,9.4,2,1,0
2,04/12/2024 06:31:51 PM,04/12/2024 06:46:53 PM,N,1,75,170,1,3.6,18.4,2.5,0.5,6.29,0,,1,31.44,1,1,2.75
2,12/02/2024 02:24:55 PM,12/02/2024 02:36:26 PM,N,1,236,239,6,1.57,12.8,0,0.5,3.41,0,,1,20.46,1,1,2.75
2,03/09/2024 03:59:56 PM,03/09/2024 04:10:02 PM,N,1,74,152,1,1.01,10.7,0,0.5,2.44,0,,1,14.64,1,1,0
2,09/20/2024 03:04:56 PM,09/20/2024 03:30:42 PM,N,1,244,158,1,8.12,37.3,0,0.5,8.31,0,,1,49.86,1,1,2.75
1,05/06/2024 05:45:16 PM,05/06/2024 06:00:30 PM,N,1,97,33,2,1.6,14.9,2.5,1.5,3.75,0,,1,22.65,1,1,0
2,05/26/2024 12:32:31 PM,05/26/2024 12:46:24 PM,N,1,74,151,1,2.56,14.9,0,0.5,4.1,0,,1,20.5,1,1,0
2,12/04/2024 05:19:34 PM,12/04/2024 05:38:11 PM,N,1,74,141,1,3.01,19.1,2.5,0.5,2,0,,1,27.85,1,1,2.75
2,01/05/2024 12:51:41 PM,01/05/2024 01:16:12 PM,N,1,97,85,1,3.91,24.7,0,0.5,2,0,,1,28.2,1,1,0
2,06/25/2024 09:51:53 AM,06/25/2024 10:18:53 AM,N,1,244,262,1,6.59,32.4,0,0.5,7.33,0,,1,43.98,1,1,2.75
2,07/14/2024 03:00:24 AM,07/14/2024 03:24:18 AM,N,5,80,68,2,7.61,60,0,0,10,6.94,,1,80.69,1,2,2.75
2,05/14/2024 09:20:06 PM,05/14/2024 09:37:57 PM,N,1,43,48,1,3.73,19.8,1,0.5,5.01,0,,1,30.06,1,1,2.75
2,03/23/2024 12:09:22 AM,03/23/2024 12:15:29 AM,N,1,166,238,2,1.31,9.3,1,0.5,1,0,,1,15.55,1,1,2.75
2,07/14/2024 11:56:01 AM,07/14/2024 12:04:59 PM,N,1,74,236,2,1.79,11.4,0,0.5,1.88,0,,1,17.53,1,1,2.75
1,08/08/2024 03:46:01 PM,08/08/2024 03:50:27 PM,N,1,210,210,1,0.7,6.5,2.5,1.5,1,0,,1,11.5,1,1,0
1,12/21/2024 12:19:30 PM,12/21/2024 01:32:46 PM,N,1,55,230,1,0,49.5,0,1.5,0,6.94,,1,57.94,1,1,0
2,09/20/2024 10:30:51 PM,09/20/2024 10:41:38 PM,N,1,74,239,1,2.91,14.9,1,0.5,0,0,,1,20.15,2,1,2.75
1,05/03/2024 04:29:01 PM,05/03/2024 05:09:51 PM,N,1,97,181,1,1.8,25.4,2.5,1.5,5.85,0,,1,35.25,1,1,0
2,07/13/2024 05:18:24 PM,07/13/2024 05:30:20 PM,N,1,95,121,1,2.31,14.9,0,0.5,0,0,,1,16.4,2,1,0
2,05/16/2024 06:54:07 PM,05/16/2024 07:12:54 PM,N,1,75,138,1,6.76,28.9,7.5,0.5,8.97,6.94,,1,53.81,1,1,0
2,12/01/2024 09:00:22 AM,12/01/2024 09:41:01 AM,N,5,195,68,2,7.38,85.55,0,0,22.32,0,,1,111.62,1,2,2.75
2,02/19/2024 01:18:00 PM,02/19/2024 01:22:00 PM,,,42,74,,0.11,15,0,0,0,0,,1,16,,,
2,12/30/2024 03:37:15 PM,12/30/2024 03:54:35 PM,N,1,97,181,1,1.87,16.3,0,0.5,3.56,0,,1,21.36,1,1,0
2,12/28/2024 10:25:17 AM,12/28/2024 10:51:03 AM,N,1,89,137,1,12.01,47.1,0,0.5,17.49,6.94,,1,75.78,1,1,2.75
2,09/27/2024 11:01:19 AM,09/27/2024 11:18:38 AM,N,1,43,237,6,2.13,17,0,0.5,0,0,,1,21.25,2,1,2.75
2,12/07/2024 10:52:46 AM,12/07/2024 11:00:13 AM,N,1,75,236,1,1.61,10,0,0.5,1.08,0,,1,15.33,1,1,2.75
1,11/21/2024 10:11:54 AM,11/21/2024 10:39:58 AM,N,1,89,55,1,0,40.5,0,1.5,0,0,,1,42,1,1,0
2,09/16/2024 10:30:19 PM,09/16/2024 10:52:56 PM,N,1,97,133,1,2.57,19.8,1,0.5,4.46,0,,1,26.76,1,1,0
2,08/08/2024 11:57:38 AM,08/08/2024 12:07:15 PM,N,1,223,70,1,3.06,14.9,0,0.5,4.1,0,,1,20.5,1,1,0
2,12/23/2024 09:27:33 PM,12/23/2024 09:37:00 PM,N,1,65,49,1,1,10,1,0.5,2.5,0,,1,15,1,1,0
2,07/01/2024 05:21:31 AM,07/01/2024 05:29:00 AM,N,1,82,129,1,1.2,9.3,1,0.5,1.2,0,,1,13,1,1,0
2,09/13/2024 06:57:54 PM,09/13/2024 07:19:49 PM,N,1,75,230,1,3.87,22.6,2.5,0.5,5.87,0,,1,35.22,1,1,2.75
2,03/16/2024 11:08:28 PM,03/16/2024 11:15:45 PM,N,1,75,42,1,1.81,10,1,0.5,0,0,,1,12.5,1,1,0
2,11/04/2024 03:17:00 PM,11/04/2024 03:47:00 PM,,,166,168,,3.87,28.68,0,0.5,5.43,0,,1,35.61,,,
1,05/07/2024 05:16:33 PM,05/07/2024 05:25:29 PM,N,1,75,74,1,1.4,10.7,2.5,1.5,2.9,0,,1,17.6,1,1,0
1,07/20/2024 03:58:08 PM,07/20/2024 04:33:10 PM,N,1,247,50,2,7,40.1,2.75,1.5,0,0,,1,44.35,2,1,2.75
2,09/19/2024 09:23:35 AM,09/19/2024 09:52:55 AM,N,1,244,48,1,7.17,36.6,0,0.5,8.17,0,,1,49.02,1,1,2.75
2,06/08/2024 02:41:02 PM,06/08/2024 03:05:54 PM,N,1,106,79,1,7.02,33.1,0,0.5,0,6.94,,1,44.29,2,1,2.75
1,04/14/2024 03:39:57 PM,04/14/2024 03:49:08 PM,N,1,95,134,1,1.3,10.7,0,1.5,0,0,,1,12.2,2,1,0
2,01/04/2024 11:10:18 AM,01/04/2024 11:19:42 AM,N,1,74,75,1,1.83,11.4,0,0.5,0,0,,1,12.9,2,1,0
2,10/19/2024 10:07:44 PM,10/19/2024 10:29:24 PM,N,1,95,223,1,8.32,35.9,1,0.5,7.68,0,,1,46.08,1,1,0
2,11/01/2024 02:23:02 PM,11/01/2024 03:03:16 PM,N,1,75,4,1,5.52,33.8,0,0.5,0,0,,1,38.05,2,1,2.75
2,01/15/2024 04:20:23 PM,01/15/2024 04:28:10 PM,N,1,82,160,1,1.39,9.3,0,0.5,0,0,,1,10.8,2,1,0
2,02/18/2024 02:47:46 AM,02/18/2024 02:56:03 AM,N,1,95,135,1,1.78,10.7,1,0.5,3.3,0,,1,16.5,1,1,0
2,08/10/2024 02:15:34 PM,08/10/2024 02:26:48 PM,N,1,75,41,1,1.48,12.1,0,0.5,0,0,,1,13.6,1,1,0
2,04/29/2024 03:45:32 PM,04/29/2024 03:55:47 PM,N,1,166,116,1,1.97,11.4,0,0.5,1.8,0,,1,14.7,1,1,0
2,11/01/2024 08:54:05 AM,11/01/2024 09:44:16 AM,N,1,7,112,1,6.35,44.3,0,0.5,9.16,0,,1,54.96,1,1,0
2,05/01/2024 11:39:01 PM,05/01/2024 11:52:56 PM,N,1,256,225,2,2.1,14.9,1,0.5,5.22,0,,1,22.62,1,1,0
2,02/20/2024 11:03:13 AM,02/20/2024 11:18:10 AM,N,1,82,173,1,1.09,12.8,0,0.5,0,0,,1,14.3,2,1,0
2,05/19/2024 06:55:09 PM,05/19/2024 07:03:39 PM,N,1,65,33,1,0.95,9.3,0,0.5,2,0,,1,12.8,1,1,0
2,02/07/2024 04:22:25 PM,02/07/2024 04:32:42 PM,N,1,166,74,1,1.2,10.7,2.5,0.5,2.94,0,,1,17.64,1,1,0
2,08/20/2024 09:30:45 PM,08/20/2024 09:57:04 PM,N,5,93,170,2,10.91,90,0,0,20.14,6.94,,1,120.83,1,2,2.75
2,09/14/2024 02:36:06 PM,09/14/2024 02:43:14 PM,N,1,43,236,1,1.09,8.6,0,0.5,2.57,0,,1,15.42,1,1,2.75
2,05/28/2024 11:29:55 PM,05/28/2024 11:43:35 PM,N,1,74,243,1,5.04,23.3,1,0.5,6.45,0,,1,32.25,1,1,0
2,12/11/2024 02:04:29 PM,12/11/2024 02:28:58 PM,N,1,260,226,1,1.65,20.5,0,0.5,0,0,,1,22,2,1,0
2,04/12/2024 07:12:35 AM,04/12/2024 07:18:30 AM,N,1,74,74,1,0.72,7.2,0,0.5,1.74,0,,1,10.44,1,1,0
2,09/22/2024 02:04:01 AM,09/22/2024 02:13:29 AM,N,1,212,126,2,1.74,11.4,1,0.5,0,0,,1,13.9,2,1,0
2,09/04/2024 01:03:21 AM,09/04/2024 01:33:07 AM,N,5,93,265,1,24.13,180,0,0,30,20.32,,1,231.32,1,2,0
2,12/31/2024 04:07:15 PM,12/31/2024 04:18:37 PM,N,1,74,151,1,2.21,13.5,2.5,0.5,3.5,0,,1,21,1,1,0
2,03/09/2024 01:12:59 PM,03/09/2024 01:27:52 PM,N,1,75,140,1,3.37,17.7,0,0.5,4.39,0,,1,26.34,1,1,2.75
2,03/11/2024 05:50:09 PM,03/11/2024 06:12:07 PM,N,1,95,95,1,2.02,19.1,2.5,0.5,4.62,0,,1,27.72,1,1,0
1,09/19/2024 11:20:38 AM,09/19/2024 11:39:52 AM,N,1,62,89,1,0,20.5,0,1.5,0,0,,1,22,1,1,0
2,01/09/2024 12:08:36 PM,01/09/2024 12:16:46 PM,N,1,74,42,1,1.19,9.3,0,0.5,2.16,0,,1,12.96,1,1,0
2,04/22/2024 09:33:57 AM,04/22/2024 09:45:14 AM,N,1,260,157,1,1.64,12.1,0,0.5,3.4,0,,1,17,1,1,0
2,03/16/2024 10:10:35 PM,03/16/2024 10:28:44 PM,N,1,130,138,1,8.22,33.8,6,0.5,10.32,0,,1,51.62,1,1,0
2,05/26/2024 07:25:52 PM,05/26/2024 07:40:23 PM,N,1,82,129,1,1.83,14.2,0,0.5,0,0,,1,15.7,2,1,0
2,11/24/2024 12:17:35 AM,11/24/2024 12:41:01 AM,,,255,13,,5.17,28.18,0,0.5,4.86,0,,1,37.29,,,
1,11/19/2024 07:08:56 AM,11/19/2024 07:32:06 AM,N,1,74,239,0,4.1,24,2.75,1.5,5.65,0,,1,33.9,1,1,2.75
2,06/03/2024 09:05:24 PM,06/03/2024 09:11:11 PM,N,1,7,179,1,0.91,7.2,1,0.5,1.94,0,,1,11.64,1,1,0
2,08/23/2024 04:07:22 PM,08/23/2024 04:14:19 PM,N,1,75,236,1,1.21,9.3,2.5,0.5,4.01,0,,1,20.06,1,1,2.75
2,02/20/2024 07:11:05 PM,02/20/2024 07:25:56 PM,N,1,74,263,1,3.08,17.7,2.5,0.5,2.2,0,,1,26.65,1,1,2.75
2,04/05/2024 06:23:41 PM,04/05/2024 06:30:45 PM,N,1,41,43,1,0.94,8.6,2.5,0.5,3.07,0,,1,18.42,1,1,2.75
2,04/04/2024 08:36:57 AM,04/04/2024 08:54:05 AM,N,1,74,75,1,1.34,14.9,0,0.5,4.1,0,,1,20.5,1,1,0
1,06/25/2024 09:24:44 AM,06/25/2024 09:37:14 AM,N,1,153,254,1,0,20.5,0,1.5,0,0,,1,22,1,1,0
2,01/14/2024 07:43:00 PM,01/14/2024 07:55:15 PM,N,1,92,121,1,2.63,14.2,0,0.5,0,0,,1,15.7,1,1,0
2,10/21/2024 08:18:03 AM,10/21/2024 08:42:24 AM,N,1,33,186,1,4.46,26.1,0,0.5,0,0,,1,30.35,1,1,2.75
2,12/20/2024 06:47:27 PM,12/20/2024 07:09:45 PM,N,1,41,127,1,4.46,26.1,2.5,0.5,0,0,,1,30.1,2,1,0
2,04/30/2024 06:56:52 PM,04/30/2024 07:05:10 PM,N,1,95,196,1,1.28,10,2.5,0.5,3.5,0,,1,17.5,1,1,0
2,04/09/2024 04:56:21 PM,04/09/2024 05:34:28 PM,N,1,75,235,1,5.57,34.5,2.5,0.5,0,0,,1,38.5,2,1,0
2,11/15/2024 06:48:25 AM,11/15/2024 06:57:18 AM,N,1,116,151,1,2.77,14.2,0,0.5,5,0,,1,20.7,1,1,0
1,09/23/2024 07:18:51 PM,09/23/2024 07:19:17 PM,N,5,7,7,1,0,50,0,0,10,0,,0,60,1,2,0
2,11/14/2024 07:33:12 PM,11/14/2024 07:40:36 PM,N,1,82,70,1,2.97,14.2,1,0.5,2,0,,1,18.7,1,1,0
2,02/06/2024 07:04:33 PM,02/06/2024 07:09:53 PM,N,1,146,145,1,0.94,7.9,2.5,0.5,0,0,,1,11.9,2,1,0
2,10/27/2024 04:36:55 PM,10/27/2024 04:51:19 PM,N,1,74,140,1,3.22,17.7,0,0.5,4.39,0,,1,26.34,1,1,2.75
2,08/23/2024 05:52:53 PM,08/23/2024 06:11:56 PM,N,1,74,237,5,2.86,19.8,2.5,0.5,4.8,0,,1,31.35,1,1,2.75
2,11/10/2024 08:36:16 AM,11/10/2024 08:44:33 AM,N,1,43,237,1,2.73,13.5,0,0.5,0,0,,0.3,17.05,2,1,2.75
2,05/04/2024 08:13:14 PM,05/04/2024 08:31:07 PM,N,1,130,216,1,5.02,23.3,1,0.5,5.16,0,,1,30.96,1,1,0
2,10/03/2024 07:27:16 PM,10/03/2024 07:35:33 PM,N,1,166,239,1,1.61,10.7,2.5,0.5,3.49,0,,1,20.94,1,1,2.75
2,12/30/2024 11:24:50 AM,12/30/2024 11:46:40 AM,N,1,75,233,1,4.05,23.3,0,0.5,2.45,0,,1,30,1,1,2.75
2,08/02/2024 07:45:54 PM,08/02/2024 07:48:59 PM,N,1,202,193,1,0.98,6.5,2.5,0.5,0,0,,1,10.5,1,1,0
2,06/18/2024 10:19:41 AM,06/18/2024 10:42:35 AM,N,1,75,138,1,8.34,36.6,5,0.5,8,6.94,,1,58.04,1,1,0
2,07/29/2024 08:39:59 AM,07/29/2024 08:48:55 AM,N,1,74,41,1,1.34,10,0,0.5,2.5,0,,1,14,1,1,0
2,06/10/2024 06:32:33 PM,06/10/2024 06:38:40 PM,N,1,236,236,1,0.91,7.9,2.5,0.5,2.93,0,,1,17.58,1,1,2.75
2,05/01/2024 10:05:54 PM,05/01/2024 10:21:29 PM,N,1,42,239,1,3,17.7,1,0.5,2,0,,1,24.95,1,1,2.75
1,02/20/2024 07:30:13 PM,02/20/2024 07:39:13 PM,N,1,75,239,1,1.9,11.4,5.25,1.5,3.09,0,,1,21.24,1,1,2.75
2,02/03/2024 06:55:34 PM,02/03/2024 07:04:58 PM,N,1,75,238,1,1.63,11.4,0,0.5,3.13,0,,1,18.78,1,1,2.75
2,03/17/2024 04:31:37 PM,03/17/2024 04:44:02 PM,N,1,74,166,1,1.55,12.8,0,0.5,2.86,0,,1,17.16,1,1,0
2,12/11/2024 10:40:35 PM,12/11/2024 10:46:18 PM,N,1,129,129,5,0.82,7.2,1,0.5,2.42,0,,1,12.12,1,1,0
1,06/25/2024 04:15:01 PM,06/25/2024 04:24:05 PM,N,1,75,141,1,1.6,10.7,5.25,1.5,3.45,0,,1,20.9,1,1,2.75
2,09/23/2024 05:06:22 PM,09/23/2024 05:20:51 PM,N,1,74,236,1,1.98,14.9,2.5,0.5,6.5,0,,1,28.15,1,1,2.75
2,06/12/2024 10:06:00 PM,06/12/2024 10:28:47 PM,N,1,93,42,1,10.04,42.9,1,0.5,15.7,6.94,,1,68.04,1,1,0
1,02/06/2024 09:55:27 AM,02/06/2024 10:08:36 AM,N,1,75,75,2,0.5,12.1,0,1.5,0,0,,1,13.6,2,1,0
2,03/25/2024 02:22:01 PM,03/25/2024 02:55:28 PM,N,1,166,148,1,8.31,40.1,0,0.5,8.87,0,,1,53.22,1,1,2.75
2,05/07/2024 10:37:07 AM,05/07/2024 10:44:58 AM,N,1,166,238,1,1.26,9.3,0,0.5,2.71,0,,1,16.26,1,1,2.75
2,04/15/2024 04:22:13 PM,04/15/2024 04:51:14 PM,N,1,43,230,1,2.92,25.4,2.5,0.5,0,0,,1,32.15,2,1,2.75
2,02/07/2024 05:43:00 PM,02/07/2024 05:54:42 PM,N,1,74,166,1,1.65,12.1,2.5,0.5,0,0,,1,16.1,2,1,0
1,11/23/2024 05:35:27 AM,11/23/2024 05:54:07 AM,N,1,219,171,1,11,43.6,1,1.5,7,6.94,,1,60.04,1,1,0
2,04/16/2024 07:51:56 AM,04/16/2024 08:04:05 AM,N,1,74,74,1,1.13,12.1,0,0.5,2.72,0,,1,16.32,1,1,0
2,10/04/2024 10:06:36 PM,10/04/2024 10:14:25 PM,N,1,74,43,1,1.99,12.1,1,0.5,6.5,0,,1,21.1,1,1,0
2,03/25/2024 05:24:52 PM,03/25/2024 05:50:55 PM,N,1,192,129,1,5,28.9,2.5,0.5,6.58,0,,1,39.48,1,1,0
2,05/17/2024 08:34:04 AM,05/17/2024 08:43:28 AM,N,1,74,41,1,0.94,10,0,0.5,1,0,,1,12.5,1,1,0
1,04/19/2024 06:08:56 PM,04/19/2024 06:31:48 PM,N,1,76,72,1,0,21.5,0,1.5,0,0,,1,23,1,1,0
2,05/03/2024 05:02:08 PM,05/03/2024 05:11:35 PM,N,1,74,75,1,1.39,10.7,2.5,0.5,0,0,,1,14.7,2,1,0
2,05/28/2024 04:35:59 PM,05/28/2024 05:23:12 PM,N,1,75,90,2,4.06,38,2.5,0.5,11.19,0,,1,55.94,1,1,2.75
2,04/09/2024 11:40:53 PM,04/09/2024 11:41:02 PM,N,5,83,83,1,0,15,0,0,4,0,,1,20,1,2,0
2,04/02/2024 05:38:44 PM,04/02/2024 05:54:10 PM,N,1,74,166,1,1.82,14.9,2.5,0.5,2.84,0,,1,21.74,1,1,0
2,07/25/2024 01:54:46 AM,07/25/2024 02:35:11 AM,N,1,42,188,1,15,63.9,1,0.5,13.83,0,,1,82.98,1,1,2.75
2,07/30/2024 01:40:00 PM,07/30/2024 02:00:00 PM,,,223,75,,6.1,28.69,0,0,5.42,6.94,,1,42.05,,,
1,09/25/2024 05:57:54 PM,09/25/2024 06:23:13 PM,N,1,35,181,1,0,23.5,0,1.5,0,0,,1,25,1,1,0
1,04/17/2024 02:44:48 PM,04/17/2024 03:10:59 PM,N,1,75,48,1,5.3,31,2.75,1.5,0,0,,1,35.25,4,1,2.75
2,06/29/2024 11:38:36 AM,06/29/2024 11:43:28 AM,N,1,166,41,1,0.74,6.5,0,0.5,1.6,0,,1,9.6,1,1,0
2,04/01/2024 12:32:29 PM,04/01/2024 12:49:19 PM,N,1,74,263,1,2.83,15.6,0,0.5,3.97,0,,1,23.82,1,1,2.75
2,02/03/2024 11:07:12 PM,02/03/2024 11:20:49 PM,N,1,134,216,2,2.69,15.6,1,0.5,5.43,0,,1,23.53,1,1,0
2,07/28/2024 10:27:39 AM,07/28/2024 10:35:26 AM,N,1,75,74,1,1.67,10.7,0,0.5,1,0,,1,13.2,1,1,0
2,05/09/2024 08:40:58 PM,05/09/2024 09:15:58 PM,N,1,82,135,1,5.74,34.5,1,0.5,0,0,,1,37,2,1,0
2,10/18/2024 09:57:15 AM,10/18/2024 10:02:44 AM,N,1,74,75,1,1.16,7.9,0,0.5,0,0,,1,9.4,2,1,0
2,08/06/2024 10:34:44 AM,08/06/2024 11:10:36 AM,N,1,102,82,1,3.85,30.3,0,0.5,0,0,,1,31.8,2,1,0
2,01/02/2024 02:53:41 PM,01/02/2024 02:57:09 PM,N,1,41,75,1,0.87,6.5,0,0.5,0,0,,1,8,2,1,0
2,01/08/2024 06:16:48 PM,01/08/2024 06:35:21 PM,N,1,166,142,1,2.48,18.4,2.5,0.5,6.29,0,,1,31.44,1,1,2.75
1,04/16/2024 08:36:26 AM,04/16/2024 08:49:09 AM,N,1,74,152,1,1.4,11.4,0,1.5,2.55,0,,1,15.45,1,1,0
2,05/24/2024 09:11:56 PM,05/24/2024 09:21:12 PM,N,1,130,215,1,1.79,11.4,1,0.5,2.78,0,,1,16.68,1,1,0
2,02/16/2024 08:20:13 PM,02/16/2024 08:32:55 PM,N,1,74,238,1,2.64,15.6,1,0.5,3.13,0,,1,23.98,1,1,2.75
1,11/27/2024 11:55:01 AM,11/27/2024 12:11:33 PM,N,1,74,237,1,2.4,17,2.75,1.5,4.25,0,,1,25.5,1,1,2.75
2,04/12/2024 09:03:56 AM,04/12/2024 09:07:23 AM,N,1,43,236,1,0.68,5.8,0,0.5,2.01,0,,1,12.06,1,1,2.75
2,05/29/2024 10:48:35 AM,05/29/2024 10:57:29 AM,N,1,7,223,1,1.18,10,0,0.5,0,0,,1,11.5,2,1,0
2,10/11/2024 06:00:27 PM,10/11/2024 06:21:19 PM,N,1,74,75,1,1.67,18.4,2.5,0.5,2.24,0,,1,24.64,1,1,0
1,02/19/2024 09:13:15 AM,02/19/2024 09:18:07 AM,N,1,152,166,1,1.1,7.9,0,1.5,1.6,0,,1,11,1,1,0
2,01/14/2024 05:59:48 PM,01/14/2024 06:36:12 PM,N,1,66,142,1,8.68,43.6,0,0.5,9.57,0,,1,57.42,1,1,2.75
2,01/11/2024 04:21:02 PM,01/11/2024 04:30:02 PM,N,1,43,263,1,0.94,9.3,2.5,0.5,4.01,0,,1,20.06,1,1,2.75
1,05/23/2024 11:17:45 AM,05/23/2024 11:37:08 AM,N,1,74,75,1,1.6,17.7,0,1.5,0,0,,1,19.2,2,1,0
2,03/31/2024 10:11:48 AM,03/31/2024 10:16:27 AM,N,1,166,42,1,0.98,7.2,0,0.5,0,0,,1,8.7,2,1,0
2,01/20/2024 03:33:06 PM,01/20/2024 03:36:51 PM,N,1,166,238,5,0.75,6.5,0,0.5,1.6,0,,1,9.6,1,1,0
2,07/26/2024 12:49:21 AM,07/26/2024 12:57:27 AM,N,1,134,197,1,1.38,10,1,0.5,2.5,0,,1,15,1,1,0
2,04/01/2024 03:46:55 PM,04/01/2024 03:46:57 PM,N,5,264,264,1,0,19,0,0,0,0,,1,20,2,2,0
2,03/01/2024 07:29:56 PM,03/01/2024 07:40:51 PM,N,1,65,195,1,2.05,12.1,2.5,0.5,0,0,,1,16.1,2,1,0
1,11/29/2024 12:49:52 AM,11/29/2024 01:15:16 AM,N,1,37,119,1,0,39.5,0,1.5,0,13.88,,1,54.88,1,1,0
1,07/11/2024 01:31:07 PM,07/11/2024 01:31:27 PM,N,5,95,95,1,0,0,0,0,0,0,,0,0,2,2,0
2,09/04/2024 06:54:41 PM,09/04/2024 07:04:05 PM,N,1,95,135,1,1.95,12.1,2.5,0.5,3.22,0,,1,19.32,1,1,0
2,02/14/2024 10:31:00 PM,02/14/2024 10:49:00 PM,,,75,50,,5.37,30.81,0,0,6.91,0,,1,41.47,,,
2,04/20/2024 07:35:29 PM,04/20/2024 07:42:26 PM,N,1,223,179,5,1.05,8.6,0,0.5,3.03,0,,1,13.13,1,1,0
2,12/18/2024 06:46:19 PM,12/18/2024 06:58:05 PM,N,1,75,42,1,2,13.5,2.5,0.5,0,0,,1,17.5,2,1,0
2,04/23/2024 11:50:08 PM,04/24/2024 12:05:53 AM,N,1,179,82,1,4.39,21.9,1,0.5,0,0,,1,24.4,2,1,0
2,12/28/2024 05:31:02 PM,12/28/2024 05:44:39 PM,N,1,130,121,1,3.29,17,0,0.5,3.7,0,,1,22.2,1,1,0
2,06/10/2024 07:44:23 AM,06/10/2024 07:59:22 AM,N,1,74,166,1,2.02,14.9,0,0.5,0.82,0,,1,17.22,1,1,0
1,07/13/2024 05:29:15 PM,07/13/2024 05:45:50 PM,N,1,74,151,3,2.5,17.7,0,1.5,0,0,,1,19.2,1,1,0
2,10/03/2024 12:44:24 PM,10/03/2024 01:00:20 PM,N,1,74,151,1,2.32,14.9,0,0.5,0,0,,1,16.4,2,1,0
1,11/19/2024 12:26:46 PM,11/19/2024 12:38:10 PM,N,1,152,151,3,1.9,12.1,0,1.5,1.8,0,,1,15.4,1,1,0
2,10/27/2024 01:35:01 PM,10/27/2024 02:01:22 PM,N,1,41,142,1,3.47,24.7,0,0.5,4,0,,1,32.95,1,1,2.75
1,12/18/2024 02:21:09 PM,12/18/2024 02:35:24 PM,N,1,71,61,1,0,18.5,0,1.5,0,0,,1,20,1,1,0
2,09/23/2024 05:08:33 PM,09/23/2024 06:21:29 PM,N,1,97,23,1,16.84,76.5,2.5,0.5,16.1,0,,1,96.6,1,1,0
2,02/02/2024 02:22:03 PM,02/02/2024 02:26:54 PM,N,1,75,238,1,1.04,7.9,0,0.5,1.88,0,,1,11.28,1,1,0
2,02/14/2024 02:44:39 PM,02/14/2024 03:00:53 PM,N,1,95,95,5,2.28,17,0,0.5,0,0,,1,18.5,2,1,0
2,03/14/2024 07:09:58 PM,03/14/2024 07:23:49 PM,N,1,166,244,2,3.74,18.4,2.5,0.5,6.72,0,,1,29.12,1,1,0
2,04/21/2024 01:30:54 PM,04/21/2024 01:46:56 PM,N,1,130,132,2,5.2,24,0,0.5,5.1,0,,1,30.6,1,1,0
2,02/15/2024 09:41:21 PM,02/15/2024 09:51:32 PM,N,1,95,130,1,2.82,14.2,1,0.5,0,0,,1,16.7,2,1,0
2,09/06/2024 03:22:34 PM,09/06/2024 03:39:04 PM,N,1,95,102,3,1.8,16.3,0,0.5,0,0,,1,17.8,2,1,0
2,01/19/2024 05:34:45 AM,01/19/2024 05:39:52 AM,N,1,74,75,1,1.83,9.3,1,0.5,2.95,0,,1,14.75,1,1,0
2,02/29/2024 02:09:48 AM,02/29/2024 02:28:37 AM,N,1,181,14,1,5.84,28.2,1,0.5,0,0,,1,30.7,2,1,0
2,02/07/2024 06:01:00 PM,02/07/2024 06:11:45 PM,N,1,130,28,1,1.37,11.4,2.5,0.5,0,0,,1,15.4,1,1,0
1,02/22/2024 04:39:24 PM,02/22/2024 05:04:58 PM,N,1,244,48,1,6.7,34.5,5.25,1.5,10.3,0,,1,51.55,1,1,2.75
2,11/01/2024 07:00:42 PM,11/01/2024 07:09:44 PM,N,1,166,41,1,1.47,10.7,2.5,0.5,2.94,0,,1,17.64,1,1,0
1,10/20/2024 07:57:46 PM,10/20/2024 08:11:07 PM,N,1,74,263,0,2.1,14.9,3.75,1.5,2,0,,1,22.15,1,1,2.75
2,02/02/2024 01:57:08 PM,02/02/2024 02:06:47 PM,N,1,41,42,1,1.36,10.7,0,0.5,0,0,,1,12.2,2,1,0
2,12/10/2024 02:03:38 PM,12/10/2024 02:03:46 PM,N,2,74,74,1,0,0,0,-0.5,0,0,,-1,-1.5,2,1,0
2,12/18/2024 06:18:33 AM,12/18/2024 06:46:34 AM,N,1,179,137,1,5.88,30.3,0,0.5,0,0,,1,34.55,2,1,2.75
1,02/22/2024 01:31:37 PM,02/22/2024 01:52:17 PM,N,1,72,155,1,0,21.5,0,1.5,0,0,,1,23,1,1,0
2,08/10/2024 07:47:52 PM,08/10/2024 07:56:28 PM,N,1,95,95,1,1.37,10,0,0.5,2.3,0,,1,13.8,1,1,0
2,10/24/2024 04:24:20 PM,10/24/2024 05:05:28 PM,N,1,75,135,6,12.3,54.8,2.5,0.5,0,6.94,,1,65.74,2,1,0
2,07/25/2024 09:07:31 PM,07/25/2024 09:29:00 PM,N,5,93,162,1,10.71,65,0,0,15.14,6.94,,1,90.83,1,2,2.75
2,07/11/2024 01:41:23 AM,07/11/2024 01:44:36 AM,N,1,223,223,1,0,5.1,1,0.5,1.52,0,,1,9.12,1,1,0
2,07/14/2024 04:29:40 PM,07/14/2024 04:36:44 PM,N,1,166,41,1,0.96,8.6,0,0.5,2,0,,1,12.1,1,1,0
2,03/18/2024 10:33:30 PM,03/18/2024 10:43:46 PM,N,1,74,116,4,1.92,12.1,1,0.5,2,0,,1,16.6,1,1,0
1,03/14/2024 01:59:38 PM,03/14/2024 02:06:22 PM,N,1,75,41,1,0.7,7.9,0,1.5,1.25,0,,1,10.65,1,1,0
2,08/29/2024 08:12:56 AM,08/29/2024 08:19:31 AM,N,1,129,129,1,1.78,8,0,0.5,0,0,,0.3,8.8,1,1,0
2,04/08/2024 01:04:25 PM,04/08/2024 01:23:18 PM,N,1,75,138,1,7.84,32.4,5,0.5,11.46,6.94,,1,57.3,1,1,0
2,03/14/2024 09:38:33 AM,03/14/2024 09:48:15 AM,N,1,74,43,1,1.37,10.7,0,0.5,2,0,,1,14.2,1,1,0
2,01/27/2024 06:24:15 PM,01/27/2024 06:39:45 PM,N,1,260,223,3,2.64,18.4,0,0.5,1,0,,1,20.9,1,1,0
2,03/26/2024 02:58:35 PM,03/26/2024 03:27:29 PM,N,1,95,226,1,5.57,31,0,0.5,0,0,,1,32.5,2,1,0
2,11/07/2024 04:14:38 PM,11/07/2024 04:31:39 PM,N,1,65,66,1,1.97,16.3,2.5,0.5,2,0,,1,22.3,1,1,0
2,03/19/2024 06:04:17 PM,03/19/2024 06:08:54 PM,N,1,95,95,1,0.84,7.2,2.5,0.5,1,0,,1,12.2,1,1,0
2,06/18/2024 06:55:12 PM,06/18/2024 07:06:23 PM,N,1,93,179,1,7.4,28.9,2.5,0.5,0,0,,1,32.9,2,1,0
2,06/28/2024 09:48:11 PM,06/28/2024 10:09:08 PM,N,1,93,157,1,7.23,30.3,1,0.5,0,0,,1,32.8,1,1,0
2,02/05/2024 02:04:00 PM,02/05/2024 02:18:00 PM,,,29,55,,2.77,15,0,0,0,0,,1,16,,,
2,07/19/2024 02:38:14 PM,07/19/2024 03:15:05 PM,N,1,83,9,1,9.47,42.9,0,0.5,13.32,0,,1,57.72,1,1,0
2,05/16/2024 02:23:11 PM,05/16/2024 02:40:44 PM,N,1,74,119,1,2.58,18.4,0,0.5,0,0,,1,19.9,2,1,0
2,12/07/2024 07:38:25 PM,12/07/2024 08:03:13 PM,N,1,74,142,1,3.6,24.7,0,0.5,5.79,0,,1,34.74,1,1,2.75
2,07/24/2024 09:58:22 AM,07/24/2024 10:06:23 AM,N,1,25,97,1,0.59,8.6,0,0.5,2.02,0,,1,12.12,1,1,0
2,03/01/2024 10:04:45 AM,03/01/2024 10:18:37 AM,N,1,74,43,1,2.15,14.2,0,0.5,3,0,,1,21.45,1,1,2.75
2,11/10/2024 02:55:31 PM,11/10/2024 03:12:14 PM,N,1,196,102,1,2.98,17.7,0,0.5,4.8,0,,1,24,1,1,0
1,03/05/2024 02:20:59 PM,03/05/2024 03:03:00 PM,N,1,100,14,1,0,38.5,0,1.5,0,0,,1,40,1,1,0
1,05/19/2024 07:02:29 PM,05/19/2024 07:13:51 PM,N,1,97,181,1,1.9,13.5,0,1.5,3.75,0,,1,18.75,1,1,0
2,01/26/2024 09:58:51 PM,01/26/2024 10:10:24 PM,N,1,74,116,1,1.92,12.8,1,0.5,5,0,,1,20.3,1,1,0
2,10/18/2024 12:39:08 PM,10/18/2024 01:00:30 PM,N,1,74,263,1,2.27,19.8,0,0.5,4.81,0,,1,28.86,1,1,2.75
2,03/30/2024 10:05:53 AM,03/30/2024 10:27:23 AM,N,1,7,263,1,4.61,24.7,0,0.5,7.24,0,,1,36.19,1,1,2.75
2,06/22/2024 03:56:43 PM,06/22/2024 04:06:52 PM,N,1,97,106,1,1.08,10.7,0,0.5,3.05,0,,1,15.25,1,1,0
1,07/06/2024 07:58:56 AM,07/06/2024 08:06:28 AM,N,1,236,237,1,1.1,9.3,2.75,1.5,2.7,0,,1,16.25,1,1,2.75
2,09/04/2024 08:48:15 AM,09/04/2024 09:03:18 AM,N,1,74,43,1,1.33,14.2,0,0.5,3.14,0,,1,18.84,1,1,0
2,04/29/2024 10:26:55 AM,04/29/2024 10:33:16 AM,N,1,75,237,5,1.23,8.6,0,0.5,2,0,,1,14.85,1,1,2.75
2,03/19/2024 07:26:16 PM,03/19/2024 07:33:54 PM,N,1,95,95,1,1.32,9.3,2.5,0.5,2,0,,1,15.3,1,1,0
2,08/04/2024 02:24:34 PM,08/04/2024 02:35:03 PM,N,1,97,189,2,1.5,12.1,0,0.5,3.4,0,,1,17,1,1,0
2,02/26/2024 05:28:48 PM,02/26/2024 05:50:30 PM,N,1,74,142,1,3.78,22.6,2.5,0.5,5.87,0,,1,35.22,1,1,2.75
2,06/16/2024 08:40:18 PM,06/16/2024 08:52:27 PM,N,1,74,166,1,1.62,12.8,0,0.5,2.86,0,,1,17.16,1,1,0
2,11/23/2024 04:10:24 PM,11/23/2024 04:32:12 PM,N,1,74,239,1,3.2,21.9,0,0.5,5,0,,1,31.15,1,1,2.75
1,08/12/2024 06:35:57 PM,08/12/2024 06:41:53 PM,N,1,75,75,1,1,7.9,2.5,1.5,0,0,,1,11.9,2,1,0
2,05/16/2024 06:30:35 PM,05/16/2024 07:00:37 PM,N,1,75,48,1,4,27.5,2.5,0.5,6.85,0,,1,41.1,1,1,2.75
2,08/12/2024 04:39:24 PM,08/12/2024 04:46:28 PM,N,1,75,263,1,0.65,7.9,2.5,0.5,3.66,0,,1,18.31,1,1,2.75
2,07/07/2024 06:09:10 PM,07/07/2024 06:35:43 PM,N,1,66,62,1,3.65,26.1,0,0.5,6.9,0,,1,34.5,1,1,0
1,02/03/2024 12:30:48 PM,02/03/2024 12:35:15 PM,N,1,42,42,1,0.7,6.5,0,1.5,0,0,,1,8,2,1,0
2,04/04/2024 09:11:42 PM,04/04/2024 09:14:47 PM,N,1,33,52,1,0.37,5.1,1,0.5,2.28,0,,1,9.88,1,1,0
1,05/29/2024 08:54:20 AM,05/29/2024 09:00:15 AM,N,1,260,83,0,1,7.2,0,1.5,1.7,0,,1,10.4,1,1,0
2,08/19/2024 02:52:36 PM,08/19/2024 03:04:15 PM,N,1,74,152,1,1.46,12.1,0,0.5,0,0,,1,13.6,2,1,0
2,05/20/2024 04:02:08 PM,05/20/2024 04:19:05 PM,Y,1,166,74,2,1.64,14.9,2.5,0.5,3.78,0,,1,22.68,1,1,0
2,06/04/2024 10:08:14 AM,06/04/2024 10:28:47 AM,N,1,74,238,1,3.04,20.5,0,0.5,0,0,,1,24.75,2,1,2.75
2,11/01/2024 06:41:57 AM,11/01/2024 06:54:00 AM,N,1,152,50,1,4.83,21.2,0,0.5,4.08,0,,1,29.53,1,1,2.75
2,06/03/2024 09:00:54 AM,06/03/2024 09:06:07 AM,N,1,95,95,1,0.94,7.2,0,0.5,0,0,,1,8.7,1,1,0
2,05/15/2024 04:01:36 PM,05/15/2024 04:09:43 PM,N,1,74,75,1,1.9,10.7,2.5,0.5,0,0,,1,14.7,2,1,0
2,03/29/2024 10:12:31 AM,03/29/2024 10:25:06 AM,N,1,260,138,1,2.44,15.6,5,0.5,0,0,,1,22.1,1,1,0
2,07/10/2024 03:58:00 PM,07/10/2024 04:02:00 PM,,,7,7,,0.75,12.48,0,0,3.89,0,,1,17.37,,,
2,09/14/2024 05:10:13 PM,09/14/2024 05:15:28 PM,N,1,74,74,1,1.26,7.9,0,0.5,1.88,0,,1,11.28,1,1,0
2,07/16/2024 09:03:29 AM,07/16/2024 09:15:39 AM,N,1,74,75,2,1.22,12.1,0,0.5,3,0,,1,16.6,1,1,0
2,02/07/2024 09:50:41 AM,02/07/2024 10:02:50 AM,N,1,75,43,2,0,11.4,0,0.5,2.22,0,,1,17.87,1,1,2.75
2,10/08/2024 06:10:52 PM,10/08/2024 06:27:07 PM,N,1,74,151,1,2.44,17,2.5,0.5,4.2,0,,1,25.2,1,1,0
2,04/24/2024 09:46:24 PM,04/24/2024 10:01:40 PM,N,1,74,237,1,2.8,17,1,0.5,4.45,0,,1,26.7,1,1,2.75
2,01/19/2024 10:27:18 AM,01/19/2024 10:38:33 AM,N,1,74,236,1,1.99,12.1,0,0.5,0,0,,1,16.35,2,1,2.75
2,12/25/2024 10:25:20 PM,12/25/2024 10:34:13 PM,N,1,74,236,2,2,12.1,1,0.5,3.47,0,,1,20.82,1,1,2.75
1,01/14/2024 02:34:18 PM,01/14/2024 02:48:15 PM,N,1,75,151,2,2.2,14.9,0,1.5,0,0,,1,16.4,1,1,0
1,05/07/2024 07:10:22 AM,05/07/2024 07:22:14 AM,N,1,24,142,1,2.3,14.2,2.75,1.5,3.65,0,,1,22.1,1,1,2.75
2,10/04/2024 09:10:27 AM,10/04/2024 09:23:15 AM,N,1,41,74,1,2,13.5,0,0.5,0,0,,1,15,2,1,0
2,04/28/2024 11:07:03 PM,04/28/2024 11:23:09 PM,N,1,74,239,1,3.32,19.1,1,0.5,4.87,0,,1,29.22,1,1,2.75
2,04/28/2024 07:30:38 PM,04/28/2024 07:41:10 PM,N,1,95,121,1,2.48,14.2,0,0.5,5.8,0,,1,21.5,1,1,0
2,06/27/2024 09:09:35 PM,06/27/2024 09:18:21 PM,N,1,43,262,1,1.37,10.7,1,0.5,3.19,0,,1,19.14,1,1,2.75
2,12/18/2024 01:21:56 AM,12/18/2024 01:43:46 AM,N,1,260,186,1,6.09,27.5,1,0.5,9.82,0,,1,42.57,1,1,2.75
2,01/13/2024 07:11:00 AM,01/13/2024 07:18:12 AM,N,1,82,129,1,0,7.2,0,0.5,7,0,,1,15.7,1,1,0
2,12/12/2024 11:53:13 AM,12/12/2024 12:18:03 PM,N,1,166,168,1,3.53,24,0,0.5,0,0,,1,25.5,2,1,0
2,05/16/2024 09:05:27 AM,05/16/2024 09:11:13 AM,N,1,74,74,1,0.58,6.5,0,0.5,0,0,,1,8,2,1,0
2,12/04/2024 02:58:14 PM,12/04/2024 03:01:47 PM,N,1,43,43,5,0.71,6.5,0,0.5,1.6,0,,1,9.6,1,1,0
2,06/02/2024 03:18:39 AM,06/02/2024 03:31:47 AM,N,1,95,121,1,2.38,14.2,1,0.5,3.34,0,,1,20.04,1,1,0
2,02/09/2024 02:22:52 PM,02/09/2024 02:31:49 PM,N,1,75,236,1,1.19,10,0,0.5,2.85,0,,1,17.1,1,1,2.75
2,09/18/2024 09:17:53 PM,09/18/2024 09:36:19 PM,N,1,41,141,1,3.9,20.5,1,0.5,0,0,,1,25.75,2,1,2.75
2,09/14/2024 07:57:22 AM,09/14/2024 08:01:37 AM,N,1,74,263,1,1.24,7.2,0,0.5,0,0,,1,11.45,2,1,2.75
2,04/18/2024 04:13:40 PM,04/18/2024 04:24:47 PM,N,1,95,135,1,1.51,12.1,2.5,0.5,0,0,,1,16.1,2,1,0
2,09/18/2024 06:09:10 PM,09/18/2024 06:17:07 PM,N,1,236,236,1,1.16,10,2.5,0.5,3.35,0,,1,20.1,1,1,2.75
2,12/13/2024 09:08:22 PM,12/13/2024 09:15:27 PM,N,5,66,45,4,1.63,22,0,0,0.01,0,,1,23.01,1,2,0
2,02/29/2024 09:15:29 AM,02/29/2024 09:19:51 AM,N,1,75,75,1,0.44,5.8,0,0.5,0.07,0,,1,7.37,1,1,0
2,01/31/2024 07:53:06 PM,01/31/2024 08:01:50 PM,N,1,260,226,1,1.28,9.3,1,0.5,0,0,,1,11.8,2,1,0
2,07/17/2024 08:51:05 AM,07/17/2024 09:04:02 AM,N,1,75,166,1,1.7,13.5,0,0.5,1.05,0,,1,16.05,1,1,0
1,06/28/2024 05:37:25 PM,06/28/2024 05:48:43 PM,N,1,65,97,1,1,11.4,2.5,1.5,3.05,0,,1,18.45,1,1,0
2,03/25/2024 04:36:36 PM,03/25/2024 04:52:51 PM,N,1,43,229,5,3.34,19.1,2.5,0.5,5.17,0,,1,31.02,1,1,2.75
2,10/25/2024 01:51:04 PM,10/25/2024 01:56:37 PM,N,1,75,236,1,0.76,7.2,0,0.5,1.72,0,,1,13.17,1,1,2.75
1,06/04/2024 07:55:50 AM,06/04/2024 08:44:01 AM,N,5,195,239,1,9.5,85,0,0,0,0,,0,85,2,2,0
2,09/08/2024 03:41:03 PM,09/08/2024 03:50:08 PM,N,1,47,185,1,1.42,10.7,0,0.5,0,0,,1,12.2,2,1,0
1,11/23/2024 11:42:19 AM,11/23/2024 11:52:07 AM,N,1,97,189,1,1.7,11.4,0,1.5,2.55,0,,1,15.45,1,1,0
2,03/22/2024 08:35:14 PM,03/22/2024 08:39:16 PM,N,1,75,74,1,1.36,7.2,1,0.5,1.94,0,,1,11.64,1,1,0
2,11/10/2024 04:04:16 PM,11/10/2024 04:16:55 PM,N,1,74,166,1,2.17,13.5,0,0.5,0,0,,1,15,2,1,0
2,03/09/2024 10:24:32 AM,03/09/2024 10:39:28 AM,N,1,97,61,2,2.03,15.6,0,0.5,3.42,0,,1,20.52,1,1,0
2,02/06/2024 11:05:45 AM,02/06/2024 11:08:42 AM,N,1,75,75,1,0.58,5.1,0,0.5,0,0,,1,6.6,1,1,0
2,04/23/2024 06:48:20 PM,04/23/2024 07:03:35 PM,N,1,33,231,1,3.7,19.8,2.5,0.5,0,0,,1,26.55,2,1,2.75
1,06/30/2024 09:34:03 PM,06/30/2024 09:45:50 PM,N,1,74,151,1,2,13.5,1,1.5,0,0,,1,16,2,1,0
2,12/05/2024 08:40:24 AM,12/05/2024 08:51:04 AM,N,1,74,166,1,1.41,11.4,0,0.5,2.58,0,,1,15.48,1,1,0
2,01/19/2024 08:38:40 AM,01/19/2024 09:00:21 AM,N,1,74,237,1,2.44,19.1,0,0.5,3.5,0,,1,26.85,1,1,2.75
2,05/15/2024 01:19:35 PM,05/15/2024 01:29:59 PM,N,1,129,129,1,1.23,11.4,0,0.5,0,0,,1,12.9,2,1,0
2,10/05/2024 12:35:36 PM,10/05/2024 12:46:13 PM,N,1,74,263,1,1.9,12.1,0,0.5,3.27,0,,1,19.62,1,1,2.75
2,11/01/2024 05:29:39 PM,11/01/2024 05:34:48 PM,N,1,74,74,1,0.65,6.5,2.5,0.5,0,0,,1,10.5,2,1,0
2,12/02/2024 10:29:00 AM,12/02/2024 10:34:40 AM,N,1,95,95,2,0.85,7.2,0,0.5,1.74,0,,1,10.44,1,1,0
2,03/22/2024 02:36:52 PM,03/22/2024 02:54:06 PM,N,1,74,238,1,2.76,17.7,0,0.5,4.39,0,,1,26.34,1,1,2.75
2,11/20/2024 06:51:18 PM,11/20/2024 07:04:41 PM,N,1,92,171,1,0,12.1,2.5,0.5,0,0,,1,16.1,1,1,0
1,09/06/2024 06:01:44 PM,09/06/2024 06:11:07 PM,N,1,74,75,1,0.9,10,2.5,1.5,2,0,,1,16,1,1,0
2,05/25/2024 07:16:00 PM,05/25/2024 07:20:48 PM,N,1,75,42,1,1.7,8.6,0,0.5,3.03,0,,1,13.13,1,1,0
2,03/18/2024 10:25:32 AM,03/18/2024 10:33:37 AM,N,1,74,263,1,2.2,11.4,0,0.5,3.91,0,,1,19.56,1,1,2.75
2,04/14/2024 03:09:59 PM,04/14/2024 03:11:01 PM,N,1,43,43,2,0.06,3.7,0,0.5,0,0,,1,5.2,2,1,0
2,12/08/2024 07:13:36 PM,12/08/2024 07:21:08 PM,N,1,7,260,1,0.86,8.6,0,0.5,0,0,,1,10.1,2,1,0
2,05/09/2024 09:04:13 AM,05/09/2024 09:22:14 AM,N,1,74,75,1,1.37,15.6,0,0.5,2.56,0,,1,19.66,1,1,0
2,05/19/2024 12:03:10 PM,05/19/2024 12:04:43 PM,N,1,41,41,1,0.25,3.7,0,0.5,0,0,,1,5.2,2,1,0
2,02/08/2024 07:39:04 AM,02/08/2024 07:45:59 AM,N,1,134,134,1,1,8.6,0,0.5,2.02,0,,1,12.12,1,1,0
2,06/23/2024 11:10:57 PM,06/23/2024 11:29:55 PM,N,1,65,196,1,8.94,35.9,1,0.5,0,0,,1,38.4,1,1,0
2,04/18/2024 03:23:03 PM,04/18/2024 03:47:10 PM,N,1,74,239,1,3.51,23.3,0,0.5,5.51,0,,1,33.06,1,1,2.75
1,01/04/2024 05:27:46 PM,01/04/2024 05:46:05 PM,N,1,82,95,1,0,18.5,0,1.5,0,0,,1,20,1,1,0
2,10/31/2024 02:34:53 AM,10/31/2024 02:46:21 AM,N,1,95,121,1,4.58,20.5,1,0.5,0,0,,1,23,2,1,0
2,08/07/2024 06:03:36 PM,08/07/2024 06:21:51 PM,N,1,260,179,1,2.49,17.7,2.5,0.5,5.42,0,,1,27.12,1,1,0
2,11/14/2024 05:46:20 PM,11/14/2024 06:26:36 PM,N,1,75,100,1,3.7,33.8,2.5,0.5,6.08,0,,1,46.63,1,1,2.75
2,12/13/2024 07:40:48 PM,12/13/2024 07:47:35 PM,N,1,7,7,5,0.8,7.9,2.5,0.5,3.57,0,,1,15.47,1,1,0
1,05/28/2024 02:11:25 PM,05/28/2024 02:53:20 PM,N,1,41,202,1,0,25.5,0,1.5,0,6.94,,1,33.94,1,1,0
2,12/27/2024 01:15:20 PM,12/27/2024 01:25:39 PM,N,1,74,263,1,2.13,12.8,0,0.5,3.41,0,,1,20.46,1,1,2.75
2,08/04/2024 04:05:50 PM,08/04/2024 04:18:05 PM,N,1,41,238,1,2.05,13.5,0,0.5,0.08,0,,1,17.83,1,1,2.75
2,06/14/2024 05:53:23 PM,06/14/2024 06:05:41 PM,N,1,66,181,1,4.4,21.9,2.5,0.5,5.18,0,,1,31.08,1,1,0
2,11/20/2024 09:14:24 AM,11/20/2024 09:33:31 AM,N,1,75,138,1,7.93,33.1,5,0.5,9.31,6.94,,1,55.85,1,1,0
1,07/15/2024 08:23:06 PM,07/15/2024 08:31:39 PM,N,1,75,41,1,2.2,12.1,1,1.5,2.9,0,,1,17.5,1,1,0
2,02/10/2024 11:54:02 PM,02/11/2024 12:04:45 AM,N,1,116,247,2,1.81,12.8,1,0.5,0,0,,1,15.3,2,1,0
2,12/04/2024 04:20:23 PM,12/04/2024 04:41:19 PM,N,1,75,141,1,2.45,19.8,2.5,0.5,5.31,0,,1,31.86,1,1,2.75
2,10/17/2024 06:58:23 PM,10/17/2024 07:19:19 PM,N,1,75,42,1,2.1,19.1,2.5,0.5,0,0,,1,23.1,2,1,0
2,07/31/2024 07:01:47 PM,07/31/2024 07:16:10 PM,N,1,65,49,1,1.87,14.2,2.5,0.5,3.64,0,,1,21.84,1,1,0
2,01/10/2024 12:52:27 PM,01/10/2024 12:58:30 PM,N,1,75,75,1,0.4,5.1,0,0.5,0.8,0,,1,7.4,1,1,0
2,10/26/2024 04:36:32 PM,10/26/2024 04:55:33 PM,N,1,74,24,1,1.93,17.7,0,0.5,3.84,0,,1,23.04,1,1,0
2,01/25/2024 11:55:42 PM,01/26/2024 12:03:06 AM,N,5,41,41,1,1.1,8,0,0,0,0,,1,9,2,2,0
2,07/01/2024 07:10:32 PM,07/01/2024 07:19:14 PM,N,1,181,25,2,1.06,9.3,2.5,0.5,0,0,,1,13.3,2,1,0
2,10/22/2024 04:02:11 PM,10/22/2024 04:41:31 PM,N,1,244,233,1,9.37,45.7,2.5,0.5,0.01,0,,1,52.46,1,1,2.75
2,02/18/2024 11:17:31 AM,02/18/2024 11:25:32 AM,N,1,244,238,1,4.01,17.7,0,0.5,4.39,0,,1,26.34,1,1,2.75
2,03/13/2024 06:38:29 PM,03/13/2024 06:47:57 PM,N,1,65,97,1,0.53,9.3,2.5,0.5,0,0,,1,13.3,2,1,0
2,05/01/2024 02:01:16 PM,05/01/2024 02:23:14 PM,N,1,7,141,1,3.01,21.9,0,0.5,0,0,,1,26.15,2,1,2.75
2,11/16/2024 06:28:03 PM,11/16/2024 06:42:56 PM,N,1,166,236,1,2.5,16.3,0,0.5,5.14,0,,1,25.69,1,1,2.75
2,03/01/2024 07:30:28 AM,03/01/2024 07:33:51 AM,N,1,41,42,2,0.65,5.8,0,0.5,0,0,,1,7.3,2,1,0
2,06/14/2024 01:07:03 PM,06/14/2024 01:20:36 PM,N,1,75,238,1,1.54,13.5,0,0.5,0,0,,1,17.75,2,1,2.75
2,04/18/2024 03:51:06 PM,04/18/2024 04:02:55 PM,N,1,82,138,1,3.71,18.4,5,0.5,0,0,,1,24.9,2,1,0
1,12/08/2024 04:14:46 AM,12/08/2024 04:32:22 AM,N,1,157,4,1,5.6,25.4,3.75,1.5,6.1,0,,1,36.75,1,1,2.75
2,05/09/2024 12:09:10 AM,05/09/2024 12:49:54 AM,N,5,119,265,2,37.63,160,0,0,32.2,0,,1,193.2,1,2,0
2,02/12/2024 10:59:29 PM,02/12/2024 11:25:25 PM,N,1,82,230,1,6.67,32.4,1,0.5,4,0,,1,41.65,1,1,2.75
2,07/12/2024 02:15:04 PM,07/12/2024 02:23:58 PM,N,1,43,24,1,1.8,11.4,0,0.5,3.87,0,,1,16.77,1,1,0
1,12/10/2024 08:09:53 PM,12/10/2024 08:25:40 PM,N,1,65,89,1,3.3,17.7,1,1.5,4,0,,1,24.2,1,1,0
2,09/13/2024 06:32:16 PM,09/13/2024 06:48:07 PM,N,1,134,216,2,4.49,19.8,2.5,0.5,3,0,,1,26.8,1,1,0
2,11/25/2024 06:11:15 PM,11/25/2024 06:38:10 PM,N,1,166,161,1,4.16,26.8,2.5,0.5,6.71,0,,1,40.26,1,1,2.75
2,01/27/2024 01:16:40 AM,01/27/2024 01:29:03 AM,N,1,74,159,3,2.35,14.9,1,0.5,3.48,0,,1,20.88,1,1,0
2,01/05/2024 06:32:47 PM,01/05/2024 06:57:25 PM,N,1,65,195,1,2.46,21.9,2.5,0.5,0,0,,1,25.9,2,1,0
2,02/07/2024 07:20:00 PM,02/07/2024 07:44:00 PM,,,181,79,,4.36,27.39,0,0,6.23,0,,1,37.37,,,
2,07/13/2024 05:57:56 PM,07/13/2024 06:08:28 PM,N,1,41,116,2,2.24,12.8,0,0.5,0,0,,1,14.3,2,1,0
2,11/11/2024 08:45:48 AM,11/11/2024 09:02:39 AM,N,1,74,262,2,2.88,17.7,0,0.5,4.39,0,,1,26.34,1,1,2.75
1,05/03/2024 06:47:57 PM,05/03/2024 07:09:40 PM,,,244,48,,6.7,30.3,2.5,0.5,5.56,0,,1,42.61,,,
2,09/04/2024 05:57:57 PM,09/04/2024 06:11:23 PM,N,1,97,181,1,1.88,13.5,2.5,0.5,3.5,0,,1,21,1,1,0
2,09/18/2024 06:00:09 PM,09/18/2024 06:20:03 PM,N,1,82,102,1,3.19,21.2,2.5,0.5,0,0,,1,25.2,2,1,0
2,07/07/2024 12:04:12 AM,07/07/2024 12:17:27 AM,N,1,74,140,1,3.02,15.6,1,0.5,0,0,,1,20.85,1,1,2.75
2,06/24/2024 11:01:03 PM,06/24/2024 11:10:01 PM,N,1,75,43,1,2.13,12.1,1,0.5,3.47,0,,1,20.82,1,1,2.75
2,10/09/2024 04:36:29 PM,10/09/2024 04:49:44 PM,N,1,74,236,1,2.39,14.9,2.5,0.5,6.5,0,,1,28.15,1,1,2.75
2,11/15/2024 06:34:32 PM,11/15/2024 06:47:21 PM,N,1,95,134,2,0,11.4,2.5,0.5,0,0,,1,15.4,2,1,0
2,01/26/2024 10:28:36 PM,01/26/2024 10:40:24 PM,N,1,74,151,1,2.22,13.5,1,0.5,0,0,,1,16,2,1,0
2,05/31/2024 02:21:23 AM,05/31/2024 02:21:28 AM,N,5,129,129,1,0,20,0,0,0,0,,1,21,1,2,0
2,03/09/2024 11:40:48 AM,03/09/2024 12:01:59 PM,N,1,166,48,1,4.66,26.1,0,0.5,5,0,,1,35.35,1,1,2.75
2,08/06/2024 09:28:56 PM,08/06/2024 09:41:10 PM,N,1,43,239,1,2.19,13.5,1,0.5,3.75,0,,1,22.5,1,1,2.75
2,06/07/2024 07:15:19 AM,06/07/2024 07:33:43 AM,N,1,74,170,1,5.45,26.1,0,0.5,0,0,,1,30.35,2,1,2.75
2,11/22/2024 02:26:09 PM,11/22/2024 02:33:04 PM,N,1,166,116,1,0.87,8.6,0,0.5,2.52,0,,1,12.62,1,1,0
2,09/17/2024 05:22:27 PM,09/17/2024 05:56:47 PM,N,1,244,186,1,8.03,41.5,2.5,0.5,0,0,,1,48.25,2,1,2.75
2,03/09/2024 03:51:06 AM,03/09/2024 03:51:10 AM,N,5,80,80,4,2.13,25,0,0,5.2,0,,1,31.2,1,2,0
1,11/20/2024 04:22:28 PM,11/20/2024 04:26:43 PM,N,1,243,127,1,0.7,6.5,1,1.5,0,0,,1,9,2,1,0
2,09/22/2024 05:07:58 PM,09/22/2024 05:23:41 PM,N,1,74,238,1,2.5,17,0,0.5,0,0,,1,18.5,2,1,0
2,10/25/2024 03:31:22 PM,10/25/2024 03:41:35 PM,N,1,74,75,1,1.6,12.1,2.5,0.5,0,0,,1,16.1,2,1,0
2,01/09/2024 03:47:46 PM,01/09/2024 03:59:40 PM,N,1,75,74,5,1.86,12.8,0,0.5,0,0,,1,14.3,2,1,0
2,03/10/2024 05:50:17 PM,03/10/2024 05:53:11 PM,N,1,166,166,1,0.64,5.8,0,0.5,0,0,,0.3,6.6,2,1,0
2,05/08/2024 03:25:58 PM,05/08/2024 03:35:31 PM,N,1,65,49,1,1.12,10,0,0.5,2.3,0,,1,13.8,1,1,0
2,11/16/2024 11:40:01 PM,11/16/2024 11:55:33 PM,N,1,260,82,1,1.78,14.9,1,0.5,0,0,,1,17.4,2,1,0
2,10/07/2024 04:40:58 PM,10/08/2024 04:01:09 PM,N,1,74,262,1,2.83,19.8,2.5,0.5,5.95,0,,1,29.75,1,1,0
2,04/20/2024 08:28:40 PM,04/20/2024 08:38:48 PM,N,1,74,116,1,1.7,12.1,1,0.5,1.75,0,,1,16.35,1,1,0
2,04/26/2024 07:41:12 PM,04/26/2024 07:43:01 PM,N,1,95,95,1,0,-3.7,-2.5,-0.5,0,0,,-1,-7.7,3,1,0
2,10/01/2024 04:57:03 PM,10/01/2024 05:17:42 PM,N,1,97,181,1,2.22,19.1,2.5,0.5,4.62,0,,1,27.72,1,1,0
2,04/15/2024 06:26:00 AM,04/15/2024 07:03:00 AM,,,42,132,,17.5,68.2,0,0,10,6.94,,1,86.14,,,
2,10/29/2024 05:07:17 PM,10/29/2024 05:12:55 PM,N,1,75,74,1,1.33,8.6,2.5,0.5,3.15,0,,1,15.75,1,1,0
2,06/22/2024 02:18:00 PM,06/22/2024 02:22:00 PM,,,244,244,,0.41,12.8,0,0,2.66,0,,1,16.46,,,
2,07/12/2024 08:37:27 AM,07/12/2024 08:46:49 AM,N,1,75,238,1,1.29,10.7,0,0.5,2.44,0,,1,14.64,1,1,0
1,02/29/2024 04:49:55 PM,02/29/2024 04:57:30 PM,N,1,75,236,2,1.1,8.6,5.25,1.5,3.05,0,,1,18.4,1,1,2.75
2,06/30/2024 06:31:39 PM,06/30/2024 06:40:21 PM,N,1,166,24,1,1.36,10,0,0.5,0,0,,1,11.5,1,1,0
1,08/02/2024 10:00:09 AM,08/02/2024 10:20:31 AM,N,1,75,140,1,2.5,18.4,2.75,1.5,4.5,0,,1,27.15,1,1,2.75
2,02/28/2024 09:43:59 AM,02/28/2024 10:13:38 AM,N,1,65,161,1,7.01,35.9,0,0.5,8.03,0,,1,48.18,1,1,2.75
2,03/28/2024 04:58:17 PM,03/28/2024 05:10:52 PM,N,1,74,166,1,1.84,13.5,2.5,0.5,3.5,0,,1,21,1,1,0
2,05/01/2024 10:46:01 AM,05/01/2024 10:53:14 AM,N,1,74,41,1,0.7,8.6,0,0.5,1,0,,1,11.1,1,1,0
2,04/10/2024 05:42:16 PM,04/10/2024 06:02:05 PM,N,1,130,191,1,4.33,21.9,2.5,0.5,5.18,0,,1,31.08,1,1,0
2,03/30/2024 11:30:14 AM,03/30/2024 11:41:43 AM,N,1,17,97,1,1.5,12.1,0,0.5,0,0,,1,13.6,2,1,0
2,01/22/2024 05:42:10 PM,01/22/2024 05:57:18 PM,N,1,82,157,1,2.2,14.9,2.5,0.5,0,0,,1,18.9,1,1,0
2,10/07/2024 09:02:43 PM,10/07/2024 09:09:35 PM,N,1,236,238,1,1.63,10,1,0.5,3.81,0,,1,19.06,1,1,2.75
2,03/16/2024 03:28:50 PM,03/16/2024 03:36:03 PM,N,1,75,74,2,1.48,9.3,0,0.5,1.94,0,,1,12.74,1,1,0
1,11/06/2024 05:22:10 PM,11/06/2024 05:31:50 PM,Y,1,74,75,1,1.3,10.7,1,1.5,2.6,0,,1,15.8,1,1,0
2,01/08/2024 07:19:57 AM,01/08/2024 07:26:57 AM,N,1,74,75,1,1.34,9.3,0,0.5,1.08,0,,1,11.88,1,1,0
2,09/20/2024 09:28:06 AM,09/20/2024 09:38:23 AM,N,1,75,236,2,1.64,11.4,0,0.5,3.13,0,,1,18.78,1,1,2.75
2,10/14/2024 08:11:41 PM,10/14/2024 08:17:38 PM,N,1,130,134,1,2.15,10.7,1,0.5,1,0,,1,14.2,1,1,0
2,12/28/2024 03:06:57 PM,12/28/2024 03:25:46 PM,N,1,92,135,1,2.87,19.8,0,0.5,5.32,0,,1,26.62,1,1,0
2,10/16/2024 11:37:58 PM,10/16/2024 11:46:07 PM,N,1,75,262,1,1.49,10,1,0.5,2.29,0,,1,17.54,1,1,2.75
2,07/09/2024 07:51:58 PM,07/09/2024 07:52:02 PM,N,5,74,74,1,0,67,0,0,17,0,,1,85,1,2,0
2,05/08/2024 03:58:40 PM,05/08/2024 04:31:39 PM,N,1,33,255,1,4.16,28.2,0,0.5,0,0,,1,29.7,2,1,0
2,09/29/2024 01:30:42 PM,09/29/2024 01:42:13 PM,N,1,74,236,6,1.73,12.1,0,0.5,3,0,,1,16.6,1,1,0
2,04/27/2024 06:56:51 PM,04/27/2024 07:23:14 PM,N,1,93,157,5,7.59,35.9,0,0.5,0,0,,1,37.4,2,1,0
2,07/15/2024 11:33:06 AM,07/15/2024 11:43:39 AM,N,1,74,42,1,1.34,11.4,0,0.5,2.58,0,,1,15.48,1,1,0
2,06/12/2024 04:25:24 PM,06/12/2024 05:16:00 PM,N,1,65,186,1,16.52,76.5,2.5,0.5,25,0,,1,108.25,1,1,2.75
2,11/22/2024 07:32:42 AM,11/22/2024 07:32:45 AM,N,5,166,166,1,0,14,0,0,0,0,,1,15,1,2,0
2,10/29/2024 12:35:50 PM,10/29/2024 12:44:26 PM,N,1,95,95,1,1.03,9.3,0,0.5,2.16,0,,1,12.96,1,1,0
2,04/04/2024 09:41:36 PM,04/04/2024 09:48:21 PM,N,1,260,157,5,1.23,8.6,1,0.5,0,0,,1,11.1,2,1,0
2,10/27/2024 11:38:14 AM,10/27/2024 11:42:55 AM,N,5,248,248,0,1.4,30,0,0,0,0,,1,31,1,2,0
2,05/31/2024 01:57:33 PM,05/31/2024 03:02:32 PM,N,1,130,15,1,10.89,63.9,0,0.5,0,0,,1,65.4,2,1,0
2,05/07/2024 09:39:44 PM,05/07/2024 09:51:51 PM,N,1,166,143,1,2.31,14.2,1,0.5,3.84,0,,1,23.04,1,1,2.5
2,07/24/2024 10:42:03 AM,07/24/2024 11:02:58 AM,N,1,43,230,6,2.47,19.8,0,0.5,4.81,0,,1,28.86,1,1,2.75
2,10/27/2024 03:04:27 PM,10/27/2024 03:21:08 PM,N,1,74,239,1,3.18,19.1,0,0.5,5.84,0,,1,29.19,1,1,2.75
2,06/24/2024 04:18:47 PM,06/24/2024 04:25:41 PM,N,1,74,75,1,1.12,8.6,2.5,0.5,2.52,0,,1,15.12,1,1,0
2,09/08/2024 08:45:57 PM,09/08/2024 08:59:39 PM,N,1,74,262,1,3.08,16.3,1,0.5,1,0,,1,22.55,1,1,2.75
2,07/11/2024 08:30:05 AM,07/11/2024 08:40:39 AM,N,1,74,236,1,1.7,11.4,0,0.5,3.91,0,,1,19.56,1,1,2.75
2,05/07/2024 03:20:01 PM,05/07/2024 03:33:52 PM,N,1,74,151,2,1.81,13.5,0,0.5,1.5,0,,1,16.5,1,1,0
2,05/22/2024 10:08:11 PM,05/22/2024 10:18:41 PM,N,1,65,189,1,1.53,11.4,1,0.5,2.78,0,,1,16.68,1,1,0
2,11/08/2024 10:17:45 PM,11/08/2024 10:37:11 PM,N,1,74,174,1,9.32,36.6,1,0.5,0,0,,1,39.1,2,1,0
2,09/15/2024 03:11:53 PM,09/15/2024 03:44:39 PM,N,1,244,140,1,7.31,35.9,0,0.5,12.04,0,,1,52.19,1,1,2.75
2,07/08/2024 04:32:54 PM,07/08/2024 04:45:18 PM,N,1,97,97,1,1.45,12.8,2.5,0.5,3.36,0,,1,20.16,1,1,0
2,04/03/2024 05:59:28 PM,04/03/2024 06:55:27 PM,N,1,66,186,1,5.1,46.4,2.5,0.5,7.97,0,,1,61.12,1,1,2.75
2,08/19/2024 02:44:55 PM,08/19/2024 02:45:00 PM,N,5,130,130,1,0.04,11,0,0,2.4,0,,1,14.4,1,2,0
2,01/23/2024 07:49:42 AM,01/23/2024 07:52:17 AM,N,1,43,43,1,0.48,5.1,0,0.5,1,0,,1,10.35,1,1,2.75
2,06/07/2024 06:22:26 PM,06/07/2024 06:33:26 PM,N,1,158,100,1,1.8,12.8,2.5,0.5,3.86,0,,1,23.16,1,1,2.5
2,11/29/2024 02:38:50 PM,11/29/2024 02:55:42 PM,N,1,75,246,1,5.32,25.4,0,0.5,0,0,,1,29.65,1,1,2.75
2,11/26/2024 09:23:06 AM,11/26/2024 09:35:46 AM,N,1,152,42,1,1.73,12.8,0,0.5,0,0,,1,14.3,2,1,0
2,11/14/2024 08:36:54 AM,11/14/2024 09:03:24 AM,N,1,166,168,1,2.63,24,0,0.5,4.96,0,,0.3,29.76,1,1,0
2,01/14/2024 11:28:19 PM,01/14/2024 11:32:58 PM,N,1,75,151,2,0.95,7.2,1,0.5,0,0,,1,9.7,2,1,0
2,01/23/2024 09:06:41 AM,01/23/2024 09:07:43 AM,N,1,244,244,1,0.12,3.7,0,0.5,0,0,,1,5.2,4,1,0
2,01/07/2024 10:47:07 PM,01/07/2024 10:51:46 PM,N,1,130,197,1,0.7,6.5,1,0.5,1.8,0,,1,10.8,1,1,0
1,09/20/2024 09:24:13 PM,09/20/2024 09:32:35 PM,N,1,75,41,3,1.5,10.7,1,1.5,2.6,0,,1,15.8,1,1,0
2,08/31/2024 10:12:13 PM,08/31/2024 10:23:23 PM,N,1,66,228,1,9.81,37.3,1,0.5,0.88,0,,1,40.68,1,1,0
2,11/21/2024 10:12:40 AM,11/21/2024 10:21:47 AM,N,1,41,166,1,1.37,10.7,0,0.5,2.44,0,,1,14.64,1,1,0
2,06/29/2024 06:38:22 PM,06/29/2024 06:52:12 PM,N,1,189,52,1,2.16,14.9,0,0.5,4.92,0,,1,21.32,1,1,0
2,03/08/2024 07:16:40 PM,03/08/2024 07:22:31 PM,N,1,75,43,1,1.47,9.3,2.5,0.5,0,0,,1,16.05,2,1,2.75
2,06/14/2024 12:42:09 AM,06/14/2024 12:44:05 AM,N,1,82,82,1,0,3,1,0.5,0,0,,1,5.5,2,1,0
2,02/28/2024 06:41:59 PM,02/28/2024 07:04:02 PM,N,1,82,112,1,4.64,26.1,2.5,0.5,6.02,0,,1,36.12,1,1,0
2,04/09/2024 09:59:26 AM,04/09/2024 10:09:36 AM,N,1,74,42,1,1.56,11.4,0,0.5,0,0,,1,12.9,2,1,0
2,01/09/2024 06:56:09 PM,01/09/2024 07:02:43 PM,N,1,43,151,1,1.4,9.3,2.5,0.5,2.66,0,,1,15.96,1,1,0
1,09/30/2024 04:44:29 PM,09/30/2024 04:56:41 PM,N,1,95,95,2,0.6,11.4,2.5,1.5,3.85,0,,1,19.25,1,1,0
2,10/02/2024 08:50:57 AM,10/02/2024 09:02:54 AM,N,1,74,166,6,1.66,12.8,0,0.5,3,0,,1,17.3,1,1,0
2,05/02/2024 08:42:36 PM,05/02/2024 08:50:24 PM,N,1,41,24,1,1.27,9.3,1,0.5,1.77,0,,1,13.57,1,1,0
2,01/20/2024 04:51:45 PM,01/20/2024 04:58:17 PM,N,1,74,74,2,0.74,7.9,0,0.5,0,0,,1,9.4,1,1,0
2,12/18/2024 05:13:41 PM,12/18/2024 05:25:09 PM,N,1,82,138,1,3.79,18.4,7.5,0.5,5.48,0,,1,32.88,1,1,0
2,05/21/2024 06:51:29 PM,05/21/2024 07:10:07 PM,N,1,82,83,6,1.05,16.3,2.5,0.5,0,0,,1,20.3,2,1,0
2,01/16/2024 06:42:09 PM,01/16/2024 06:50:11 PM,N,1,43,263,1,1.48,10,2.5,0.5,3,0,,1,19.75,1,1,2.75
2,09/23/2024 04:39:00 AM,09/23/2024 05:03:00 AM,,,168,142,,6.26,31.36,0,0,0,0,,1,35.11,,,
2,04/25/2024 03:15:42 PM,04/25/2024 03:36:03 PM,N,1,130,216,1,3.12,21.2,0,0.5,0,0,,1,22.7,2,1,0
2,07/14/2024 06:42:16 AM,07/14/2024 06:56:25 AM,N,1,179,233,1,3.86,19.1,0,0.5,0,0,,1,23.35,2,1,2.75
2,08/21/2024 07:04:01 AM,08/21/2024 07:12:45 AM,N,1,75,42,1,2.32,12.8,0,0.5,0,0,,1,14.3,2,1,0
2,04/08/2024 06:27:42 PM,04/08/2024 06:37:41 PM,N,1,75,238,1,1.85,12.1,2.5,0.5,2.83,0,,1,21.68,1,1,2.75
2,09/20/2024 12:34:42 PM,09/20/2024 12:56:06 PM,N,1,75,42,1,3.32,20.5,0,0.5,0,0,,1,22,2,1,0
2,02/14/2024 08:41:32 PM,02/14/2024 08:50:23 PM,N,1,74,236,1,1.68,10.7,1,0.5,3.19,0,,1,19.14,1,1,2.75
1,05/01/2024 02:35:42 PM,05/01/2024 02:41:55 PM,N,1,75,41,1,0.9,7.9,0,1.5,2.35,0,,1,11.75,1,1,0
2,02/07/2024 04:09:26 PM,02/07/2024 04:11:35 PM,N,1,166,151,1,0.48,5.1,2.5,0.5,0.2,0,,1,9.3,1,1,0
1,02/20/2024 09:42:44 AM,02/20/2024 09:45:57 AM,N,1,152,166,1,0.8,5.8,0,1.5,1.45,0,,1,8.75,1,1,0
2,07/16/2024 08:49:30 AM,07/16/2024 09:13:12 AM,N,1,74,237,1,2.59,21.2,0,0.5,5.09,0,,1,30.54,1,1,2.75
2,04/25/2024 06:33:33 PM,04/25/2024 07:10:51 PM,N,1,66,186,3,8.5,42.2,2.5,0.5,9.79,0,,1,58.74,1,1,2.75
2,09/06/2024 05:31:57 PM,09/06/2024 05:52:08 PM,N,1,74,116,1,2.83,19.1,2.5,0.5,2,0,,1,25.1,1,1,0
2,11/14/2024 07:22:57 PM,11/14/2024 07:29:01 PM,N,1,74,42,1,1.06,7.9,2.5,0.5,0,0,,1,11.9,2,1,0
2,07/16/2024 07:28:45 PM,07/16/2024 07:42:07 PM,N,1,74,166,1,2.28,14.9,2.5,0.5,0,0,,1,18.9,2,1,0
2,07/25/2024 08:37:47 PM,07/25/2024 08:46:51 PM,N,1,74,236,1,1.76,10.7,1,0.5,3.19,0,,1,19.14,1,1,2.75
2,03/15/2024 09:40:54 AM,03/15/2024 09:54:00 AM,N,1,95,138,5,5.31,23.3,5,0.5,5.96,0,,1,35.76,1,1,0
2,11/28/2024 10:59:10 AM,11/28/2024 11:07:01 AM,N,1,41,42,1,1.57,10.7,0,0.5,0,0,,1,12.2,2,1,0
2,10/29/2024 11:20:26 PM,10/29/2024 11:26:49 PM,N,1,75,75,1,1,8.6,1,0.5,0,0,,1,11.1,1,1,0
2,02/23/2024 08:11:00 AM,02/23/2024 08:25:31 AM,N,1,166,42,1,2.13,15.6,0,0.5,0,0,,1,17.1,2,1,0
2,06/06/2024 01:50:10 PM,06/06/2024 02:15:41 PM,N,1,168,141,1,5.15,26.1,0,0.5,0,0,,1,30.35,2,1,2.75
2,03/11/2024 05:37:38 PM,03/11/2024 05:49:15 PM,N,1,74,263,1,2.19,14.2,2.5,0.5,6.28,0,,1,27.23,1,1,2.75
2,02/14/2024 11:55:25 AM,02/14/2024 12:05:30 PM,N,1,74,75,1,1.37,10.7,0,0.5,2.44,0,,1,14.64,1,1,0
2,04/01/2024 07:11:16 PM,04/01/2024 07:20:13 PM,N,1,83,129,1,2.02,12.8,2.5,0.5,1.68,0,,1,18.48,1,1,0
2,05/13/2024 11:27:27 AM,05/13/2024 11:36:29 AM,N,5,92,93,1,1.78,20,0,0,0,0,,1,21,2,2,0
2,08/24/2024 07:52:49 PM,08/24/2024 08:09:07 PM,N,1,95,56,1,2.23,17,0,0.5,4.62,0,,1,23.12,1,1,0
1,05/14/2024 02:41:21 PM,05/14/2024 03:39:15 PM,N,1,42,132,1,18.2,74.4,0,1.5,0,6.94,,1,82.84,2,1,0
2,11/24/2024 11:57:53 PM,11/25/2024 12:15:27 AM,N,1,65,61,1,3.05,19.1,1,0.5,4,0,,1,25.6,1,1,0
1,06/24/2024 06:06:17 AM,06/24/2024 06:45:29 AM,N,1,69,26,1,0,53.5,0,1.5,0,13.88,,1,68.88,1,1,0
1,06/21/2024 09:30:37 PM,06/21/2024 09:37:14 PM,N,1,25,65,1,1,8.6,1,1.5,2.9,0,,1,14,1,1,0
2,02/12/2024 02:09:06 PM,02/12/2024 02:13:07 PM,N,1,82,82,6,0.53,5.8,0,0.5,0,0,,1,7.3,2,1,0
2,04/14/2024 04:18:43 PM,04/14/2024 06:06:27 PM,N,1,66,148,1,9.6,79.3,0,0.5,0,0,,1,83.55,2,1,2.75
2,02/11/2024 02:04:18 PM,02/11/2024 02:19:13 PM,N,1,97,17,1,2.25,14.9,0,0.5,4.1,0,,1,20.5,1,1,0
2,09/04/2024 06:08:42 PM,09/04/2024 06:26:11 PM,N,1,74,262,1,2.46,17.7,2.5,0.5,4.89,0,,1,29.34,1,1,2.75
2,05/11/2024 04:30:58 PM,05/11/2024 04:41:39 PM,N,1,65,52,1,1.24,10.7,0,0.5,2.44,0,,1,14.64,1,1,0
2,01/08/2024 09:29:38 PM,01/08/2024 09:46:07 PM,N,1,260,95,1,3.38,19.1,1,0.5,5.4,0,,1,27,1,1,0
2,06/19/2024 08:24:55 AM,06/19/2024 08:26:09 AM,N,1,75,75,1,0.45,4.4,0,0.5,0,0,,1,5.9,2,1,0
2,01/19/2024 06:15:51 PM,01/19/2024 06:23:48 PM,N,1,43,74,1,1.57,10,2.5,0.5,1,0,,1,15,1,1,0
2,03/04/2024 06:40:45 PM,03/04/2024 07:05:23 PM,N,1,152,262,1,4.19,25.4,2.5,0.5,6.43,0,,1,38.58,1,1,2.75
2,05/24/2024 07:51:34 AM,05/24/2024 08:04:30 AM,N,1,74,140,2,3.62,17.7,0,0.5,6,0,,1,27.95,1,1,2.75
2,05/05/2024 12:18:54 AM,05/05/2024 12:45:42 AM,N,1,66,149,1,8.83,38.7,1,0.5,8.24,0,,1,49.44,1,1,0
1,03/07/2024 05:25:53 PM,03/07/2024 05:31:26 PM,N,1,75,41,1,1.1,7.9,2.5,1.5,0,0,,1,11.9,2,1,0
2,10/05/2024 11:02:08 AM,10/05/2024 11:23:26 AM,N,1,75,48,1,5.58,28.9,0,0.5,0,0,,1,33.15,2,1,2.75
2,06/11/2024 06:01:10 PM,06/11/2024 06:03:35 PM,N,1,75,74,1,0.47,5.1,2.5,0.5,0,0,,1,9.1,2,1,0
2,04/17/2024 02:54:53 PM,04/17/2024 03:05:47 PM,N,1,95,196,1,1.14,11.4,0,0.5,3.87,0,,1,16.77,1,1,0
2,11/22/2024 02:58:03 PM,11/22/2024 03:03:44 PM,N,1,75,75,1,0.54,6.5,0,0.5,1,0,,1,9,1,1,0
2,06/15/2024 10:59:00 PM,06/15/2024 11:15:00 PM,,,106,61,,2.87,20.51,0,0,0,0,,1,21.51,,,
2,07/28/2024 02:46:43 PM,07/28/2024 03:06:11 PM,N,1,33,255,1,3.98,23.3,0,0.5,5,0,,1,29.8,1,1,0
2,05/04/2024 07:27:37 PM,05/04/2024 07:41:40 PM,N,1,66,181,1,4.75,22.6,0,0.5,4.82,0,,1,28.92,1,1,0
2,10/07/2024 05:41:13 PM,10/07/2024 06:08:25 PM,N,1,75,113,1,6.36,32.4,2.5,0.5,9.79,0,,1,48.94,1,1,2.75
2,05/17/2024 01:51:13 PM,05/17/2024 02:03:46 PM,N,1,74,116,1,1.77,13.5,0,0.5,0,0,,1,15,1,1,0
2,02/28/2024 06:25:05 AM,02/28/2024 06:31:59 AM,N,1,74,236,1,1.52,9.3,0,0.5,2.16,0,,1,12.96,1,1,0
1,09/10/2024 12:05:44 AM,09/10/2024 12:34:01 AM,N,1,65,116,3,14,55.5,3.75,1.5,0,0,,1,60.75,1,1,2.75
2,10/02/2024 07:07:09 PM,10/02/2024 07:19:37 PM,N,1,74,74,3,1.01,12.1,2.5,0.5,4.83,0,,1,20.93,1,1,0
2,11/24/2024 08:59:01 PM,11/24/2024 09:10:24 PM,N,1,75,142,2,2.23,14.2,1,0.5,5.84,0,,1,25.29,1,1,2.75
2,05/02/2024 06:36:15 PM,05/02/2024 06:41:23 PM,N,1,43,236,1,0.85,7.2,2.5,0.5,2.79,0,,1,16.74,1,1,2.75
1,07/24/2024 10:28:51 AM,07/24/2024 10:57:27 AM,N,1,74,142,1,3.8,27.5,2.75,1.5,6.35,0,,1,38.1,1,1,2.75
2,03/21/2024 11:38:02 AM,03/21/2024 11:47:37 AM,N,1,152,244,2,1.28,10.7,0,0.5,1.83,0,,1,14.03,1,1,0
2,04/08/2024 06:13:19 PM,04/08/2024 06:39:29 PM,N,1,129,92,1,6.83,32.4,2.5,0.5,0,0,,1,36.4,2,1,0
2,06/25/2024 12:47:34 PM,06/25/2024 01:09:09 PM,N,1,43,137,1,4.83,25.4,0,0.5,2.96,0,,1,32.61,1,1,2.75
2,11/08/2024 06:51:06 PM,11/08/2024 07:08:27 PM,N,1,41,142,1,2.49,17.7,2.5,0.5,4.89,0,,1,29.34,1,1,2.75
2,02/09/2024 07:44:59 PM,02/09/2024 07:50:29 PM,N,1,166,166,1,0.9,7.9,2.5,0.5,0,0,,1,11.9,2,1,0
2,11/05/2024 09:15:27 AM,11/05/2024 09:25:24 AM,N,1,24,75,1,1.18,10.7,0,0.5,0,0,,1,12.2,1,1,0
2,03/11/2024 06:59:41 PM,03/11/2024 07:10:16 PM,N,1,166,74,1,1.98,12.8,2.5,0.5,3.36,0,,1,20.16,1,1,0
2,04/08/2024 12:30:10 AM,04/08/2024 12:46:00 AM,N,1,260,82,1,1.87,14.9,1,0.5,0,0,,1,17.4,2,1,0
2,09/15/2024 02:09:43 PM,09/15/2024 02:31:02 PM,N,1,95,132,2,6.93,29.6,0,0.5,0,0,,1,31.1,2,1,0
2,12/20/2024 02:06:18 PM,12/20/2024 02:16:31 PM,N,1,75,24,2,1.51,11.4,0,0.5,2.58,0,,1,15.48,1,1,0
2,10/10/2024 10:23:49 AM,10/10/2024 10:33:58 AM,N,1,116,42,1,2.16,12.8,0,0.5,0,0,,1,14.3,2,1,0
2,09/17/2024 07:59:15 AM,09/17/2024 08:10:01 AM,N,1,75,238,1,1.34,11.4,0,0.5,0,0,,1,15.65,2,1,2.75
2,04/02/2024 07:05:46 AM,04/02/2024 07:17:40 AM,N,1,244,50,1,5.71,24,0,0.5,5.65,0,,1,33.9,1,1,2.75
2,03/02/2024 05:01:16 PM,03/02/2024 05:07:56 PM,N,1,74,41,1,1.18,8.6,0,0.5,0,0,,1,10.1,1,1,0
2,03/22/2024 04:05:47 PM,03/22/2024 04:29:15 PM,N,1,166,186,3,5.76,29.6,2.5,0.5,7.27,0,,1,43.62,1,1,2.75
2,09/27/2024 01:28:34 PM,09/27/2024 01:47:33 PM,N,1,74,167,1,2.81,19.1,0,0.5,0,0,,1,20.6,2,1,0
2,10/27/2024 07:39:39 PM,10/27/2024 07:42:44 PM,N,5,130,130,1,0.52,9,0,0,2,0,,1,12,1,2,0
2,06/21/2024 01:45:22 AM,06/21/2024 01:51:15 AM,N,1,210,210,1,1.28,8.6,1,0.5,0,0,,1,11.1,1,1,0
2,07/17/2024 09:56:44 PM,07/17/2024 10:10:28 PM,N,1,82,196,1,1.55,12.8,1,0.5,4.59,0,,1,19.89,1,1,0
1,02/15/2024 06:15:28 PM,02/15/2024 06:20:57 PM,N,1,75,74,1,1.3,7.9,2.5,1.5,2,0,,1,13.9,1,1,0
2,06/15/2024 03:05:33 AM,06/15/2024 03:15:05 AM,N,1,80,112,1,1.53,10.7,1,0.5,0,0,,1,13.2,2,1,0
2,08/03/2024 07:54:51 PM,08/03/2024 08:09:06 PM,N,1,74,75,1,2.07,14.2,0,0.5,3.14,0,,1,18.84,1,1,0
2,01/18/2024 11:55:01 AM,01/18/2024 12:17:09 PM,N,1,74,244,1,3.88,23.3,0,0.5,0,0,,1,24.8,1,1,0
2,06/26/2024 06:18:24 PM,06/26/2024 06:30:34 PM,N,1,75,141,1,1.86,13.5,2.5,0.5,4.05,0,,1,24.3,1,1,2.75
2,08/12/2024 03:33:16 PM,08/12/2024 03:40:31 PM,N,1,75,238,1,1.06,9.3,0,0.5,2.7,0,,1,13.5,1,1,0
2,04/29/2024 08:43:13 AM,04/29/2024 09:00:00 AM,N,1,166,230,1,3.32,19.1,0,0.5,1.5,0,,1,24.85,1,1,2.75
2,01/16/2024 06:11:34 PM,01/16/2024 06:23:43 PM,N,1,247,244,1,2.5,15.6,2.5,0.5,0,0,,1,19.6,2,1,0
2,04/05/2024 11:30:05 PM,04/05/2024 11:41:03 PM,N,1,130,10,1,2.63,14.9,1,0.5,3.48,0,,1,20.88,1,1,0
2,06/18/2024 05:43:42 PM,06/18/2024 05:59:51 PM,N,1,134,215,1,3.2,17.7,2.5,0.5,0,0,,1,21.7,2,1,0
2,08/26/2024 11:51:37 AM,08/26/2024 12:05:59 PM,N,1,130,93,1,4.75,22.6,0,0.5,4.82,0,,1,28.92,1,1,0
2,09/02/2024 09:53:12 PM,09/02/2024 09:53:13 PM,N,5,260,264,3,0,90,0,0,18.2,0,,1,109.2,1,2,0
2,02/20/2024 12:19:13 PM,02/20/2024 12:30:32 PM,N,1,130,95,4,2.29,14.2,0,0.5,0,0,,1,15.7,2,1,0
1,11/19/2024 10:14:36 PM,11/19/2024 10:14:36 PM,N,1,97,264,0,0,10.7,1,1.5,0,0,,1,13.2,2,1,0
2,01/19/2024 08:10:20 PM,01/19/2024 08:20:56 PM,N,1,260,223,5,2.97,14.9,1,0.5,0,0,,1,17.4,2,1,0
1,03/13/2024 01:21:09 AM,03/13/2024 01:31:28 AM,N,1,82,82,1,1.7,10.7,1,1.5,0,0,,1,13.2,3,1,0
2,09/21/2024 09:24:17 AM,09/21/2024 09:49:47 AM,N,5,195,138,1,13.55,80,5,0,17.2,0,,1,103.2,1,2,0
2,01/22/2024 07:18:47 AM,01/22/2024 07:21:41 AM,N,1,74,74,1,0.42,5.1,0,0.5,0,0,,1,6.6,2,1,0
2,05/23/2024 07:22:29 AM,05/23/2024 07:37:34 AM,N,1,74,262,1,2.64,15.6,0,0.5,4.96,0,,1,24.81,1,1,2.75
2,02/06/2024 06:20:51 PM,02/06/2024 06:34:03 PM,N,1,43,239,1,2.15,14.2,2.5,0.5,3,0,,1,23.95,1,1,2.75
2,09/16/2024 08:48:28 PM,09/16/2024 08:57:35 PM,N,1,75,262,1,1.47,10.7,1,0.5,3.99,0,,1,19.94,1,1,2.75
2,04/14/2024 03:15:21 PM,04/14/2024 03:36:00 PM,N,1,43,263,1,1.53,17.7,0,0.5,4.39,0,,1,26.34,1,1,2.75
2,01/25/2024 12:25:07 PM,01/25/2024 12:40:54 PM,N,1,74,166,1,1.66,14.9,0,0.5,0,0,,1,16.4,2,1,0
2,11/13/2024 04:27:36 PM,11/13/2024 04:35:35 PM,N,1,95,95,1,1.17,10,2.5,0.5,0,0,,1,14,2,1,0
2,02/15/2024 01:07:12 PM,02/15/2024 01:19:17 PM,N,1,74,238,1,2.41,14.2,0,0.5,0,0,,1,18.45,2,1,2.75
2,07/13/2024 11:51:05 AM,07/13/2024 12:04:00 PM,N,1,130,121,3,3.55,17.7,0,0.5,1.92,0,,1,21.12,1,1,0
2,11/27/2024 06:45:17 PM,11/27/2024 07:12:03 PM,N,1,75,7,1,5.36,28.2,2.5,0.5,6.99,0,,1,41.94,1,1,2.75
2,09/22/2024 10:04:10 AM,09/22/2024 10:04:11 AM,N,5,264,264,2,0.01,110,0,0,22.2,0,,1,133.2,1,2,0
2,09/17/2024 12:03:57 AM,09/17/2024 12:26:15 AM,N,1,210,265,1,16.32,61.8,1,0.5,0,0,,1,64.3,2,1,0
2,01/08/2024 04:34:12 PM,01/08/2024 04:53:36 PM,N,1,74,238,1,3.01,20.5,2.5,0.5,6.81,0,,1,34.06,1,1,2.75
2,07/27/2024 02:25:09 AM,07/27/2024 02:38:20 AM,N,1,34,256,1,2.82,16.3,1,0.5,3.76,0,,1,22.56,1,1,0
2,02/08/2024 05:02:28 PM,02/08/2024 05:15:25 PM,N,1,43,161,1,2.09,14.2,2.5,0.5,2.1,0,,1,23.05,1,1,2.75
2,02/08/2024 02:58:14 PM,02/08/2024 03:03:35 PM,N,1,42,42,1,1.09,7.9,0,0.5,0,0,,1,9.4,1,1,0
2,08/22/2024 02:20:23 PM,08/22/2024 02:39:27 PM,N,5,16,134,1,8.13,60,0,0,0,0,,1,61,1,2,0
2,03/12/2024 12:37:48 PM,03/12/2024 12:41:05 PM,N,1,74,75,1,0.76,5.8,0,0.5,1.46,0,,1,8.76,1,1,0
2,09/14/2024 05:35:51 PM,09/14/2024 05:45:43 PM,N,1,74,42,1,1.27,10.7,0,0.5,3.05,0,,1,15.25,1,1,0
2,10/17/2024 09:02:02 AM,10/17/2024 09:07:58 AM,N,1,75,236,1,1.04,7.9,0,0.5,1,0,,1,13.15,1,1,2.75
1,10/11/2024 05:40:18 PM,10/11/2024 06:02:54 PM,N,1,82,73,1,4.6,21.9,2.5,1.5,0,0,,1,25.9,2,1,0
2,03/21/2024 08:01:00 PM,03/21/2024 08:24:00 PM,,,181,255,,6.85,32.02,0,0,6.5,0,,1,39.52,,,
2,12/16/2024 06:41:47 PM,12/16/2024 06:50:27 PM,N,1,75,238,1,1.34,7.9,2.5,0.5,3.66,0,,1,18.31,1,1,2.75
2,08/28/2024 10:05:30 AM,08/28/2024 10:16:11 AM,N,1,75,141,3,1.5,11.4,0,0.5,0,0,,1,15.65,2,1,2.75
2,11/03/2024 09:37:56 PM,11/03/2024 09:44:57 PM,N,1,75,24,1,1.5,10,1,0.5,0,0,,1,12.5,2,1,0
2,07/09/2024 01:18:45 PM,07/09/2024 01:36:46 PM,N,1,75,141,1,1.92,17,0,0.5,5.31,0,,1,26.56,1,1,2.75
2,02/24/2024 01:53:07 PM,02/24/2024 02:02:20 PM,N,1,41,166,1,0.99,10,0,0.5,0,0,,1,11.5,1,1,0
2,11/10/2024 01:51:23 PM,11/10/2024 02:04:42 PM,N,1,65,17,1,2,13.5,0,0.5,3.75,0,,1,18.75,1,1,0
2,12/13/2024 01:53:16 PM,12/13/2024 02:09:07 PM,N,1,244,42,1,2.45,17,0,0.5,0,0,,1,18.5,2,1,0
1,11/22/2024 08:57:30 AM,11/22/2024 09:02:09 AM,N,1,166,238,1,0.9,6.5,0,1.5,1.6,0,,1,9.6,1,1,0
2,04/04/2024 07:21:34 AM,04/04/2024 07:33:20 AM,N,1,74,236,1,1.83,12.1,0,0.5,1,0,,1,17.35,1,1,2.75
2,01/18/2024 01:04:49 PM,01/18/2024 01:18:01 PM,N,1,74,236,1,2.11,14.2,0,0.5,3.69,0,,1,22.14,1,1,2.75
2,05/31/2024 11:46:00 AM,05/31/2024 12:02:46 PM,N,1,74,166,1,1.92,15.6,0,0.5,0,0,,1,17.1,2,1,0
2,10/27/2024 01:12:25 PM,10/27/2024 01:14:17 PM,N,1,41,41,2,0.41,4.4,0,0.5,0,0,,1,5.9,2,1,0
2,07/06/2024 04:59:52 PM,07/06/2024 05:08:45 PM,N,1,74,236,1,2.17,12.1,0,0.5,3.27,0,,1,19.62,1,1,2.75
2,01/08/2024 06:23:58 PM,01/08/2024 06:30:28 PM,N,1,95,95,1,0.97,8.6,2.5,0.5,1,0,,1,13.6,1,1,0
2,08/22/2024 04:29:39 PM,08/22/2024 04:37:45 PM,N,1,75,237,1,1.66,10.7,2.5,0.5,5.24,0,,1,22.69,1,1,2.75
2,12/30/2024 03:59:57 PM,12/30/2024 04:08:34 PM,N,1,130,197,1,1.18,9.3,2.5,0.5,0,0,,1,13.3,2,1,0
2,04/10/2024 07:56:19 PM,04/10/2024 08:10:34 PM,N,1,43,48,1,3.05,17,2.5,0.5,5.94,0,,1,29.69,1,1,2.75
2,10/01/2024 07:23:53 PM,10/01/2024 07:34:35 PM,N,1,43,141,1,2.08,12.8,2.5,0.5,3.91,0,,1,23.46,1,1,2.75
2,12/27/2024 11:03:58 AM,12/28/2024 10:28:10 AM,N,5,65,68,1,5.02,40,0,0,8.75,0,,1,52.5,1,2,2.75
2,12/06/2024 06:49:56 PM,12/06/2024 07:00:15 PM,N,1,65,65,1,1.1,10.7,2.5,0.5,2.94,0,,1,17.64,1,1,0
2,04/13/2024 03:04:00 PM,04/13/2024 03:20:00 PM,,,42,236,,3.23,21.03,0,0,4.37,0,,1,29.15,,,
2,09/07/2024 09:14:41 PM,09/07/2024 09:43:24 PM,N,1,97,36,1,4.7,26.1,1,0.5,5.72,0,,1,34.32,1,1,0
1,05/05/2024 03:21:20 PM,05/05/2024 04:08:48 PM,N,1,37,76,1,0,24.5,0,1.5,0,0,,1,26,1,1,0
2,09/30/2024 06:35:33 PM,09/30/2024 06:58:40 PM,N,1,97,225,1,2.98,21.2,2.5,0.5,0,0,,1,25.2,2,1,0
2,09/27/2024 09:25:08 AM,09/27/2024 09:29:30 AM,N,1,24,43,6,1.34,7.9,0,0.5,1.88,0,,1,11.28,1,1,0
2,02/02/2024 06:13:40 PM,02/02/2024 06:21:37 PM,N,1,75,239,1,1.59,10,2.5,0.5,3.35,0,,1,20.1,1,1,2.75
2,01/20/2024 01:39:25 PM,01/20/2024 01:51:07 PM,N,1,74,138,1,6.59,26.8,5,0.5,8.05,6.94,,1,48.29,1,1,0
2,02/14/2024 05:58:58 PM,02/14/2024 06:19:12 PM,N,1,179,83,6,2.85,20.5,2.5,0.5,0,0,,1,24.5,2,1,0
1,11/03/2024 01:18:38 PM,11/03/2024 01:34:25 PM,N,1,24,48,0,4.4,21.9,2.75,1.5,5.2,0,,1,31.35,1,1,2.75
2,04/03/2024 08:31:29 PM,04/03/2024 08:46:51 PM,N,1,74,141,1,3.09,17,1,0.5,6.68,0,,1,28.93,1,1,2.75
1,07/07/2024 09:01:21 PM,07/07/2024 09:07:45 PM,N,1,260,7,1,1.4,8.6,1,1.5,2.2,0,,1,13.3,1,1,0
2,06/09/2024 11:33:26 PM,06/09/2024 11:33:31 PM,N,5,93,93,1,0,20,0,0,5.25,0,,1,26.25,1,2,0
2,11/21/2024 12:12:47 PM,11/21/2024 12:48:19 PM,N,1,74,230,1,4.84,32.4,0,0.5,5,0,,1,41.65,1,1,2.75
2,11/16/2024 01:08:05 PM,11/16/2024 01:17:35 PM,N,1,7,223,1,0.99,10,0,0.5,2.3,0,,1,13.8,1,1,0
2,06/22/2024 09:43:48 PM,06/22/2024 10:03:47 PM,N,1,43,68,1,6.34,28.9,1,0.5,6.78,0,,1,40.68,1,1,2.5
2,03/24/2024 12:29:18 PM,03/24/2024 01:00:34 PM,N,1,41,107,2,6.62,34.5,0,0.5,0,0,,1,38.75,1,1,2.75
2,10/29/2024 01:50:41 PM,10/29/2024 01:52:29 PM,N,1,83,129,1,0.1,3.7,0,0.5,0,0,,1,5.2,2,1,0
2,11/15/2024 10:25:00 PM,11/15/2024 10:41:07 PM,N,1,181,227,5,2.91,17.7,1,0.5,3.38,0,,1,23.58,1,1,0
2,03/15/2024 12:40:09 AM,03/15/2024 12:53:03 AM,N,1,244,239,1,5,22.6,1,0.5,4.5,0,,1,32.35,1,1,2.75
2,07/04/2024 06:45:30 PM,07/04/2024 06:51:21 PM,N,1,74,74,1,0.87,7.9,0,0.5,1,0,,1,10.4,1,1,0
1,05/02/2024 03:31:23 PM,05/02/2024 03:42:01 PM,N,1,244,152,1,2.2,14.2,0,1.5,3,0,,1,18.7,1,1,0
1,06/12/2024 02:22:39 PM,06/12/2024 02:36:57 PM,N,1,166,244,1,3.8,19.1,0,1.5,4.1,0,,1,24.7,1,1,0
1,12/05/2024 09:25:10 AM,12/05/2024 10:40:54 AM,N,1,39,142,1,0,51.5,0,1.5,0,6.94,,1,59.94,1,1,0
2,05/08/2024 06:06:52 AM,05/08/2024 06:43:22 AM,N,2,262,132,1,17.78,70,0,0.5,15.69,6.94,,1,94.13,1,1,0
1,01/30/2024 11:40:36 AM,01/30/2024 12:06:01 PM,N,1,43,260,1,8.1,38.7,0,1.5,4,6.94,,1,51.14,1,1,0
2,09/14/2024 11:55:03 AM,09/14/2024 12:00:44 PM,N,1,74,168,2,0.99,7.9,0,0.5,0,0,,1,9.4,2,1,0
2,03/19/2024 02:56:34 PM,03/19/2024 03:24:35 PM,N,1,74,167,1,3.8,26.1,0,0.5,0,0,,1,27.6,1,1,0
2,04/19/2024 01:11:45 PM,04/19/2024 01:28:58 PM,N,1,74,238,1,2.88,17.7,0,0.5,4.39,0,,1,26.34,1,1,2.75
2,08/19/2024 08:37:04 AM,08/19/2024 08:49:35 AM,N,1,130,132,1,3.5,17.7,0,0.5,5.76,0,,1,24.96,1,1,0
2,07/23/2024 10:52:22 AM,07/23/2024 11:06:03 AM,N,1,166,75,1,1.96,14.2,0,0.5,1.57,0,,1,17.27,1,1,0
1,04/20/2024 12:04:28 AM,04/20/2024 12:10:39 AM,N,1,52,25,2,1.1,8.6,1,1.5,3.3,0,,1,14.4,1,1,0
1,11/05/2024 05:05:35 PM,11/05/2024 05:15:38 PM,N,1,75,74,1,1.3,10,0,1.5,2.85,0,,1,14.35,1,1,0
2,08/24/2024 07:25:05 PM,08/24/2024 07:31:44 PM,N,1,97,97,1,0.82,7.9,0,0.5,0,0,,1,9.4,2,1,0
1,11/11/2024 11:43:52 AM,11/11/2024 11:53:54 AM,N,1,74,152,0,1.6,11.4,0,1.5,1,0,,1,13.9,1,1,0
1,08/06/2024 05:02:20 PM,08/06/2024 05:20:03 PM,N,1,74,238,1,2.5,14.9,5.25,1.5,5.4,0,,1,27.05,1,1,2.75
2,10/16/2024 02:33:11 PM,10/16/2024 02:44:41 PM,N,1,75,74,1,1.56,10.7,0,0.5,0,0,,1,12.2,2,1,0
2,05/13/2024 08:36:19 PM,05/13/2024 08:42:31 PM,N,1,43,74,1,1.62,9.3,1,0.5,0,0,,1,11.8,2,1,0
2,05/29/2024 09:10:19 AM,05/29/2024 09:24:21 AM,N,1,95,56,1,2.22,14.9,0,0.5,0,0,,1,16.4,2,1,0
2,07/10/2024 06:14:46 PM,07/10/2024 06:21:01 PM,N,1,75,74,1,1.31,8.6,2.5,0.5,2.52,0,,1,15.12,1,1,0
2,03/08/2024 04:20:52 PM,03/08/2024 04:31:02 PM,N,1,33,49,1,1.61,11.4,2.5,0.5,3.85,0,,1,19.25,1,1,0
2,07/28/2024 11:52:29 AM,07/28/2024 12:08:51 PM,N,1,75,230,1,3.44,18.4,0,0.5,4.39,0,,0.3,26.34,1,1,2.75
1,09/28/2024 06:05:50 PM,09/28/2024 06:22:22 PM,N,1,65,52,0,1.4,15.6,0,1.5,3.4,0,,1,20.5,1,1,0
2,06/12/2024 06:28:27 PM,06/12/2024 06:39:39 PM,N,1,83,82,1,1.15,10.7,2.5,0.5,0,0,,1,14.7,2,1,0
2,04/16/2024 09:17:06 PM,04/16/2024 09:28:51 PM,N,1,33,87,1,3.03,15.6,1,0.5,2.08,0,,1,22.93,1,1,2.75
2,12/05/2024 04:03:25 PM,12/05/2024 04:34:20 PM,N,1,95,132,1,7.23,36.6,2.5,0.5,7.8,0,,1,48.4,1,1,0
2,12/20/2024 01:52:00 PM,12/20/2024 02:06:00 PM,,,75,24,,4.71,16.89,0,0.5,0,0,,1,18.39,,,
2,11/30/2024 05:31:01 PM,11/30/2024 05:55:23 PM,N,1,41,143,3,3.42,23.3,0,0.5,0,0,,1,27.55,2,1,2.75
2,07/20/2024 04:31:23 PM,07/20/2024 04:31:29 PM,N,1,193,193,1,0,3,0,0.5,0,0,,1,4.5,2,1,0
1,02/17/2024 04:17:18 PM,02/17/2024 04:33:34 PM,N,1,74,147,1,2.7,17.7,0,1.5,0,0,,1,19.2,2,1,0
2,07/22/2024 09:30:45 AM,07/22/2024 09:44:51 AM,N,1,74,138,2,6.61,27.5,5,0.5,0,6.94,,1,40.94,2,1,0
2,07/06/2024 01:01:33 AM,07/06/2024 01:28:00 AM,N,1,255,158,1,5.88,30.3,1,0.5,7.11,0,,1,42.66,1,1,2.75
2,06/04/2024 07:48:10 PM,06/04/2024 07:55:15 PM,N,1,42,151,2,1.26,9.3,2.5,0.5,3.32,0,,1,16.62,1,1,0
2,10/01/2024 04:08:21 PM,10/01/2024 04:17:26 PM,N,1,75,74,1,1.39,9.3,2.5,0.5,0,0,,1,13.3,2,1,0
2,01/30/2024 12:12:52 PM,01/30/2024 12:25:25 PM,N,1,74,166,1,1.83,13.5,0,0.5,3,0,,1,18,1,1,0
2,01/24/2024 07:03:52 AM,01/24/2024 07:09:05 AM,N,1,74,75,1,0.87,7.2,0,0.5,1.74,0,,1,10.44,1,1,0
2,09/16/2024 11:07:37 PM,09/16/2024 11:14:09 PM,N,1,211,234,1,1.43,9.3,1,0.5,2.86,0,,1,17.16,1,1,2.5
1,04/05/2024 06:00:09 PM,04/05/2024 06:08:35 PM,N,1,74,42,1,0.8,8.6,2.5,1.5,3,0,,1,15.6,1,1,0
2,04/24/2024 08:09:56 AM,04/24/2024 08:20:43 AM,N,1,74,166,1,1.36,11.4,0,0.5,2.58,0,,1,15.48,1,1,0
2,06/26/2024 01:50:00 PM,06/26/2024 02:31:00 PM,,,61,132,,11.24,55.71,0,0,11.24,0,,1,67.95,,,
2,03/06/2024 07:26:52 PM,03/06/2024 07:28:40 PM,N,1,41,41,1,0.36,4.4,2.5,0.5,0,0,,1,8.4,2,1,0
2,10/24/2024 07:11:46 AM,10/24/2024 07:35:08 AM,N,1,41,161,1,4.71,25.4,0,0.5,5.93,0,,1,35.58,1,1,2.75
2,11/04/2024 04:59:04 PM,11/04/2024 05:07:22 PM,N,1,75,74,1,1.44,10,2.5,0.5,1.5,0,,1,15.5,1,1,0
2,05/24/2024 06:31:00 PM,05/24/2024 07:02:00 PM,,,94,152,,4.68,36.02,0,0,3.65,0,,1,40.67,,,
2,03/16/2024 09:42:49 PM,03/16/2024 09:42:53 PM,N,5,171,171,1,0,18,0,0,2,0,,1,21,1,2,0
2,05/09/2024 02:07:17 PM,05/09/2024 02:12:39 PM,N,1,42,41,1,1.06,7.9,0,0.5,1.88,0,,1,11.28,1,1,0
2,04/09/2024 03:58:17 PM,04/09/2024 04:15:36 PM,N,1,75,41,1,2.1,17,0,0.5,0,0,,1,18.5,2,1,0
2,12/14/2024 06:31:37 PM,12/14/2024 06:43:46 PM,N,1,152,75,1,2.12,12.8,0,0.5,2.86,0,,1,17.16,1,1,0
1,04/22/2024 04:42:33 PM,04/22/2024 04:42:33 PM,Y,1,43,264,1,0,12.1,5.25,1.5,0,0,,1,18.85,2,1,2.75
2,07/22/2024 07:58:46 PM,07/22/2024 08:05:03 PM,N,1,65,49,1,1.21,7.9,2.5,0.5,2.38,0,,1,14.28,1,1,0
2,03/20/2024 03:22:24 PM,03/20/2024 03:47:25 PM,N,1,244,262,1,6.88,32.4,0,0.5,5,0,,1,41.65,1,1,2.75
2,03/27/2024 07:08:20 AM,03/27/2024 07:22:30 AM,N,1,74,75,1,1.96,14.9,0,0.5,3.28,0,,1,19.68,1,1,0
2,01/23/2024 07:39:44 PM,01/23/2024 08:03:33 PM,N,1,82,170,1,6.2,32.4,2.5,0.5,9.22,6.94,,1,55.31,1,1,2.75
2,03/10/2024 11:29:16 AM,03/10/2024 11:39:15 AM,N,1,74,41,2,1.38,10.7,0,0.5,2.12,0,,1,14.32,1,1,0
2,05/17/2024 06:15:34 PM,05/17/2024 06:39:42 PM,N,1,75,230,1,3.32,22.6,2.5,0.5,5.87,0,,1,35.22,1,1,2.75
2,11/14/2024 07:29:46 AM,11/14/2024 07:33:46 AM,N,1,74,74,1,0.67,6.5,0,0.5,0,0,,1,8,2,1,0
1,02/17/2024 06:01:49 PM,02/17/2024 06:16:18 PM,N,1,83,138,1,2.9,15.6,5,1.5,0,0,,1,22.1,2,1,0
2,09/12/2024 08:14:08 AM,09/12/2024 08:23:33 AM,N,1,74,75,1,1.18,10,0,0.5,2.3,0,,1,13.8,1,1,0
2,08/04/2024 01:01:43 PM,08/04/2024 01:24:22 PM,N,1,65,13,1,4.48,24.7,0,0.5,5.79,0,,1,34.74,1,1,2.75
2,08/01/2024 09:28:03 AM,08/01/2024 09:37:07 AM,N,1,74,236,1,1.56,10,0,0.5,2.85,0,,1,17.1,1,1,2.75
2,11/09/2024 11:32:15 PM,11/09/2024 11:41:24 PM,N,1,129,129,1,1.07,10,1,0.5,0,0,,1,12.5,2,1,0
2,11/29/2024 07:18:03 PM,11/29/2024 07:35:45 PM,N,5,92,16,4,3.52,25,0,0,1,0,,1,27,1,2,0
2,09/26/2024 08:31:21 PM,09/26/2024 08:36:11 PM,N,1,74,74,1,0.93,7.2,1,0.5,2.91,0,,1,12.61,1,1,0
2,05/10/2024 11:07:37 AM,05/10/2024 11:36:40 AM,N,1,74,239,1,3.66,26.8,0,0.5,0,0,,0.3,30.35,1,1,2.75
1,04/22/2024 08:51:09 AM,04/22/2024 09:25:39 AM,N,1,63,137,1,0,46.5,0,1.5,0,0,,1,48,1,1,0
2,07/08/2024 01:51:27 PM,07/08/2024 02:12:09 PM,N,1,43,161,1,3.23,20.5,0,0.5,5,0,,1,29.75,1,1,2.75
2,08/27/2024 10:38:49 AM,08/27/2024 10:49:04 AM,N,1,74,74,1,1.12,10.7,0,0.5,2.44,0,,1,14.64,1,1,0
1,01/04/2024 09:17:31 AM,01/04/2024 09:51:11 AM,N,1,188,89,3,4.3,27.5,0,1.5,0,0,,1,29,1,1,0
2,01/21/2024 08:38:00 PM,01/21/2024 08:50:42 PM,N,1,74,263,1,2.51,14.9,1,0.5,4.03,0,,1,24.18,1,1,2.75
2,10/20/2024 11:45:59 AM,10/20/2024 11:57:17 AM,N,1,43,239,1,1.96,12.8,0,0.5,2,0,,1,19.05,1,1,2.75
2,03/07/2024 05:49:02 PM,03/07/2024 06:36:57 PM,N,1,74,94,1,5.76,42.9,2.5,0.5,0,0,,1,46.9,2,1,0
2,04/03/2024 08:10:05 AM,04/03/2024 08:15:23 AM,N,1,75,75,1,0.89,7.2,0,0.5,1,0,,1,9.7,1,1,0
2,02/22/2024 09:31:00 AM,02/22/2024 10:40:00 AM,,,17,246,,7.47,44.83,0,0,0,0,,1,48.58,,,
2,05/21/2024 08:00:23 PM,05/21/2024 08:14:28 PM,N,1,97,61,1,1.46,12.8,2.5,0.5,0,0,,1,16.8,2,1,0
2,01/27/2024 05:46:38 PM,01/27/2024 05:53:26 PM,N,1,83,260,2,0.83,7.9,0,0.5,2.35,0,,1,11.75,1,1,0
2,10/11/2024 08:40:00 AM,10/11/2024 08:56:28 AM,N,1,74,244,1,3.19,18.4,0,0.5,3.98,0,,1,23.88,1,1,0
1,09/27/2024 11:53:03 AM,09/27/2024 12:18:08 PM,N,1,263,195,1,0,37.5,0,1.5,0,0,,1,39,1,1,0
2,12/17/2024 10:24:37 AM,12/17/2024 10:33:50 AM,N,1,43,239,5,1.93,11.4,0,0.5,3.13,0,,1,18.78,1,1,2.75
2,12/21/2024 01:42:13 PM,12/21/2024 01:53:42 PM,N,1,42,166,2,1.83,12.8,0,0.5,2.86,0,,1,17.16,1,1,0
2,11/15/2024 04:29:50 PM,11/15/2024 04:34:55 PM,N,1,97,25,1,0.49,6.5,2.5,0.5,2.1,0,,1,12.6,1,1,0
1,09/26/2024 05:05:56 PM,09/26/2024 05:29:37 PM,N,1,75,237,1,2,21.2,5.25,1.5,6.99,0,,1,34.94,1,1,2.75
2,09/24/2024 07:00:21 AM,09/24/2024 07:06:04 AM,N,1,41,74,1,0.22,6.5,0,0.5,2,0,,1,10,1,1,0
2,05/29/2024 08:40:45 AM,05/29/2024 08:59:31 AM,N,1,74,75,1,1.18,16.3,0,0.5,0,0,,1,17.8,2,1,0
2,03/17/2024 08:57:10 PM,03/17/2024 09:10:04 PM,N,1,74,262,1,2.69,15.6,1,0.5,3,0,,1,23.85,1,1,2.75
2,01/29/2024 11:05:20 AM,01/29/2024 11:05:48 AM,N,1,75,75,1,0,3,0,0.5,0,0,,1,4.5,2,1,0
2,02/01/2024 09:27:25 AM,02/01/2024 09:40:56 AM,N,1,74,237,6,2.79,15.6,0,0.5,0,0,,1,19.85,2,1,2.75
2,04/29/2024 08:50:14 PM,04/29/2024 09:05:47 PM,N,1,166,236,1,3.18,18.4,1,0.5,4.68,0,,1,28.08,1,1,2.5
2,02/20/2024 06:29:19 PM,02/20/2024 06:29:38 PM,N,5,167,167,1,0.09,22,0,0,0,0,,1,23,1,2,0
1,06/07/2024 07:42:54 AM,06/07/2024 07:49:52 AM,N,1,166,151,3,1.8,10.7,0,1.5,1.22,0,,1,13.42,1,1,0
2,02/10/2024 11:00:24 AM,02/10/2024 11:12:57 AM,N,1,74,239,1,3.35,16.3,0,0.5,5.14,0,,1,25.69,1,1,2.75
2,03/15/2024 12:01:26 AM,03/15/2024 12:08:19 AM,N,1,95,95,1,1.07,8.6,1,0.5,0,0,,1,11.1,2,1,0
2,08/23/2024 07:38:09 PM,08/23/2024 07:45:11 PM,N,1,43,263,1,1.17,8.6,2.5,0.5,3.07,0,,1,18.42,1,1,2.75
1,02/09/2024 06:58:28 PM,02/09/2024 07:07:56 PM,N,1,260,226,1,1.1,9.3,2.5,1.5,0,0,,1,13.3,1,1,0
2,12/07/2024 08:15:46 PM,12/07/2024 08:28:55 PM,N,1,134,216,1,3.75,19.1,1,0.5,4.32,0,,1,25.92,1,1,0
2,09/23/2024 01:10:30 PM,09/23/2024 01:30:07 PM,N,1,75,237,1,1.95,17.7,0,0.5,4.39,0,,1,26.34,1,1,2.75
2,11/24/2024 11:00:07 AM,11/24/2024 11:05:02 AM,N,1,41,166,1,1.02,7.9,0,0.5,1.88,0,,1,11.28,1,1,0
2,02/09/2024 02:10:14 PM,02/09/2024 02:20:52 PM,N,1,74,75,1,1.76,12.1,0,0.5,2.72,0,,1,16.32,1,1,0
2,02/11/2024 05:39:00 PM,02/11/2024 05:49:57 PM,N,1,75,141,1,1.7,12.1,0,0.5,3.27,0,,1,19.62,1,1,2.75
2,05/31/2024 04:12:28 AM,05/31/2024 04:29:34 AM,N,1,83,197,1,5.76,26.8,1,0.5,0,0,,1,29.3,2,1,0
2,06/13/2024 08:19:29 AM,06/13/2024 08:53:45 AM,N,1,42,140,1,3.98,30.3,0,0.5,0,0,,1,34.55,2,1,2.75
2,11/25/2024 03:54:39 AM,11/25/2024 04:04:02 AM,N,1,216,216,1,1.85,11.4,1,0.5,0,0,,1,13.9,2,1,0
2,05/26/2024 07:53:15 PM,05/26/2024 08:00:07 PM,N,1,74,75,1,1.01,7.2,0,0.5,0,0,,1,8.7,1,1,0
2,04/28/2024 02:56:25 PM,04/28/2024 03:21:04 PM,N,5,82,33,2,8.84,45,0,0,9.2,0,,1,55.2,1,1,0
1,09/14/2024 03:21:36 PM,09/14/2024 03:30:39 PM,N,1,74,74,1,1.3,10,0,1.5,0,0,,1,11.5,2,1,0
2,02/05/2024 07:04:07 PM,02/05/2024 07:12:10 PM,N,1,166,151,1,1.34,10,2.5,0.5,3.5,0,,1,17.5,1,1,0
2,09/07/2024 04:26:02 PM,09/07/2024 04:34:50 PM,N,1,75,238,1,1.34,10.7,0,0.5,1,0,,1,15.95,1,1,2.75
2,05/18/2024 10:45:57 AM,05/18/2024 11:05:25 AM,N,1,74,74,1,3.13,14.9,0,0.5,0,0,,1,16.4,2,1,0
2,05/16/2024 11:22:31 AM,05/16/2024 11:42:50 AM,N,1,74,237,1,2.85,19.8,0,0.5,2.4,0,,1,26.45,1,1,2.75
1,05/08/2024 06:27:01 PM,05/08/2024 06:36:03 PM,N,1,166,238,1,1.2,10.7,5.25,1.5,5.2,0,,1,22.65,1,1,2.75
1,09/16/2024 07:38:32 PM,09/16/2024 07:51:09 PM,N,1,74,239,1,2.8,14.9,5.25,1.5,4.33,0,,1,25.98,1,1,2.75
2,04/15/2024 06:03:16 PM,04/15/2024 06:15:47 PM,N,1,74,75,1,1.71,12.8,2.5,0.5,5.04,0,,1,21.84,1,1,0
2,07/07/2024 08:58:56 PM,07/07/2024 09:10:59 PM,N,1,74,263,1,2.47,14.9,1,0.5,3.5,0,,0.3,22.95,1,1,2.75
2,10/15/2024 12:04:38 AM,10/15/2024 12:13:24 AM,N,1,66,65,1,1.44,10,1,0.5,2.5,0,,1,15,1,1,0
2,06/21/2024 09:53:30 AM,06/21/2024 09:58:44 AM,N,1,41,42,2,0,6.5,0,0.5,0,0,,1,8,1,1,0
1,09/01/2024 12:05:16 PM,09/01/2024 12:21:50 PM,N,1,83,160,0,2.5,17,0,1.5,0,0,,1,18.5,2,1,0
2,04/04/2024 05:17:58 PM,04/04/2024 05:24:11 PM,N,1,75,238,1,1.24,8.6,2.5,0.5,3.84,0,,1,19.19,1,1,2.75
2,03/29/2024 10:41:16 PM,03/29/2024 10:48:39 PM,N,1,210,108,1,1.18,9.3,1,0.5,2.36,0,,1,14.16,1,1,0
2,01/16/2024 10:49:31 AM,01/16/2024 11:06:06 AM,N,1,24,247,1,3.32,19.1,0,0.5,4.12,0,,1,24.72,1,1,0
2,06/06/2024 07:56:07 PM,06/06/2024 08:02:21 PM,N,1,74,41,1,0.98,7.9,2.5,0.5,2.38,0,,1,14.28,1,1,0
2,12/06/2024 06:51:42 PM,12/06/2024 06:58:34 PM,N,1,42,42,1,0.82,7.9,2.5,0.5,0,0,,1,11.9,1,1,0
2,07/12/2024 10:51:36 PM,07/12/2024 11:12:17 PM,N,1,82,145,1,0,17,1,0.5,3.9,0,,1,23.4,1,1,0
2,07/12/2024 04:56:28 PM,07/12/2024 05:11:57 PM,N,1,129,146,1,2.26,16.3,2.5,0.5,0,0,,1,20.3,2,1,0
2,06/06/2024 07:12:25 PM,06/06/2024 07:16:41 PM,N,1,43,151,1,0.87,7.2,2.5,0.5,2.24,0,,1,13.44,1,1,0
2,11/30/2024 10:59:08 PM,11/30/2024 11:04:24 PM,N,1,97,49,1,0.39,6.5,1,0.5,1.8,0,,1,10.8,1,1,0
2,01/24/2024 11:04:22 PM,01/24/2024 11:07:41 PM,N,1,75,75,2,0.46,5.1,1,0.5,0.53,0,,1,8.13,1,1,0
2,05/22/2024 05:04:01 PM,05/22/2024 05:08:52 PM,N,1,75,74,2,0.94,7.2,2.5,0.5,2.8,0,,1,14,1,1,0
2,10/30/2024 06:33:57 PM,10/30/2024 06:49:17 PM,N,1,75,262,1,2.21,15.6,2.5,0.5,5.59,0,,1,27.94,1,1,2.75
2,11/13/2024 03:37:06 PM,11/13/2024 03:39:56 PM,N,1,43,151,1,0.85,5.8,0,0.5,1,0,,1,8.3,1,1,0
2,01/23/2024 09:54:00 AM,01/23/2024 10:08:00 AM,,,75,140,,2.98,20.19,0,0,3.11,0,,1,27.05,,,
2,02/06/2024 09:07:11 AM,02/06/2024 09:18:35 AM,N,1,74,166,1,1.67,12.1,0,0.5,1,0,,1,14.6,1,1,0
2,12/17/2024 09:18:00 PM,12/17/2024 09:24:13 PM,N,1,112,256,1,0.96,7.2,1,0.5,1,0,,1,10.7,1,1,0
2,09/06/2024 07:41:51 AM,09/06/2024 07:57:23 AM,N,1,236,138,1,8.38,33.8,5,0.5,7,6.94,,0.3,53.54,1,1,0
2,03/13/2024 10:36:43 PM,03/13/2024 10:47:05 PM,N,1,74,236,3,2.2,12.8,1,0.5,3.25,0,,1,21.3,1,1,2.75
2,11/21/2024 10:43:02 AM,11/21/2024 10:53:06 AM,N,1,74,166,1,1.5,10.7,0,0.5,2.44,0,,1,14.64,1,1,0
2,01/04/2024 03:17:39 PM,01/04/2024 03:41:13 PM,N,1,95,130,1,2.85,22.6,0,0.5,4.82,0,,1,28.92,1,1,0
2,12/03/2024 02:52:32 PM,12/03/2024 03:15:01 PM,N,1,24,236,1,2.19,21.2,0,0.5,2.08,0,,1,27.53,1,1,2.75
2,07/17/2024 10:05:15 AM,07/17/2024 10:21:28 AM,N,1,74,138,2,6.67,28.9,5,0.5,4,6.94,,1,46.34,1,1,0
2,02/22/2024 01:36:44 PM,02/22/2024 02:16:01 PM,N,1,55,55,1,9.77,46.4,0,0.5,0,0,,1,47.9,2,1,0
2,04/08/2024 12:21:46 AM,04/08/2024 12:22:37 AM,N,5,121,135,1,0.37,75,0,0,0,0,,1,76,1,2,0
2,01/27/2024 08:22:16 PM,01/27/2024 08:36:15 PM,N,1,74,238,1,2.66,16.3,1,0.5,3.76,0,,1,22.56,1,1,0
1,01/14/2024 07:42:17 PM,01/14/2024 07:57:10 PM,N,1,65,181,1,2.1,15.6,2.5,1.5,3,0,,1,22.6,1,1,0
1,04/30/2024 04:02:08 PM,04/30/2024 04:11:52 PM,N,1,75,41,1,1.4,10.7,0,1.5,2.4,0,,1,14.6,1,1,0
2,10/16/2024 09:17:46 AM,10/16/2024 09:18:48 AM,N,5,134,264,1,0,15,0,0,0.01,0,,1,16.01,1,2,0
2,01/21/2024 10:18:09 PM,01/21/2024 10:27:23 PM,N,1,74,75,1,1.75,11.4,1,0.5,0,0,,1,13.9,1,1,0
2,01/21/2024 03:40:28 AM,01/21/2024 04:02:10 AM,N,1,129,173,2,1.96,17.7,1,0.5,0,0,,1,20.2,2,1,0
2,02/07/2024 08:54:55 PM,02/07/2024 08:58:11 PM,N,1,65,65,1,0.53,5.1,1,0.5,1.52,0,,1,9.12,1,1,0
2,07/15/2024 08:54:50 PM,07/15/2024 09:00:54 PM,N,1,95,95,1,1.05,7.9,1,0.5,2,0,,1,12.4,1,1,0
2,05/24/2024 09:20:26 AM,05/24/2024 09:45:07 AM,N,1,75,212,5,6.91,33.1,0,0.5,0,0,,1,34.6,2,1,0
2,01/28/2024 07:54:02 PM,01/28/2024 07:57:21 PM,N,1,75,236,1,0.47,5.1,0,0.5,1.82,0,,1,10.92,1,1,2.5
2,09/27/2024 11:32:06 PM,09/27/2024 11:45:37 PM,N,1,74,151,1,2.41,14.9,1,0.5,0.87,0,,1,18.27,1,1,0
2,10/19/2024 01:25:48 PM,10/19/2024 01:31:12 PM,N,1,75,75,6,1.09,7.9,0,0.5,0,0,,1,9.4,2,1,0
2,05/16/2024 03:06:34 PM,05/16/2024 03:14:17 PM,N,1,43,238,1,1.07,9.3,0,0.5,3.39,0,,1,16.94,1,1,2.75
2,01/18/2024 01:29:11 PM,01/18/2024 01:48:46 PM,N,1,74,238,1,3.12,19.8,0,0.5,6.01,0,,1,30.06,1,1,2.75
2,03/22/2024 01:05:40 AM,03/22/2024 01:23:04 AM,N,1,95,173,1,2.62,17.7,1,0.5,5.05,0,,1,25.25,1,1,0
2,10/02/2024 03:33:04 PM,10/02/2024 04:11:49 PM,N,1,130,255,1,10.87,49.9,0,0.5,10.28,0,,1,61.68,1,1,0
2,04/22/2024 06:12:56 PM,04/22/2024 06:20:39 PM,N,1,129,260,1,1.11,9.3,2.5,0.5,0,0,,1,13.3,1,1,0
2,10/02/2024 05:04:14 PM,10/02/2024 05:22:55 PM,N,1,74,43,1,2.1,18.4,2.5,0.5,4.48,0,,1,26.88,1,1,0
2,11/21/2024 05:31:09 PM,11/21/2024 05:37:01 PM,N,1,75,74,1,0.89,7.2,2.5,0.5,0,0,,1,11.2,2,1,0
2,01/03/2024 02:40:35 PM,01/03/2024 03:01:48 PM,N,1,66,68,1,4.26,24,0,0.5,5.65,0,,1,33.9,1,1,2.75
2,07/26/2024 09:31:48 PM,07/26/2024 09:41:55 PM,N,1,41,168,1,1.99,12.8,1,0.5,0,0,,1,15.3,1,1,0
2,12/17/2024 08:34:12 PM,12/17/2024 08:42:05 PM,N,1,82,82,1,1.06,8.6,1,0.5,5.08,0,,1,16.18,1,1,0
1,02/27/2024 03:41:51 PM,02/27/2024 04:17:20 PM,N,1,49,161,0,8.3,42.2,2.75,1.5,9.25,0,,1,55.7,1,1,2.75
2,04/22/2024 09:27:49 AM,04/22/2024 09:33:24 AM,N,1,75,74,1,1.12,7.9,0,0.5,0,0,,1,9.4,2,1,0
2,04/24/2024 10:13:06 PM,04/24/2024 11:09:15 PM,N,1,247,33,1,13.14,67.4,1,0.5,14.53,0,,1,87.18,1,1,2.75
2,06/18/2024 07:21:20 PM,06/18/2024 07:34:42 PM,N,1,236,74,1,1.71,13.5,2.5,0.5,3.5,0,,1,21,1,1,0
2,03/06/2024 04:59:28 PM,03/06/2024 05:03:50 PM,N,1,226,226,1,0.57,5.8,2.5,0.5,4,0,,1,13.8,1,1,0
2,03/19/2024 10:05:06 AM,03/19/2024 10:17:26 AM,N,1,74,168,1,1.75,13.5,0,0.5,0,0,,1,15,2,1,0
2,11/04/2024 02:48:05 PM,11/04/2024 03:11:40 PM,N,1,75,244,1,3.9,22.6,0,0.5,4.82,0,,1,28.92,1,1,0
2,12/15/2024 10:38:00 AM,12/15/2024 10:50:00 AM,,,166,239,,3.32,17.08,0,0.5,1,0,,1,22.33,,,
2,04/27/2024 08:51:46 PM,04/27/2024 09:16:45 PM,N,1,82,10,1,7.19,33.1,1,0.5,0,0,,1,35.6,1,1,0
2,01/20/2024 11:03:43 AM,01/20/2024 11:15:53 AM,N,1,166,142,1,2.05,14.2,0,0.5,0,0,,1,18.45,2,1,2.75
2,09/29/2024 04:36:40 AM,09/29/2024 04:43:24 AM,N,5,80,198,1,1.65,25,0,0,5.2,0,,1,31.2,1,2,0
2,12/22/2024 11:05:00 PM,12/22/2024 11:05:00 PM,,,157,157,,0,18.66,0,0.5,3.63,0,,1,23.79,,,
2,02/10/2024 08:10:00 PM,02/10/2024 08:19:00 PM,,,116,166,,1.82,11.74,0,0,2.55,0,,1,15.29,,,
2,02/08/2024 07:48:05 AM,02/08/2024 08:05:34 AM,N,1,74,42,1,2.16,17,0,0.5,0,0,,1,18.5,1,1,0
2,03/05/2024 07:11:15 PM,03/05/2024 07:20:29 PM,N,1,75,41,1,1.7,10.7,2.5,0.5,2.94,0,,1,17.64,1,1,0
2,12/11/2024 03:02:28 PM,12/11/2024 03:08:40 PM,N,1,95,95,1,0.85,7.9,0,0.5,0,0,,1,9.4,2,1,0
2,06/12/2024 09:33:37 AM,06/12/2024 09:48:41 AM,N,1,74,166,1,1.93,14.9,0,0.5,3.28,0,,1,19.68,1,1,0
2,01/17/2024 07:02:35 PM,01/17/2024 07:31:40 PM,N,1,74,265,2,13.22,51.3,2.5,0.5,11.06,0,,1,66.36,1,1,0
2,11/06/2024 10:45:10 AM,11/06/2024 11:07:06 AM,N,1,43,230,6,3.09,21.9,0,0.5,5.23,0,,1,31.38,1,1,2.75
2,01/19/2024 07:08:00 AM,01/19/2024 07:22:32 AM,N,1,75,42,2,3.6,18.4,0,0.5,0,0,,1,19.9,1,1,0
2,05/20/2024 04:09:33 PM,05/20/2024 04:20:23 PM,N,1,74,42,1,1.45,11.4,2.5,0.5,0,0,,1,15.4,1,1,0
1,10/12/2024 06:44:35 PM,10/12/2024 07:03:00 PM,N,1,74,166,1,2.5,18.4,0,1.5,0,0,,1,19.9,1,1,0
2,04/24/2024 12:17:45 PM,04/24/2024 12:25:56 PM,N,1,75,238,1,1.06,10,0,0.5,0,0,,1,11.5,2,1,0
1,08/26/2024 01:25:45 PM,08/26/2024 01:43:34 PM,N,1,49,181,1,0,18.5,0,1.5,0,0,,1,20,1,1,0
2,09/12/2024 09:04:48 AM,09/12/2024 09:30:36 AM,N,1,74,43,1,2.55,22.6,0,0.5,4.03,0,,1,30.88,1,1,2.75
2,10/23/2024 08:06:51 AM,10/23/2024 08:37:16 AM,N,5,65,68,1,5.05,40,0,0,8.75,0,,1,52.5,1,2,2.75
2,07/19/2024 10:29:12 AM,07/19/2024 10:41:31 AM,N,1,74,236,1,1.95,12.8,0,0.5,3.41,0,,1,20.46,1,1,2.75
2,03/19/2024 06:24:09 PM,03/19/2024 06:24:58 PM,N,1,7,7,1,0.16,-3.7,-2.5,-0.5,0,0,,-1,-7.7,4,1,0
2,03/29/2024 01:11:19 AM,03/29/2024 01:23:02 AM,N,1,65,195,1,2.68,15.6,1,0.5,1.9,0,,1,20,1,1,0
2,07/11/2024 01:59:50 PM,07/11/2024 02:05:25 PM,N,1,75,236,1,0.51,7.2,0,0.5,2.29,0,,1,13.74,1,1,2.75
2,10/26/2024 09:49:00 PM,10/26/2024 10:02:11 PM,N,1,74,151,1,2.49,14.9,1,0.5,5.22,0,,1,22.62,1,1,0
2,04/03/2024 05:07:35 PM,04/03/2024 05:25:55 PM,N,1,166,42,1,2.34,17.7,2.5,0.5,10,0,,1,31.7,1,1,0
2,09/24/2024 08:25:37 AM,09/24/2024 08:29:48 AM,N,1,42,41,1,1.01,7.2,0,0.5,2.18,0,,1,10.88,1,1,0
2,04/17/2024 08:24:55 PM,04/17/2024 08:42:19 PM,N,1,41,168,1,2.54,17,1,0.5,0,0,,1,19.5,1,1,0
2,09/03/2024 09:31:11 AM,09/03/2024 09:51:41 AM,N,1,74,236,1,2.32,19.1,0,0.5,4.67,0,,1,28.02,1,1,2.75
1,06/23/2024 08:45:47 PM,06/23/2024 08:55:03 PM,N,1,75,238,1,1.7,10,3.75,1.5,2.5,0,,1,17.75,1,1,2.75
2,07/26/2024 06:38:46 PM,07/26/2024 06:51:40 PM,N,1,74,236,1,2.34,14.2,2.5,0.5,5.24,0,,1,26.19,1,1,2.75
2,04/24/2024 07:23:03 AM,04/24/2024 07:51:53 AM,N,1,243,161,1,9.74,42.9,0,0.5,0,0,,1,47.15,2,1,2.75
2,02/14/2024 11:58:21 AM,02/14/2024 12:14:08 PM,N,1,41,116,1,2.61,16.3,0,0.5,0,0,,1,17.8,2,1,0
2,03/28/2024 02:11:05 PM,03/28/2024 02:34:26 PM,N,1,92,130,2,1.79,21.2,0,0.5,4.54,0,,1,27.24,1,1,0
2,05/02/2024 10:39:39 PM,05/02/2024 11:02:19 PM,N,1,7,75,2,5.31,26.8,1,0.5,0,0,,1,32.05,2,1,2.75
2,07/19/2024 12:04:10 PM,07/19/2024 12:37:47 PM,N,1,82,188,1,8.81,40.8,0,0.5,8.46,0,,1,50.76,1,1,0
2,04/14/2024 04:09:13 PM,04/14/2024 04:09:16 PM,N,5,129,264,1,0,20,0,0,4.2,0,,1,25.2,1,2,0
2,11/06/2024 04:10:39 PM,11/06/2024 04:19:29 PM,N,1,82,138,2,3.76,17,7.5,0.5,2,0,,1,28,1,1,0
2,09/14/2024 05:24:18 PM,09/14/2024 05:38:25 PM,N,1,74,179,1,3.23,18.4,0,0.5,5.37,6.94,,1,32.21,1,1,0
2,10/10/2024 09:09:24 PM,10/10/2024 09:15:00 PM,N,1,41,151,1,0.86,7.9,1,0.5,0,0,,0.3,9.7,2,1,0
2,05/15/2024 12:07:30 PM,05/15/2024 12:35:30 PM,N,1,74,140,1,3.32,24.7,0,0.5,5.79,0,,1,34.74,1,1,2.75
2,11/12/2024 04:40:48 PM,11/12/2024 04:52:16 PM,N,1,43,151,1,1.37,11.4,2.5,0.5,0,0,,1,15.4,1,1,0
2,11/22/2024 11:15:09 AM,11/22/2024 11:24:31 AM,N,1,260,138,1,4.12,17.7,5,0.5,4.84,0,,1,29.04,1,1,0
2,08/20/2024 04:40:01 PM,08/20/2024 04:51:00 PM,N,5,244,166,1,2.35,15,0,0,0,0,,1,16,2,2,0
2,08/30/2024 01:13:53 PM,08/30/2024 01:26:36 PM,N,1,74,238,1,2.64,14.9,0,0.5,3.83,0,,1,22.98,1,1,2.75
2,12/25/2024 07:05:00 PM,12/25/2024 07:05:05 PM,N,2,134,134,1,0.01,70,0,0.5,0,0,,1,71.5,2,1,0
2,12/17/2024 06:02:32 PM,12/17/2024 06:20:17 PM,N,1,74,239,1,3.42,19.1,2.5,0.5,0,0,,1,25.85,2,1,2.75
2,09/25/2024 05:10:37 PM,09/25/2024 05:26:29 PM,N,1,82,138,1,4,20.5,7.5,0.5,5.9,0,,1,35.4,1,1,0
2,09/23/2024 05:17:40 PM,09/23/2024 05:30:12 PM,N,1,95,95,1,1.07,12.1,2.5,0.5,0,0,,1,16.1,2,1,0
2,05/19/2024 04:42:38 PM,05/19/2024 04:52:21 PM,N,1,41,116,1,1.54,11.4,0,0.5,0,0,,1,12.9,2,1,0
2,03/26/2024 02:30:46 PM,03/26/2024 02:44:28 PM,N,1,43,262,1,1.8,13.5,0,0.5,3.55,0,,1,21.3,1,1,2.75
2,12/07/2024 11:09:13 AM,12/08/2024 10:19:46 AM,N,1,65,88,1,2.79,14.2,0,0.5,3.69,0,,1,22.14,1,1,2.75
2,11/09/2024 11:39:23 PM,11/10/2024 12:13:36 AM,N,1,255,142,1,6.9,36.6,1,0.5,6.28,0,,1,48.13,1,1,2.75
2,03/13/2024 02:31:26 PM,03/13/2024 02:40:42 PM,N,1,42,74,1,1.04,10,0,0.5,0,0,,1,11.5,2,1,0
2,06/03/2024 07:40:29 PM,06/03/2024 07:50:11 PM,N,1,75,42,1,2.06,12.1,2.5,0.5,3.22,0,,1,19.32,1,1,0
2,08/08/2024 07:41:09 PM,08/08/2024 07:51:58 PM,N,1,244,116,1,1.3,11.4,2.5,0.5,4.62,0,,1,20.02,1,1,0
2,06/15/2024 08:01:45 PM,06/15/2024 08:16:10 PM,N,1,74,239,1,3.22,17,1,0.5,4.45,0,,1,26.7,1,1,2.75
2,03/19/2024 08:01:19 PM,03/19/2024 08:01:33 PM,N,5,7,7,1,0,7,0,0,1.6,0,,1,9.6,1,2,0
2,04/01/2024 06:32:28 PM,04/01/2024 06:44:52 PM,N,1,74,236,1,2.25,14.2,2.5,0.5,1,0,,1,21.95,1,1,2.75
1,03/27/2024 08:27:33 AM,03/27/2024 08:52:28 AM,N,1,244,236,2,6.1,28.9,2.75,1.5,4.97,0,,1,38.12,1,1,2.75
2,10/10/2024 10:00:17 AM,10/10/2024 10:13:18 AM,N,1,42,74,1,1.13,12.8,0,0.5,0,0,,1,14.3,2,1,0
2,09/23/2024 04:45:16 PM,09/23/2024 04:45:31 PM,N,1,42,42,1,0.02,3,2.5,0.5,0,0,,1,7,2,1,0
2,12/24/2024 10:34:00 AM,12/24/2024 11:24:00 AM,,,86,35,,0,59.75,0,0.5,0,0,,1,61.25,,,
2,06/11/2024 10:59:31 PM,06/11/2024 11:07:26 PM,N,5,93,171,1,2.07,20,0,0,0,0,,1,21,1,2,0
2,08/26/2024 10:35:03 AM,08/26/2024 10:56:02 AM,N,1,74,151,2,2.62,19.8,0,0.5,4.26,0,,1,25.56,1,1,0
2,12/06/2024 09:21:09 AM,12/06/2024 09:21:13 AM,N,1,191,191,1,0,3,0,0.5,0,0,,1,4.5,2,1,0
2,10/01/2024 03:29:22 PM,10/01/2024 03:47:06 PM,N,1,43,142,5,2.45,17.7,0,0.5,1,0,,1,22.95,1,1,2.75
2,05/08/2024 10:57:49 AM,05/08/2024 11:26:57 AM,N,1,226,95,5,6.43,33.8,0,0.5,0,0,,1,35.3,2,1,0
2,04/15/2024 07:45:31 AM,04/15/2024 07:56:20 AM,N,1,134,121,1,2.2,13.5,0,0.5,2.25,0,,1,17.25,1,1,0
2,02/10/2024 02:48:54 PM,02/10/2024 03:10:41 PM,N,1,41,107,1,6.48,29.6,0,0.5,3,0,,1,36.85,1,1,2.75
1,01/19/2024 02:46:41 PM,01/19/2024 03:17:51 PM,N,1,244,4,1,11.6,46.4,2.75,1.5,10,0,,1,60.65,1,1,2.75
2,03/08/2024 12:28:46 PM,03/08/2024 12:36:29 PM,N,1,97,97,2,0.84,8.6,0,0.5,2.02,0,,1,12.12,1,1,0
2,02/08/2024 06:44:32 AM,02/08/2024 06:52:54 AM,N,1,74,166,1,1.52,10.7,0,0.5,2.44,0,,1,14.64,1,1,0
2,01/10/2024 11:39:02 PM,01/10/2024 11:43:04 PM,N,1,210,210,1,0.57,5.8,1,0.5,2.49,0,,1,10.79,1,1,0
2,11/15/2024 09:41:16 PM,11/15/2024 09:48:59 PM,N,1,223,223,1,1.45,9.3,1,0.5,0,0,,1,11.8,2,1,0
2,04/30/2024 05:13:55 PM,04/30/2024 05:23:34 PM,N,1,75,74,1,1.83,11.4,2.5,0.5,1,0,,1,16.4,1,1,0
2,08/19/2024 09:29:42 AM,08/19/2024 09:31:33 AM,N,1,95,95,2,0,3.7,0,0.5,0,0,,1,5.2,3,1,0
2,04/18/2024 04:27:00 AM,04/18/2024 04:37:00 AM,,,116,75,,3.99,19.97,0,0,4.09,0,,1,25.06,,,
2,02/10/2024 06:11:47 PM,02/10/2024 06:28:12 PM,N,1,65,225,1,2.28,16.3,0,0.5,3.56,0,,1,21.36,1,1,0
2,05/15/2024 11:59:15 AM,05/15/2024 12:28:43 PM,N,1,24,162,1,3.84,27.5,0,0.5,6.35,0,,1,38.1,1,1,2.75
2,02/08/2024 08:20:10 AM,02/08/2024 08:31:38 AM,N,1,74,75,1,1.45,12.1,0,0.5,2.72,0,,1,16.32,1,1,0
2,07/02/2024 06:59:42 PM,07/02/2024 07:42:49 PM,N,1,97,165,1,5.25,37.3,2.5,0.5,8.26,0,,1,49.56,1,1,0
2,02/23/2024 11:00:55 AM,02/23/2024 11:05:08 AM,N,1,7,7,1,0.4,5.8,0,0.5,1.46,0,,1,8.76,1,1,0
2,02/15/2024 01:34:52 PM,02/15/2024 01:36:01 PM,N,1,95,95,1,0,-3.7,0,-0.5,0,0,,-1,-5.2,4,1,0
1,02/12/2024 02:05:35 PM,02/12/2024 02:37:23 PM,N,1,61,76,1,5.4,31,0,1.5,0,0,,1,32.5,2,1,0
2,05/23/2024 01:16:46 PM,05/23/2024 01:26:16 PM,N,1,82,138,1,3.51,16.3,5,0.5,0,0,,1,22.8,2,1,0
2,06/03/2024 04:43:09 PM,06/03/2024 04:49:34 PM,N,1,75,74,1,1,7.9,2.5,0.5,0,0,,1,11.9,2,1,0
1,11/01/2024 05:07:44 PM,11/01/2024 05:23:25 PM,N,1,41,263,1,3.5,16.3,5.25,1.5,5.75,0,,1,28.8,1,1,2.75
2,10/17/2024 11:28:51 PM,10/17/2024 11:36:51 PM,N,1,82,129,2,1.09,10,1,0.5,1,0,,1,13.5,1,1,0
2,08/12/2024 06:22:17 PM,08/12/2024 06:41:11 PM,N,1,7,56,1,5.56,24.7,2.5,0.5,2,0,,1,30.7,1,1,0
2,08/05/2024 06:21:24 AM,08/05/2024 06:29:53 AM,N,1,74,75,1,1.68,10.7,0,0.5,0,0,,1,12.2,1,1,0
2,11/30/2024 03:51:52 PM,11/30/2024 03:58:16 PM,N,1,75,238,1,1.43,9.3,0,0.5,0,0,,1,10.8,2,1,0
2,01/20/2024 05:22:34 PM,01/20/2024 05:29:47 PM,N,5,95,95,2,0.88,12,0,0,2.6,0,,1,15.6,1,2,0
1,04/05/2024 07:14:46 PM,04/05/2024 07:31:44 PM,N,1,82,160,1,2.8,16.3,2.5,1.5,5.05,0,,1,25.35,1,1,0
2,04/18/2024 02:05:36 PM,04/18/2024 02:20:42 PM,N,1,130,205,1,2.66,16.3,0,0.5,3.56,0,,1,21.36,1,1,0
2,09/22/2024 07:44:47 PM,09/22/2024 08:09:09 PM,N,5,82,102,1,5.2,50,0,0,0,0,,1,51,2,2,0
2,05/08/2024 07:51:22 PM,05/08/2024 08:03:21 PM,N,1,95,95,1,1.53,12.1,2.5,0.5,0,0,,1,16.1,1,1,0
2,05/08/2024 04:41:05 PM,05/08/2024 04:53:45 PM,N,1,75,262,1,1.49,12.8,2.5,0.5,3.91,0,,1,23.46,1,1,2.75
2,07/16/2024 09:53:16 PM,07/16/2024 10:09:11 PM,N,1,43,224,1,5.07,24,1,0.5,5,0,,1,34.25,1,1,2.75
2,02/20/2024 09:03:55 AM,02/20/2024 02:11:49 PM,N,1,226,223,1,27.78,251.5,0,0.5,0,0,,1,253,2,1,0
2,11/13/2024 07:20:12 AM,11/13/2024 07:30:14 AM,N,1,74,75,1,1.32,10.7,0,0.5,1.22,0,,1,13.42,1,1,0
2,10/08/2024 04:37:45 PM,10/08/2024 04:44:31 PM,N,1,75,74,6,1.1,8.6,2.5,0.5,2.52,0,,1,15.12,1,1,0
2,08/20/2024 10:05:51 AM,08/20/2024 10:12:27 AM,N,1,74,236,1,1.39,8.6,0,0.5,1,0,,1,13.85,1,1,2.75
2,04/04/2024 03:58:15 PM,04/04/2024 04:03:25 PM,N,1,42,41,1,0.67,6.5,0,0.5,0,0,,1,8,1,1,0
2,01/24/2024 06:30:44 PM,01/24/2024 06:35:15 PM,N,1,210,210,1,0.68,6.5,2.5,0.5,1,0,,1,11.5,1,1,0
2,02/15/2024 10:56:32 PM,02/15/2024 11:07:13 PM,N,1,66,40,1,2.42,13.5,1,0.5,4,0,,1,20,1,1,0
2,01/13/2024 05:53:05 PM,01/13/2024 05:57:28 PM,N,1,223,223,1,0.9,6.5,0,0.5,1,0,,1,9,1,1,0
2,03/19/2024 11:13:42 AM,03/19/2024 11:36:41 AM,N,1,75,237,2,2.47,19.8,0,0.5,0,0,,1,24.05,1,1,2.75
2,11/12/2024 11:37:29 PM,11/12/2024 11:40:49 PM,N,1,95,95,1,0.52,5.8,1,0.5,0,0,,1,8.3,2,1,0
2,08/22/2024 02:55:59 PM,08/22/2024 03:06:46 PM,N,1,134,131,1,3.42,16.3,0,0.5,3.56,0,,1,21.36,1,1,0
2,08/15/2024 11:18:17 AM,08/15/2024 11:39:21 AM,N,1,65,225,1,3.13,20.5,0,0.5,0,0,,1,22,2,1,0
2,01/12/2024 08:14:16 PM,01/12/2024 08:24:12 PM,N,1,75,42,1,2.1,12.8,1,0.5,3.06,0,,1,18.36,1,1,0
2,05/09/2024 06:05:36 PM,05/09/2024 06:19:52 PM,N,1,223,138,1,2.24,15.6,7.5,0.5,0,0,,1,24.6,2,1,0
2,03/22/2024 10:31:29 PM,03/22/2024 10:44:50 PM,N,1,74,262,1,2.63,15.6,1,0.5,5.21,0,,1,26.06,1,1,2.75
2,06/03/2024 03:30:10 PM,06/03/2024 03:50:09 PM,N,1,43,237,2,2.32,19.1,0,0.5,0,0,,1,23.35,2,1,2.75
2,02/10/2024 11:49:36 PM,02/10/2024 11:56:32 PM,N,1,41,116,6,1.78,10,1,0.5,3.12,0,,1,15.62,1,1,0
2,07/23/2024 04:17:15 PM,07/23/2024 04:27:15 PM,N,1,65,97,1,1.18,10,2.5,0.5,0,0,,1,14,1,1,0
2,03/04/2024 05:14:00 PM,03/04/2024 05:22:00 PM,,,193,7,,1,10.44,0,0,2.29,0,,1,13.73,,,
2,04/24/2024 10:05:18 AM,04/24/2024 10:17:18 AM,N,1,74,138,1,6.77,28.2,5,0.5,8.33,6.94,,1,49.97,1,1,0
2,11/17/2024 11:38:10 AM,11/17/2024 11:42:35 AM,N,1,74,42,1,0.6,6.5,0,0.5,0,0,,0.3,7.3,2,1,0
2,01/01/2024 05:58:01 PM,01/01/2024 06:05:50 PM,N,1,74,75,1,1.7,10,0,0.5,5,0,,1,16.5,1,1,0
2,09/03/2024 10:02:37 PM,09/03/2024 10:46:26 PM,N,1,93,90,1,11.59,54.1,1,0.5,11.87,0,,1,71.22,1,1,2.75
2,12/04/2024 05:40:07 PM,12/04/2024 05:51:08 PM,N,1,74,236,1,1.82,12.1,2.5,0.5,4.71,0,,1,23.56,1,1,2.75
2,01/22/2024 04:12:00 PM,01/22/2024 04:20:16 PM,N,1,75,74,1,1.32,10,2.5,0.5,2.8,0,,1,16.8,1,1,0
2,05/13/2024 01:17:04 AM,05/13/2024 01:22:17 AM,N,1,74,42,4,0.45,6.5,1,0.5,0,0,,1,9,2,1,0
2,02/23/2024 11:57:30 AM,02/23/2024 12:17:26 PM,N,1,43,236,1,1.49,17.7,0,0.5,4.39,0,,1,26.34,1,1,2.75
2,11/12/2024 09:39:20 AM,11/12/2024 09:53:43 AM,N,1,43,237,1,1.85,14.2,0,0.5,5.54,0,,1,23.99,1,1,2.75
2,06/06/2024 06:46:33 PM,06/06/2024 06:59:05 PM,N,1,97,181,1,1.29,12.1,2.5,0.5,0,0,,1,16.1,2,1,0
2,12/19/2024 03:23:04 PM,12/19/2024 03:31:39 PM,N,1,166,238,1,1.42,10.7,0,0.5,2.99,0,,1,17.94,1,1,2.75
2,02/04/2024 10:19:01 AM,02/04/2024 10:22:45 AM,N,1,41,238,2,0.78,6.5,0,0.5,0,0,,1,8,2,1,0
2,02/02/2024 04:17:06 PM,02/02/2024 05:01:15 PM,N,1,75,75,1,5.15,38.7,2.5,0.5,0,0,,1,42.7,2,1,0
2,08/10/2024 12:11:34 AM,08/10/2024 12:11:37 AM,N,5,244,264,1,0.02,9.5,0,0,3.15,0,,1,13.65,1,2,0
1,11/22/2024 03:02:05 PM,11/22/2024 03:19:04 PM,N,1,75,151,1,0,14.9,0,1.5,2,0,,1,18.4,1,1,0
2,01/22/2024 11:38:04 AM,01/22/2024 12:13:12 PM,N,1,17,102,1,5.67,33.8,0,0.5,0,0,,1,35.3,2,1,0
2,01/08/2024 10:42:36 PM,01/08/2024 10:48:32 PM,N,1,75,24,1,1.65,9.3,1,0.5,2.36,0,,1,14.16,1,1,0
2,02/21/2024 05:57:52 PM,02/21/2024 06:16:22 PM,N,1,75,162,1,2.4,18.4,2.5,0.5,3,0,,1,28.15,1,1,2.75
2,09/23/2024 09:58:07 AM,09/23/2024 10:11:14 AM,N,1,75,142,5,2.76,15.6,0,0.5,5.96,0,,1,25.81,1,1,2.75
2,07/31/2024 05:51:58 PM,07/31/2024 07:10:37 PM,N,5,244,265,1,15.44,110,0,0,0,15.38,,1,126.38,2,2,0
2,07/21/2024 09:12:24 PM,07/21/2024 09:18:50 PM,N,1,97,25,1,0.8,7.9,1,0.5,0,0,,1,10.4,1,1,0
2,03/03/2024 06:00:14 PM,03/03/2024 06:19:37 PM,N,1,74,143,1,4.01,21.2,0,0.5,5.09,0,,1,30.54,1,1,2.75
2,11/02/2024 07:35:12 PM,11/02/2024 07:47:16 PM,N,1,75,238,1,1.65,12.8,0,0.5,3.58,0,,1,17.88,1,1,0
2,12/03/2024 05:10:35 PM,12/03/2024 05:28:28 PM,N,1,75,237,2,2.48,17.7,2.5,0.5,4.89,0,,1,29.34,1,1,2.75
2,04/12/2024 08:04:55 PM,04/12/2024 08:09:26 PM,N,1,74,41,6,0.7,6.5,1,0.5,0,0,,1,9,2,1,0
2,03/26/2024 09:07:59 PM,03/26/2024 09:20:08 PM,N,1,129,70,1,2.14,13.5,1,0.5,0,0,,1,16,2,1,0
2,03/27/2024 10:45:47 AM,03/27/2024 10:56:22 AM,N,1,74,236,1,1.8,11.4,0,0.5,3.13,0,,1,18.78,1,1,2.75
2,07/13/2024 01:00:43 PM,07/13/2024 01:11:16 PM,N,1,97,49,1,1.44,11.4,0,0.5,2.58,0,,1,15.48,1,1,0
2,06/07/2024 05:40:40 PM,06/07/2024 05:47:36 PM,N,1,75,263,1,1.12,8.6,2.5,0.5,2.38,0,,0.3,14.28,1,1,0
2,07/04/2024 01:54:38 PM,07/04/2024 02:00:50 PM,N,1,130,10,1,1.37,8.6,0,0.5,2.02,0,,1,12.12,1,1,0
2,10/23/2024 04:41:22 PM,10/23/2024 04:48:35 PM,N,1,75,263,1,0.65,7.9,2.5,0.5,2.93,0,,1,17.58,1,1,2.75
2,07/14/2024 11:27:59 PM,07/14/2024 11:28:02 PM,N,5,244,244,1,0.01,9,0,0,2,0,,1,12,1,2,0
2,07/01/2024 11:35:09 PM,07/01/2024 11:37:16 PM,N,1,42,42,1,0.31,4.4,1,0.5,0.01,0,,1,6.91,1,1,0
2,12/06/2024 07:19:44 PM,12/06/2024 07:36:51 PM,N,1,82,138,1,4,22.6,7.5,0.5,0.01,0,,1,31.61,1,1,0
2,10/26/2024 12:53:28 PM,10/26/2024 01:29:20 PM,N,1,75,186,1,4.03,31.7,0,0.5,0,0,,1,35.95,2,1,2.75
2,10/23/2024 09:23:09 AM,10/23/2024 09:36:33 AM,N,1,75,239,1,2.17,14.9,0,0.5,0,0,,1,19.15,2,1,2.75
2,02/08/2024 01:40:39 PM,02/08/2024 01:45:39 PM,N,1,41,166,1,0.91,7.2,0,0.5,1.74,0,,1,10.44,1,1,0
2,11/30/2024 08:33:16 AM,11/30/2024 08:41:09 AM,N,1,74,236,1,1.98,10.7,0,0.5,2.99,0,,1,17.94,1,1,2.75
2,02/07/2024 06:02:51 PM,02/07/2024 06:10:30 PM,N,1,43,74,1,1.64,10,2.5,0.5,2.8,0,,1,16.8,1,1,0
2,03/23/2024 04:13:39 PM,03/23/2024 04:27:37 PM,N,1,83,157,6,2.1,12.8,0,0.5,0,0,,1,14.3,2,1,0
2,04/12/2024 04:28:38 PM,04/12/2024 04:44:36 PM,N,1,244,42,5,1.98,15.6,2.5,0.5,0,0,,1,19.6,2,1,0
1,05/17/2024 03:12:55 PM,05/17/2024 03:44:28 PM,N,1,41,161,2,6.4,35.2,2.75,1.5,0,0,,1,39.45,2,1,2.75
2,03/19/2024 10:43:09 AM,03/19/2024 11:04:26 AM,N,1,42,141,1,3.42,19.8,0,0.5,0.01,0,,1,24.06,1,1,2.75
2,03/14/2024 06:30:27 PM,03/14/2024 06:43:45 PM,N,1,75,42,2,2.62,15.6,2.5,0.5,0,0,,1,19.6,1,1,0
2,07/16/2024 03:59:45 PM,07/16/2024 04:05:37 PM,N,1,75,236,1,0.93,7.9,2.5,0.5,0,0,,1,14.65,2,1,2.75
2,01/23/2024 12:18:25 PM,01/23/2024 01:01:53 PM,N,1,129,231,3,8.98,45.7,0,0.5,9.99,0,,1,59.94,1,1,2.75
1,01/15/2024 06:38:54 PM,01/15/2024 06:59:41 PM,N,1,82,258,1,3.8,22.6,2.5,1.5,6.65,0,,1,33.25,1,1,0
2,04/17/2024 09:24:10 AM,04/17/2024 09:30:15 AM,N,1,75,41,6,0.97,7.9,0,0.5,0,0,,1,9.4,2,1,0
2,08/04/2024 04:45:21 PM,08/04/2024 04:50:12 PM,N,1,244,116,1,0.66,6.5,0,0.5,0,0,,1,8,2,1,0
2,05/10/2024 06:50:21 PM,05/10/2024 06:53:41 PM,N,1,75,75,1,0.37,5.1,2.5,0.5,0,0,,1,9.1,2,1,0
2,12/20/2024 06:30:52 PM,12/20/2024 06:35:46 PM,N,1,43,151,1,1.23,7.9,2.5,0.5,2.38,0,,1,14.28,1,1,0
2,08/28/2024 05:44:42 PM,08/28/2024 05:52:26 PM,N,1,83,82,1,1.11,8.6,2.5,0.5,0,0,,1,12.6,2,1,0
2,01/09/2024 08:23:56 PM,01/09/2024 08:33:17 PM,N,1,75,142,1,2.49,13.5,1,0.5,3.7,0,,1,22.2,1,1,2.5
2,04/03/2024 09:59:50 AM,04/03/2024 10:05:57 AM,N,1,24,41,6,0.79,7.9,0,0.5,1.88,0,,1,11.28,1,1,0
2,04/27/2024 05:39:50 PM,04/27/2024 05:48:16 PM,N,1,74,42,1,1.24,10,0,0.5,0,0,,1,11.5,2,1,0
2,08/03/2024 12:14:40 AM,08/03/2024 12:23:17 AM,N,1,247,116,1,1.63,10,1,0.5,3.12,0,,1,15.62,1,1,0
2,07/09/2024 02:48:40 PM,07/09/2024 03:59:40 PM,N,1,29,55,1,8.99,59.7,0,0.5,0,0,,1,61.2,2,1,0
2,08/14/2024 02:05:08 PM,08/14/2024 02:21:24 PM,N,1,97,97,2,1,14.2,0,0.5,3.92,0,,1,19.62,1,1,0
2,05/05/2024 03:26:07 PM,05/05/2024 03:45:09 PM,N,1,74,238,1,3.33,20.5,0,0.5,4.81,0,,0.3,28.86,1,1,2.75
2,08/03/2024 12:13:32 PM,08/03/2024 12:19:32 PM,N,1,74,75,1,1.35,8.6,0,0.5,2.52,0,,1,12.62,1,1,0
2,07/08/2024 11:29:39 AM,07/08/2024 11:36:45 AM,N,1,129,226,1,1.31,8.6,0,0.5,0,0,,1,10.1,2,1,0
2,11/29/2024 02:33:26 PM,11/29/2024 02:40:04 PM,N,1,223,7,1,0.91,7.9,0,0.5,0,0,,1,9.4,2,1,0
1,02/04/2024 05:32:31 PM,02/04/2024 05:52:37 PM,N,1,74,142,0,3.7,21.2,5.25,1.5,4.19,0,,1,32.14,1,1,2.75
2,08/31/2024 12:43:56 AM,08/31/2024 01:09:00 AM,N,4,93,265,1,17.4,88.4,1,0.5,10,6.94,,1,107.84,1,1,0
2,01/13/2024 09:36:56 AM,01/13/2024 09:38:54 AM,N,1,75,74,1,0.73,5.1,0,0.5,0,0,,1,6.6,2,1,0
2,02/27/2024 05:01:29 PM,02/27/2024 05:08:33 PM,N,1,65,49,2,1.16,8.6,2.5,0.5,3.15,0,,1,15.75,1,1,0
2,03/22/2024 03:04:01 PM,03/22/2024 03:16:55 PM,N,1,43,41,1,1.77,12.8,2.5,0.5,0,0,,1,16.8,2,1,0
2,12/19/2024 11:55:04 AM,12/19/2024 12:15:20 PM,N,1,97,225,1,2.65,18.4,0,0.5,0,0,,1,19.9,2,1,0
2,05/10/2024 06:07:46 PM,05/10/2024 06:18:16 PM,N,1,196,160,2,2.03,12.1,2.5,0.5,0,0,,1,16.1,2,1,0
2,08/29/2024 09:46:56 PM,08/29/2024 09:52:40 PM,N,1,43,43,1,1.56,8.6,1,0.5,2.77,0,,1,16.62,1,1,2.75
2,06/06/2024 02:04:14 PM,06/06/2024 02:18:57 PM,N,1,74,236,1,1.7,14.2,0,0.5,3.69,0,,1,22.14,1,1,2.75
2,06/15/2024 10:30:39 AM,06/15/2024 11:03:07 AM,N,1,130,102,1,8.45,38,0,0.5,0,0,,1,39.5,2,1,0
2,10/08/2024 03:57:31 PM,10/08/2024 04:09:37 PM,N,1,74,75,1,1.58,12.8,2.5,0.5,0,0,,1,16.8,2,1,0
2,10/24/2024 07:04:31 PM,10/24/2024 07:17:37 PM,N,1,95,135,1,2.35,14.2,2.5,0.5,1,0,,1,19.2,1,1,0
2,07/08/2024 05:17:32 PM,07/08/2024 05:32:45 PM,N,1,82,129,1,1.64,14.2,2.5,0.5,0,0,,1,18.2,2,1,0
2,10/14/2024 12:10:48 AM,10/14/2024 12:28:29 AM,N,1,74,42,1,1.82,12.1,1,0.5,0,0,,1,14.6,2,1,0
2,05/22/2024 04:47:03 PM,05/22/2024 04:57:31 PM,N,1,82,138,1,3.78,17.7,7.5,0.5,6.68,0,,1,33.38,1,1,0
2,06/14/2024 09:23:22 AM,06/14/2024 09:39:31 AM,N,1,236,168,1,3.21,18.4,0,0.5,0,0,,1,19.9,1,1,0
2,10/15/2024 06:48:44 PM,10/15/2024 06:52:34 PM,N,1,82,83,1,0.65,5.8,2.5,0.5,1.96,0,,1,11.76,1,1,0
2,02/21/2024 01:50:25 PM,02/21/2024 02:02:27 PM,N,1,75,236,1,1.12,12.1,0,0.5,3.27,0,,1,19.62,1,1,2.75
2,05/10/2024 06:40:19 PM,05/10/2024 06:59:45 PM,N,1,74,238,2,3.02,19.1,2.5,0.5,5.17,0,,1,31.02,1,1,2.75
2,09/17/2024 02:43:05 PM,09/17/2024 02:55:13 PM,N,1,75,74,6,1.74,12.8,0,0.5,0,0,,1,14.3,2,1,0
2,07/12/2024 08:01:58 AM,07/12/2024 08:11:20 AM,N,1,74,166,2,1.53,10.7,0,0.5,1.22,0,,1,13.42,1,1,0
2,03/26/2024 05:11:38 AM,03/26/2024 05:18:55 AM,N,1,7,138,1,3.61,16.3,6,0.5,0,0,,1,23.8,1,1,0
1,01/06/2024 04:39:00 AM,01/06/2024 04:43:32 AM,N,1,210,210,1,0.7,6.5,1,1.5,2,0,,1,11,1,1,0
2,09/16/2024 08:55:02 AM,09/16/2024 09:17:41 AM,N,1,41,138,1,7.19,33.8,5,0.5,9.45,6.94,,1,56.69,1,1,0
2,04/05/2024 07:46:09 AM,04/05/2024 07:59:21 AM,N,1,74,75,2,1.34,12.8,0,0.5,2.86,0,,1,17.16,1,1,0
2,11/07/2024 10:57:38 AM,11/07/2024 11:06:15 AM,N,1,75,236,1,0.74,9.3,0,0.5,3.39,0,,1,16.94,1,1,2.75
2,05/30/2024 03:58:55 PM,05/30/2024 04:14:04 PM,N,1,95,56,1,2.2,14.9,2.5,0.5,0,0,,1,18.9,2,1,0
1,01/17/2024 05:45:18 PM,01/17/2024 05:56:54 PM,N,1,43,237,1,1.8,11.4,5.25,1.5,3.6,0,,1,21.75,1,1,2.75
2,10/04/2024 04:32:56 PM,10/04/2024 04:39:55 PM,N,1,130,215,1,0.89,8.6,2.5,0.5,1,0,,1,13.6,1,1,0
2,01/18/2024 03:41:33 PM,01/18/2024 04:03:02 PM,N,1,43,142,1,2.68,20.5,0,0.5,4.95,0,,1,29.7,1,1,2.75
2,01/12/2024 07:56:50 AM,01/12/2024 08:47:11 AM,N,1,55,55,1,9.56,49.2,0,0.5,0,0,,1,50.7,2,1,0
2,10/03/2024 06:27:01 AM,10/03/2024 06:35:30 AM,N,1,74,75,1,1.65,10.7,0,0.5,1,0,,1,13.2,1,1,0
1,03/14/2024 06:32:37 AM,03/14/2024 06:46:06 AM,N,1,74,138,1,7.1,30.3,5,1.5,8,6.94,,1,51.74,1,1,0
1,04/26/2024 05:00:43 PM,04/26/2024 05:06:29 PM,N,1,42,247,2,0.8,7.2,2.5,1.5,0,0,,1,11.2,2,1,0
2,05/22/2024 07:35:28 PM,05/22/2024 07:46:32 PM,N,1,43,43,1,1.83,12.8,2.5,0.5,3.91,0,,1,23.46,1,1,2.75
2,09/09/2024 01:28:05 PM,09/09/2024 01:37:40 PM,N,1,95,196,1,1.28,11.4,0,0.5,0,0,,1,12.9,2,1,0
1,10/19/2024 02:39:13 PM,10/19/2024 02:51:20 PM,N,1,166,239,2,1.9,12.1,2.75,1.5,3.25,0,,1,19.6,1,1,2.75
1,04/25/2024 09:37:40 AM,04/25/2024 09:48:16 AM,N,1,152,151,1,0,18.5,0,1.5,0,0,,1,20,1,1,0
2,02/11/2024 04:43:33 PM,02/11/2024 05:10:23 PM,N,1,41,170,1,4.66,27.5,0,0.5,6.35,0,,1,38.1,1,1,2.75
2,02/16/2024 08:21:34 AM,02/16/2024 08:35:17 AM,N,1,42,151,1,1.79,14.2,0,0.5,4,0,,1,19.7,1,1,0
2,09/26/2024 09:37:12 AM,09/26/2024 09:52:07 AM,N,1,74,263,1,2.09,15.6,0,0.5,4.96,0,,1,24.81,1,1,2.75
2,03/14/2024 06:53:49 AM,03/14/2024 07:01:23 AM,N,1,74,75,1,1.36,9.3,0,0.5,2.16,0,,1,12.96,1,1,0
1,03/05/2024 04:53:23 PM,03/05/2024 05:09:09 PM,N,1,75,143,1,2.9,17.7,5.25,1.5,2,0,,1,26.45,1,1,2.75
2,11/22/2024 12:44:59 PM,11/22/2024 01:04:57 PM,N,1,75,237,1,1.74,17.7,0,0.5,0,0,,1,21.95,2,1,2.75
2,04/13/2024 01:13:03 PM,04/13/2024 01:28:49 PM,N,1,82,83,1,1.15,14.2,0,0.5,3.14,0,,1,18.84,1,1,0
2,08/31/2024 11:22:49 PM,08/31/2024 11:23:24 PM,N,1,260,260,1,0.08,3,1,0.5,0,0,,1,5.5,2,1,0
2,01/06/2024 11:24:28 AM,01/06/2024 11:42:08 AM,N,1,97,37,1,3.26,18.4,0,0.5,3.98,0,,1,23.88,1,1,0
2,05/31/2024 10:39:06 PM,05/31/2024 10:43:35 PM,N,1,74,42,1,0.87,7.2,1,0.5,1.94,0,,1,11.64,1,1,0
2,09/16/2024 08:13:35 AM,09/16/2024 08:19:26 AM,N,1,166,238,1,1.21,7.9,0,0.5,1.88,0,,1,11.28,1,1,0
2,04/21/2024 10:43:39 PM,04/21/2024 11:16:42 PM,N,2,24,132,1,18.79,70,0,0.5,0,6.94,,1,78.44,2,1,0
2,10/22/2024 02:52:13 PM,10/22/2024 02:58:19 PM,N,1,75,263,3,0.97,7.9,0,0.5,2,0,,1,14.15,1,1,2.75
1,04/25/2024 06:39:14 AM,04/25/2024 06:44:48 AM,N,1,75,74,1,1.4,9.3,0,1.5,2.15,0,,1,12.95,1,1,0
2,03/08/2024 05:26:09 PM,03/08/2024 05:45:34 PM,N,1,43,162,1,3.16,20.5,2.5,0.5,5.45,0,,1,32.7,1,1,2.75
2,04/01/2024 03:00:43 PM,04/01/2024 03:23:24 PM,N,1,41,140,1,3.93,23.3,0,0.5,1,0,,1,28.55,1,1,2.75
2,01/10/2024 06:01:50 PM,01/10/2024 06:10:08 PM,N,1,75,263,1,1.17,10,2.5,0.5,2.51,0,,1,19.26,1,1,2.75
2,08/06/2024 08:10:43 AM,08/06/2024 08:30:39 AM,N,1,75,161,1,2.72,19.1,0,0.5,4.67,0,,1,28.02,1,1,2.75
1,11/20/2024 04:36:10 PM,11/20/2024 04:44:23 PM,N,1,75,41,1,1.5,9.3,2.5,1.5,0,0,,1,13.3,1,1,0
2,08/10/2024 02:43:50 AM,08/10/2024 02:51:37 AM,N,1,260,157,1,1.52,10,1,0.5,2.5,0,,1,15,1,1,0
2,08/09/2024 01:39:22 PM,08/09/2024 01:41:26 PM,N,1,43,43,1,0.31,4.4,0,0.5,1.18,0,,1,7.08,1,1,0
2,07/26/2024 07:52:14 PM,07/26/2024 07:57:05 PM,N,1,75,41,2,1.09,7.2,2.5,0.5,2.24,0,,1,13.44,1,1,0
2,05/03/2024 11:52:51 AM,05/03/2024 12:14:22 PM,N,1,75,79,2,5.68,28.9,0,0.5,0,0,,1,33.15,2,1,2.75
2,07/15/2024 03:03:24 PM,07/15/2024 03:14:02 PM,N,1,74,236,6,1.91,12.1,0,0.5,3.27,0,,1,19.62,1,1,2.75
2,06/25/2024 08:12:43 AM,06/25/2024 08:29:27 AM,N,1,74,239,1,2.93,17.7,0,0.5,0,0,,1,21.95,2,1,2.75
2,12/15/2024 04:20:35 AM,12/15/2024 04:42:47 AM,N,1,256,265,1,19.25,70.2,1,0.5,0,0,,1,72.7,2,1,0
2,04/29/2024 06:26:49 AM,04/29/2024 06:33:16 AM,N,1,74,43,2,1.38,8.6,0,0.5,2.02,0,,1,12.12,1,1,0
2,05/24/2024 11:08:55 PM,05/24/2024 11:20:56 PM,N,1,75,142,1,2.59,14.9,1,0.5,2.02,0,,1,22.17,1,1,2.75
2,10/08/2024 08:03:26 PM,10/08/2024 08:27:09 PM,N,1,95,132,1,7.4,33.1,1,0.5,7.12,0,,1,42.72,1,1,0
2,01/26/2024 09:50:47 AM,01/26/2024 10:04:58 AM,N,1,95,121,1,2.41,15.6,0,0.5,4.28,0,,1,21.38,1,1,0
2,02/08/2024 01:01:55 PM,02/08/2024 01:23:01 PM,N,1,97,17,1,2.4,18.4,0,0.5,0,0,,1,19.9,1,1,0
2,04/19/2024 08:11:03 AM,04/19/2024 08:27:28 AM,N,1,74,236,1,1.68,14.9,0,0.5,1.92,0,,1,21.07,1,1,2.75
2,02/16/2024 07:27:57 PM,02/16/2024 07:41:50 PM,N,1,82,138,1,3.64,19.8,7.5,0.5,5.76,0,,1,34.56,1,1,0
2,01/25/2024 05:49:24 AM,01/25/2024 05:49:36 AM,N,5,7,7,1,0.22,25,0,0,5.2,0,,1,31.2,1,2,0
2,07/10/2024 01:54:24 AM,07/10/2024 02:00:22 AM,N,1,74,75,1,1.42,8.6,1,0.5,0,0,,1,11.1,1,1,0
2,10/30/2024 02:35:13 PM,10/30/2024 02:44:28 PM,N,1,166,238,1,1.34,10.7,0,0.5,2.44,0,,1,14.64,1,1,0
2,06/27/2024 11:34:00 AM,06/27/2024 12:01:00 PM,,,75,69,,4.12,26.36,0,0,0,0,,1,27.36,,,
2,06/30/2024 11:01:20 PM,06/30/2024 11:06:49 PM,N,1,129,260,1,0.92,7.2,1,0.5,0,0,,1,9.7,1,1,0
2,06/17/2024 07:33:49 PM,06/17/2024 08:14:13 PM,N,1,130,48,1,14.62,61.8,2.5,0.5,0,6.94,,1,75.49,2,1,2.75
2,02/12/2024 02:49:28 PM,02/12/2024 03:10:24 PM,N,1,65,61,1,2.78,19.8,0,0.5,0,0,,1,21.3,2,1,0
1,02/02/2024 12:35:13 PM,02/02/2024 12:47:28 PM,N,1,152,244,1,1.5,12.8,0,1.5,0,0,,1,14.3,2,1,0
1,05/08/2024 09:29:06 AM,05/08/2024 09:46:38 AM,,,42,237,,0,19,0,0.5,2.3,0,,1,27.3,,,
2,10/18/2024 01:39:13 PM,10/18/2024 02:02:06 PM,N,1,244,140,1,7.77,31.7,0,0.5,7.19,0,,1,43.14,1,1,2.75
2,03/15/2024 04:05:35 PM,03/15/2024 04:24:25 PM,N,1,75,141,2,2.37,18.4,2.5,0.5,6.29,0,,1,31.44,1,1,2.75
1,03/01/2024 11:16:24 AM,03/01/2024 11:22:33 AM,N,1,82,56,1,1.3,8.6,0,1.5,0,0,,1,10.1,2,1,0
2,05/22/2024 04:40:33 PM,05/22/2024 04:50:56 PM,N,1,75,24,1,1.61,11.4,2.5,0.5,0,0,,1,15.4,2,1,0
2,07/29/2024 08:04:05 AM,07/29/2024 08:23:40 AM,N,1,24,243,1,4.72,24,0,0.5,2,0,,1,27.5,1,1,0
2,09/18/2024 09:36:51 AM,09/18/2024 09:55:45 AM,N,1,75,141,5,2.15,17.7,0,0.5,4.39,0,,1,26.34,1,1,2.75
2,06/08/2024 03:38:18 PM,06/08/2024 03:45:56 PM,N,1,75,263,1,0.73,8.6,0,0.5,1.93,0,,1,14.78,1,1,2.75
1,07/08/2024 01:47:03 PM,07/08/2024 01:59:11 PM,N,1,130,121,0,2.1,13.5,0,1.5,3.75,0,,1,18.75,1,1,0
2,06/18/2024 09:42:24 AM,06/18/2024 09:49:54 AM,N,1,75,41,6,1.43,10,0,0.5,2.3,0,,1,13.8,1,1,0
2,09/30/2024 01:26:00 PM,09/30/2024 01:47:00 PM,,,7,92,,1.76,29.66,0,0,6.03,0,,1,36.69,,,
2,02/16/2024 03:12:27 PM,02/16/2024 03:26:28 PM,N,1,82,138,1,3.76,19.1,5,0.5,5.12,0,,1,30.72,1,1,0
2,05/07/2024 12:41:20 PM,05/07/2024 01:00:55 PM,N,1,95,129,1,7.82,33.1,0,0.5,0,0,,1,34.6,2,1,0
2,07/31/2024 09:49:10 AM,07/31/2024 09:57:47 AM,N,1,74,75,2,1.37,10,0,0.5,2.88,0,,1,14.38,1,1,0
2,04/18/2024 08:20:16 PM,04/18/2024 08:38:36 PM,N,1,130,129,1,6.72,29.6,1,0.5,0,0,,1,32.1,2,1,0
2,10/16/2024 06:48:47 PM,10/16/2024 07:16:58 PM,N,1,75,79,1,5.92,31,2.5,0.5,7.55,0,,1,45.3,1,1,2.75
2,11/20/2024 12:00:43 PM,11/20/2024 12:11:05 PM,N,1,134,131,1,3.79,18.4,0,0.5,0,0,,1,19.9,2,1,0
2,03/26/2024 10:27:28 AM,03/26/2024 10:34:24 AM,N,1,42,41,1,1.53,10,0,0.5,0,0,,1,11.5,2,1,0
2,11/28/2024 05:47:33 PM,11/28/2024 05:54:56 PM,N,1,42,116,1,0.77,8.6,0,0.5,0,0,,1,10.1,2,1,0
2,01/17/2024 03:45:03 PM,01/17/2024 04:23:12 PM,N,1,260,260,2,4.07,32.4,0,0.5,0,0,,1,33.9,2,1,0
2,06/05/2024 09:05:13 AM,06/05/2024 09:25:01 AM,N,1,75,229,1,1.87,18.4,0,0.5,0,0,,1,22.65,2,1,2.75
2,07/30/2024 07:35:05 AM,07/30/2024 08:50:22 AM,N,1,223,263,1,3.11,13.5,0,0.5,0,0,,1,17.75,2,1,2.75
2,10/16/2024 10:45:25 AM,10/16/2024 10:52:00 AM,N,1,42,42,1,1.02,8.6,0,0.5,0,0,,1,10.1,2,1,0
2,07/30/2024 09:27:29 AM,07/30/2024 09:43:15 AM,N,1,260,179,1,3.43,17.7,0,0.5,4.8,0,,1,24,1,1,0
2,03/23/2024 08:15:00 AM,03/23/2024 08:34:11 AM,N,1,65,138,1,10.91,42.9,5,0.5,12.35,0,,1,61.75,1,1,0
2,07/24/2024 09:39:19 PM,07/24/2024 09:45:24 PM,N,1,74,42,6,0.89,7.9,1,0.5,3.12,0,,1,13.52,1,1,0
2,08/06/2024 04:56:19 PM,08/06/2024 05:01:59 PM,N,1,74,41,1,0.83,7.2,2.5,0.5,2.24,0,,1,13.44,1,1,0
2,02/01/2024 01:07:11 PM,02/01/2024 01:17:38 PM,N,1,74,43,1,1.53,11.4,0,0.5,0,0,,1,12.9,1,1,0
2,10/10/2024 08:16:17 PM,10/10/2024 08:24:22 PM,N,1,43,141,1,1.85,10.7,1,0.5,3.19,0,,1,19.14,1,1,2.75
1,07/16/2024 10:14:39 AM,07/16/2024 10:20:48 AM,N,1,74,41,2,1,7.2,0,1.5,0,0,,1,8.7,2,1,0
2,11/25/2024 06:04:12 PM,11/25/2024 06:08:23 PM,N,1,75,74,1,1.31,7.9,2.5,0.5,2,0,,1,13.9,1,1,0
2,12/29/2024 08:34:20 PM,12/29/2024 08:46:45 PM,N,1,74,244,1,3.75,18.4,1,0.5,0,0,,1,20.9,2,1,0
2,07/03/2024 03:38:01 PM,07/03/2024 03:45:59 PM,N,1,43,238,1,1.09,9.3,0,0.5,3.39,0,,1,16.94,1,1,2.75
1,10/12/2024 04:32:24 PM,10/12/2024 04:46:20 PM,N,1,74,236,0,2.3,14.9,5.25,1.5,0,0,,1,21.65,2,1,2.75
2,12/17/2024 02:36:36 PM,12/17/2024 02:58:36 PM,N,1,74,43,1,1.24,18.4,0,0.5,3.98,0,,1,23.88,1,1,0
2,09/17/2024 12:36:43 PM,09/17/2024 12:59:37 PM,N,1,75,140,1,2.79,21.9,0,0.5,5.23,0,,1,31.38,1,1,2.75
1,06/29/2024 01:06:56 PM,06/29/2024 01:08:55 PM,N,1,166,151,1,0.4,4.4,0,1.5,0,0,,1,5.9,2,1,0
2,05/09/2024 12:57:26 PM,05/09/2024 01:03:22 PM,N,1,166,41,1,1.12,7.9,0,0.5,1.88,0,,1,11.28,1,1,0
2,11/06/2024 11:18:09 PM,11/06/2024 11:24:39 PM,N,1,33,97,1,0.82,7.9,1,0.5,0,0,,1,10.4,2,1,0
2,01/09/2024 01:58:25 PM,01/09/2024 02:03:47 PM,N,1,41,41,1,0.61,5.8,0,0.5,0,0,,1,7.3,2,1,0
2,02/22/2024 09:16:43 PM,02/22/2024 09:31:36 PM,N,1,75,141,1,2.24,14.9,1,0.5,0,0,,1,20.15,2,1,2.75
2,07/30/2024 09:34:41 AM,07/30/2024 09:50:21 AM,N,1,74,244,1,4.57,22.6,0,0.5,3.62,0,,1,27.72,1,1,0
2,08/12/2024 05:12:52 PM,08/12/2024 05:19:04 PM,N,1,74,42,6,0.92,7.9,2.5,0.5,5,0,,1,16.9,1,1,0
2,01/22/2024 03:57:49 PM,01/22/2024 04:09:54 PM,N,1,75,229,1,3.18,15.6,0,0.5,4.96,0,,1,24.81,1,1,2.75
2,12/13/2024 03:06:45 PM,12/13/2024 03:24:38 PM,N,1,74,151,1,2.22,17,0,0.5,6,0,,1,24.5,1,1,0
2,06/03/2024 09:23:47 PM,06/03/2024 09:37:30 PM,N,1,95,28,2,1.41,12.8,1,0.5,0,0,,1,15.3,2,1,0
2,10/08/2024 03:41:37 PM,10/08/2024 03:50:04 PM,N,1,74,43,1,1.13,10,0,0.5,2.3,0,,1,13.8,1,1,0
2,12/19/2024 02:32:15 PM,12/19/2024 02:42:34 PM,N,1,74,75,1,1.35,10.7,0,0.5,0,0,,1,12.2,2,1,0
2,09/30/2024 07:03:42 PM,09/30/2024 07:09:19 PM,N,1,75,74,1,1.28,8.6,2.5,0.5,1,0,,1,13.6,1,1,0
2,03/14/2024 06:38:57 AM,03/14/2024 06:50:10 AM,N,1,127,42,1,4.17,17.7,0,0.5,0,0,,1,19.2,2,1,0
1,11/26/2024 05:47:56 PM,11/26/2024 06:03:16 PM,N,1,41,168,1,1.8,14.9,2.5,1.5,1.1,0,,1,20,1,1,0
2,04/14/2024 05:39:08 PM,04/14/2024 05:53:14 PM,N,1,74,166,1,2.24,14.9,0,0.5,3.28,0,,1,19.68,1,1,0
2,11/11/2024 10:13:50 AM,11/11/2024 10:25:27 AM,N,1,74,43,2,1.89,12.8,0,0.5,3.58,0,,1,17.88,1,1,0
2,07/16/2024 08:34:00 AM,07/16/2024 08:39:00 AM,,,146,7,,0.97,11.02,0,0,2,0,,1,14.02,,,
2,07/09/2024 08:53:23 PM,07/09/2024 08:54:58 PM,N,1,66,66,1,0.05,3.7,1,0.5,0,0,,1,6.2,2,1,0
2,03/19/2024 11:46:00 AM,03/19/2024 11:56:00 AM,,,42,74,,1.81,14.4,0,0,0,0,,1,15.4,,,
2,11/22/2024 09:22:54 PM,11/22/2024 09:31:04 PM,N,1,181,65,1,1.14,10,1,0.5,2.5,0,,1,15,1,1,0
2,04/11/2024 05:16:29 PM,04/11/2024 05:27:53 PM,N,1,95,196,3,1.89,12.8,2.5,0.5,0,0,,1,16.8,2,1,0
2,07/05/2024 06:30:32 PM,07/05/2024 06:42:11 PM,N,1,130,215,1,1.74,12.8,2.5,0.5,3.36,0,,1,20.16,1,1,0
2,04/05/2024 01:11:13 PM,04/05/2024 01:22:02 PM,N,5,74,168,3,0.95,14,0,0,0,0,,1,15,2,2,0
2,01/16/2024 02:47:14 PM,01/16/2024 02:59:07 PM,N,1,75,41,1,1.75,12.8,0,0.5,0,0,,1,14.3,2,1,0
2,08/09/2024 02:45:24 PM,08/09/2024 03:01:02 PM,N,1,75,236,1,0.83,14.2,0,0.5,0,0,,1,18.45,2,1,2.75
2,03/05/2024 01:50:35 PM,03/05/2024 02:22:37 PM,N,1,7,236,1,4.9,31,0,0.5,7.05,0,,1,42.3,1,1,2.75
2,04/04/2024 08:57:01 AM,04/04/2024 09:13:12 AM,N,1,130,132,1,5.8,26.8,0,0.5,0,0,,1,28.3,1,1,0
2,03/21/2024 11:28:15 AM,03/21/2024 11:40:06 AM,N,1,74,24,1,1.79,12.8,0,0.5,4,0,,1,18.3,1,1,0
2,07/23/2024 01:54:53 PM,07/23/2024 02:05:04 PM,N,1,74,75,1,1.63,11.4,0,0.5,0,0,,1,12.9,2,1,0
2,05/01/2024 06:42:11 PM,05/01/2024 06:47:15 PM,N,1,75,236,1,0.8,7.2,2.5,0.5,2.79,0,,1,16.74,1,1,2.75
2,08/02/2024 04:23:40 PM,08/02/2024 04:43:18 PM,N,1,166,243,1,4.39,21.2,2.5,0.5,0,0,,1,25.2,2,1,0
2,06/12/2024 10:42:05 AM,06/12/2024 10:56:17 AM,N,1,43,262,1,1.49,13.5,0,0.5,3.55,0,,1,21.3,1,1,2.75
2,10/17/2024 07:56:39 PM,10/17/2024 08:05:25 PM,N,1,74,75,5,1.29,10,2.5,0.5,1,0,,1,15,1,1,0
2,05/22/2024 09:45:01 AM,05/22/2024 10:07:26 AM,N,1,75,161,1,2.39,20.5,0,0.5,4.95,0,,1,29.7,1,1,2.75
2,04/27/2024 07:55:21 PM,04/27/2024 07:55:39 PM,N,5,255,255,1,0,35.8,0,0,11.04,0,,1,47.84,1,2,0
2,10/21/2024 01:44:44 PM,10/21/2024 02:04:33 PM,N,1,95,16,1,8.63,35.2,0,0.5,0,0,,1,36.7,2,1,0
2,02/25/2024 04:40:01 AM,02/25/2024 05:08:01 AM,N,4,80,265,1,9.7,45.7,1,0,12.09,12.75,,1,72.54,1,1,0
1,08/27/2024 08:13:46 PM,08/27/2024 08:21:19 PM,N,1,75,262,1,1.4,9.3,3.75,1.5,1,0,,1,15.55,1,1,2.75
1,02/05/2024 11:21:51 AM,02/05/2024 11:33:53 AM,N,1,75,263,1,1.3,12.1,2.75,1.5,0,0,,1,16.35,2,1,2.75
2,01/10/2024 05:48:23 PM,01/10/2024 06:04:01 PM,N,1,74,151,1,2.36,15.6,2.5,0.5,3.92,0,,1,23.52,1,1,0
2,07/15/2024 12:30:15 PM,07/15/2024 12:35:30 PM,N,1,41,42,1,0.82,6.5,0,0.5,0,0,,1,8,2,1,0
2,09/19/2024 04:48:01 PM,09/19/2024 04:54:47 PM,N,1,166,238,1,1.23,9.3,2.5,0.5,3.21,0,,1,19.26,1,1,2.75
2,04/08/2024 07:32:46 PM,04/08/2024 07:39:51 PM,N,1,43,142,1,2.19,11.4,2.5,0.5,3.63,0,,1,21.78,1,1,2.75
2,06/08/2024 11:28:04 PM,06/08/2024 11:43:55 PM,N,1,17,35,1,2.39,16.3,1,0.5,0,0,,1,18.8,2,1,0
2,07/19/2024 08:42:58 AM,07/19/2024 08:50:37 AM,N,1,41,74,1,1.21,9.3,0,0.5,3.24,0,,1,14.04,1,1,0
2,12/22/2024 05:10:48 PM,12/22/2024 05:52:02 PM,N,1,66,186,2,7.04,43.6,0,0.5,9.57,0,,1,57.42,1,1,2.75
2,07/10/2024 05:34:26 PM,07/10/2024 05:43:35 PM,N,1,134,121,1,2.61,12.8,2.5,0.5,0,0,,1,16.8,2,1,0
2,11/03/2024 05:43:18 PM,11/03/2024 05:43:28 PM,N,1,7,7,1,0,3,0,0.5,0,0,,1,4.5,3,1,0
2,08/06/2024 06:36:06 PM,08/06/2024 06:36:12 PM,N,1,193,193,1,0,-3,-2.5,-0.5,0,0,,-1,-7,3,1,0
2,07/20/2024 07:44:11 PM,07/20/2024 07:49:56 PM,N,1,41,42,1,0.99,7.9,0,0.5,1.88,0,,1,11.28,1,1,0
2,05/18/2024 06:42:46 PM,05/18/2024 06:49:19 PM,N,1,7,179,5,1.15,7.9,0,0.5,1.88,0,,1,11.28,1,1,0
2,11/26/2024 01:15:28 PM,11/26/2024 01:23:05 PM,N,1,166,41,5,1.06,9.3,0,0.5,0,0,,1,10.8,2,1,0
2,12/28/2024 09:51:11 PM,12/28/2024 09:57:23 PM,N,1,74,41,1,1.09,7.9,1,0.5,2.6,0,,1,13,1,1,0
2,02/02/2024 07:05:33 AM,02/02/2024 07:23:51 AM,N,1,33,229,1,7.15,29.6,0,0.5,8.46,0,,1,42.31,1,1,2.75
2,02/27/2024 09:57:44 AM,02/27/2024 10:12:40 AM,N,1,75,236,1,1.42,14.9,0,0.5,0,0,,1,19.15,2,1,2.75
1,09/05/2024 05:51:59 PM,09/05/2024 06:02:38 PM,N,1,74,42,1,1.7,12.1,2.5,1.5,2,0,,1,18.1,1,1,0
2,10/25/2024 08:04:09 AM,10/25/2024 08:13:32 AM,N,1,195,54,1,1.55,10.7,0,0.5,0,0,,1,12.2,2,1,0
2,05/09/2024 09:27:00 AM,05/09/2024 09:31:00 AM,,,7,193,,0.87,11.98,0,0,2.6,0,,1,15.58,,,
2,07/10/2024 10:13:09 AM,07/10/2024 10:25:24 AM,N,1,74,166,1,1.81,12.8,0,0.5,1,0,,1,15.3,1,1,0
2,05/08/2024 03:31:28 PM,05/08/2024 03:51:49 PM,N,1,97,62,1,2.06,18.4,0,0.5,3.98,0,,1,23.88,1,1,0
2,02/02/2024 07:21:56 PM,02/02/2024 07:24:56 PM,N,1,244,244,1,0.6,5.8,2.5,0.5,0,0,,1,9.8,2,1,0
2,12/30/2024 07:52:14 AM,12/30/2024 08:07:14 AM,N,1,65,162,1,6.25,26.8,0,0.5,5.59,0,,1,36.64,1,1,2.75
2,07/29/2024 09:38:43 PM,07/29/2024 09:55:49 PM,N,1,66,233,1,6.15,27.5,1,0.5,4.91,0,,1,37.66,1,1,2.75
2,10/09/2024 07:12:29 AM,10/09/2024 07:31:10 AM,N,1,166,68,1,6.29,28.2,0,0.5,0,0,,1,32.45,2,1,2.75
2,11/19/2024 03:40:55 PM,11/19/2024 03:58:45 PM,N,1,95,95,1,2.55,18.4,0,0.5,0,0,,1,19.9,2,1,0
2,06/30/2024 04:34:18 PM,06/30/2024 04:42:08 PM,N,1,74,263,1,1.82,10.7,0,0.5,2.44,0,,1,14.64,1,1,0
2,11/05/2024 06:19:20 AM,11/05/2024 06:24:10 AM,N,1,74,75,1,1.38,7.9,0,0.5,1.88,0,,1,11.28,1,1,0
2,12/17/2024 10:47:47 AM,12/17/2024 11:03:32 AM,N,1,74,236,1,2.09,15.6,0,0.5,3.97,0,,1,23.82,1,1,2.75
2,10/29/2024 02:06:32 AM,10/29/2024 02:31:03 AM,N,1,247,249,2,10.01,42.2,1,0.5,5.8,0,,1,53.25,1,1,2.75
2,01/20/2024 02:08:41 PM,01/20/2024 02:15:23 PM,N,1,166,24,1,0.96,8.6,0,0.5,2.52,0,,1,12.62,1,1,0
2,05/06/2024 02:41:32 PM,05/06/2024 02:55:20 PM,N,1,43,262,1,1.45,12.8,0,0.5,2,0,,1,19.05,1,1,2.75
2,04/18/2024 11:24:41 AM,04/18/2024 11:33:11 AM,N,1,41,75,1,1.27,10,0,0.5,2.3,0,,1,13.8,1,1,0
2,04/15/2024 04:38:27 PM,04/15/2024 04:50:44 PM,N,1,43,74,6,2.07,13.5,2.5,0.5,3.5,0,,1,21,1,1,0
2,06/16/2024 05:29:20 PM,06/16/2024 05:34:38 PM,N,1,74,75,6,1.05,7.9,0,0.5,0,0,,1,9.4,2,1,0
2,05/14/2024 08:23:47 PM,05/14/2024 08:37:06 PM,N,1,33,261,1,3.56,17.7,1,0.5,5.74,0,,1,28.69,1,1,2.75
2,08/07/2024 02:51:00 PM,08/07/2024 03:20:00 PM,,,152,140,,5.52,32.56,0,0,0,0,,1,36.31,,,
2,11/03/2024 07:32:27 PM,11/03/2024 07:39:39 PM,N,1,74,74,1,0.08,7.9,0,0.5,0,0,,1,9.4,2,1,0
1,07/12/2024 09:56:37 AM,07/12/2024 10:04:12 AM,N,1,166,166,1,0,7.9,0,1.5,2,0,,1,11.4,1,1,0
2,06/19/2024 08:33:44 PM,06/19/2024 08:39:11 PM,N,1,74,74,1,0.95,7.2,1,0.5,2.91,0,,1,12.61,1,1,0
2,10/22/2024 10:39:58 AM,10/22/2024 10:43:24 AM,N,1,75,236,1,0.46,5.1,0,0.5,1.4,0,,1,10.75,1,1,2.75
2,02/28/2024 10:32:04 AM,02/28/2024 10:44:00 AM,N,1,74,166,1,1.43,12.1,0,0.5,2.72,0,,1,16.32,1,1,0
2,06/16/2024 09:59:44 AM,06/16/2024 10:11:20 AM,N,1,134,132,1,6.47,25.4,0,0.5,0,0,,1,26.9,2,1,0
2,08/10/2024 09:38:54 PM,08/10/2024 09:52:10 PM,N,1,41,236,1,2.55,14.9,1,0.5,4.03,0,,1,24.18,1,1,2.75
2,11/13/2024 05:19:31 PM,11/13/2024 05:34:44 PM,N,1,82,82,1,1.03,13.5,2.5,0.5,0,0,,1,17.5,2,1,0
2,01/23/2024 12:13:02 PM,01/23/2024 12:23:10 PM,N,1,166,41,5,1.46,11.4,0,0.5,2.58,0,,1,15.48,1,1,0
2,04/15/2024 10:38:27 AM,04/15/2024 10:46:21 AM,N,1,95,95,1,1.22,9.3,0,0.5,0,0,,1,10.8,2,1,0
2,05/18/2024 01:36:50 AM,05/18/2024 01:52:02 AM,N,5,92,82,1,3.41,24,0,0,0,0,,1,25,2,2,0
2,12/19/2024 08:52:46 PM,12/19/2024 09:01:45 PM,N,1,41,75,1,1.63,10.7,1,0.5,0,0,,1,13.2,1,1,0
2,12/02/2024 03:18:03 PM,12/02/2024 03:30:35 PM,N,1,74,166,1,1.57,12.8,0,0.5,2.86,0,,1,17.16,1,1,0
2,03/18/2024 09:13:52 AM,03/18/2024 09:30:29 AM,N,1,42,159,1,1.8,16.3,0,0.5,0,0,,1,17.8,2,1,0
2,11/02/2024 09:33:33 AM,11/02/2024 09:37:21 AM,N,1,74,75,1,0.81,6.5,0,0.5,0,0,,1,8,2,1,0
2,08/27/2024 11:15:58 PM,08/27/2024 11:33:15 PM,N,1,66,181,2,3.53,19.1,1,0.5,4.32,0,,1,25.92,1,1,0
2,09/13/2024 08:13:37 AM,09/13/2024 08:25:06 AM,N,1,52,106,1,1.85,12.8,0,0.5,0,0,,1,14.3,2,1,0
2,09/07/2024 03:22:04 PM,09/07/2024 03:42:08 PM,N,1,25,249,1,4.17,24,0,0.5,5.65,0,,1,33.9,1,1,2.75
2,03/18/2024 02:41:51 PM,03/18/2024 02:48:48 PM,N,1,75,236,1,0.82,7.9,0,0.5,2.43,0,,1,14.58,1,1,2.75
2,06/01/2024 07:24:19 PM,06/01/2024 07:24:33 PM,N,5,16,16,2,0,45,0,0,0,0,,1,46,1,2,0
2,12/24/2024 10:26:28 PM,12/24/2024 10:31:26 PM,N,1,95,95,1,1.13,7.9,1,0.5,2,0,,1,12.4,1,1,0
2,09/09/2024 01:38:00 PM,09/09/2024 02:07:33 PM,N,1,82,102,1,4.44,28.2,0,0.5,0,0,,1,29.7,2,1,0
2,11/15/2024 11:13:37 AM,11/15/2024 11:27:41 AM,N,1,74,262,1,1.71,14.2,0,0.5,3.69,0,,1,22.14,1,1,2.75
2,07/05/2024 01:32:26 PM,07/05/2024 01:57:49 PM,N,1,74,107,1,5.55,28.9,0,0.5,6.63,0,,1,39.78,1,1,2.75
2,04/22/2024 10:27:52 AM,04/22/2024 10:30:35 AM,N,1,41,166,1,0.86,5.8,0,0.5,1.46,0,,1,8.76,1,1,0
2,09/16/2024 08:13:00 PM,09/16/2024 08:17:08 PM,N,1,166,166,1,0.72,6.5,1,0.5,0,0,,1,9,1,1,0
1,03/21/2024 10:50:06 AM,03/21/2024 11:04:53 AM,N,1,75,264,1,1.4,14.2,2.75,1.5,0,0,,1,18.45,2,1,2.75
1,10/11/2024 02:45:24 PM,10/11/2024 03:03:25 PM,N,1,129,138,1,4.9,21.2,5,1.5,0,0,,1,27.7,1,1,0
2,06/08/2024 01:13:36 PM,06/08/2024 01:48:02 PM,N,1,75,151,1,3.9,30.3,0,0.5,0,0,,1,31.8,1,1,0
2,05/23/2024 06:57:47 AM,05/23/2024 07:04:29 AM,N,1,74,75,1,1.36,8.6,0,0.5,2.02,0,,1,12.12,1,1,0
2,02/26/2024 12:31:48 PM,02/26/2024 12:35:32 PM,N,1,41,166,1,0.62,5.8,0,0.5,0,0,,1,7.3,2,1,0
2,04/09/2024 11:25:26 AM,04/09/2024 11:26:42 AM,N,1,42,42,1,0.07,3.7,0,0.5,0,0,,1,5.2,2,1,0
2,09/06/2024 04:00:26 PM,09/06/2024 04:22:19 PM,N,1,166,74,1,1.36,18.4,2.5,0.5,4.48,0,,1,26.88,1,1,0
2,01/22/2024 11:06:00 PM,01/22/2024 11:11:00 PM,,,80,80,,1.08,11.58,0,0,0,0,,1,12.58,,,
2,09/03/2024 03:31:16 PM,09/03/2024 03:53:59 PM,N,1,130,191,1,4.06,24,0,0.5,0,0,,1,25.5,1,1,0
2,09/12/2024 06:24:03 PM,09/12/2024 06:46:31 PM,N,1,74,238,1,2.97,21.2,2.5,0.5,6.99,0,,1,34.94,1,1,2.75
2,08/12/2024 08:57:27 AM,08/12/2024 09:11:32 AM,N,1,129,223,1,2.41,14.9,0,0.5,1,0,,1,17.4,1,1,0
2,08/23/2024 01:04:24 PM,08/23/2024 01:13:13 PM,N,1,82,138,1,3.52,16.3,5,0.5,4.56,0,,1,27.36,1,1,0
2,07/18/2024 06:34:07 PM,07/18/2024 06:44:52 PM,N,1,82,129,1,1.28,11.4,2.5,0.5,0,0,,1,15.4,2,1,0
2,05/22/2024 08:31:12 AM,05/22/2024 08:41:06 AM,N,1,74,166,1,1.54,11.4,0,0.5,1,0,,1,13.9,1,1,0
2,04/05/2024 10:29:50 PM,04/05/2024 10:46:23 PM,N,1,74,239,1,3.27,19.1,1,0.5,4.87,0,,1,29.22,1,1,2.75
2,02/29/2024 09:33:40 AM,02/29/2024 10:15:10 AM,N,1,75,181,2,12.88,56.2,0,0.5,13.48,6.94,,1,80.87,1,1,2.75
2,03/12/2024 04:51:42 PM,03/12/2024 04:57:08 PM,N,1,223,223,1,0.66,6.5,2.5,0.5,2.1,0,,1,12.6,1,1,0
2,08/14/2024 04:17:00 PM,08/14/2024 04:26:00 PM,,,193,145,,1.92,13.3,0,0,1,0,,1,15.3,,,
1,11/27/2024 09:54:44 AM,11/27/2024 10:31:48 AM,N,1,188,227,1,0,22.5,0,1.5,0,0,,1,24,1,1,0
2,10/07/2024 05:10:35 PM,10/07/2024 05:29:29 PM,N,1,75,137,1,5.04,24.7,2.5,0.5,6.29,0,,1,37.74,1,1,2.75
2,07/11/2024 09:15:39 AM,07/11/2024 09:25:35 AM,N,1,74,75,1,1.31,10.7,0,0.5,1,0,,1,13.2,1,1,0
2,05/03/2024 01:44:27 AM,05/03/2024 01:57:28 AM,N,1,82,173,1,1.36,12.8,1,0.5,3.82,0,,1,19.12,1,1,0
2,03/25/2024 11:46:19 AM,03/25/2024 11:57:16 AM,N,1,75,236,5,0.95,11.4,0,0.5,0,0,,1,15.65,2,1,2.75
2,03/16/2024 05:26:47 PM,03/16/2024 05:36:26 PM,N,1,74,236,1,1.93,11.4,0,0.5,0,0,,1,15.65,2,1,2.75
2,09/13/2024 12:45:42 PM,09/13/2024 12:57:17 PM,N,1,74,166,6,1.98,13.5,0,0.5,3,0,,1,18,1,1,0
1,09/17/2024 07:45:27 AM,09/17/2024 08:03:49 AM,N,1,74,236,2,1.9,14.2,2.75,1.5,3.65,0,,1,22.1,1,1,2.75
2,07/09/2024 02:42:08 PM,07/09/2024 02:42:10 PM,N,5,223,264,1,0,20,0,0,4.2,0,,1,25.2,1,2,0
1,09/10/2024 03:10:07 PM,09/10/2024 04:18:02 PM,N,1,205,91,1,0,44.5,0,1.5,0,0,,1,46,1,1,0
2,02/08/2024 05:53:03 PM,02/08/2024 05:57:11 PM,N,1,95,95,5,0.52,5.8,2.5,0.5,0,0,,1,9.8,2,1,0
2,04/16/2024 08:46:36 AM,04/16/2024 08:58:32 AM,N,1,74,166,1,1.72,12.8,0,0.5,2.86,0,,1,17.16,1,1,0
2,07/30/2024 05:09:59 PM,07/30/2024 05:22:15 PM,N,1,130,138,1,6.82,28.2,7.5,0.5,11.16,0,,1,48.36,1,1,0
2,08/16/2024 04:16:38 PM,08/16/2024 04:51:05 PM,N,1,75,159,1,3.37,28.9,2.5,0.5,0,0,,1,32.9,2,1,0
2,03/24/2024 07:00:40 PM,03/24/2024 07:14:30 PM,N,1,74,239,1,3.47,17.7,0,0.5,5.49,0,,1,27.44,1,1,2.75
2,04/12/2024 05:33:39 PM,04/12/2024 05:38:37 PM,N,1,75,74,1,1.4,7.9,2.5,0.5,2.38,0,,1,14.28,1,1,0
2,05/22/2024 03:48:32 PM,05/22/2024 04:17:18 PM,N,1,43,162,1,3.17,24,0,0.5,4,0,,1,32.25,1,1,2.75
1,02/10/2024 02:05:40 PM,02/10/2024 02:38:18 PM,N,1,260,132,0,14.6,56.9,0,1.5,11.65,0,,1,70.05,1,1,0
2,03/04/2024 09:46:03 PM,03/04/2024 10:03:29 PM,N,1,41,68,1,4.09,21.2,1,0.5,7.94,0,,1,34.39,1,1,2.75
2,10/17/2024 10:34:53 AM,10/17/2024 10:49:57 AM,N,1,74,237,1,2.4,16.3,2.5,0.5,1,0,,1,24.05,1,1,2.75
2,06/04/2024 07:08:52 PM,06/04/2024 07:17:03 PM,N,1,130,215,1,0.86,8.6,2.5,0.5,5,0,,1,17.6,1,1,0
2,11/15/2024 05:35:09 AM,11/15/2024 05:42:44 AM,N,1,74,194,1,1.86,10.7,1,0.5,0,6.94,,1,20.14,1,1,0
2,12/02/2024 08:35:18 PM,12/02/2024 08:43:53 PM,N,1,74,247,1,1.99,12.1,1,0.5,0,0,,1,14.6,2,1,0
2,03/29/2024 02:56:00 PM,03/29/2024 03:01:37 PM,N,1,42,75,1,1.48,8.6,0,0.5,2.02,0,,1,12.12,1,1,0
1,01/27/2024 06:32:21 PM,01/27/2024 06:49:32 PM,N,1,74,244,0,2.8,17.7,2.5,1.5,3,0,,1,24.7,1,1,0
2,01/29/2024 04:27:19 PM,01/29/2024 04:52:42 PM,N,1,74,244,1,3.39,23.3,2.5,0.5,0,0,,1,27.3,1,1,0
2,05/15/2024 04:55:25 PM,05/15/2024 05:14:00 PM,N,1,97,49,1,1.48,15.6,2.5,0.5,3,0,,1,22.6,1,1,0
2,08/05/2024 09:13:47 AM,08/05/2024 09:25:48 AM,N,1,95,96,1,3.38,17.7,0,0.5,3.8,0,,1,23,1,1,0
1,01/24/2024 08:20:08 PM,01/24/2024 08:29:18 PM,N,1,82,56,1,1,8.6,1,1.5,0,0,,1,11.1,2,1,0
2,12/11/2024 04:09:02 PM,12/11/2024 04:22:05 PM,N,1,95,28,1,1.85,13.5,2.5,0.5,0,0,,1,17.5,2,1,0
2,05/13/2024 02:50:46 PM,05/13/2024 02:58:00 PM,N,1,74,74,6,0.94,8.6,0,0.5,0,0,,1,10.1,2,1,0
2,05/23/2024 10:33:08 AM,05/23/2024 10:48:00 AM,N,1,75,151,1,2,14.9,0,0.5,0,0,,1,16.4,2,1,0
2,11/20/2024 02:55:21 PM,11/20/2024 03:09:35 PM,N,1,75,236,1,1.58,14.2,0,0.5,3.69,0,,1,22.14,1,1,2.75
2,12/09/2024 06:12:45 PM,12/09/2024 06:20:30 PM,N,1,41,42,1,1.41,9.3,2.5,0.5,0,0,,1,13.3,2,1,0
2,06/07/2024 09:47:48 PM,06/07/2024 09:55:02 PM,N,1,65,40,1,1.19,8.6,1,0.5,0,0,,1,11.1,2,1,0
2,06/10/2024 05:16:51 PM,06/10/2024 05:20:49 PM,N,1,43,236,1,0.73,6.5,2.5,0.5,1.99,0,,1,15.24,1,1,2.75
2,11/05/2024 09:17:27 AM,11/05/2024 09:27:47 AM,N,1,74,166,1,1.74,11.4,0,0.5,0,0,,1,12.9,2,1,0
2,03/11/2024 11:28:09 AM,03/11/2024 11:50:02 AM,N,1,75,224,1,5.23,27.5,0,0.5,6.35,0,,1,38.1,1,1,2.75
2,06/13/2024 02:45:13 PM,06/13/2024 03:35:06 PM,N,1,92,132,1,10.69,53.4,0,0.5,10.98,0,,1,65.88,1,1,0
2,01/26/2024 01:06:20 PM,01/26/2024 01:23:48 PM,N,1,130,175,1,7.54,31.7,0,0.5,3.8,0,,1,37,1,1,0
2,09/17/2024 03:39:25 PM,09/17/2024 04:00:37 PM,N,1,65,181,1,1.56,18.4,0,0.5,0,0,,1,19.9,2,1,0
2,12/03/2024 03:13:52 PM,12/03/2024 03:18:40 PM,N,1,129,260,1,0.74,6.5,0,0.5,5,0,,1,13,1,1,0
1,09/26/2024 10:32:51 PM,09/26/2024 11:03:27 PM,N,1,97,161,1,7.3,35.2,3.75,1.5,0,0,,1,40.45,2,1,2.75
2,02/18/2024 01:03:43 AM,02/18/2024 01:34:39 AM,N,1,42,4,1,7.74,35.9,1,0.5,0,0,,1,41.15,2,1,2.75
2,05/24/2024 01:26:36 AM,05/24/2024 01:36:45 AM,N,1,80,80,5,1.21,11.4,1,0.5,0,0,,1,13.9,2,1,0
2,12/28/2024 11:48:10 PM,12/28/2024 11:58:11 PM,N,1,130,95,2,2.92,14.9,1,0.5,3,0,,1,20.4,1,1,0
2,11/18/2024 04:19:16 PM,11/18/2024 04:38:14 PM,N,1,42,75,1,2,17.7,2.5,0.5,0,0,,1,21.7,2,1,0
2,01/15/2024 12:43:06 PM,01/15/2024 12:50:43 PM,N,1,130,130,1,1.17,8.6,0,0.5,0,0,,1,10.1,2,1,0
2,09/04/2024 05:45:10 PM,09/04/2024 05:56:50 PM,N,1,65,33,2,1.26,11.4,2.5,0.5,4.62,0,,1,20.02,1,1,0
2,03/07/2024 08:40:30 AM,03/07/2024 08:52:09 AM,N,1,74,75,1,1.52,11.4,0,0.5,2.58,0,,1,15.48,1,1,0
2,02/09/2024 05:34:56 PM,02/09/2024 05:54:16 PM,N,1,166,163,1,4.61,24,2.5,0.5,0,0,,1,30.75,2,1,2.75
2,03/01/2024 04:16:55 PM,03/01/2024 04:25:11 PM,N,1,42,41,1,0.9,9.3,2.5,0.5,0,0,,1,13.3,2,1,0
2,08/29/2024 04:32:22 PM,08/29/2024 04:48:01 PM,N,1,82,129,1,0.98,14.2,2.5,0.5,0,0,,1,18.2,2,1,0
1,02/08/2024 07:29:34 AM,02/08/2024 07:43:46 AM,N,1,74,166,1,1.6,14.2,0,1.5,0,0,,1,15.7,2,1,0
2,12/06/2024 12:39:23 PM,12/06/2024 12:51:56 PM,N,1,95,95,1,1.49,12.8,0,0.5,0,0,,1,14.3,2,1,0
2,12/07/2024 10:02:21 AM,12/07/2024 10:19:31 AM,N,1,74,151,1,2.49,17,0,0.5,0,0,,1,18.5,2,1,0
2,01/31/2024 03:13:11 PM,01/31/2024 03:33:22 PM,N,1,130,121,1,3.77,22.6,0,0.5,4.82,0,,1,28.92,1,1,0
2,01/04/2024 12:56:11 PM,01/04/2024 01:04:44 PM,N,1,134,95,1,1.33,10,0,0.5,0,0,,1,11.5,2,1,0
2,08/14/2024 04:39:32 PM,08/14/2024 04:56:17 PM,N,1,95,102,1,2.22,16.3,2.5,0.5,3.04,0,,1,23.34,1,1,0
2,03/02/2024 02:04:53 PM,03/02/2024 02:19:52 PM,N,1,97,49,1,1.28,14.2,0,0.5,3.14,0,,1,18.84,1,1,0
1,06/28/2024 06:40:30 PM,06/28/2024 06:50:01 PM,N,1,65,97,2,0.9,8.6,2.5,1.5,0,0,,1,12.6,2,1,0
2,12/19/2024 12:47:20 PM,12/19/2024 01:04:08 PM,N,1,74,239,1,3.34,18.4,0,0.5,5.66,0,,1,28.31,1,1,2.75
2,03/12/2024 08:04:31 AM,03/12/2024 08:23:56 AM,N,1,74,138,2,6.83,31.7,5,0.5,9.03,6.94,,1,54.17,1,1,0
2,12/08/2024 03:50:54 PM,12/08/2024 03:55:00 PM,N,1,49,34,1,0.14,3.7,0,0.5,0,0,,1,5.2,2,1,0
2,12/18/2024 06:12:55 PM,12/18/2024 06:20:02 PM,N,1,43,151,1,1.15,8.6,2.5,0.5,2.52,0,,1,15.12,1,1,0
2,12/03/2024 03:13:45 PM,12/03/2024 03:27:05 PM,N,1,43,151,1,1.13,12.8,0,0.5,2.86,0,,1,17.16,1,1,0
2,04/15/2024 04:58:00 PM,04/15/2024 05:07:05 PM,N,1,75,74,6,1.31,10.7,2.5,0.5,1.5,0,,1,16.2,1,1,0
2,03/10/2024 06:19:51 PM,03/10/2024 06:28:55 PM,N,1,41,42,1,1.39,10.7,0,0.5,3.05,0,,1,15.25,1,1,0
2,01/30/2024 08:38:25 AM,01/30/2024 09:00:44 AM,N,1,43,141,1,2.86,21.2,0,0.5,5.09,0,,1,30.54,1,1,2.75
2,12/19/2024 08:03:27 AM,12/19/2024 08:11:55 AM,N,1,166,74,1,1.07,10,0,0.5,2.88,0,,1,14.38,1,1,0
1,05/10/2024 09:57:10 PM,05/10/2024 10:06:51 PM,N,1,65,106,1,1.1,9.3,1,1.5,2,0,,1,13.8,1,1,0
2,07/19/2024 07:51:08 PM,07/19/2024 07:51:11 PM,N,5,241,264,1,0,24,0,0,0,0,,1,25,1,2,0
2,05/21/2024 08:56:56 AM,05/21/2024 09:05:52 AM,N,1,92,192,1,1.44,10.7,0,0.5,0,0,,1,12.2,2,1,0
2,08/16/2024 08:51:43 PM,08/16/2024 09:08:09 PM,N,1,33,256,2,3.67,20.5,1,0.5,2,0,,1,25,1,1,0
2,11/13/2024 08:20:00 PM,11/13/2024 08:46:00 PM,,,166,90,,5.12,23.73,0,0.5,0,0,,1,27.98,,,
2,12/30/2024 12:30:49 PM,12/30/2024 12:45:03 PM,N,1,74,24,4,2.1,14.9,0,0.5,0,0,,1,16.4,2,1,0
2,02/05/2024 09:30:02 AM,02/05/2024 09:46:47 AM,N,1,74,236,1,2.09,16.3,0,0.5,5.14,0,,1,25.69,1,1,2.75
2,06/23/2024 12:04:58 PM,06/23/2024 12:09:16 PM,N,1,24,41,1,0.76,6.5,0,0.5,0.8,0,,1,8.8,1,1,0
2,07/11/2024 07:00:04 AM,07/11/2024 07:07:28 AM,N,1,74,75,1,1.43,9.3,0,0.5,1.5,0,,0.3,11.6,1,1,0
2,04/14/2024 08:56:26 PM,04/14/2024 09:05:46 PM,N,1,74,166,1,1.48,10.7,1,0.5,0,0,,1,13.2,2,1,0
2,03/22/2024 11:36:03 PM,03/22/2024 11:48:39 PM,N,1,130,218,1,2.69,14.9,1,0.5,1,0,,1,18.4,1,1,0
2,03/24/2024 11:55:32 AM,03/24/2024 12:00:45 PM,N,1,75,41,1,0.77,7.2,0,0.5,0,0,,1,8.7,2,1,0
2,12/07/2024 03:43:08 PM,12/07/2024 03:54:36 PM,N,1,95,82,1,2.36,14.9,0,0.5,0.08,0,,1,16.48,1,1,0
2,05/19/2024 12:57:15 AM,05/19/2024 01:11:59 AM,N,1,83,226,1,2.39,16.3,1,0.5,0,0,,1,18.8,2,1,0
2,12/23/2024 06:50:09 AM,12/23/2024 06:56:36 AM,N,1,41,166,1,1.07,8.6,0,0.5,2.02,0,,1,12.12,1,1,0
1,03/03/2024 06:17:10 AM,03/03/2024 06:25:40 AM,N,1,260,138,1,4.2,18.4,5,1.5,6.2,0,,1,31.1,1,1,0
2,05/15/2024 04:32:53 PM,05/15/2024 04:47:35 PM,N,1,74,263,1,1.87,14.2,2.5,0.5,0,0,,1,20.95,2,1,2.75
2,04/07/2024 10:32:44 PM,04/07/2024 10:33:00 PM,N,5,129,83,1,0,0.7,0,0,0,0,,1,1.7,2,2,0
2,06/18/2024 06:37:25 PM,06/18/2024 06:46:58 PM,N,1,74,41,1,0.92,10,2.5,0.5,2.8,0,,1,16.8,1,1,0
1,06/24/2024 03:23:19 PM,06/24/2024 03:43:00 PM,N,1,244,247,1,2.2,19.1,0,1.5,0,0,,1,20.6,2,1,0
2,03/12/2024 09:03:14 AM,03/12/2024 09:17:11 AM,N,1,74,238,1,2.53,15.6,0,0.5,1.5,0,,1,21.35,1,1,2.75
2,06/16/2024 08:59:16 PM,06/16/2024 09:14:44 PM,N,1,74,142,1,3.95,19.8,1,0.5,5.01,0,,1,30.06,1,1,2.75
2,06/16/2024 01:33:26 AM,06/16/2024 01:53:21 AM,N,1,171,198,1,8.22,33.8,1,0.5,0,0,,1,36.3,2,1,0
2,06/04/2024 05:39:08 PM,06/04/2024 06:02:01 PM,N,1,95,157,1,3.51,23.3,2.5,0.5,0,0,,1,27.3,2,1,0
2,06/02/2024 07:52:01 PM,06/02/2024 08:03:34 PM,N,1,97,49,1,0.9,10.7,0,0.5,2.44,0,,1,14.64,1,1,0
2,12/26/2024 10:38:30 AM,12/26/2024 11:19:36 AM,N,1,75,36,1,11.65,52,0,0.5,11.25,0,,1,67.5,1,1,2.75
2,07/09/2024 10:01:13 PM,07/09/2024 10:31:53 PM,N,5,93,142,1,10.28,80,0,0,16.75,0,,1,100.5,1,2,2.75
2,03/11/2024 09:16:02 AM,03/11/2024 09:27:39 AM,N,1,116,238,1,2.79,14.9,0,0.5,0,0,,1,19.15,2,1,2.75
1,09/06/2024 05:14:48 PM,09/06/2024 05:53:41 PM,N,1,43,7,1,0,27.5,0,1.5,0,6.94,,1,35.94,1,1,0
2,04/11/2024 02:09:36 AM,04/11/2024 02:17:23 AM,N,1,116,243,2,1.96,11.4,1,0.5,4.17,0,,1,18.07,1,1,0
2,05/29/2024 07:30:19 AM,05/29/2024 07:42:29 AM,N,1,260,138,5,4.1,19.8,5,0.5,5.26,0,,1,31.56,1,1,0
2,07/10/2024 07:11:56 PM,07/10/2024 07:21:50 PM,N,1,74,75,1,1.52,10.7,2.5,0.5,2.8,0,,0.3,16.8,1,1,0
1,09/09/2024 03:17:07 PM,09/09/2024 03:24:35 PM,N,1,41,42,1,1.1,8.6,0,1.5,0,0,,1,10.1,2,1,0
2,05/08/2024 04:34:59 AM,05/08/2024 04:35:02 AM,N,5,129,129,1,0,70,0,0,0,0,,1,71,1,2,0
2,04/18/2024 10:19:31 AM,04/18/2024 10:44:48 AM,N,1,74,43,1,3,23.3,0,0.5,0,0,,1,27.55,2,1,2.75
2,07/05/2024 08:19:11 PM,07/05/2024 08:28:37 PM,N,1,260,157,1,1.86,11.4,1,0.5,0,0,,1,13.9,1,1,0
2,11/08/2024 06:06:14 PM,11/08/2024 06:18:33 PM,N,1,74,24,1,2.19,13.5,2.5,0.5,3.5,0,,1,21,1,1,0
2,06/25/2024 04:42:26 PM,06/25/2024 04:47:15 PM,N,1,75,74,1,1.36,7.9,2.5,0.5,3.57,0,,1,15.47,1,1,0
2,05/04/2024 02:39:07 AM,05/04/2024 03:03:30 AM,N,5,80,158,3,5.98,75,0,0,15.75,0,,1,94.5,1,2,2.75
1,08/15/2024 03:42:55 PM,08/15/2024 04:02:46 PM,N,1,244,246,1,6.8,31.7,2.75,1.5,7.15,0,,1,43.1,1,1,2.75
2,05/16/2024 05:48:56 AM,05/16/2024 06:05:05 AM,N,1,74,237,1,3.5,19.1,1,0.5,7.3,0,,1,31.65,1,1,2.75
2,01/26/2024 10:45:19 AM,01/26/2024 10:53:27 AM,N,5,83,138,1,1.12,19,5,0,5,0,,1,30,1,2,0
2,07/03/2024 12:04:13 AM,07/03/2024 12:12:57 AM,N,1,260,7,1,1.8,10.7,1,0.5,2.64,0,,1,15.84,1,1,0
2,04/09/2024 12:48:30 PM,04/09/2024 01:01:28 PM,N,1,75,239,1,2.14,14.2,0,0.5,3.69,0,,1,22.14,1,1,2.75
2,07/28/2024 08:47:50 PM,07/28/2024 08:55:36 PM,N,1,33,33,1,0.99,8.6,1,0.5,0,0,,1,11.1,2,1,0
1,05/15/2024 03:09:12 PM,05/15/2024 03:20:20 PM,N,1,74,75,1,1.4,12.1,0,1.5,6,0,,1,19.6,1,1,0
2,04/22/2024 07:28:25 AM,04/22/2024 07:34:59 AM,N,1,74,75,1,1.21,8.6,0,0.5,1.52,0,,1,11.62,1,1,0
2,04/19/2024 05:13:29 PM,04/19/2024 05:19:01 PM,N,1,75,74,1,1.33,8.6,2.5,0.5,2.5,0,,1,15.1,1,1,0
1,02/05/2024 06:05:13 PM,02/05/2024 06:15:05 PM,N,1,25,195,1,0,18.5,0,1.5,0,0,,1,20,1,1,0
2,01/28/2024 11:52:07 AM,01/28/2024 12:06:09 PM,N,1,82,198,1,2.85,16.3,0,0.5,0,0,,1,17.8,2,1,0
1,03/25/2024 02:22:05 PM,03/25/2024 03:00:40 PM,N,1,75,151,1,3.5,27.5,2.75,1.5,0,0,,1,31.75,2,1,2.75
2,04/28/2024 03:28:02 PM,04/28/2024 03:38:18 PM,N,1,74,236,1,0,10,0,0.5,2.85,0,,1,17.1,1,1,2.75
2,02/15/2024 08:28:37 PM,02/15/2024 08:39:59 PM,N,1,41,238,1,1.82,12.8,1,0.5,4.51,0,,1,22.56,1,1,2.75
2,08/29/2024 02:12:04 PM,08/29/2024 02:37:38 PM,N,1,97,188,2,3.94,25.4,0,0.5,5.38,0,,1,32.28,1,1,0
2,09/12/2024 01:46:52 PM,09/12/2024 02:05:58 PM,N,1,95,130,1,3.01,19.8,0,0.5,0,0,,1,21.3,2,1,0
2,03/26/2024 04:17:16 PM,03/26/2024 04:33:46 PM,N,1,97,181,1,1.74,15.6,2.5,0.5,3,0,,1,22.6,1,1,0
1,05/04/2024 02:28:34 PM,05/04/2024 02:37:17 PM,N,1,42,42,1,1.6,10.7,0,1.5,0,0,,1,12.2,2,1,0
2,06/23/2024 09:03:59 PM,06/23/2024 09:18:25 PM,N,1,74,140,1,3.37,17.7,1,0.5,0,0,,1,22.95,2,1,2.75
1,11/14/2024 10:15:34 PM,11/14/2024 10:28:22 PM,N,1,66,231,2,2.5,13.5,3.75,1.5,3.75,0,,1,22.5,1,1,2.75
2,10/31/2024 03:56:53 PM,10/31/2024 04:06:54 PM,N,1,75,151,1,1.48,11.4,0,0.5,0,0,,1,12.9,2,1,0
2,03/03/2024 12:09:17 AM,03/03/2024 12:37:32 AM,N,1,65,48,1,6.33,31.7,1,0.5,7.39,0,,1,44.34,1,1,2.75
2,02/20/2024 05:23:18 PM,02/20/2024 05:34:04 PM,N,1,43,236,1,1.73,12.1,2.5,0.5,3.77,0,,1,22.62,1,1,2.75
1,01/10/2024 04:19:59 PM,01/10/2024 04:29:53 PM,N,1,75,74,0,1.4,11.4,2.5,1.5,2,0,,1,17.4,1,1,0
2,01/11/2024 06:49:49 PM,01/11/2024 06:58:17 PM,N,1,75,236,1,1.36,10.7,2.5,0.5,2,0,,1,19.45,1,1,2.75
2,01/23/2024 05:59:09 AM,01/23/2024 06:08:36 AM,N,1,70,223,2,2.26,12.1,0,0.5,0,0,,1,13.6,2,1,0
2,10/10/2024 11:42:33 AM,10/10/2024 12:08:33 PM,N,1,95,132,1,7.47,33.8,0,0.5,7.06,0,,1,42.36,1,1,0
2,03/27/2024 06:56:39 AM,03/27/2024 08:49:23 AM,N,1,55,55,1,17.17,102.4,0,0.5,0,0,,1,103.9,2,1,0
2,08/28/2024 11:40:29 PM,08/28/2024 11:49:27 PM,N,1,95,196,1,1.52,10.7,1,0.5,5,0,,1,18.2,1,1,0
2,11/28/2024 12:57:40 PM,11/28/2024 01:15:12 PM,N,1,166,243,1,4.94,24,0,0.5,6.38,0,,1,31.88,1,1,0
1,03/06/2024 03:05:10 PM,03/06/2024 03:34:31 PM,N,1,166,186,2,5.7,33.1,2.75,1.5,7.45,0,,1,44.8,1,1,2.75
2,09/28/2024 05:28:13 PM,09/28/2024 05:37:00 PM,N,1,95,134,1,1.19,9.3,0,0.5,0,0,,1,10.8,2,1,0
2,12/16/2024 01:07:14 PM,12/16/2024 01:22:25 PM,N,1,43,236,1,1.17,12.8,0,0.5,3.41,0,,1,20.46,1,1,2.75
2,07/29/2024 04:08:40 AM,07/29/2024 04:35:10 AM,N,1,75,62,1,12.17,49.2,1,0.5,0,0,,1,54.45,2,1,2.75
2,03/26/2024 04:25:51 PM,03/26/2024 04:34:43 PM,N,1,42,116,1,1.08,9.3,2.5,0.5,0,0,,1,13.3,2,1,0
2,02/28/2024 08:29:00 AM,02/28/2024 09:08:00 AM,,,179,69,,5.8,31.25,0,0,0,6.94,,1,39.19,,,
2,04/30/2024 08:26:20 PM,04/30/2024 08:46:15 PM,N,1,66,112,1,5.43,27.5,1,0.5,6,0,,1,36,1,1,0
2,02/02/2024 12:26:48 PM,02/02/2024 12:39:11 PM,N,1,74,236,1,2.21,13.5,0,0.5,0,0,,1,17.75,2,1,2.75
1,12/18/2024 08:51:33 AM,12/18/2024 09:29:19 AM,N,1,129,170,1,0,27.5,0,1.5,0,13.88,,1,42.88,1,1,0
2,05/29/2024 07:12:25 PM,05/29/2024 07:50:02 PM,N,1,253,161,2,10.97,52.7,2.5,0.5,13.28,6.94,,1,79.67,1,1,2.75
2,03/31/2024 02:54:06 AM,03/31/2024 03:11:39 AM,N,1,129,7,1,3.59,19.8,1,0.5,0,0,,1,22.3,2,1,0
2,07/08/2024 10:30:04 AM,07/08/2024 10:37:33 AM,N,1,74,75,2,1.37,9.3,0,0.5,0,0,,1,10.8,2,1,0
2,04/05/2024 09:00:42 AM,04/05/2024 09:31:41 AM,N,1,7,112,1,5.04,29.6,0,0.5,6.22,0,,1,37.32,1,1,0
2,05/13/2024 08:08:58 AM,05/13/2024 08:20:59 AM,N,1,74,236,1,1.83,12.8,0,0.5,1.25,0,,1,18.3,1,1,2.75
1,12/13/2024 02:05:20 PM,12/13/2024 02:16:28 PM,N,1,74,166,1,1.5,10.7,0,1.5,0,0,,1,12.2,2,1,0
2,02/28/2024 09:48:14 AM,02/28/2024 10:05:58 AM,N,1,92,82,2,3.18,19.1,0,0.5,0,0,,1,20.6,2,1,0
2,08/12/2024 05:43:49 PM,08/12/2024 06:02:38 PM,N,1,166,43,4,3.2,20.5,2.5,0.5,6.81,0,,1,34.06,1,1,2.75
2,04/11/2024 10:57:16 PM,04/11/2024 11:00:24 PM,N,1,216,197,1,0.36,5.1,1,0.5,0,0,,1,7.6,2,1,0
2,07/09/2024 03:47:49 PM,07/09/2024 04:00:04 PM,N,1,196,83,1,2.24,14.2,0,0.5,0,0,,1,15.7,2,1,0
2,12/07/2024 07:51:08 PM,12/07/2024 07:51:17 PM,N,5,74,74,1,0,11,0,0,3,0,,1,15,1,1,0
2,03/04/2024 07:04:02 PM,03/04/2024 07:14:52 PM,N,1,76,63,1,1.64,12.1,2.5,0.5,4.02,0,,1,20.12,1,1,0
2,05/02/2024 01:20:20 PM,05/02/2024 01:29:12 PM,N,1,82,129,2,1.09,10,0,0.5,0,0,,1,11.5,2,1,0
1,09/20/2024 11:24:21 PM,09/20/2024 11:54:14 PM,N,5,181,102,2,9.1,60,0,0,0,0,,0,60,1,2,0
2,09/01/2024 07:19:15 PM,09/01/2024 07:28:26 PM,N,1,17,25,1,2.16,12.1,0,0.5,0,0,,1,13.6,2,1,0
2,04/19/2024 07:21:26 PM,04/19/2024 07:33:15 PM,N,1,116,41,1,1.96,12.8,2.5,0.5,0,0,,1,16.8,2,1,0
2,01/31/2024 12:05:09 PM,01/31/2024 12:11:17 PM,N,1,7,223,1,0.85,7.2,0,0.5,2.18,0,,1,10.88,1,1,0
2,03/09/2024 03:55:11 PM,03/09/2024 03:58:30 PM,N,1,247,247,1,0.52,5.8,0,0.5,2.19,0,,1,9.49,1,1,0
2,12/05/2024 03:35:41 PM,12/05/2024 03:48:55 PM,N,1,75,43,1,1.99,14.2,0,0.5,3.69,0,,1,22.14,1,1,2.75
2,01/22/2024 10:08:53 AM,01/22/2024 10:27:54 AM,N,1,116,230,1,6.13,28.9,0,0.5,8.29,0,,1,41.44,1,1,2.75
2,02/12/2024 09:39:58 AM,02/12/2024 09:57:57 AM,N,1,74,142,1,3.51,19.1,0,0.5,4.67,0,,1,28.02,1,1,2.75
2,05/04/2024 03:49:20 PM,05/04/2024 04:37:39 PM,N,1,247,68,1,9.02,47.1,0,0.5,0,0,,1,51.35,2,1,2.75
2,02/27/2024 07:33:40 PM,02/27/2024 07:45:55 PM,N,1,95,95,1,2.02,12.8,2.5,0.5,0,0,,1,16.8,2,1,0
2,07/21/2024 08:48:04 PM,07/21/2024 09:17:45 PM,N,1,75,95,1,0,21.2,1,0.5,0,6.94,,1,30.64,2,1,0
2,08/27/2024 08:36:28 AM,08/27/2024 09:06:31 AM,N,1,29,85,1,6.06,31.7,0,0.5,0,0,,1,33.2,2,1,0
1,11/20/2024 04:29:17 PM,11/20/2024 04:43:41 PM,N,1,42,24,1,3,14.9,2.5,1.5,0,0,,1,18.9,2,1,0
2,08/12/2024 02:09:31 PM,08/12/2024 02:29:52 PM,N,1,75,162,2,2.53,19.1,0,0.5,4.2,0,,1,27.55,1,1,2.75
2,01/09/2024 08:41:34 PM,01/09/2024 08:52:38 PM,N,1,95,28,1,2.53,14.2,1,0.5,0,0,,1,16.7,2,1,0
2,04/20/2024 10:30:36 PM,04/20/2024 10:39:23 PM,N,1,260,226,5,1.68,10.7,1,0.5,2.64,0,,1,15.84,1,1,0
2,07/18/2024 10:28:31 PM,07/18/2024 10:55:01 PM,N,1,66,90,1,4.68,27.5,1,0.5,4,0,,1,36.75,1,1,2.75
2,04/06/2024 03:52:09 AM,04/06/2024 03:52:17 AM,N,5,80,80,2,0.01,95,0,0,5,0,,1,101,1,2,0
2,09/05/2024 12:38:34 PM,09/05/2024 12:46:18 PM,N,1,43,238,1,1.12,9.3,0,0.5,1.5,0,,1,12.3,1,1,0
2,08/29/2024 04:59:20 PM,08/29/2024 05:23:07 PM,N,1,75,69,1,2.75,21.2,2.5,0.5,3,0,,1,28.2,1,1,0
2,08/27/2024 10:35:20 PM,08/27/2024 10:46:38 PM,N,1,74,263,1,2.46,14.2,1,0.5,3.89,0,,1,23.34,1,1,2.75
2,06/01/2024 06:03:30 PM,06/01/2024 06:16:05 PM,N,1,74,262,1,2.6,14.9,0,0.5,3.83,0,,1,22.98,1,1,2.75
2,08/07/2024 03:53:17 PM,08/07/2024 04:01:22 PM,N,1,43,74,1,1.15,9.3,0,0.5,0,0,,1,10.8,2,1,0
2,09/08/2024 11:32:42 AM,09/08/2024 11:48:01 AM,N,1,74,262,1,2.49,16.3,0,0.5,3.5,0,,1,24.05,1,1,2.75
2,06/07/2024 09:51:21 AM,06/07/2024 10:05:33 AM,N,1,263,138,1,8.07,31.7,5,0.5,5,6.94,,1,50.14,1,1,0
2,02/18/2024 07:30:46 PM,02/18/2024 07:36:18 PM,N,1,74,42,1,0.95,7.9,0,0.5,2.35,0,,1,11.75,1,1,0
2,04/17/2024 04:38:40 PM,04/17/2024 04:57:03 PM,N,1,95,138,1,5.77,26.1,7.5,0.5,10,0,,1,45.1,1,1,0
2,01/17/2024 11:37:12 AM,01/17/2024 11:52:59 AM,N,1,74,238,1,2.64,16.3,0,0.5,4.11,0,,1,24.66,1,1,2.75
2,12/09/2024 03:33:25 PM,12/09/2024 03:45:03 PM,N,1,75,43,1,1.09,11.4,0,0.5,0,0,,1,15.65,2,1,2.75
2,04/30/2024 03:39:36 PM,04/30/2024 03:52:25 PM,N,1,74,236,1,1.86,14.2,0,0.5,3.69,0,,1,22.14,1,1,2.75
2,11/04/2024 10:16:24 AM,11/04/2024 10:20:32 AM,N,1,43,236,1,0.66,5.8,0,0.5,1,0,,1,11.05,1,1,2.75
2,05/03/2024 06:39:27 PM,05/03/2024 06:45:56 PM,N,1,134,134,1,0.97,7.9,2.5,0.5,0,0,,1,11.9,1,1,0
2,05/05/2024 11:00:01 AM,05/05/2024 11:48:01 AM,N,5,195,1,2,17.84,150,0,0,30.2,0,,1,181.2,1,2,0
2,09/06/2024 06:45:28 PM,09/06/2024 07:09:00 PM,N,1,74,238,1,2.49,21.2,2.5,0.5,5.04,0,,1,30.24,1,1,0
2,04/17/2024 10:14:03 PM,04/17/2024 10:23:22 PM,N,1,166,239,2,1.91,12.1,1,0.5,4.34,0,,1,21.69,1,1,2.75
2,02/14/2024 12:42:18 PM,02/14/2024 12:52:46 PM,N,1,74,24,1,1.99,12.1,0,0.5,0,0,,1,13.6,2,1,0
2,01/17/2024 12:43:52 PM,01/17/2024 01:09:31 PM,N,1,43,230,1,2.79,22.6,0,0.5,5.37,0,,1,32.22,1,1,2.75
2,08/31/2024 06:41:23 PM,08/31/2024 07:10:17 PM,N,1,95,185,1,11.32,47.1,0,0.5,11.11,6.94,,1,66.65,1,1,0
2,10/27/2024 12:55:30 AM,10/27/2024 01:20:14 AM,N,5,112,87,2,6.67,65.55,0,0,13.86,0,,1,83.16,1,2,2.75
2,11/06/2024 09:08:23 AM,11/06/2024 09:21:06 AM,N,1,74,43,1,1.37,12.8,0,0.5,2,0,,1,16.3,1,1,0
2,07/24/2024 03:00:59 PM,07/24/2024 03:26:25 PM,N,1,65,225,1,3.11,21.2,0,0.5,0,0,,1,22.7,2,1,0
2,09/14/2024 01:10:49 AM,09/14/2024 01:17:58 AM,N,1,55,55,1,0.18,7.9,1,0.5,0,0,,1,10.4,2,1,0
2,06/08/2024 12:10:44 PM,06/08/2024 12:23:46 PM,N,1,33,97,1,1.6,13.5,0,0.5,0,0,,1,15,2,1,0
2,09/05/2024 11:13:13 PM,09/05/2024 11:19:31 PM,N,1,236,41,1,1.42,9.3,1,0.5,0,0,,1,11.8,1,1,0
2,05/05/2024 11:22:04 PM,05/05/2024 11:25:45 PM,N,1,74,42,2,0.72,5.8,1,0.5,5,0,,1,13.3,1,1,0
2,07/17/2024 09:06:52 PM,07/17/2024 09:20:42 PM,N,1,130,132,1,5.51,24.7,1,0.5,6.8,0,,1,34,1,1,0
2,06/03/2024 08:19:23 AM,06/03/2024 09:35:53 AM,N,4,129,173,1,37.85,231.2,0,0.5,0,6.94,,1,239.64,2,1,0
2,05/16/2024 05:59:52 AM,05/16/2024 06:08:49 AM,N,1,74,237,1,2.79,13.5,1,0.5,3.75,0,,1,22.5,1,1,2.75
2,02/01/2024 08:59:26 PM,02/01/2024 09:03:42 PM,N,1,95,95,1,1,7.2,1,0.5,1.94,0,,1,11.64,1,1,0
1,01/17/2024 06:32:28 PM,01/17/2024 06:39:16 PM,N,1,75,263,1,0.8,7.9,5.25,1.5,4.35,0,,1,19,1,1,2.75
2,04/03/2024 09:10:25 AM,04/03/2024 09:20:03 AM,N,1,75,166,1,1.93,12.1,0,0.5,4.08,0,,1,17.68,1,1,0
2,07/10/2024 07:20:43 PM,07/10/2024 07:30:58 PM,N,1,134,28,5,1.68,11.4,2.5,0.5,0,0,,1,15.4,2,1,0
2,05/29/2024 09:08:43 PM,05/29/2024 09:16:13 PM,N,1,95,134,1,1.56,9.3,1,0.5,0,0,,1,11.8,2,1,0
2,01/22/2024 02:55:08 AM,01/22/2024 03:07:54 AM,N,1,129,173,1,1.31,11.4,1,0.5,0,0,,1,13.9,2,1,0
2,12/06/2024 06:46:43 AM,12/06/2024 06:55:32 AM,N,1,43,166,1,1.84,11.4,0,0.5,2.58,0,,1,15.48,1,1,0
2,09/21/2024 12:40:48 PM,09/21/2024 01:23:14 PM,N,2,75,132,1,18.65,70,0,0.5,15.69,6.94,,1,94.13,1,1,0
2,06/10/2024 02:37:14 PM,06/10/2024 02:47:18 PM,N,1,75,236,1,1.06,10.7,0,0.5,2.24,0,,1,17.19,1,1,2.75
2,08/30/2024 12:14:33 PM,08/30/2024 09:40:33 PM,N,1,223,223,1,45.17,450.3,0,0.5,0,0,,1,451.8,2,1,0
2,05/30/2024 08:29:43 PM,05/30/2024 08:49:41 PM,N,1,43,230,1,2.56,19.8,1,0.5,5.01,0,,1,30.06,1,1,2.75
2,04/05/2024 07:17:23 AM,04/05/2024 07:54:44 AM,N,1,33,233,1,6.08,40.1,0,0.5,8.87,0,,1,53.22,1,1,2.75
2,09/16/2024 04:38:08 PM,09/16/2024 04:45:06 PM,N,1,75,74,2,1.34,9.3,2.5,0.5,2.66,0,,1,15.96,1,1,0
2,04/22/2024 05:03:00 PM,04/22/2024 05:34:00 PM,,,55,89,,6.06,35.24,0,0,10.72,0,,1,46.96,,,
2,05/03/2024 11:21:45 AM,05/03/2024 11:28:41 AM,N,1,166,152,2,1.22,8.6,0,0.5,0,0,,1,10.1,2,1,0
2,06/20/2024 02:08:08 PM,06/20/2024 02:15:08 PM,N,1,25,54,1,0.93,8.6,0,0.5,0,0,,1,10.1,2,1,0
2,11/18/2024 06:21:39 PM,11/18/2024 07:01:19 PM,N,1,257,36,1,5.9,37.3,2.5,0.5,3,0,,1,44.3,1,1,0
1,02/21/2024 02:27:13 PM,02/21/2024 02:36:29 PM,N,1,74,262,1,2.4,12.8,2.75,1.5,3.4,0,,1,20.45,1,1,2.75
2,10/31/2024 11:26:51 PM,10/31/2024 11:47:13 PM,N,1,25,89,1,2.8,20.5,1,0.5,4.6,0,,1,27.6,1,1,0
2,11/24/2024 06:27:12 PM,11/24/2024 06:40:51 PM,N,1,65,17,1,1.99,13.5,0,0.5,0,0,,1,15,2,1,0
2,02/10/2024 12:26:00 PM,02/10/2024 12:36:00 PM,,,244,238,,5.29,21.99,0,0,5.15,0,,1,30.89,,,
2,11/26/2024 01:07:13 PM,11/26/2024 01:23:21 PM,N,1,75,166,2,1.98,16.3,0,0.5,3.56,0,,1,21.36,1,1,0
1,11/06/2024 05:35:39 PM,11/06/2024 05:49:57 PM,N,1,75,263,1,1.9,14.2,5.25,1.5,1,0,,1,21.95,1,1,2.75
2,01/14/2024 08:54:11 PM,01/14/2024 09:08:45 PM,N,1,74,142,1,3.42,17.7,1,0.5,4.59,0,,1,27.54,1,1,2.75
2,10/27/2024 07:27:57 PM,10/27/2024 07:35:21 PM,N,1,74,166,2,1.19,8.6,0,0.5,2.02,0,,1,12.12,1,1,0
2,10/20/2024 09:24:32 PM,10/20/2024 09:43:31 PM,N,1,130,7,1,10.07,40.8,1,0.5,8.66,0,,1,51.96,1,1,0
1,10/22/2024 02:06:04 PM,10/22/2024 02:15:58 PM,N,1,74,75,1,1.9,10.7,0,1.5,0,0,,1,12.2,2,1,0
2,12/25/2024 05:31:39 PM,12/25/2024 05:50:41 PM,N,1,74,166,1,2.61,14.9,0,0.5,3.28,0,,1,19.68,1,1,0
2,10/13/2024 11:22:00 AM,10/13/2024 11:59:00 AM,,,74,22,,17.14,66.35,0,0.5,0,0,,1,70.6,,,
2,04/04/2024 07:25:45 PM,04/04/2024 07:33:40 PM,N,1,74,42,2,1.07,9.3,2.5,0.5,0,0,,1,13.3,2,1,0
2,09/03/2024 07:20:32 PM,09/03/2024 07:49:23 PM,N,5,244,250,1,6.75,35,0,0,0,0,,1,36,2,2,0
2,04/10/2024 05:11:45 PM,04/10/2024 05:30:32 PM,N,1,97,61,2,3.13,19.8,2.5,0.5,2,0,,1,25.8,1,1,0
2,09/05/2024 10:47:56 PM,09/05/2024 11:24:51 PM,N,1,93,237,1,11.01,49.2,1,0.5,13.61,0,,1,68.06,1,1,2.75
2,05/13/2024 05:39:50 PM,05/13/2024 05:58:24 PM,N,1,130,138,1,7.18,30.3,7.5,0.5,7.86,0,,1,47.16,1,1,0
2,06/07/2024 08:08:39 PM,06/07/2024 08:31:49 PM,N,1,97,211,1,3.84,23.3,1,0.5,5.71,0,,1,34.26,1,1,2.75
2,05/17/2024 05:20:29 PM,05/17/2024 05:33:12 PM,N,1,82,138,1,3.53,17,7.5,0.5,5,0,,1,31,1,1,0
1,05/28/2024 01:09:07 PM,05/28/2024 01:37:48 PM,N,1,17,33,1,0,20.5,0,1.5,0,0,,1,22,1,1,0
2,07/27/2024 03:18:48 PM,07/27/2024 03:25:36 PM,N,1,70,223,2,1.91,10.7,0,0.5,0,0,,1,12.2,2,1,0
2,12/04/2024 07:52:01 AM,12/04/2024 08:40:59 AM,N,4,130,265,1,12.83,65.3,0,0.5,0.18,0,,1,66.98,1,1,0
2,03/18/2024 02:05:12 PM,03/18/2024 02:15:00 PM,N,1,74,75,1,1.39,10.7,0,0.5,0,0,,1,12.2,2,1,0
2,04/26/2024 05:34:36 PM,04/26/2024 05:48:45 PM,N,1,130,132,1,5.39,24.7,2.5,0.5,0,0,,1,28.7,1,1,0
2,01/13/2024 01:50:04 PM,01/13/2024 01:54:27 PM,N,1,75,236,5,0.62,6.5,0,0.5,2.15,0,,1,12.9,1,1,2.75
1,08/10/2024 09:44:23 PM,08/10/2024 09:53:23 PM,N,1,74,236,3,1.8,11.4,3.75,1.5,2.35,0,,1,19,1,1,2.75
2,09/28/2024 11:42:25 AM,09/28/2024 11:52:09 AM,N,1,74,24,1,1.94,11.4,0,0.5,2.58,0,,1,15.48,1,1,0
2,09/07/2024 09:46:00 PM,09/07/2024 10:11:00 PM,,,129,132,,13.97,50.2,0,0,0,0,,1,51.2,,,
2,08/07/2024 08:37:20 PM,08/07/2024 08:44:39 PM,N,1,66,52,2,1.44,9.3,1,0.5,2.36,0,,1,14.16,1,1,0
2,09/20/2024 02:26:49 PM,09/20/2024 02:33:56 PM,N,1,166,166,2,1.13,9.3,0,0.5,3,0,,1,13.8,1,1,0
2,12/01/2024 04:44:36 PM,12/01/2024 04:50:31 PM,N,1,66,52,1,0,6.5,0,0.5,1.6,0,,1,9.6,1,1,0
2,07/12/2024 09:21:00 AM,07/12/2024 09:24:00 AM,,,7,193,,"30,011.19",10.3,0,0,2.26,0,,1,13.56,,,
2,05/10/2024 08:44:04 PM,05/10/2024 08:52:40 PM,N,1,7,223,1,1.07,9.3,1,0.5,2.36,0,,1,14.16,1,1,0
2,02/05/2024 06:31:14 PM,02/05/2024 06:34:15 PM,N,1,95,95,1,0.73,5.8,2.5,0.5,2.45,0,,1,12.25,1,1,0
2,06/29/2024 03:52:35 PM,06/29/2024 03:59:14 PM,N,1,260,7,1,1.35,8.6,0,0.5,2.02,0,,1,12.12,1,1,0
2,10/21/2024 11:03:32 AM,10/21/2024 11:13:42 AM,N,1,166,74,1,1.18,10.7,0,0.5,2.44,0,,1,14.64,1,1,0
2,04/04/2024 03:57:15 PM,04/04/2024 05:02:01 PM,N,1,129,140,6,5.1,52.7,0,0.5,0,0,,1,56.95,1,1,2.75
2,10/19/2024 01:09:37 PM,10/19/2024 01:22:12 PM,N,1,74,263,1,2.53,14.9,0,0.5,3.83,0,,1,22.98,1,1,2.75
2,10/21/2024 08:31:02 AM,10/21/2024 08:45:26 AM,N,1,74,116,1,2.14,14.2,0,0.5,2.36,0,,1,18.06,1,1,0
2,09/20/2024 03:41:30 PM,09/20/2024 04:13:05 PM,N,1,43,158,1,6.63,35.2,0,0.5,4,0,,1,43.45,1,1,2.75
1,02/09/2024 05:55:39 PM,02/09/2024 06:08:01 PM,N,1,152,74,1,1.4,12.1,2.5,1.5,3.2,0,,1,19.3,1,1,0
2,05/01/2024 06:01:39 PM,05/01/2024 06:28:51 PM,N,1,82,92,2,5.68,29.6,2.5,0.5,0,0,,1,33.6,1,1,0
2,10/12/2024 01:47:52 PM,10/12/2024 01:58:11 PM,N,1,24,41,1,1.47,12.1,0,0.5,1,0,,1,14.6,1,1,0
2,01/20/2024 03:13:57 PM,01/20/2024 03:27:19 PM,N,1,166,243,1,3.31,17,0,0.5,3.7,0,,1,22.2,1,1,0
2,11/20/2024 09:34:28 PM,11/20/2024 09:45:35 PM,N,1,260,7,1,1.69,12.1,1,0.5,8,0,,1,22.6,1,1,0
2,10/31/2024 10:13:55 AM,10/31/2024 10:15:29 AM,N,1,129,82,1,0.1,-3.7,0,-0.5,0,0,,-1,-5.2,4,1,0
1,10/14/2024 07:19:16 PM,10/14/2024 07:50:14 PM,N,1,97,89,0,4.5,28.9,0,1.5,6.08,0,,1,36.48,1,1,0
2,12/26/2024 09:41:01 PM,12/26/2024 09:54:37 PM,N,1,74,243,1,4.68,22.6,1,0.5,4.88,0,,0.3,29.28,1,1,0
2,09/08/2024 09:16:56 AM,09/08/2024 09:23:09 AM,N,1,43,236,1,1.59,10,0,0.5,2.85,0,,1,17.1,1,1,2.75
2,09/07/2024 03:57:11 PM,09/07/2024 04:02:26 PM,N,1,161,230,1,0.55,6.5,0,0.5,2.1,0,,1,12.6,1,1,2.5
2,12/26/2024 11:43:22 AM,12/26/2024 11:50:08 AM,N,1,82,196,1,1.2,8.6,0,0.5,0,0,,1,10.1,2,1,0
2,12/14/2024 08:08:51 PM,12/14/2024 08:40:23 PM,N,1,166,163,5,3.85,28.9,1,0.5,0,0,,1,34.15,2,1,2.75
2,10/01/2024 11:42:50 PM,10/01/2024 11:48:50 PM,N,1,95,134,1,1.09,8.6,1,0.5,0,0,,1,11.1,2,1,0
2,03/29/2024 03:12:58 PM,03/29/2024 03:18:29 PM,N,1,75,75,1,0.73,7.2,0,0.5,0,0,,1,8.7,2,1,0
2,05/12/2024 09:06:28 PM,05/12/2024 09:13:59 PM,N,1,75,263,1,0.96,8.6,1,0.5,0.78,0,,1,11.88,1,1,0
2,07/19/2024 11:54:07 PM,07/20/2024 12:18:36 AM,N,1,93,9,1,10.08,41.5,1,0.5,11,0,,1,55,1,1,0
2,04/06/2024 07:37:42 PM,04/06/2024 07:50:37 PM,N,1,97,106,1,1.95,14.2,0,0.5,3.14,0,,1,18.84,1,1,0
2,12/16/2024 04:59:28 PM,12/16/2024 05:10:26 PM,N,1,74,236,1,1.52,12.1,2.5,0.5,3.22,0,,1,19.32,1,1,0
2,03/05/2024 04:15:42 PM,03/05/2024 04:35:46 PM,N,1,74,238,1,2.79,20.5,2.5,0.5,1.5,0,,1,28.75,1,1,2.75
2,01/22/2024 12:29:47 PM,01/22/2024 12:42:47 PM,N,1,97,66,1,1.62,12.8,0,0.5,2.86,0,,1,17.16,1,1,0
2,07/10/2024 05:43:53 AM,07/10/2024 05:57:41 AM,N,1,74,237,1,3.29,18.4,1,0.5,5.91,0,,1,29.56,1,1,2.75
2,09/24/2024 10:04:28 PM,09/24/2024 10:08:13 PM,N,1,75,74,1,1.21,7.2,1,0.5,1.94,0,,1,11.64,1,1,0
1,07/26/2024 05:55:04 PM,07/26/2024 06:21:26 PM,N,1,97,85,1,0,23.5,0,1.5,0,0,,1,25,1,1,0
2,05/11/2024 12:56:01 PM,05/11/2024 01:19:10 PM,N,1,65,188,1,3.23,22.6,0,0.5,6.02,0,,1,30.12,1,1,0
2,10/26/2024 06:52:21 AM,10/26/2024 06:56:42 AM,N,1,41,42,1,0.95,7.2,0,0.5,1.74,0,,1,10.44,1,1,0
2,12/09/2024 06:24:05 PM,12/09/2024 06:50:49 PM,N,1,74,48,6,6.24,33.1,2.5,0.5,9.96,0,,1,49.81,1,1,2.75
2,01/21/2024 11:21:16 AM,01/21/2024 11:28:50 AM,N,1,65,25,2,0.89,8.6,0,0.5,0.1,0,,1,10.2,1,1,0
2,03/19/2024 08:03:09 PM,03/19/2024 08:17:14 PM,N,1,97,188,1,2.83,16.3,1,0.5,0,0,,1,18.8,2,1,0
2,01/10/2024 03:59:39 PM,01/10/2024 04:06:32 PM,N,1,42,41,1,0.7,7.9,2.5,0.5,0.01,0,,1,11.91,1,1,0
2,10/06/2024 12:18:55 PM,10/06/2024 12:26:48 PM,N,5,92,73,1,1.15,12,0,0,0,0,,1,13,2,2,0
2,10/21/2024 05:58:47 PM,10/21/2024 06:13:22 PM,N,1,74,238,2,2.24,14.9,2.5,0.5,3.78,0,,1,22.68,1,1,0
2,07/10/2024 06:24:47 PM,07/10/2024 06:49:07 PM,N,1,43,224,1,5.23,26.8,2.5,0.5,6.71,0,,1,40.26,1,1,2.75
1,07/11/2024 07:43:58 PM,07/11/2024 07:50:10 PM,N,1,43,236,1,1,7.9,5.25,1.5,1,0,,1,15.65,1,1,2.75
2,02/07/2024 03:28:32 PM,02/07/2024 03:34:47 PM,N,1,75,74,6,1.46,8.6,0,0.5,0,0,,1,10.1,1,1,0
2,07/17/2024 02:28:33 PM,07/17/2024 02:44:16 PM,N,1,166,236,1,2.68,17,0,0.5,0,0,,1,21.25,2,1,2.75
2,02/14/2024 11:15:44 AM,02/14/2024 11:31:34 AM,N,1,95,70,1,4.31,22.6,0,0.5,0,0,,1,24.1,2,1,0
2,08/31/2024 02:35:57 PM,08/31/2024 02:47:34 PM,N,1,74,166,1,1.46,12.1,0,0.5,2.72,0,,1,16.32,1,1,0
2,10/09/2024 12:38:53 AM,10/09/2024 12:56:35 AM,N,1,82,17,1,6.86,29.6,1,0.5,0,0,,1,32.1,1,1,0
1,05/04/2024 12:07:01 AM,05/04/2024 12:11:16 AM,N,1,42,41,1,0.9,6.5,1,1.5,1.8,0,,1,10.8,1,1,0
2,12/13/2024 05:18:49 AM,12/13/2024 05:28:45 AM,N,1,95,160,1,2.42,12.1,1,0.5,2.92,0,,1,17.52,1,1,0
1,02/08/2024 06:50:10 PM,02/08/2024 07:03:05 PM,N,1,75,262,1,1.9,12.1,5.25,1.5,0,0,,1,18.85,1,1,2.75
2,08/12/2024 11:15:54 PM,08/12/2024 11:39:07 PM,N,1,95,79,1,11.83,45.7,1,0.5,5,0,,1,55.95,1,1,2.75
1,07/25/2024 08:48:33 AM,07/25/2024 09:00:32 AM,N,1,74,42,1,4,17.7,0,1.5,0,0,,1,19.2,2,1,0
1,11/19/2024 10:15:08 PM,11/19/2024 10:36:14 PM,N,1,236,248,1,0,27.5,0,1.5,0,0,,1,29,1,1,0
2,05/02/2024 04:54:54 AM,05/02/2024 04:54:59 AM,N,1,260,260,1,0,3,1,0.5,15.5,0,,1,21,1,1,0
2,04/30/2024 09:53:15 PM,04/30/2024 10:02:43 PM,N,1,82,264,1,0.79,7.9,1,0.5,2.08,0,,1,12.48,1,1,0
2,03/06/2024 09:35:16 AM,03/06/2024 09:37:23 AM,N,1,75,74,1,0.89,5.8,0,0.5,0,0,,1,7.3,1,1,0
2,11/01/2024 11:11:07 PM,11/01/2024 11:29:59 PM,N,1,66,33,1,4.97,24,1,0.5,5,0,,1,34.25,1,1,2.75
2,05/12/2024 10:54:44 AM,05/12/2024 11:03:44 AM,N,1,65,33,1,1.04,10,0,0.5,2.3,0,,1,13.8,1,1,0
2,02/15/2024 05:06:43 PM,02/15/2024 05:50:14 PM,N,1,244,138,1,11.27,50.6,7.5,0.5,10.8,6.94,,1,77.34,1,1,0
2,09/05/2024 04:52:17 PM,09/05/2024 05:26:04 PM,N,1,43,161,2,2.86,28.2,2.5,0.5,6.99,0,,1,41.94,1,1,2.75
1,03/06/2024 08:18:33 AM,03/06/2024 09:05:28 AM,N,1,160,50,1,0,30.5,0,1.5,0,6.94,,1,38.94,1,1,0
2,04/25/2024 08:56:44 AM,04/25/2024 09:07:01 AM,N,1,247,47,1,0.73,10.7,0,0.5,0,0,,1,12.2,2,1,0
2,04/03/2024 09:09:21 PM,04/03/2024 09:31:02 PM,N,1,92,92,1,3.09,22.6,1,0.5,0,0,,1,25.1,2,1,0
2,01/16/2024 08:41:20 PM,01/16/2024 08:48:20 PM,N,1,43,43,1,1.59,9.3,1,0.5,2.91,0,,1,17.46,1,1,2.75
2,02/07/2024 01:21:28 PM,02/07/2024 01:27:02 PM,N,1,41,43,1,0.76,7.2,0,0.5,1.74,0,,1,10.44,1,1,0
2,08/29/2024 02:15:06 PM,08/29/2024 02:27:05 PM,N,1,74,166,1,1.71,12.8,0,0.5,2.86,0,,1,17.16,1,1,0
2,11/06/2024 02:57:24 PM,11/06/2024 03:21:51 PM,N,1,97,188,1,1.76,19.8,0,0.5,5.32,0,,1,26.62,1,1,0
2,06/21/2024 05:59:20 PM,06/21/2024 06:07:29 PM,N,1,74,42,1,0.96,9.3,2.5,0.5,0,0,,1,13.3,2,1,0
2,05/29/2024 05:22:47 PM,05/29/2024 05:33:49 PM,N,1,134,216,5,2.31,13.5,2.5,0.5,1.75,0,,1,19.25,1,1,0
2,04/11/2024 01:58:43 PM,04/11/2024 02:07:58 PM,N,1,75,236,2,1.07,10,0,0.5,3.56,0,,1,17.81,1,1,2.75
2,05/10/2024 09:36:22 PM,05/10/2024 09:49:00 PM,N,1,74,166,1,2.19,14.2,1,0.5,3.34,0,,1,20.04,1,1,0
2,09/19/2024 08:07:06 PM,09/19/2024 08:20:03 PM,N,1,130,219,1,4.41,20.5,1,0.5,0,0,,1,23,1,1,0
2,03/07/2024 05:42:50 PM,03/07/2024 05:53:25 PM,N,1,43,263,1,1.61,11.4,2.5,0.5,3,0,,1,21.15,1,1,2.75
2,12/18/2024 09:41:00 AM,12/18/2024 09:49:00 AM,,,41,238,,1.6,13.58,0,0.5,0,0,,1,17.83,,,
2,01/09/2024 02:01:14 AM,01/09/2024 02:06:13 AM,N,1,7,7,1,1.18,7.9,1,0.5,2.6,0,,1,13,1,1,0
2,03/07/2024 11:32:57 PM,03/07/2024 11:33:00 PM,N,5,82,82,1,0,20,0,0,4.2,0,,1,25.2,1,2,0
2,09/22/2024 09:28:47 AM,09/22/2024 09:42:42 AM,N,1,74,151,1,2.3,14.9,0,0.5,3.28,0,,1,19.68,1,1,0
1,01/20/2024 07:59:45 PM,01/20/2024 08:01:41 PM,N,1,41,41,1,0.4,4.4,1,1.5,0,0,,1,6.9,2,1,0
2,04/24/2024 07:43:15 PM,04/24/2024 07:47:35 PM,N,1,33,52,1,0.83,6.5,2.5,0.5,1.05,0,,1,11.55,1,1,0
2,10/19/2024 12:42:33 PM,10/19/2024 01:20:02 PM,N,1,42,246,1,6.24,36.6,0,0.5,5,0,,1,45.85,1,1,2.75
2,01/11/2024 07:52:28 AM,01/11/2024 08:07:02 AM,N,1,74,116,1,2.12,14.9,0,0.5,0,0,,1,16.4,2,1,0
2,09/10/2024 02:32:16 PM,09/10/2024 03:06:18 PM,N,1,43,234,1,3.63,29.6,0,0.5,6.77,0,,1,40.62,1,1,2.75
2,12/19/2024 02:11:52 AM,12/19/2024 02:23:07 AM,N,1,223,146,1,2.25,13.5,1,0.5,3.2,0,,1,19.2,1,1,0
1,01/15/2024 07:21:56 AM,01/15/2024 07:35:48 AM,N,1,74,161,1,4,17.7,2.75,1.5,1.5,0,,1,23.45,1,1,2.75
1,12/23/2024 02:52:17 PM,12/23/2024 03:17:49 PM,N,1,82,197,1,4.6,23.3,0,1.5,0,0,,1,24.8,2,1,0
1,06/11/2024 02:05:41 PM,06/11/2024 02:14:19 PM,N,1,61,62,1,0,15.5,0,1.5,0,0,,1,17,1,1,0
2,08/02/2024 07:12:46 PM,08/02/2024 07:26:04 PM,N,1,130,215,1,1.65,13.5,2.5,0.5,3.5,0,,1,21,1,1,0
2,11/02/2024 07:13:18 PM,11/02/2024 07:14:08 PM,N,1,82,82,1,0.12,3,0,0.5,0,0,,1,4.5,2,1,0
2,04/25/2024 10:58:13 AM,04/25/2024 11:31:05 AM,N,1,130,62,1,9.87,45,0,0.5,2,0,,1,48.5,1,1,0
1,09/03/2024 10:42:33 AM,09/03/2024 11:00:40 AM,N,1,74,75,1,1.5,16.3,0,1.5,3.55,0,,1,21.35,1,1,0
2,07/31/2024 02:04:31 PM,07/31/2024 02:11:23 PM,N,1,75,238,1,1.12,8.6,0,0.5,0,0,,1,10.1,2,1,0
2,06/22/2024 10:40:33 PM,06/22/2024 10:50:25 PM,N,1,65,61,1,5.41,23.3,1,0.5,2,0,,1,27.8,1,1,0
2,03/22/2024 07:11:50 AM,03/22/2024 07:28:12 AM,N,1,33,229,1,7,28.9,0,0.5,8.29,0,,1,41.44,1,1,2.75
2,07/27/2024 09:43:02 AM,07/27/2024 09:53:16 AM,N,1,244,166,1,2.06,12.8,0,0.5,2.86,0,,1,17.16,1,1,0
1,01/28/2024 10:15:23 AM,01/28/2024 10:19:49 AM,N,1,97,181,0,0.9,7.2,0,1.5,0,0,,1,8.7,2,1,0
2,12/06/2024 12:44:27 PM,12/06/2024 01:04:38 PM,N,1,74,237,1,3.38,21.2,0,0.5,0,0,,1,25.45,2,1,2.75
2,12/24/2024 11:37:41 PM,12/24/2024 11:50:08 PM,N,1,82,196,1,2.24,14.2,1,0.5,0,0,,1,16.7,2,1,0
1,08/31/2024 08:42:04 PM,08/31/2024 08:55:50 PM,N,1,74,151,6,2.4,14.9,1,1.5,4.3,0,,1,21.7,1,1,0
2,12/07/2024 04:18:13 PM,12/07/2024 04:52:49 PM,N,1,195,21,1,11.54,48.5,0,0.5,0,0,,1,50,2,1,0
1,05/16/2024 08:05:23 PM,05/16/2024 08:11:52 PM,N,1,41,24,1,0.8,7.9,1,1.5,2.05,0,,1,12.45,1,1,0
2,03/11/2024 06:59:54 AM,03/11/2024 07:09:38 AM,N,1,95,56,1,1.35,10.7,0,0.5,0.01,0,,1,12.21,1,1,0
2,11/23/2024 09:55:20 PM,11/23/2024 09:59:16 PM,N,1,31,20,1,0.56,5.8,1,0.5,1.66,0,,1,9.96,1,1,0
2,11/09/2024 08:25:37 PM,11/09/2024 08:34:12 PM,N,1,75,238,1,1.64,10.7,1,0.5,3.99,0,,1,19.94,1,1,2.75
2,06/28/2024 12:21:00 PM,06/28/2024 12:43:00 PM,,,7,262,,4.07,31.91,0,0,5.27,0,,1,40.93,,,
2,09/05/2024 08:40:42 PM,09/05/2024 08:46:43 PM,N,1,93,92,1,1.33,8.6,1,0.5,2.22,0,,1,13.32,1,1,0
2,01/24/2024 09:28:00 AM,01/24/2024 09:33:00 AM,,,28,121,,0.9,16.96,0,0,3.59,0,,1,21.55,,,
1,09/16/2024 05:14:57 PM,09/16/2024 06:25:11 PM,N,1,42,55,1,0,61.5,0,1.5,0,6.94,,1,69.94,1,1,0
2,04/02/2024 04:00:34 PM,04/02/2024 04:06:59 PM,N,1,74,74,1,1.13,8.6,0,0.5,0,0,,1,10.1,1,1,0
2,07/13/2024 11:37:05 PM,07/13/2024 11:41:39 PM,N,1,74,75,2,0.88,6.5,1,0.5,2.25,0,,1,11.25,1,1,0
1,09/12/2024 10:43:44 AM,09/12/2024 10:51:24 AM,N,1,210,150,1,1.2,9.3,0,1.5,0,0,,1,10.8,2,1,0
2,05/17/2024 06:22:01 PM,05/17/2024 06:38:29 PM,N,1,260,112,1,3.74,19.8,2.5,0.5,10,0,,1,33.8,1,1,0
2,08/04/2024 02:08:15 AM,08/04/2024 02:17:44 AM,N,1,65,97,1,1.37,10.7,1,0.5,2.64,0,,1,15.84,1,1,0
2,02/20/2024 06:14:12 PM,02/20/2024 06:25:44 PM,N,1,166,75,1,1.63,12.1,2.5,0.5,2,0,,1,18.1,1,1,0
2,10/18/2024 02:07:41 AM,10/18/2024 02:25:40 AM,N,5,92,129,1,3.24,24,0,0,0,0,,1,25,2,2,0
2,12/16/2024 03:39:25 PM,12/16/2024 03:49:46 PM,N,1,74,166,1,1.79,12.1,0,0.5,3.4,0,,1,17,1,1,0
2,04/19/2024 01:47:27 PM,04/19/2024 01:54:36 PM,N,1,74,42,1,0.98,7.9,0,0.5,0,0,,1,9.4,2,1,0
2,03/17/2024 04:41:28 PM,03/17/2024 04:49:51 PM,N,1,74,75,1,1.85,11.4,0,0.5,2.58,0,,1,15.48,1,1,0
1,10/31/2024 08:44:14 AM,10/31/2024 09:02:08 AM,N,1,74,236,1,1.5,16.3,2.75,1.5,1,0,,1,21.55,1,1,2.75
2,01/29/2024 06:51:48 AM,01/29/2024 07:13:58 AM,N,1,216,197,1,3.07,21.2,0,0.5,0,0,,1,22.7,1,1,0
2,12/10/2024 07:35:29 PM,12/10/2024 07:41:34 PM,N,1,95,95,1,0.79,7.2,2.5,0.5,2.24,0,,1,13.44,1,1,0
2,03/28/2024 04:37:52 PM,03/28/2024 04:51:16 PM,N,1,82,138,1,2.55,15.6,7.5,0.5,4.92,0,,1,29.52,1,1,0
1,05/10/2024 07:53:02 PM,05/10/2024 07:59:23 PM,N,1,116,244,3,0.7,7.9,2.5,1.5,2.35,0,,1,14.25,1,1,0
2,01/02/2024 08:42:24 PM,01/02/2024 08:48:44 PM,N,1,75,236,1,1.43,9.3,1,0.5,5,0,,1,19.55,1,1,2.75
2,02/12/2024 07:34:00 AM,02/12/2024 07:50:16 AM,N,1,74,238,1,2.47,16.3,0,0.5,0,0,,1,20.55,2,1,2.75
2,01/31/2024 08:30:30 AM,01/31/2024 08:45:07 AM,N,1,75,166,1,1.66,14.9,0,0.5,4.92,0,,1,21.32,1,1,0
2,03/10/2024 05:26:36 PM,03/10/2024 05:35:54 PM,N,1,41,151,1,1.54,11.4,0,0.5,1.94,0,,1,14.84,1,1,0
2,10/11/2024 06:17:23 PM,10/11/2024 06:36:44 PM,N,1,74,238,1,2.58,18.4,2.5,0.5,5.03,0,,1,30.18,1,1,2.75
2,03/19/2024 03:40:40 PM,03/19/2024 03:48:37 PM,N,1,260,226,1,1.58,10,0,0.5,0,0,,1,11.5,2,1,0
2,11/15/2024 03:43:22 PM,11/15/2024 03:55:48 PM,N,1,75,237,1,1.45,12.8,0,0.5,3.41,0,,1,20.46,1,1,2.75
2,09/03/2024 05:39:28 PM,09/03/2024 05:46:32 PM,N,1,234,170,1,0.95,8.6,2.5,0.5,2,0,,1,17.1,1,1,2.5
2,10/22/2024 12:31:08 PM,10/22/2024 12:42:46 PM,N,1,41,151,1,1.72,12.8,0,0.5,0,0,,1,14.3,2,1,0
2,07/15/2024 05:32:55 PM,07/15/2024 05:51:42 PM,N,1,74,239,1,3.39,20.5,2.5,0.5,5.45,0,,1,32.7,1,1,2.75
2,02/26/2024 09:15:06 AM,02/26/2024 09:32:17 AM,N,1,74,263,1,2.79,17.7,0,0.5,4.25,0,,0.3,25.5,1,1,2.75
2,10/13/2024 05:13:55 PM,10/13/2024 05:27:27 PM,N,1,41,237,1,2.3,14.9,0,0.5,5.74,0,,1,24.89,1,1,2.75
2,04/10/2024 11:17:29 AM,04/10/2024 11:25:11 AM,N,1,263,140,1,1.28,10,0,0.5,3,0,,1,17.25,1,1,2.75
2,07/11/2024 07:04:53 AM,07/11/2024 07:16:36 AM,N,1,74,166,1,1.71,12.8,0,0.5,0,0,,1,14.3,1,1,0
2,08/23/2024 04:03:28 PM,08/23/2024 04:12:55 PM,N,1,74,263,1,2.25,12.1,2.5,0.5,3.77,0,,1,22.62,1,1,2.75
2,06/26/2024 06:14:37 PM,06/26/2024 06:23:16 PM,N,1,134,134,5,0.97,9.3,2.5,0.5,0,0,,1,13.3,1,1,0
2,08/17/2024 11:50:09 PM,08/17/2024 11:59:23 PM,N,1,134,197,1,2.07,12.1,1,0.5,2.92,0,,1,17.52,1,1,0
2,07/22/2024 01:13:05 PM,07/22/2024 01:24:00 PM,N,1,263,238,6,1.9,12.8,0,0.5,3.41,0,,1,20.46,1,1,2.75
2,01/04/2024 06:07:59 PM,01/04/2024 06:57:45 PM,N,1,65,132,1,28.91,107.3,2.5,0.5,0,0,,1,111.3,2,1,0
2,07/07/2024 02:15:03 AM,07/07/2024 02:20:21 AM,N,1,74,74,1,0.96,7.2,1,0.5,0,0,,1,9.7,1,1,0
2,03/05/2024 05:44:34 PM,03/05/2024 05:47:37 PM,N,1,75,75,1,0.56,5.8,2.5,0.5,0,0,,1,9.8,2,1,0
2,04/27/2024 05:41:38 PM,04/27/2024 06:15:19 PM,N,1,82,145,1,4.88,30.3,0,0.5,0,0,,1,31.8,2,1,0
2,08/08/2024 09:42:25 AM,08/08/2024 09:57:29 AM,N,1,152,244,1,2.69,17,0,0.5,0,0,,1,18.5,2,1,0
2,08/26/2024 04:51:00 PM,08/26/2024 04:55:00 PM,,,193,193,,0.88,10.3,0,0,1,0,,1,12.3,,,
2,08/25/2024 04:25:38 PM,08/25/2024 04:31:25 PM,N,1,74,75,1,1.42,8.6,0,0.5,0,0,,1,10.1,1,1,0
2,11/28/2024 06:29:31 PM,11/28/2024 06:46:29 PM,N,1,193,193,1,3.12,17,0,0.5,3.7,0,,1,22.2,1,1,0
2,03/18/2024 09:29:41 AM,03/18/2024 09:49:48 AM,N,1,74,162,1,3.45,19.8,0,0.5,4.81,0,,1,28.86,1,1,2.75
2,10/19/2024 02:12:35 PM,10/19/2024 02:23:17 PM,N,1,74,166,1,1.92,12.1,0,0.5,2.72,0,,1,16.32,1,1,0
2,06/12/2024 08:09:11 PM,06/12/2024 08:14:56 PM,N,1,95,134,1,1.08,7.9,1,0.5,1,0,,1,11.4,1,1,0
2,12/04/2024 07:07:33 PM,12/04/2024 07:31:33 PM,N,1,43,224,1,5.25,27.5,2.5,0.5,6.85,0,,1,41.1,1,1,2.75
2,06/24/2024 05:07:43 PM,06/24/2024 05:21:02 PM,N,1,74,236,1,2.14,14.2,2.5,0.5,3,0,,1,23.95,1,1,2.75
2,11/06/2024 09:56:17 AM,11/06/2024 09:59:58 AM,N,1,75,74,1,0.74,5.8,0,0.5,0,0,,1,7.3,2,1,0
2,09/21/2024 01:28:56 PM,09/21/2024 01:38:29 PM,N,1,97,189,2,1.17,10,0,0.5,3.45,0,,1,14.95,1,1,0
2,03/31/2024 08:33:47 PM,03/31/2024 08:44:51 PM,N,1,74,24,1,2,12.8,1,0.5,3.06,0,,1,18.36,1,1,0
2,05/03/2024 06:32:15 PM,05/03/2024 06:42:48 PM,N,1,236,262,1,1.46,11.4,2.5,0.5,3.63,0,,1,21.78,1,1,2.75
1,09/18/2024 10:17:11 AM,09/18/2024 10:35:04 AM,N,1,39,35,1,0,20.5,0,1.5,0,0,,1,22,1,1,0
2,12/18/2024 06:07:32 PM,12/18/2024 06:18:22 PM,N,1,75,263,2,1.58,11.4,2.5,0.5,1.5,0,,1,19.65,1,1,2.75
2,10/25/2024 09:54:09 AM,10/25/2024 10:25:26 AM,N,1,152,141,1,4.52,28.9,0,0.5,0,0,,1,33.15,2,1,2.75
2,02/28/2024 08:22:22 PM,02/28/2024 08:24:47 PM,N,1,116,116,1,0.12,4.4,1,0.5,0,0,,1,6.9,2,1,0
2,10/18/2024 08:23:28 PM,10/18/2024 08:34:50 PM,N,1,74,151,1,2.06,12.8,1,0.5,3.06,0,,1,18.36,1,1,0
2,07/15/2024 07:57:40 PM,07/15/2024 07:59:46 PM,N,1,82,82,1,0.19,4.4,2.5,0.5,0,0,,1,8.4,2,1,0
2,01/31/2024 12:54:15 PM,01/31/2024 01:01:48 PM,N,1,75,236,1,0.85,8.6,0,0.5,2.57,0,,1,15.42,1,1,2.75
2,11/14/2024 08:06:16 AM,11/14/2024 08:21:41 AM,N,1,95,196,4,2.08,13.5,0,0.5,3.75,0,,1,18.75,1,1,0
2,04/04/2024 10:34:38 PM,04/04/2024 10:39:08 PM,N,1,75,74,1,1.34,7.9,1,0.5,1.56,0,,1,11.96,1,1,0
2,07/18/2024 10:32:06 AM,07/18/2024 10:46:39 AM,N,1,75,239,1,2.03,14.9,0,0.5,0,0,,1,19.15,2,1,2.75
2,01/05/2024 11:07:22 PM,01/05/2024 11:16:44 PM,N,1,95,197,1,2.05,12.1,1,0.5,2.92,0,,1,17.52,1,1,0
2,09/17/2024 09:44:16 AM,09/17/2024 09:59:33 AM,N,1,74,168,1,3.05,17.7,0,0.5,4.8,0,,1,24,1,1,0
2,02/19/2024 06:08:28 AM,02/19/2024 06:12:14 AM,N,1,138,223,1,1.02,7.2,0,0.5,0,0,,1,8.7,2,1,0
2,06/30/2024 12:00:45 PM,06/30/2024 12:13:10 PM,N,1,83,223,2,2.69,15.6,0,0.5,3.42,0,,1,20.52,1,1,0
2,07/05/2024 12:58:33 AM,07/05/2024 01:04:15 AM,N,1,74,75,1,1.49,8.6,1,0.5,2.78,0,,1,13.88,1,1,0
2,08/15/2024 12:49:32 PM,08/15/2024 01:05:34 PM,N,1,95,93,1,3.53,18.4,0,0.5,3.98,0,,1,23.88,1,1,0
2,11/01/2024 01:40:17 AM,11/01/2024 01:40:19 AM,N,5,157,264,1,0,25,0,0,1,0,,1,27,1,2,0
2,09/04/2024 06:30:41 PM,09/04/2024 06:46:50 PM,N,1,97,61,1,1.98,15.6,2.5,0.5,3.92,0,,1,23.52,1,1,0
2,06/01/2024 08:07:50 AM,06/01/2024 08:12:50 AM,N,1,75,238,1,1.46,8.6,0,0.5,2.57,0,,1,15.42,1,1,2.75
2,08/19/2024 10:58:00 AM,08/19/2024 11:25:00 AM,,,41,125,,7.88,40.74,0,0,4.4,0,,1,48.89,,,
2,08/21/2024 08:26:38 PM,08/21/2024 08:35:50 PM,N,1,97,66,1,1.3,10,1,0.5,2.5,0,,1,15,1,1,0
2,03/28/2024 01:01:45 AM,03/28/2024 01:20:37 AM,N,1,75,235,1,6.06,26.1,1,0.5,5,0,,1,33.6,1,1,0
2,09/23/2024 07:10:32 PM,09/23/2024 07:18:26 PM,N,1,74,236,2,1.81,10.7,2.5,0.5,3,0,,1,20.45,1,1,2.75
2,11/05/2024 11:57:25 AM,11/05/2024 12:15:53 PM,N,1,166,142,1,2.7,19.1,0,0.5,4.67,0,,1,28.02,1,1,2.75
2,10/11/2024 12:40:21 PM,10/11/2024 01:02:39 PM,N,1,74,140,1,3.34,22.6,0,0.5,5.37,0,,1,32.22,1,1,2.75
2,05/22/2024 11:58:58 AM,05/22/2024 12:02:41 PM,N,1,43,236,1,0.88,6.5,0,0.5,2.15,0,,1,12.9,1,1,2.75
2,01/28/2024 12:37:47 AM,01/28/2024 12:49:21 AM,N,5,42,20,1,4.45,20,0,0,0,0,,1,21,2,2,0
1,12/25/2024 06:10:08 PM,12/25/2024 06:15:21 PM,N,1,75,239,1,1.4,8.6,2.75,1.5,2.55,0,,1,15.4,1,1,2.75
2,11/13/2024 06:24:27 PM,11/13/2024 06:37:18 PM,N,1,130,216,1,1.53,12.8,2.5,0.5,0,0,,1,16.8,2,1,0
2,09/10/2024 11:22:46 PM,09/10/2024 11:45:53 PM,N,1,145,17,2,4.82,28.2,1,0.5,6.14,0,,1,36.84,1,1,0
2,12/24/2024 11:33:55 AM,12/24/2024 11:44:13 AM,N,1,74,236,1,2.02,12.1,0,0.5,3.27,0,,1,19.62,1,1,2.75
2,11/02/2024 09:09:44 AM,11/02/2024 09:15:33 AM,N,1,195,195,1,0.92,7.9,0,0.5,0,0,,1,9.4,2,1,0
2,08/10/2024 01:19:06 AM,08/10/2024 01:23:55 AM,N,1,66,52,1,1.4,7.9,1,0.5,2.08,0,,1,12.48,1,1,0
2,02/28/2024 01:22:28 PM,02/28/2024 01:59:52 PM,N,1,43,112,1,6.69,38.7,0,0.5,10.74,0,,1,53.69,1,1,2.75
2,09/27/2024 02:12:30 PM,09/27/2024 02:27:38 PM,N,1,75,141,1,1.66,14.9,0,0.5,0.8,0,,1,19.95,1,1,2.75
2,09/09/2024 05:51:27 PM,09/09/2024 05:58:20 PM,,,193,145,,1.37,13.76,0,0.5,1,0,,1,16.26,,,
2,10/02/2024 12:04:00 PM,10/02/2024 12:16:01 PM,N,1,74,75,1,1.64,12.8,0,0.5,0,0,,1,14.3,2,1,0
2,05/18/2024 09:36:09 PM,05/18/2024 09:48:15 PM,N,1,74,42,1,1.91,12.8,1,0.5,3.06,0,,1,18.36,1,1,0
2,12/09/2024 03:27:52 PM,12/09/2024 03:32:39 PM,N,1,95,95,1,0.84,6.5,0,0.5,0,0,,1,8,2,1,0
2,04/06/2024 11:38:00 AM,04/06/2024 11:46:00 AM,,,74,194,,1.99,12.24,0,0,3.94,6.94,,1,24.12,,,
2,11/12/2024 07:54:32 AM,11/12/2024 08:02:03 AM,N,1,74,42,1,0.94,9.3,0,0.5,0,0,,1,10.8,2,1,0
2,07/15/2024 05:42:50 PM,07/15/2024 06:01:33 PM,N,1,134,216,1,4.66,22.6,2.5,0.5,5,0,,1,31.6,1,1,0
2,01/16/2024 08:09:23 PM,01/16/2024 08:11:35 PM,N,1,75,75,1,0.21,4.4,1,0.5,1.72,0,,1,8.62,1,1,0
2,12/02/2024 05:17:48 PM,12/02/2024 05:33:34 PM,N,1,43,143,1,2.36,15.6,2.5,0.5,3,0,,1,25.35,1,1,2.75
2,05/13/2024 03:47:07 PM,05/13/2024 03:47:09 PM,N,5,74,264,2,0,21,0,0,5.5,0,,1,27.5,1,2,0
2,06/23/2024 05:33:35 PM,06/23/2024 05:45:29 PM,N,1,82,138,1,3.81,19.8,5,0.5,5.26,0,,1,31.56,1,1,0
2,09/16/2024 03:59:00 PM,09/16/2024 04:09:00 PM,,,193,145,,1.98,15.56,0,0,1,0,,1,17.56,,,
1,07/15/2024 02:41:04 PM,07/15/2024 02:51:59 PM,N,1,166,74,1,1.4,11.4,0,1.5,2.55,0,,1,15.45,1,1,0
1,04/11/2024 01:45:32 PM,04/11/2024 01:55:57 PM,N,1,61,61,0,1.7,12.1,0,1.5,0,0,,1,13.6,2,1,0
2,11/01/2024 11:03:17 AM,11/01/2024 11:11:38 AM,N,1,41,74,1,0.85,7.9,0,0.5,0,0,,1,9.4,2,1,0
2,08/18/2024 04:18:06 PM,08/18/2024 04:29:30 PM,N,1,82,82,6,1.1,11.4,0,0.5,0,0,,1,12.9,2,1,0
2,04/26/2024 06:28:39 PM,04/26/2024 06:36:55 PM,N,1,75,74,1,1.66,10.7,2.5,0.5,2.94,0,,1,17.64,1,1,0
2,05/18/2024 03:43:34 PM,05/18/2024 03:58:31 PM,N,5,119,223,1,5.6,70,0,0,14.2,0,,1,85.2,1,2,0
2,09/22/2024 05:59:27 PM,09/22/2024 06:12:28 PM,N,1,74,263,1,2.16,13.5,0,0.5,3.55,0,,1,21.3,1,1,2.75
2,01/22/2024 04:01:00 PM,01/22/2024 04:03:46 PM,N,1,75,236,1,0.76,5.8,2.5,0.5,2,0,,1,14.55,1,1,2.75
2,11/27/2024 03:49:14 PM,11/27/2024 03:57:28 PM,N,1,75,74,1,1.22,9.3,0,0.5,2.16,0,,1,12.96,1,1,0
2,03/03/2024 01:27:58 PM,03/03/2024 01:58:41 PM,N,1,24,249,5,6.42,34.5,0,0.5,7.75,0,,1,46.5,1,1,2.75
2,04/30/2024 02:40:57 PM,04/30/2024 02:48:36 PM,N,1,43,238,1,1.1,9.3,0,0.5,2.7,0,,1,13.5,1,1,0
2,05/22/2024 02:06:09 PM,05/22/2024 02:12:37 PM,N,1,74,41,1,1.05,7.9,0,0.5,0,0,,0.3,8.7,1,1,0
2,08/22/2024 04:57:29 PM,08/22/2024 05:08:39 PM,N,1,75,263,1,1.82,12.1,2.5,0.5,3,0,,1,21.85,1,1,2.75
2,01/24/2024 04:17:00 PM,01/24/2024 04:58:17 PM,N,1,75,68,1,4.5,35.9,2.5,0.5,8.53,0,,1,51.18,1,1,2.75
2,02/14/2024 05:26:04 PM,02/14/2024 05:35:06 PM,N,1,74,41,1,1.26,10,2.5,0.5,2.8,0,,1,16.8,1,1,0
2,04/08/2024 04:48:14 PM,04/08/2024 04:48:41 PM,N,1,193,193,1,0,0,0,0,0,0,,0,0,1,1,0
2,06/07/2024 12:03:48 PM,06/07/2024 12:38:27 PM,N,1,83,28,1,9.16,45.7,0,0.5,3,0,,1,50.2,1,1,0
2,12/18/2024 06:28:53 PM,12/18/2024 06:41:03 PM,N,1,65,181,1,1.24,12.1,2.5,0.5,0,0,,1,16.1,1,1,0
2,07/28/2024 11:37:52 AM,07/28/2024 11:45:35 AM,N,1,74,75,6,1.49,10,0,0.5,2,0,,1,13.5,1,1,0
2,08/02/2024 09:33:49 AM,08/02/2024 09:42:03 AM,N,1,129,138,1,3.74,16.3,5,0.5,4.56,0,,1,27.36,1,1,0
2,01/17/2024 11:42:31 AM,01/17/2024 11:58:38 AM,N,1,75,140,5,1.93,14.2,0,0.5,3,0,,1,21.45,1,1,2.75
2,11/15/2024 02:13:03 PM,11/15/2024 02:35:01 PM,N,1,95,260,1,4.27,24.7,0,0.5,3.93,0,,1,30.13,1,1,0
2,09/02/2024 09:23:21 PM,09/02/2024 09:23:24 PM,N,5,93,93,1,10.91,100,0,0,10,0,,1,111,1,2,0
2,01/02/2024 04:01:08 PM,01/02/2024 04:09:24 PM,N,1,97,97,1,0.95,9.3,2.5,0.5,0,0,,1,13.3,2,1,0
2,08/26/2024 02:17:24 AM,08/26/2024 02:38:33 AM,N,1,95,260,1,4.1,22.6,1,0.5,5.02,0,,1,30.12,1,1,0
2,04/19/2024 05:41:00 PM,04/19/2024 05:56:33 PM,N,1,74,141,1,2.95,17.7,2.5,0.5,4.89,0,,1,29.34,1,1,2.75
2,10/18/2024 04:39:02 PM,10/18/2024 04:49:20 PM,N,1,74,42,1,1.46,11.4,2.5,0.5,0,0,,1,15.4,2,1,0
2,04/12/2024 02:15:06 PM,04/12/2024 02:34:59 PM,N,1,75,140,1,2.71,19.1,0,0.5,4,0,,1,27.35,1,1,2.75
2,06/17/2024 09:03:56 PM,06/17/2024 09:11:10 PM,N,1,75,263,1,1,8.6,1,0.5,3.33,0,,1,14.43,1,1,0
2,03/01/2024 01:39:51 PM,03/01/2024 01:47:21 PM,N,1,130,10,1,1.3,9.3,0,0.5,2.16,0,,1,12.96,1,1,0
2,10/06/2024 12:36:03 AM,10/06/2024 12:36:06 AM,N,5,219,264,1,0,30,0,0,0,0,,1,31,1,2,0
2,04/06/2024 09:50:00 AM,04/06/2024 10:07:20 AM,N,1,145,234,1,3.2,19.1,0,0.5,0,6.94,,1,30.29,2,1,2.75
2,01/02/2024 05:58:59 PM,01/02/2024 06:04:28 PM,N,1,66,52,1,1.12,7.9,2.5,0.5,2.38,0,,1,14.28,1,1,0
2,06/03/2024 11:17:59 AM,06/03/2024 11:50:11 AM,N,1,74,261,2,10.6,44.3,0,0.5,8,0,,1,56.55,1,1,2.75
1,06/05/2024 02:53:13 PM,06/05/2024 03:11:59 PM,N,1,106,97,1,0,16.5,0,1.5,0,0,,1,18,1,1,0
2,06/05/2024 01:45:37 PM,06/05/2024 02:25:57 PM,N,1,43,256,1,8.82,45,0,0.5,0,0,,1,49.25,2,1,2.75
2,04/02/2024 04:33:31 PM,04/02/2024 04:54:04 PM,N,1,260,145,2,2.7,19.8,2.5,0.5,4,0,,1,27.8,1,1,0
2,04/06/2024 05:35:02 PM,04/06/2024 05:44:57 PM,N,1,74,236,1,1.98,12.1,0,0.5,0,0,,0.3,15.65,2,1,2.75
2,04/03/2024 09:51:55 PM,04/03/2024 10:13:12 PM,N,1,97,4,1,6.04,28.2,1,0.5,6.69,0,,1,40.14,1,1,2.75
2,02/09/2024 04:25:00 PM,02/09/2024 05:04:00 PM,,,41,241,,6.43,33.65,0,0,0,0,,1,34.65,,,
2,03/06/2024 01:47:04 PM,03/06/2024 01:53:57 PM,N,1,95,95,1,1.03,8.6,0,0.5,1,0,,1,11.1,1,1,0
2,09/20/2024 10:35:51 PM,09/20/2024 10:45:03 PM,N,1,74,75,1,1.58,10.7,1,0.5,1,0,,1,14.2,1,1,0
2,02/16/2024 11:56:39 AM,02/16/2024 12:10:44 PM,N,1,97,181,1,1.3,12.8,0,0.5,0,0,,1,14.3,2,1,0
2,06/11/2024 05:08:18 AM,06/11/2024 05:15:13 AM,N,1,70,223,2,2.06,11.4,1,0.5,0,0,,1,13.9,2,1,0
2,08/12/2024 05:22:04 PM,08/12/2024 05:31:06 PM,N,1,75,262,1,1.43,10,2.5,0.5,3.35,0,,1,20.1,1,1,2.75
2,05/27/2024 06:08:34 PM,05/27/2024 06:22:10 PM,N,1,74,238,1,2.87,16.3,0,0.5,2.75,0,,1,23.3,1,1,2.75
2,11/08/2024 10:44:20 AM,11/08/2024 10:49:43 AM,N,1,75,75,6,0.49,6.5,0,0.5,0,0,,1,8,2,1,0
2,03/02/2024 10:42:11 AM,03/02/2024 10:47:19 AM,N,1,43,43,1,1.18,7.9,0,0.5,2.43,0,,1,14.58,1,1,2.75
2,03/30/2024 08:00:15 AM,03/30/2024 08:10:28 AM,N,1,75,142,4,3.09,14.9,0,0.5,3.83,0,,1,22.98,1,1,2.75
2,11/23/2024 06:36:23 PM,11/24/2024 06:12:14 PM,N,1,74,237,1,2.52,13.5,0,0.5,0,0,,1,17.75,2,1,2.75
1,09/16/2024 11:01:00 AM,09/16/2024 11:24:34 AM,N,1,244,68,1,7.7,35.2,2.75,1.5,0,0,,1,39.45,2,1,2.75
1,03/18/2024 09:47:10 AM,03/18/2024 09:58:05 AM,N,1,97,52,0,1,10.7,0,1.5,1.83,0,,1,14.03,1,1,0
2,10/04/2024 07:57:18 AM,10/04/2024 08:00:48 AM,N,1,152,152,1,0.26,5.1,0,0.5,0,0,,1,6.6,2,1,0
1,11/13/2024 04:08:16 PM,11/13/2024 04:51:08 PM,N,1,25,75,1,0,33.5,0,1.5,0,0,,1,35,1,1,0
2,02/24/2024 02:07:07 PM,02/24/2024 02:07:19 PM,N,1,49,49,2,0,3,0,0.5,0,0,,1,4.5,2,1,0
2,04/07/2024 06:40:09 PM,04/07/2024 06:54:01 PM,N,1,97,65,1,0.91,12.8,0,0.5,10,0,,1,24.3,1,1,0
2,02/18/2024 03:57:24 PM,02/18/2024 04:10:42 PM,N,1,74,236,1,2.41,14.9,0,0.5,3.83,0,,1,22.98,1,1,2.75
1,02/20/2024 06:26:07 PM,02/20/2024 06:47:27 PM,N,1,165,29,1,0,22.5,0,1.5,0,0,,1,24,1,1,0
2,05/09/2024 06:03:08 PM,05/09/2024 06:14:01 PM,N,1,42,74,1,1.43,12.1,2.5,0.5,0,0,,1,16.1,1,1,0
2,12/16/2024 11:41:37 AM,12/16/2024 11:53:52 AM,N,1,95,196,1,1.71,13.5,0,0.5,0,0,,1,15,2,1,0
1,02/01/2024 12:37:51 PM,02/01/2024 12:53:26 PM,N,1,41,239,1,2.8,17,2.75,1.5,0,0,,1,21.25,1,1,2.75
2,10/22/2024 06:31:54 PM,10/22/2024 06:42:07 PM,N,1,75,262,1,1.33,10.7,2.5,0.5,3.49,0,,1,20.94,1,1,2.75
2,11/13/2024 05:21:09 PM,11/13/2024 05:29:40 PM,N,1,75,236,1,1.32,9.3,2.5,0.5,3.21,0,,1,19.26,1,1,2.75
2,10/08/2024 04:17:12 PM,10/08/2024 04:30:32 PM,N,1,97,61,2,1.95,14.2,2.5,0.5,3.64,0,,1,21.84,1,1,0
2,06/15/2024 07:10:00 PM,06/15/2024 07:32:40 PM,N,5,93,223,4,3.73,40,0,0,8.2,0,,1,49.2,1,2,0
2,05/30/2024 01:43:38 PM,05/30/2024 02:12:41 PM,N,1,74,167,1,3.44,25.4,0,0.5,0,0,,1,26.9,2,1,0
2,12/02/2024 09:08:51 AM,12/02/2024 09:20:03 AM,N,1,74,166,1,1.65,12.1,0,0.5,2,0,,1,15.6,1,1,0
2,07/13/2024 05:19:20 PM,07/13/2024 05:25:09 PM,N,1,95,134,1,1,7.9,0,0.5,0,0,,1,9.4,2,1,0
2,05/15/2024 03:44:48 PM,05/15/2024 04:03:37 PM,N,1,65,49,1,1.32,16.3,0,0.5,0,0,,1,17.8,2,1,0
2,10/29/2024 03:29:19 PM,10/29/2024 04:00:38 PM,N,1,74,239,1,3.49,28.2,0,0.5,0,0,,1,32.45,2,1,2.75
2,11/18/2024 04:20:52 AM,11/18/2024 04:32:40 AM,N,1,92,192,1,3.51,17.7,1,0.5,0,0,,1,20.2,2,1,0
2,08/21/2024 10:19:35 PM,08/21/2024 10:48:56 PM,N,5,93,138,2,13.46,85,5,0,9,0,,1,100,1,2,0
2,01/25/2024 07:02:20 PM,01/25/2024 07:11:18 PM,N,1,74,42,1,1.24,10,2.5,0.5,2.8,0,,1,16.8,1,1,0
2,06/24/2024 05:07:13 PM,06/24/2024 05:24:05 PM,N,1,65,188,1,2.68,18.4,2.5,0.5,0,0,,1,22.4,2,1,0
1,06/18/2024 04:03:55 PM,06/18/2024 04:16:06 PM,N,5,41,194,2,2.5,45.55,0,1,0,6.94,,1,53.49,1,1,0
2,01/20/2024 07:35:19 PM,01/20/2024 07:35:21 PM,N,5,41,264,1,0.16,11,0,0,0,0,,1,12,1,2,0
2,08/11/2024 05:30:41 PM,08/11/2024 06:37:42 PM,N,1,168,164,1,7.71,56.9,0,0.5,12.23,0,,1,73.38,1,1,2.75
1,05/21/2024 08:51:37 AM,05/21/2024 09:24:22 AM,N,1,166,170,1,4.4,30.3,2.75,1.5,5.18,0,,1,39.73,1,1,2.75
2,12/07/2024 10:56:07 PM,12/07/2024 10:58:53 PM,N,1,255,255,1,0.48,5.1,1,0.5,1.52,0,,1,9.12,1,1,0
1,04/23/2024 04:58:09 PM,04/23/2024 05:11:22 PM,N,1,41,74,1,0,16.5,0,1.5,0,0,,1,18,1,1,0
2,06/15/2024 06:22:40 PM,06/15/2024 06:38:56 PM,N,1,166,142,1,2.83,17.7,0,0.5,1,0,,1,22.95,1,1,2.75
2,06/26/2024 08:44:23 AM,06/26/2024 08:49:05 AM,N,1,74,41,2,0.55,6.5,0,0.5,0,0,,1,8,2,1,0
2,11/27/2024 07:41:29 PM,11/27/2024 08:09:09 PM,N,1,74,42,1,3.63,26.1,2.5,0.5,7.52,0,,1,37.62,1,1,0
2,09/11/2024 08:36:48 PM,09/11/2024 08:51:22 PM,N,1,129,82,1,1.51,13.5,1,0.5,0,0,,1,16,2,1,0
2,01/10/2024 10:19:00 PM,01/10/2024 10:36:00 PM,,,65,107,,3.71,21.86,0,0,5.12,0,,1,30.73,,,
2,04/05/2024 06:02:26 PM,04/05/2024 06:15:14 PM,N,1,82,138,1,3.6,17.7,7.5,0.5,5.34,0,,1,32.04,1,1,0
2,07/15/2024 05:51:51 PM,07/15/2024 06:04:05 PM,N,1,74,263,6,2.27,14.2,2.5,0.5,4.19,0,,1,25.14,1,1,2.75
1,01/18/2024 07:40:22 PM,01/18/2024 07:54:19 PM,N,1,97,49,1,1.4,12.1,2.5,1.5,3.2,0,,1,19.3,1,1,0
2,07/07/2024 01:23:22 PM,07/07/2024 01:23:25 PM,N,5,92,264,1,0,75,0,0,0,0,,1,76,1,2,0
2,10/08/2024 12:46:28 PM,10/08/2024 01:17:05 PM,N,1,129,236,1,8,38,0,0.5,9.84,6.94,,1,59.03,1,1,2.75
2,06/17/2024 04:13:57 PM,06/17/2024 04:16:54 PM,N,1,75,75,6,0.7,5.1,2.5,0.5,1,0,,1,10.1,1,1,0
2,03/30/2024 07:04:01 PM,03/30/2024 07:09:53 PM,N,1,43,236,1,1.26,8.6,0,0.5,2.57,0,,1,15.42,1,1,2.75
2,08/18/2024 01:44:26 PM,08/18/2024 01:55:14 PM,N,1,97,181,2,1.71,12.1,0,0.5,2.04,0,,1,15.64,1,1,0
2,12/17/2024 03:30:20 PM,12/17/2024 04:00:03 PM,N,1,166,237,1,3.1,26.1,0,0.5,6.07,0,,1,36.42,1,1,2.75
1,03/01/2024 06:57:37 AM,03/01/2024 07:07:42 AM,N,1,121,121,1,0,17.5,0,1.5,0,0,,1,19,1,1,0
2,01/08/2024 12:29:00 PM,01/08/2024 12:43:00 PM,,,36,102,,2,15,0,0,0,0,,1,16,,,
1,12/21/2024 02:05:22 PM,12/21/2024 02:25:21 PM,N,1,75,244,1,4,22.6,0,1.5,0,0,,1,24.1,2,1,0
2,08/04/2024 11:09:35 PM,08/04/2024 11:09:40 PM,N,5,92,92,1,0,9,0,0,1,0,,1,11,1,2,0
1,01/20/2024 07:16:32 PM,01/20/2024 07:24:01 PM,N,1,75,75,2,1.2,9.3,0,1.5,0,0,,1,10.8,1,1,0
2,04/23/2024 07:50:50 PM,04/23/2024 07:58:50 PM,N,1,74,41,1,1.29,10,2.5,0.5,2.08,0,,1,16.08,1,1,0
2,05/21/2024 06:45:54 PM,05/21/2024 06:52:27 PM,N,1,179,7,1,0.99,7.9,2.5,0.5,2.98,0,,1,14.88,1,1,0
2,05/17/2024 09:18:01 PM,05/17/2024 09:34:34 PM,N,1,97,257,1,1.74,14.2,1,0.5,4.18,0,,1,20.88,1,1,0
2,07/18/2024 03:44:21 PM,07/18/2024 03:55:04 PM,N,1,95,95,1,1.62,12.1,0,0.5,2.72,0,,1,16.32,1,1,0
2,03/08/2024 10:34:42 AM,03/08/2024 10:48:41 AM,N,1,75,161,1,2.42,14.9,0,0.5,1,0,,1,20.15,1,1,2.75
2,05/10/2024 10:37:19 PM,05/10/2024 10:46:48 PM,N,1,74,116,1,2.24,12.1,1,0.5,3.65,0,,1,18.25,1,1,0
2,09/21/2024 06:57:07 PM,09/21/2024 07:38:02 PM,N,1,253,93,1,10.99,49.9,0,0.5,0,0,,1,51.4,2,1,0
2,11/22/2024 08:38:12 AM,11/22/2024 08:48:24 AM,N,1,41,74,1,1.24,11.4,0,0.5,0.8,0,,1,13.7,1,1,0
1,03/05/2024 09:04:15 AM,03/05/2024 09:23:37 AM,N,1,74,263,1,2.5,15.6,2.75,1.5,1,0,,1,20.85,1,1,2.75
2,11/19/2024 07:40:30 AM,11/19/2024 08:02:36 AM,N,1,74,237,1,2.5,20.5,0,0.5,2,0,,1,26.75,1,1,2.75
2,11/12/2024 06:06:34 PM,11/12/2024 06:22:09 PM,N,1,74,236,1,2.58,17,2.5,0.5,4.61,0,,0.3,27.66,1,1,2.75
2,02/03/2024 08:15:50 AM,02/03/2024 08:18:30 AM,N,5,7,7,1,0.44,8,0,0,0,0,,1,9,2,2,0
2,09/15/2024 09:43:51 AM,09/15/2024 09:57:16 AM,N,1,260,223,1,3.04,17,0,0.5,3.7,0,,1,22.2,1,1,0
1,12/25/2024 07:36:50 PM,12/25/2024 07:49:47 PM,N,1,33,148,3,4,18.4,2.75,1.5,4.5,0,,1,27.15,1,1,2.75
2,04/20/2024 11:56:42 PM,04/21/2024 12:11:28 AM,N,1,129,82,2,2.67,16.3,1,0.5,0,0,,1,18.8,2,1,0
1,08/26/2024 01:34:45 PM,08/26/2024 01:55:48 PM,N,1,244,48,1,7.9,35.9,2.75,1.5,5,0,,1,45.15,1,1,2.75
2,05/28/2024 07:55:43 PM,05/28/2024 08:09:03 PM,N,1,74,263,6,2.46,14.9,2.5,0.5,4.33,0,,1,25.98,1,1,2.75
2,10/27/2024 11:32:19 AM,10/27/2024 11:33:56 AM,N,1,216,216,1,0.13,3.7,0,0.5,0,0,,1,5.2,2,1,0
2,07/19/2024 12:38:09 AM,07/19/2024 12:38:29 AM,N,1,65,65,1,0.02,3,1,0.5,0,0,,1,5.5,3,1,0
2,04/06/2024 08:48:10 PM,04/06/2024 09:07:41 PM,N,1,41,243,1,0,16.3,1,0.5,3.76,0,,1,22.56,1,1,0
2,12/18/2024 09:16:59 AM,12/18/2024 09:21:39 AM,N,1,74,75,1,0.86,6.5,0,0.5,1.6,0,,1,9.6,1,1,0
1,08/30/2024 07:40:52 AM,08/30/2024 07:51:25 AM,N,1,74,75,1,1.5,10,0,1.5,2.3,0,,1,13.8,1,1,0
2,01/17/2024 07:29:15 PM,01/17/2024 07:53:05 PM,N,1,75,127,1,7.97,34.5,2.5,0.5,7.7,0,,1,46.2,1,1,0
2,11/06/2024 06:16:06 PM,11/06/2024 06:37:33 PM,N,1,82,146,1,4.09,24,2.5,0.5,8.4,0,,1,36.4,1,1,0
2,12/22/2024 01:35:40 AM,12/22/2024 01:55:35 AM,N,1,129,82,1,1.02,17,1,0.5,0,0,,1,19.5,2,1,0
1,12/06/2024 11:45:15 AM,12/06/2024 12:50:36 PM,N,1,193,48,1,0,23.5,0,1.5,0,0,,1,25,1,1,0
2,10/17/2024 05:48:19 PM,10/17/2024 05:56:42 PM,N,1,75,41,1,1.33,10,2.5,0.5,2.8,0,,1,16.8,1,1,0
1,12/12/2024 12:34:33 PM,12/12/2024 12:36:40 PM,N,1,166,166,2,0.5,5.1,0,1.5,1.3,0,,1,7.9,1,1,0
2,10/07/2024 03:08:07 PM,10/07/2024 03:28:06 PM,N,1,75,142,1,2.31,17.7,0,0.5,4.25,0,,1,26.2,1,1,2.75
1,09/05/2024 01:21:41 PM,09/05/2024 01:30:33 PM,N,1,75,74,1,1.3,10,0,1.5,2.3,0,,1,13.8,1,1,0
2,12/05/2024 04:23:15 PM,12/05/2024 04:28:24 PM,N,1,95,95,1,0.46,6.5,2.5,0.5,0,0,,1,10.5,2,1,0
2,09/04/2024 10:41:34 PM,09/04/2024 11:05:37 PM,N,1,93,170,1,9.92,41.5,1,0.5,5.58,6.94,,1,59.27,1,1,2.75
2,04/25/2024 08:43:10 PM,04/25/2024 08:44:08 PM,N,1,75,75,1,0.31,3.7,1,0.5,1.24,0,,1,7.44,1,1,0
2,03/09/2024 08:06:40 AM,03/09/2024 08:22:03 AM,N,1,24,243,1,4.79,21.9,0,0.5,2,0,,1,25.4,1,1,0
2,03/09/2024 05:11:53 PM,03/09/2024 05:30:22 PM,N,1,74,151,2,2.47,17.7,0,0.5,3.84,0,,1,23.04,1,1,0
2,10/28/2024 07:42:55 AM,10/28/2024 08:04:27 AM,N,1,74,138,1,6.76,32.4,5,0.5,0,6.94,,1,45.84,2,1,0
2,01/21/2024 06:44:05 PM,01/21/2024 06:52:17 PM,N,1,95,95,1,0.58,9.3,0,0.5,0,0,,1,10.8,2,1,0
2,05/09/2024 05:27:31 PM,05/09/2024 05:36:28 PM,N,1,74,42,1,0.73,9.3,2.5,0.5,0,0,,1,13.3,1,1,0
2,09/12/2024 01:08:00 PM,09/12/2024 01:15:26 PM,N,1,75,236,1,1.05,8.6,0,0.5,3.21,0,,1,16.06,1,1,2.75
2,06/19/2024 02:45:55 AM,06/19/2024 03:09:18 AM,N,5,53,132,4,11.24,40,0,0,0,0,,1,41,2,1,0
2,06/14/2024 05:41:32 PM,06/14/2024 05:45:56 PM,N,1,75,74,1,1.2,7.2,2.5,0.5,2.24,0,,1,13.44,1,1,0
2,11/13/2024 10:30:45 PM,11/13/2024 11:00:55 PM,N,5,260,263,1,6.55,45,0,0,0,0,,1,48.75,2,2,2.75
2,11/24/2024 03:25:19 PM,11/24/2024 03:33:15 PM,N,1,75,236,1,1.19,9.3,0,0.5,0,0,,1,13.55,2,1,2.75
2,03/29/2024 08:25:25 AM,03/29/2024 08:32:38 AM,N,1,75,236,1,1.02,8.6,0,0.5,1.93,0,,1,14.78,1,1,2.75
2,06/26/2024 03:06:55 PM,06/26/2024 03:35:52 PM,N,1,74,244,1,3.48,26.1,0,0.5,0,0,,1,27.6,2,1,0
2,03/07/2024 12:53:41 PM,03/07/2024 01:01:07 PM,N,1,75,74,5,1.45,9.3,0,0.5,0,0,,1,10.8,2,1,0
2,05/12/2024 06:01:08 PM,05/12/2024 06:19:48 PM,N,1,74,263,1,2.98,18.4,0,0.5,5.66,0,,1,28.31,1,1,2.75
2,12/15/2024 10:58:53 AM,12/15/2024 12:21:06 PM,N,1,108,55,1,12.91,70.2,0,0.5,0,0,,1,71.7,2,1,0
2,03/29/2024 03:53:12 PM,03/29/2024 04:05:26 PM,N,1,97,49,1,1.16,12.1,0,0.5,0,0,,1,13.6,2,1,0
2,02/01/2024 09:56:57 PM,02/01/2024 10:03:34 PM,N,1,25,54,1,1.07,8.6,1,0.5,2.22,0,,1,13.32,1,1,0
2,09/01/2024 08:44:53 AM,09/01/2024 08:52:19 AM,N,1,75,237,1,1.83,10.7,0,0.5,4.48,0,,1,19.43,1,1,2.75
1,12/07/2024 07:04:52 PM,12/07/2024 07:29:48 PM,N,1,167,53,1,0,31.5,0,1.5,0,6.94,,1,39.94,1,1,0
2,01/03/2024 01:41:35 PM,01/03/2024 01:44:10 PM,N,1,74,74,1,0.47,5.1,0,0.5,1,0,,1,7.6,1,1,0
2,01/22/2024 05:36:39 PM,01/22/2024 05:41:11 PM,N,1,75,238,5,0.82,7.2,2.5,0.5,2.79,0,,1,16.74,1,1,2.75
2,11/08/2024 10:42:35 AM,11/08/2024 10:42:39 AM,N,5,75,75,2,0,7,0,0,0,0,,1,8,1,2,0
1,12/25/2024 04:39:19 PM,12/25/2024 04:54:31 PM,N,1,74,116,2,2.4,16.3,0,1.5,0,0,,1,17.8,2,1,0
2,01/26/2024 06:14:55 PM,01/26/2024 06:27:54 PM,N,1,74,74,1,1.04,12.1,2.5,0.5,0,0,,1,16.1,2,1,0
2,02/07/2024 11:37:02 AM,02/07/2024 11:54:16 AM,N,1,95,56,1,2.2,17,0,0.5,0,0,,1,18.5,2,1,0
2,05/18/2024 01:27:48 AM,05/18/2024 01:51:39 AM,N,5,157,80,1,4.44,25,0,0,25,0,,1,51,1,2,0
2,03/27/2024 01:19:04 PM,03/27/2024 01:38:24 PM,N,5,65,138,1,10.72,50,5,0,11.2,0,,1,67.2,1,2,0
2,05/25/2024 10:42:32 PM,05/25/2024 11:12:44 PM,N,1,66,238,1,10.34,45.7,1,0.5,10.19,0,,1,61.14,1,1,2.75
2,03/16/2024 03:24:27 AM,03/16/2024 03:38:22 AM,N,5,80,233,3,6.21,65,0,0,10.88,6.94,,1,86.57,1,2,2.75
2,04/20/2024 12:59:23 PM,04/20/2024 01:06:57 PM,N,1,83,138,1,3.73,16.3,5,0.5,4.1,0,,1,26.9,1,1,0
2,10/03/2024 02:07:11 PM,10/03/2024 02:15:38 PM,N,1,74,43,1,1.35,10,0,0.5,0,0,,1,11.5,2,1,0
2,05/05/2024 04:06:33 PM,05/05/2024 04:16:03 PM,N,1,74,152,1,1.44,10.7,0,0.5,2.44,0,,1,14.64,1,1,0
2,08/15/2024 06:53:48 AM,08/15/2024 07:05:24 AM,N,1,74,244,1,4.2,19.1,0,0.5,2,0,,1,22.6,1,1,0
2,09/03/2024 01:26:12 PM,09/03/2024 01:37:12 PM,N,1,244,116,1,1.36,12.1,0,0.5,2.72,0,,1,16.32,1,1,0
2,04/18/2024 09:06:04 AM,04/18/2024 09:23:43 AM,N,1,74,236,6,1.74,16.3,0,0.5,3.56,0,,1,21.36,1,1,0
2,01/17/2024 06:49:42 PM,01/17/2024 06:56:01 PM,N,1,75,74,1,1.5,9.3,2.5,0.5,2.66,0,,1,15.96,1,1,0
2,10/15/2024 11:13:36 AM,10/15/2024 11:37:10 AM,N,1,244,229,1,8.79,36.6,0,0.5,8.17,0,,1,49.02,1,1,2.75
2,08/11/2024 02:42:36 PM,08/11/2024 02:50:49 PM,N,1,42,159,1,1.1,10,0,0.5,0,0,,1,11.5,1,1,0
2,10/18/2024 12:46:18 PM,10/18/2024 01:07:09 PM,N,1,97,89,1,3.2,20.5,0,0.5,4.4,0,,1,26.4,1,1,0
2,01/06/2024 03:57:00 PM,01/06/2024 04:03:22 PM,N,1,166,238,1,0.83,7.9,0,0.5,1.88,0,,1,11.28,1,1,0
2,01/06/2024 07:52:11 PM,01/06/2024 07:56:39 PM,N,1,260,83,1,0.55,5.8,0,0.5,0,0,,1,7.3,2,1,0
2,11/24/2024 02:28:57 PM,11/24/2024 04:00:23 PM,N,1,223,10,1,27.3,123.4,0,0.5,0,0,,1,124.9,2,1,0
2,10/16/2024 02:54:43 PM,10/16/2024 03:20:06 PM,N,1,43,163,6,2.37,21.9,0,0.5,5.23,0,,1,31.38,1,1,2.75
1,07/29/2024 12:44:54 PM,07/29/2024 12:54:58 PM,N,1,82,160,1,2,11.4,0,1.5,0,0,,1,12.9,2,1,0
2,04/05/2024 08:12:26 AM,04/05/2024 08:22:55 AM,N,1,74,166,1,1.43,11.4,0,0.5,5,0,,1,17.9,1,1,0
2,05/21/2024 07:59:34 PM,05/21/2024 08:14:26 PM,N,1,65,181,1,2.64,15.6,2.5,0.5,3.92,0,,1,23.52,1,1,0
2,07/16/2024 11:57:56 AM,07/16/2024 12:10:06 PM,N,1,74,151,1,2.1,13.5,0,0.5,3,0,,1,18,1,1,0
2,05/23/2024 06:57:01 AM,05/23/2024 07:11:40 AM,N,5,92,93,1,1.81,20,0,0,4.2,0,,1,25.2,1,2,0
2,01/17/2024 07:12:08 AM,01/17/2024 07:26:08 AM,N,1,41,244,1,2.67,16.3,0,0.5,0,0,,1,17.8,2,1,0
2,06/21/2024 06:36:07 PM,06/21/2024 06:51:14 PM,N,1,75,151,1,1.87,15.6,2.5,0.5,0,0,,1,19.6,2,1,0
2,02/11/2024 06:10:00 PM,02/11/2024 06:38:00 PM,,,166,230,,5.36,35.14,0,0,7.78,0,,1,46.67,,,
2,07/16/2024 03:24:45 PM,07/16/2024 04:10:41 PM,N,1,75,81,1,11.45,54.8,0,0.5,5,0,,1,61.3,1,1,0
2,08/07/2024 05:01:35 PM,08/07/2024 05:11:50 PM,N,1,43,237,1,1.54,11.4,2.5,0.5,3.63,0,,1,21.78,1,1,2.75
2,09/17/2024 05:49:49 PM,09/17/2024 06:01:31 PM,N,1,166,75,1,1.95,12.8,2.5,0.5,4.2,0,,1,21,1,1,0
2,08/27/2024 06:58:28 PM,08/27/2024 07:42:01 PM,N,1,166,217,6,12.53,57.6,2.5,0.5,1,0,,1,65.35,1,1,2.75
2,12/30/2024 06:33:40 PM,12/30/2024 06:40:46 PM,N,1,210,150,1,1.13,8.6,2.5,0.5,3.15,0,,1,15.75,1,1,0
2,02/08/2024 01:43:50 PM,02/08/2024 01:50:30 PM,N,1,75,75,1,0.84,7.9,0,0.5,0,0,,1,9.4,1,1,0
2,05/24/2024 02:00:47 AM,05/24/2024 02:32:00 AM,N,1,80,262,1,8.3,37.3,1,0.5,0,0,,1,42.55,1,1,2.75
2,06/25/2024 11:50:07 AM,06/25/2024 12:07:14 PM,N,1,244,238,1,4.98,24,0,0.5,4.24,0,,1,32.49,1,1,2.75
2,02/06/2024 08:12:47 PM,02/06/2024 08:31:40 PM,N,1,22,210,1,4.85,24.7,1,0.5,5.44,0,,1,32.64,1,1,0
2,04/11/2024 03:07:35 PM,04/11/2024 03:28:15 PM,N,1,74,236,1,2.65,19.1,0,0.5,4.67,0,,1,28.02,1,1,2.75
2,11/14/2024 10:17:36 AM,11/14/2024 10:46:23 AM,,,244,230,,6.09,39.51,0,0.5,0,0,,1,43.76,,,
1,09/17/2024 04:51:28 PM,09/17/2024 05:00:20 PM,N,1,75,236,1,1,9.3,5.25,1.5,2,0,,1,18.05,1,1,2.75
2,08/10/2024 01:31:45 PM,08/10/2024 01:43:31 PM,N,1,74,262,1,2.97,15.6,0,0.5,3.97,0,,1,23.82,1,1,2.75
1,01/23/2024 05:31:17 PM,01/23/2024 05:47:43 PM,N,1,65,181,2,2.4,14.9,2.5,1.5,0,0,,1,18.9,2,1,0
2,01/13/2024 12:02:23 AM,01/13/2024 12:11:27 AM,N,1,82,129,1,1.16,10,1,0.5,0,0,,1,12.5,2,1,0
1,05/04/2024 06:45:09 PM,05/04/2024 06:50:33 PM,N,1,181,25,1,0.8,7.9,2.5,1.5,0,0,,1,11.9,1,1,0
2,02/01/2024 09:21:52 AM,02/01/2024 09:40:08 AM,N,1,166,237,1,3.84,21.2,0,0.5,5.09,0,,1,30.54,1,1,2.75
2,10/10/2024 11:04:12 PM,10/10/2024 11:14:21 PM,N,1,65,181,1,1.63,11.4,1,0.5,3.48,0,,1,17.38,1,1,0
2,10/27/2024 08:01:58 PM,10/27/2024 08:16:41 PM,N,1,74,141,1,2.97,16.3,1,0.5,1,0,,1,22.55,1,1,2.75
2,10/29/2024 05:00:09 PM,10/29/2024 05:14:10 PM,N,1,166,239,1,2.44,16.3,2.5,0.5,4.61,0,,1,27.66,1,1,2.75
2,07/03/2024 06:13:35 PM,07/03/2024 06:26:00 PM,N,1,82,138,1,3.76,19.1,7.5,0.5,3,0,,1,31.1,1,1,0
2,09/05/2024 06:46:43 AM,09/05/2024 06:50:43 AM,N,1,42,74,1,1.25,7.9,0,0.5,2.35,0,,1,11.75,1,1,0
1,02/09/2024 05:14:26 PM,02/09/2024 05:21:10 PM,N,1,75,74,1,1.4,9.3,2.5,1.5,3.3,0,,1,16.6,1,1,0
2,02/05/2024 11:48:19 PM,02/05/2024 11:53:56 PM,N,1,42,74,1,1.37,8.6,1,0.5,0,0,,1,11.1,2,1,0
2,04/24/2024 01:48:30 PM,04/24/2024 02:12:45 PM,N,1,83,134,1,5.19,27.5,0,0.5,0,0,,1,29,2,1,0
2,10/10/2024 05:54:12 PM,10/10/2024 06:01:11 PM,N,1,166,166,1,1.03,6.5,2.5,0.5,0,0,,1,10.5,2,1,0
2,11/24/2024 01:12:33 PM,11/24/2024 01:25:15 PM,N,1,74,237,1,1.12,12.8,0,0.5,3.41,0,,1,20.46,1,1,2.75
2,10/22/2024 10:15:11 AM,10/22/2024 10:38:32 AM,N,1,74,137,1,6.36,29.6,0,0.5,6.63,0,,0.3,39.78,1,1,2.75
2,11/30/2024 04:06:50 PM,11/30/2024 04:23:28 PM,N,1,74,116,1,0,14.2,0,0.5,4.71,0,,1,20.41,1,1,0
2,08/08/2024 07:09:41 PM,08/08/2024 07:21:31 PM,N,1,74,263,1,2.65,14.2,2.5,0.5,1.89,0,,1,22.84,1,1,2.75
2,04/01/2024 09:53:00 AM,04/01/2024 10:10:23 AM,N,1,74,140,1,3.27,18.4,0,0.5,0,0,,1,22.65,2,1,2.75
2,03/25/2024 05:01:06 PM,03/25/2024 05:10:07 PM,N,1,260,7,5,1.5,10.7,2.5,0.5,2.94,0,,1,17.64,1,1,0
2,02/19/2024 09:42:32 AM,02/19/2024 09:55:13 AM,N,1,41,244,2,3.98,19.1,0,0.5,0,0,,1,20.6,2,1,0
2,10/15/2024 06:35:05 PM,10/15/2024 06:50:47 PM,N,1,244,239,1,4.95,24,2.5,0.5,3.5,0,,1,34.25,1,1,2.75
2,04/18/2024 04:21:25 PM,04/18/2024 04:35:51 PM,N,1,74,166,1,1.77,14.2,2.5,0.5,2,0,,1,20.2,1,1,0
2,06/04/2024 05:46:05 PM,06/04/2024 05:55:27 PM,N,1,223,223,1,1.5,10.7,2.5,0.5,2.94,0,,1,17.64,1,1,0
2,02/13/2024 07:21:47 AM,02/13/2024 07:35:58 AM,N,1,74,140,1,3.48,17.7,0,0.5,4.39,0,,1,26.34,1,1,2.75
2,04/26/2024 08:41:12 PM,04/26/2024 08:52:24 PM,N,1,74,151,1,1.9,12.8,1,0.5,3.06,0,,1,18.36,1,1,0
2,06/30/2024 02:53:50 PM,06/30/2024 03:02:26 PM,N,1,74,236,1,1.68,10.7,0,0.5,2.99,0,,1,17.94,1,1,2.75
2,08/06/2024 07:54:09 PM,08/06/2024 07:59:18 PM,N,1,95,95,1,0.95,7.2,1,0.5,1.94,0,,1,11.64,1,1,0
2,04/01/2024 03:35:12 PM,04/01/2024 03:43:26 PM,N,1,41,166,1,1.25,10,0,0.5,0,0,,1,11.5,2,1,0
2,10/25/2024 08:38:39 AM,10/25/2024 08:38:43 AM,N,5,130,264,1,0,35,0,0,5,0,,1,41,1,2,0
2,05/05/2024 10:03:11 PM,05/05/2024 10:07:29 PM,N,1,75,75,1,0.64,6.5,1,0.5,0,0,,1,9,2,1,0
2,08/01/2024 10:09:06 PM,08/01/2024 10:20:16 PM,N,1,97,181,1,1.7,12.1,1,0.5,2.92,0,,1,17.52,1,1,0
2,10/11/2024 10:19:08 AM,10/11/2024 11:49:28 AM,N,1,55,55,1,13.75,76.5,0,0.5,0,0,,1,78,2,1,0
2,12/02/2024 02:02:53 PM,12/02/2024 02:19:42 PM,N,1,244,238,1,5.2,24.7,0,0.5,2,0,,1,30.95,1,1,2.75
2,12/13/2024 09:22:18 PM,12/13/2024 09:42:56 PM,N,1,43,208,1,9.53,38.7,1,0.5,0,0,,1,41.2,2,1,0
2,03/26/2024 12:31:26 PM,03/26/2024 12:38:06 PM,N,1,74,75,1,1.4,9.3,0,0.5,3.24,0,,1,14.04,1,1,0
2,10/26/2024 10:46:58 PM,10/26/2024 10:47:15 PM,N,5,130,130,1,0.08,10,0,0,2.2,0,,1,13.2,1,2,0
2,09/17/2024 04:45:56 PM,09/17/2024 05:03:25 PM,N,1,92,9,1,2.91,17.7,2.5,0.5,4.34,0,,1,26.04,1,1,0
2,07/15/2024 10:12:42 PM,07/15/2024 10:22:04 PM,N,1,260,7,5,2.84,14.2,1,0.5,3.34,0,,1,20.04,1,1,0
2,06/17/2024 10:42:12 AM,06/17/2024 11:02:26 AM,N,1,74,263,1,2.14,17.7,0,0.5,4.39,0,,1,26.34,1,1,2.75
2,04/11/2024 10:57:41 PM,04/11/2024 11:05:00 PM,N,1,75,41,1,1.18,9.3,1,0.5,2.36,0,,1,14.16,1,1,0
2,02/06/2024 06:51:50 PM,02/06/2024 07:09:55 PM,N,1,74,159,1,2.76,17.7,2.5,0.5,2,0,,1,23.7,1,1,0
2,01/31/2024 05:56:09 PM,01/31/2024 06:05:02 PM,N,1,236,24,1,1.77,11.4,2.5,0.5,3.85,0,,1,19.25,1,1,0
2,08/24/2024 03:50:24 AM,08/24/2024 03:57:23 AM,N,1,42,244,1,1.61,10,1,0.5,3.75,0,,1,16.25,1,1,0
2,09/17/2024 11:04:56 PM,09/17/2024 11:05:06 PM,N,5,265,265,1,0,100,0,0,20.2,0,,1,121.2,1,2,0
2,12/22/2024 10:34:28 AM,12/22/2024 10:40:02 AM,N,1,166,238,1,0.78,7.2,0,0.5,1.74,0,,1,10.44,1,1,0
2,06/25/2024 10:08:43 AM,06/25/2024 10:23:07 AM,N,1,74,43,1,2.28,14.9,0,0.5,2,0,,1,21.15,1,1,2.75
2,08/15/2024 03:41:55 PM,08/15/2024 03:55:28 PM,N,1,74,236,1,2.37,14.9,0,0.5,3.83,0,,1,22.98,1,1,2.75
2,04/09/2024 09:15:09 PM,04/09/2024 09:21:55 PM,N,1,66,52,1,1.26,9.3,1,0.5,2.36,0,,1,14.16,1,1,0
1,05/07/2024 09:27:38 PM,05/07/2024 09:48:36 PM,N,1,97,256,1,3.2,21.2,1,1.5,3.55,0,,1,27.25,1,1,0
2,12/13/2024 09:04:56 PM,12/13/2024 09:13:28 PM,N,1,130,10,1,1.42,10,1,0.5,0,0,,1,12.5,1,1,0
2,04/17/2024 06:06:02 PM,04/17/2024 06:21:30 PM,N,1,74,166,6,2.11,15.6,2.5,0.5,5.88,0,,1,25.48,1,1,0
2,04/09/2024 10:39:30 AM,04/09/2024 10:51:29 AM,N,1,74,75,1,1.44,12.1,0,0.5,2.72,0,,1,16.32,1,1,0
2,02/20/2024 07:19:38 PM,02/20/2024 07:25:11 PM,N,1,43,239,1,1.69,9.3,2.5,0.5,3.21,0,,1,19.26,1,1,2.75
2,10/28/2024 10:00:31 PM,10/28/2024 10:19:41 PM,N,1,119,95,1,11.42,44.3,1,0.5,10.75,6.94,,1,64.49,1,1,0
2,01/23/2024 07:57:31 PM,01/23/2024 08:03:36 PM,N,1,95,95,1,0,7.2,2.5,0.5,2.24,0,,1,13.44,1,1,0
2,08/29/2024 02:14:45 PM,08/29/2024 02:21:21 PM,N,1,75,74,1,1.37,8.6,0,0.5,2.52,0,,1,12.62,1,1,0
2,01/10/2024 08:31:07 PM,01/10/2024 08:34:07 PM,N,1,74,42,1,0.38,5.1,1,0.5,2,0,,1,9.6,1,1,0
2,11/18/2024 08:17:12 PM,11/18/2024 08:25:26 PM,N,1,166,74,1,1.43,10,1,0.5,1,0,,1,13.5,1,1,0
2,03/24/2024 02:07:58 PM,03/24/2024 02:13:54 PM,N,1,260,129,1,1.09,7.9,0,0.5,1,0,,1,10.4,1,1,0
2,08/11/2024 01:10:11 PM,08/11/2024 01:20:33 PM,N,1,74,238,6,2.38,13.5,0,0.5,3,0,,1,18,1,1,0
2,08/10/2024 05:22:17 PM,08/10/2024 05:35:17 PM,N,1,83,129,1,1.6,12.8,0,0.5,2.86,0,,1,17.16,1,1,0
2,10/24/2024 02:36:09 PM,10/24/2024 02:36:18 PM,N,5,130,130,1,0,36,0,0,0,0,,1,37,1,2,0
2,07/12/2024 01:10:50 PM,07/12/2024 01:53:30 PM,N,1,74,262,1,7.64,42.9,0,0.5,0,0,,1,44.4,1,1,0
2,06/09/2024 01:42:02 AM,06/09/2024 02:11:49 AM,N,1,255,75,1,8.73,40.8,1,0.5,9.21,0,,1,55.26,1,1,2.75
2,11/15/2024 02:17:36 PM,11/15/2024 02:35:06 PM,N,1,97,66,1,1.66,15.6,0,0.5,2.88,0,,1,19.98,1,1,0
1,02/03/2024 09:37:39 PM,02/03/2024 10:14:54 PM,N,1,55,205,1,18.2,73,1,1.5,0,0,,1,75.5,2,1,0
1,12/15/2024 06:36:10 PM,12/15/2024 06:46:15 PM,N,1,260,223,2,2.3,13.5,0,1.5,3.75,0,,1,18.75,1,1,0
2,11/07/2024 02:40:29 PM,11/07/2024 02:45:40 PM,N,1,177,72,1,1.02,7.2,0,0.5,0,0,,1,8.7,1,1,0
2,05/07/2024 12:00:01 PM,05/07/2024 12:23:07 PM,N,1,74,238,1,2.37,20.5,0,0.5,4.4,0,,1,26.4,1,1,0
2,05/23/2024 09:20:04 AM,05/23/2024 09:56:57 AM,N,1,223,112,1,5.38,34.5,0,0.5,7.2,0,,1,43.2,1,1,0
2,06/09/2024 08:17:27 AM,06/09/2024 08:32:33 AM,N,1,41,243,1,4.73,21.2,0,0.5,2,0,,1,24.7,1,1,0
2,04/08/2024 08:20:40 AM,04/08/2024 08:39:55 AM,N,1,244,74,1,3.79,22.6,0,0.5,4.82,0,,1,28.92,1,1,0
2,03/16/2024 05:34:10 PM,03/16/2024 05:48:07 PM,N,1,74,42,1,1.91,14.2,0,0.5,0,0,,1,15.7,2,1,0
1,08/28/2024 06:56:43 AM,08/28/2024 07:02:39 AM,N,1,74,75,1,1.3,7.9,0,1.5,0,0,,1,9.4,2,1,0
2,07/12/2024 06:52:39 PM,07/12/2024 07:01:38 PM,N,1,230,230,1,0.33,8.6,2.5,0.5,3.02,0,,1,18.12,1,1,2.5
2,11/23/2024 02:40:19 AM,11/23/2024 02:54:36 AM,N,1,80,49,5,3.25,17,1,0.5,0,0,,1,19.5,2,1,0
2,06/20/2024 06:16:11 PM,06/20/2024 06:16:20 PM,,,145,145,,0,15.59,0,0,3.32,0,,1,19.91,,,
2,02/07/2024 05:00:10 PM,02/07/2024 05:01:00 PM,N,1,74,74,1,0.05,3,2.5,0.5,0,0,,1,7,3,1,0
2,03/16/2024 02:33:25 PM,03/16/2024 02:39:22 PM,N,1,41,42,1,1.08,7.9,0,0.5,0,0,,1,9.4,2,1,0
1,01/14/2024 08:05:11 AM,01/14/2024 08:40:26 AM,N,1,116,215,1,0,57,0,1.5,0,6.94,,1,65.44,1,1,0
2,07/01/2024 08:37:08 AM,07/01/2024 08:52:44 AM,N,1,74,138,1,6.65,28.2,5,0.5,0,6.94,,1,41.64,1,1,0
2,12/09/2024 08:34:56 PM,12/09/2024 08:43:33 PM,N,1,74,151,1,2.37,12.1,1,0.5,2,0,,1,16.6,1,1,0
2,05/15/2024 11:48:27 PM,05/15/2024 11:55:41 PM,N,1,260,7,5,1.3,9.3,1,0.5,2.36,0,,1,14.16,1,1,0
2,03/14/2024 01:16:55 PM,03/14/2024 01:38:30 PM,N,1,189,227,1,4.98,27.5,0,0.5,0,0,,1,29,2,1,0
2,04/25/2024 07:40:53 PM,04/25/2024 07:49:34 PM,N,1,43,141,1,1.68,10.7,2.5,0.5,3.49,0,,1,20.94,1,1,2.75
2,10/21/2024 08:16:30 PM,10/21/2024 08:31:33 PM,N,1,75,142,1,2.6,16.3,1,0.5,4.31,0,,1,25.86,1,1,2.75
2,09/17/2024 03:03:51 PM,09/17/2024 03:04:09 PM,N,1,244,244,1,0,-3,0,-0.5,0,0,,-1,-4.5,4,1,0
2,01/15/2024 02:01:04 AM,01/15/2024 02:08:03 AM,N,1,129,173,2,1.48,10,1,0.5,0,0,,1,12.5,2,1,0
2,05/25/2024 02:38:29 PM,05/25/2024 02:43:30 PM,N,1,75,75,1,0.72,7.2,0,0.5,1.74,0,,1,10.44,1,1,0
2,09/04/2024 11:31:06 AM,09/04/2024 11:50:04 AM,N,1,243,238,1,5.67,25.4,0,0.5,0,0,,1,29.65,2,1,2.75
2,08/11/2024 05:58:02 PM,08/11/2024 06:04:13 PM,N,1,33,52,1,0.98,7.9,0,0.5,0,0,,1,9.4,2,1,0
2,10/03/2024 04:05:03 PM,10/03/2024 04:20:06 PM,N,1,244,220,1,4.33,22.6,2.5,0.5,5.96,3.18,,1,35.74,1,1,0
2,06/18/2024 07:42:17 AM,06/18/2024 07:51:40 AM,N,1,74,75,1,1.24,10,0,0.5,0,0,,1,11.5,2,1,0
2,06/07/2024 07:20:57 AM,06/07/2024 07:33:55 AM,N,1,130,130,1,1.71,13.5,0,0.5,3,0,,1,18,1,1,0
2,01/27/2024 09:21:35 AM,01/27/2024 09:41:24 AM,N,1,7,95,1,7.67,33.8,0,0.5,0,0,,1,35.3,2,1,0
2,11/25/2024 09:37:09 AM,11/25/2024 09:48:48 AM,N,1,130,10,1,2.04,12.8,0,0.5,0,0,,1,14.3,1,1,0
2,03/02/2024 09:20:34 AM,03/02/2024 09:26:58 AM,N,1,42,168,1,1.25,9.3,0,0.5,0,0,,0.3,10.1,2,1,0
2,05/19/2024 08:15:08 PM,05/19/2024 08:25:20 PM,N,1,82,129,1,1.01,10.7,1,0.5,0,0,,1,13.2,2,1,0
2,10/26/2024 05:39:13 AM,10/26/2024 05:55:21 AM,N,1,157,97,1,4.21,19.8,1,0.5,5.58,0,,1,27.88,1,1,0
2,09/19/2024 06:36:18 PM,09/19/2024 06:57:35 PM,N,1,75,162,1,3.18,21.9,2.5,0.5,7.16,0,,1,35.81,1,1,2.75
2,07/11/2024 02:32:44 PM,07/11/2024 02:42:56 PM,N,1,74,75,1,1.43,11.4,0,0.5,3.22,0,,1,16.12,1,1,0
1,05/30/2024 07:24:09 PM,05/30/2024 07:31:50 PM,N,1,74,152,2,1.1,8.6,2.5,1.5,0,0,,1,12.6,1,1,0
2,05/09/2024 04:26:56 PM,05/09/2024 04:34:12 PM,N,1,75,41,1,1.57,10,2.5,0.5,2.66,0,,0.3,15.96,1,1,0
2,03/26/2024 07:08:44 PM,03/26/2024 07:12:14 PM,N,1,75,236,1,1.13,6.5,2.5,0.5,0,0,,1,13.25,2,1,2.75
2,12/23/2024 04:31:33 PM,12/23/2024 05:01:16 PM,N,1,75,162,1,2.72,26.1,2.5,0.5,6.57,0,,1,39.42,1,1,2.75
2,02/20/2024 04:35:14 PM,02/20/2024 04:51:09 PM,N,1,244,143,2,5.28,25.4,2.5,0.5,9.64,0,,1,41.79,1,1,2.75
2,04/17/2024 12:01:11 AM,04/17/2024 12:13:12 AM,N,1,75,74,1,1.84,12.1,1,0.5,0,0,,1,14.6,1,1,0
2,11/17/2024 12:18:24 AM,11/17/2024 12:18:26 AM,N,5,244,264,1,0,9.5,0,0,3.15,0,,1,13.65,1,2,0
2,11/26/2024 01:17:56 PM,11/26/2024 01:18:14 PM,N,2,166,166,1,0.04,70,0,0.5,0,0,,1,71.5,2,1,0
2,04/04/2024 10:04:03 AM,04/04/2024 10:22:06 AM,N,1,97,61,2,2.09,17,0,0.5,0,0,,1,18.5,2,1,0
2,03/14/2024 10:13:47 PM,03/14/2024 10:23:34 PM,N,1,74,238,1,2.56,13.5,1,0.5,0,0,,1,16,2,1,0
2,11/04/2024 03:25:54 PM,11/04/2024 03:35:13 PM,N,1,7,193,1,1.32,10,0,0.5,0,0,,1,11.5,1,1,0
2,12/03/2024 12:28:53 PM,12/03/2024 12:41:04 PM,N,1,97,49,1,1.53,12.1,0,0.5,2.72,0,,1,16.32,1,1,0
2,02/11/2024 10:47:58 PM,02/11/2024 11:03:09 PM,N,1,260,160,1,2.44,16.3,1,0.5,0,0,,1,18.8,2,1,0
2,10/02/2024 12:10:20 AM,10/02/2024 12:22:19 AM,N,1,83,260,1,1.54,12.1,1,0.5,0,0,,1,14.6,2,1,0
1,11/21/2024 07:15:32 AM,11/21/2024 07:32:31 AM,N,1,74,140,1,3.7,19.1,2.75,1.5,4.65,0,,1,28,1,1,2.75
2,02/03/2024 02:28:07 PM,02/03/2024 02:44:12 PM,N,1,95,130,1,2.95,17,0,0.5,0,0,,1,18.5,2,1,0
2,05/20/2024 04:19:20 PM,05/20/2024 04:32:27 PM,N,1,260,82,1,0.99,11.4,2.5,0.5,0,0,,1,15.4,1,1,0
2,05/21/2024 05:09:01 PM,05/21/2024 05:32:25 PM,N,1,74,151,1,2.9,21.9,2.5,0.5,5.18,0,,1,31.08,1,1,0
1,09/25/2024 01:59:41 PM,09/25/2024 02:01:43 PM,N,1,166,166,1,0.7,5.1,0,1.5,1.6,0,,1,8.2,1,1,0
2,07/15/2024 09:41:37 AM,07/15/2024 09:43:37 AM,N,1,41,42,1,0.28,3.7,0,0.5,0,0,,1,5.2,1,1,0
2,02/25/2024 08:56:23 PM,02/25/2024 09:08:19 PM,N,1,74,263,1,2.13,13.5,1,0.5,5.62,0,,1,24.37,1,1,2.75
2,04/15/2024 12:29:51 PM,04/15/2024 12:39:24 PM,N,1,75,41,1,1.66,11.4,0,0.5,2.58,0,,1,15.48,1,1,0
2,11/10/2024 02:00:03 AM,11/10/2024 02:08:27 AM,N,1,42,116,1,0.98,9.3,1,0.5,2,0,,1,13.8,1,1,0
2,09/19/2024 08:58:56 PM,09/19/2024 09:16:51 PM,N,1,97,61,1,2.36,17.7,1,0.5,4.04,0,,1,24.24,1,1,0
1,07/19/2024 12:55:19 PM,07/19/2024 01:53:07 PM,N,1,143,61,1,0,33.5,0,1.5,0,0,,1,35,1,1,0
2,10/31/2024 07:32:58 PM,10/31/2024 07:39:49 PM,N,1,7,179,1,0.79,7.9,2.5,0.5,2.38,0,,1,14.28,1,1,0
2,06/05/2024 06:36:28 PM,06/05/2024 06:42:38 PM,N,1,24,151,1,0.79,7.9,2.5,0.5,2.98,0,,1,14.88,1,1,0
2,01/27/2024 09:43:29 PM,01/27/2024 09:47:38 PM,N,1,52,52,1,0.67,5.8,1,0.5,1.66,0,,1,9.96,1,1,0
2,10/15/2024 10:43:43 AM,10/15/2024 10:58:59 AM,N,1,74,236,1,1.94,14.9,0,0.5,3.83,0,,1,22.98,1,1,2.75
2,04/05/2024 04:25:03 PM,04/05/2024 04:29:55 PM,N,1,75,236,1,0,5.8,2.5,0.5,2.51,0,,1,15.06,1,1,2.75
2,10/28/2024 07:35:38 PM,10/28/2024 07:42:00 PM,N,1,75,24,1,1.27,8.6,2.5,0.5,2.52,0,,1,15.12,1,1,0
2,10/03/2024 09:37:47 PM,10/03/2024 09:46:34 PM,N,1,186,107,1,1.44,10,1,0.5,3,0,,1,18,1,1,2.5
2,09/05/2024 07:35:13 AM,09/05/2024 07:48:04 AM,N,1,75,238,1,1.89,14.2,0,0.5,3.14,0,,1,18.84,1,1,0
2,02/08/2024 08:12:08 PM,02/08/2024 08:32:18 PM,N,1,97,37,2,3.2,20.5,1,0.5,4.6,0,,1,27.6,1,1,0
2,04/23/2024 07:07:16 PM,04/23/2024 07:23:08 PM,N,1,97,62,1,1.48,13.5,2.5,0.5,3.5,0,,1,21,1,1,0
2,01/31/2024 09:23:00 AM,01/31/2024 09:41:00 AM,,,183,78,,4.84,23.79,0,0,0,0,,1,24.79,,,
2,12/02/2024 11:16:03 PM,12/02/2024 11:21:49 PM,N,1,212,182,1,0.69,6.5,1,0.5,0,0,,1,9,2,1,0
2,04/03/2024 08:04:09 PM,04/03/2024 08:06:23 PM,N,1,43,151,1,0.87,5.8,1,0.5,1.66,0,,1,9.96,1,1,0
2,01/24/2024 11:30:00 AM,01/24/2024 11:46:00 AM,,,33,114,,3.33,19.62,0,0,4.67,0,,1,28.04,,,
1,02/08/2024 03:39:40 PM,02/08/2024 03:40:30 PM,N,5,1,1,1,0,160,0,1,0,0,,1,161,1,1,0
2,05/11/2024 12:58:53 PM,05/11/2024 01:14:46 PM,N,1,97,61,1,1.92,15.6,0,0.5,0,0,,1,17.1,1,1,0
2,09/23/2024 11:03:41 PM,09/23/2024 11:19:27 PM,N,1,66,162,1,6.79,28.2,1,0.5,3,0,,1,36.45,1,1,2.75
2,07/18/2024 06:56:47 PM,07/18/2024 06:56:49 PM,N,5,74,264,1,0.42,10,0,0,0,0,,1,11,1,2,0
2,04/17/2024 12:38:21 PM,04/17/2024 12:56:08 PM,N,1,179,129,2,3.25,19.8,0,0.5,0,0,,1,21.3,2,1,0
2,06/10/2024 06:42:35 PM,06/10/2024 06:53:32 PM,N,1,97,17,1,1.39,11.4,2.5,0.5,3.08,0,,1,18.48,1,1,0
2,08/12/2024 01:21:11 AM,08/12/2024 01:25:47 AM,N,1,41,42,1,1.12,7.2,1,0.5,0,0,,1,9.7,2,1,0
2,09/17/2024 10:46:34 AM,09/17/2024 11:02:53 AM,N,1,166,42,1,2.18,15.6,0,0.5,2.56,0,,1,19.66,1,1,0
2,09/16/2024 11:36:05 AM,09/16/2024 11:59:45 AM,N,1,74,194,1,3.9,24.7,0,0.5,0,6.94,,1,33.14,2,1,0
2,04/28/2024 12:22:28 AM,04/28/2024 11:31:05 PM,N,5,255,255,2,3.52,35,0,0,3.6,0,,1,39.6,1,2,0
1,10/12/2024 10:49:49 AM,10/12/2024 11:01:13 AM,N,1,72,91,1,0,18.5,0,1.5,0,0,,1,20,1,1,0
2,06/19/2024 12:12:05 AM,06/19/2024 12:40:32 AM,N,1,260,215,1,11.59,48.5,1,0.5,10.2,0,,1,61.2,1,1,0
2,05/18/2024 01:18:11 PM,05/18/2024 01:35:26 PM,N,1,244,229,1,8.68,34.5,0,0.5,0,0,,1,38.75,2,1,2.75
2,09/01/2024 04:20:21 PM,09/01/2024 04:46:39 PM,N,1,43,138,2,6.75,31.7,5,0.5,0,6.94,,1,45.14,2,1,0
2,05/16/2024 07:58:47 AM,05/16/2024 08:10:27 AM,N,1,75,162,1,2.48,13.5,0,0.5,2.66,0,,1,20.41,1,1,2.75
2,01/13/2024 03:35:54 PM,01/13/2024 03:58:34 PM,N,1,41,161,1,4.06,23.3,0,0.5,0,0,,1,27.55,2,1,2.75
2,10/04/2024 03:26:47 PM,10/04/2024 03:50:48 PM,N,1,244,68,1,7.99,36.6,0,0.5,8.17,0,,1,49.02,1,1,2.75
2,09/27/2024 04:35:40 PM,09/27/2024 04:49:12 PM,N,1,166,236,1,2.16,14.9,2.5,0.5,5.41,0,,1,27.06,1,1,2.75
2,06/08/2024 03:36:54 PM,06/08/2024 04:07:56 PM,N,1,74,262,2,2.95,26.8,0,0.5,6.21,0,,1,37.26,1,1,2.75
2,08/18/2024 09:55:00 AM,08/18/2024 09:58:13 AM,N,1,42,42,1,0.74,5.8,0,0.5,1.46,0,,1,8.76,1,1,0
2,12/01/2024 11:29:15 AM,12/01/2024 11:40:43 AM,N,1,42,236,4,2.33,14.2,0,0.5,0,0,,1,18.45,4,1,2.75
2,02/24/2024 03:29:39 AM,02/24/2024 04:10:02 AM,N,1,83,264,2,2.72,31.7,1,0.5,0,0,,1,34.2,2,1,0
2,11/05/2024 06:31:27 PM,11/05/2024 06:38:57 PM,N,1,41,166,1,1.19,9.3,0,0.5,2.16,0,,1,15.46,1,1,0
2,07/19/2024 11:53:14 PM,07/19/2024 11:53:15 PM,N,5,264,264,5,1.21,12,0,0,0,0,,1,13,1,2,0
2,04/27/2024 04:02:11 PM,04/27/2024 04:11:20 PM,N,1,260,223,1,2.73,14.2,0,0.5,3.92,0,,1,19.62,1,1,0
2,04/25/2024 09:16:23 AM,04/25/2024 09:25:32 AM,N,1,43,237,1,1.47,10.7,0,0.5,3.74,0,,1,18.69,1,1,2.75
2,09/17/2024 10:44:30 AM,09/17/2024 10:52:51 AM,N,1,82,138,1,3.81,17.7,5,0.5,4.84,0,,1,29.04,1,1,0
2,11/02/2024 06:54:29 PM,11/02/2024 07:01:16 PM,N,1,95,28,1,1.72,10,0,0.5,0,0,,1,11.5,1,1,0
2,01/29/2024 12:20:32 AM,01/29/2024 12:25:41 AM,N,1,173,57,1,0.84,7.2,1,0.5,0,0,,1,9.7,2,1,0
2,06/09/2024 03:05:11 PM,06/09/2024 03:13:57 PM,N,1,41,152,1,0.89,9.3,0,0.5,2.7,0,,1,13.5,1,1,0
2,08/14/2024 02:59:25 PM,08/14/2024 03:34:45 PM,N,1,75,234,6,4.3,31,0,0.5,7.05,0,,1,42.3,1,1,2.75
2,05/24/2024 08:34:46 AM,05/24/2024 08:45:27 AM,N,1,74,75,1,1,10.7,0,0.5,2.44,0,,1,14.64,1,1,0
2,06/07/2024 03:05:54 PM,06/07/2024 03:11:40 PM,N,1,75,74,1,0.61,7.2,0,0.5,0,0,,1,8.7,2,1,0
2,08/19/2024 08:10:29 PM,08/19/2024 08:10:31 PM,N,5,264,264,3,0,20,0,0,1,0,,1,22,1,2,0
2,10/03/2024 08:28:59 PM,10/03/2024 08:37:05 PM,N,1,75,238,1,1.45,10,1,0.5,3.81,0,,1,19.06,1,1,2.75
2,09/17/2024 06:32:28 PM,09/17/2024 06:35:58 PM,N,1,43,236,1,0.85,5.8,2.5,0.5,0,0,,1,12.55,2,1,2.75
2,10/21/2024 07:17:40 AM,10/21/2024 07:28:34 AM,N,1,74,75,1,1.41,10.7,0,0.5,2.44,0,,1,14.64,1,1,0
2,08/06/2024 08:50:53 PM,08/06/2024 08:55:34 PM,N,1,162,230,1,0.58,5.8,1,0.5,2.16,0,,1,12.96,1,1,2.5
2,05/09/2024 07:39:35 AM,05/09/2024 07:48:17 AM,N,1,236,163,1,2.12,12.1,0,0.5,1.5,0,,1,17.85,1,1,2.75
1,02/14/2024 02:49:45 PM,02/14/2024 02:57:46 PM,N,1,75,74,1,0.8,8.6,0,1.5,0,0,,1,10.1,1,1,0
2,08/07/2024 11:09:03 AM,08/07/2024 11:17:33 AM,N,1,41,74,1,1.11,9.3,0,0.5,2.16,0,,1,12.96,1,1,0
1,07/02/2024 10:30:50 AM,07/02/2024 10:51:13 AM,N,1,195,33,1,0,17.5,0,1.5,0,0,,1,19,1,1,0
2,05/28/2024 01:08:13 PM,05/28/2024 01:19:21 PM,N,1,74,75,1,1.53,12.1,0,0.5,2.72,0,,1,16.32,1,1,0
2,09/20/2024 04:35:34 PM,09/20/2024 05:53:18 PM,N,1,92,92,2,6.31,63.2,2.5,0.5,0,0,,1,67.2,2,1,0
2,03/31/2024 10:28:06 PM,03/31/2024 10:35:30 PM,N,1,25,106,1,1.36,10,1,0.5,1,0,,1,13.5,1,1,0
2,04/12/2024 04:42:50 PM,04/12/2024 04:52:30 PM,N,1,74,74,1,1.09,7.2,2.5,0.5,2.24,0,,1,13.44,1,1,0
2,11/05/2024 09:30:22 AM,11/05/2024 09:58:39 AM,N,1,43,161,1,2.36,23.3,0,0.5,1.5,0,,1,29.05,1,1,2.75
2,02/26/2024 08:03:55 AM,02/26/2024 08:23:59 AM,N,1,41,243,1,4.79,24,0,0.5,2,0,,1,27.5,1,1,0
2,07/07/2024 02:30:53 PM,07/07/2024 02:44:55 PM,N,1,97,17,1,2.12,14.9,0,0.5,3.28,0,,1,19.68,1,1,0
2,06/30/2024 03:41:03 PM,06/30/2024 03:41:27 PM,N,1,193,193,1,0,-3,0,-0.5,0,0,,-1,-4.5,3,1,0
2,05/09/2024 10:40:58 PM,05/09/2024 10:46:28 PM,N,1,7,179,2,0.99,7.9,1,0.5,1,0,,1,11.4,1,1,0
2,11/14/2024 10:55:39 AM,11/14/2024 10:59:21 AM,N,1,166,151,1,0.75,6.5,0,0.5,0,0,,1,8,2,1,0
2,09/25/2024 04:48:47 PM,09/25/2024 05:08:54 PM,N,1,75,24,2,1.89,18.4,2.5,0.5,6.72,0,,1,29.12,1,1,0
1,12/12/2024 05:21:06 PM,12/12/2024 05:48:04 PM,N,1,82,129,3,2,17.7,2.5,1.5,0,0,,1,21.7,2,1,0
2,03/02/2024 05:33:36 PM,03/02/2024 05:50:08 PM,N,1,181,25,1,2.15,15.6,0,0.5,0,0,,1,17.1,2,1,0
2,06/27/2024 10:07:28 PM,06/27/2024 10:19:33 PM,N,1,74,238,1,2.87,15.6,1,0.5,0,0,,1,20.85,1,1,2.75
2,09/21/2024 12:39:49 PM,09/21/2024 12:44:13 PM,N,1,75,263,1,0.9,6.5,0,0.5,2,0,,1,12.75,1,1,2.75
2,06/11/2024 07:40:52 PM,06/11/2024 07:51:11 PM,N,1,166,74,6,1.41,10.7,2.5,0.5,2.94,0,,1,17.64,1,1,0
2,02/20/2024 07:52:47 PM,02/20/2024 08:07:37 PM,N,1,97,61,1,1.28,12.8,2.5,0.5,2,0,,1,18.8,1,1,0
2,05/12/2024 08:53:29 PM,05/12/2024 09:08:25 PM,N,1,74,239,6,3.19,17.7,1,0.5,4.59,0,,1,27.54,1,1,2.75
2,07/14/2024 03:48:57 PM,07/14/2024 04:02:44 PM,N,1,186,161,1,1.15,12.8,0,0.5,0,0,,1,16.8,2,1,2.5
2,07/25/2024 10:00:15 AM,07/25/2024 10:09:13 AM,N,1,75,141,1,1.69,11.4,0,0.5,0,0,,1,15.65,2,1,2.75
2,09/11/2024 10:22:21 AM,09/11/2024 10:46:46 AM,N,1,75,88,1,8.29,36.6,0,0.5,8.17,0,,1,49.02,1,1,2.75
1,12/16/2024 06:55:19 PM,12/16/2024 07:04:41 PM,N,1,42,41,1,1.9,10.7,2.5,1.5,0,0,,1,14.7,2,1,0
2,04/22/2024 10:59:09 PM,04/22/2024 11:04:17 PM,N,1,43,237,1,1.72,9.3,1,0.5,2,0,,1,16.55,1,1,2.75
2,04/29/2024 06:36:47 PM,04/29/2024 06:55:37 PM,N,1,74,237,1,3.09,19.1,2.5,0.5,0.04,0,,1,25.89,1,1,2.75
2,03/07/2024 06:44:00 AM,03/07/2024 06:45:00 AM,,,75,75,,0.05,11.74,0,0,2,0,,1,14.74,,,
2,12/18/2024 08:24:28 AM,12/18/2024 08:42:21 AM,N,1,74,168,1,3.24,19.1,0,0.5,0,0,,1,20.6,2,1,0
2,06/22/2024 09:57:46 AM,06/22/2024 10:13:40 AM,N,1,152,220,1,5.73,26.1,0,0.5,0,0,,1,27.6,2,1,0
2,01/23/2024 07:19:08 PM,01/23/2024 07:19:45 PM,N,1,74,74,1,0.03,3,2.5,0.5,0,0,,0.3,6.3,2,1,0
2,05/01/2024 08:45:06 AM,05/01/2024 08:54:31 AM,N,1,41,151,1,1.77,12.1,0,0.5,2.72,0,,1,16.32,1,1,0
2,04/01/2024 06:59:03 AM,04/01/2024 07:08:11 AM,N,1,74,43,1,1.36,10,0,0.5,2.3,0,,1,13.8,1,1,0
2,10/08/2024 02:56:46 PM,10/08/2024 03:07:41 PM,N,1,74,43,1,1.56,12.1,0,0.5,3.4,0,,1,17,1,1,0
2,02/23/2024 07:49:00 AM,02/23/2024 07:58:00 AM,,,42,159,,2.34,16.7,0,0,1.77,0,,1,19.47,,,
2,09/21/2024 06:18:07 PM,09/21/2024 07:25:44 PM,N,5,93,87,1,12.43,65,0,0,33.33,0,,1,102.08,1,2,2.75
1,06/20/2024 08:21:32 PM,06/20/2024 08:36:23 PM,N,1,82,138,1,3.7,17.7,6,1.5,1,0,,1,26.2,1,1,0
2,06/19/2024 12:59:40 PM,06/19/2024 01:07:52 PM,N,1,166,238,1,1.25,10,0,0.5,0,0,,1,14.25,2,1,2.75
2,04/03/2024 09:18:12 PM,04/03/2024 09:25:45 PM,N,1,75,238,1,1.53,10,1,0.5,3.12,0,,1,15.62,1,1,0
2,06/13/2024 06:45:51 PM,06/13/2024 07:11:03 PM,N,1,43,230,5,5.1,29.6,2.5,0.5,7.27,0,,1,43.62,1,1,2.75
2,05/19/2024 03:33:34 PM,05/19/2024 03:44:46 PM,N,1,97,49,1,1.37,11.4,0,0.5,0,0,,1,12.9,2,1,0
2,02/03/2024 10:04:58 PM,02/03/2024 10:32:23 PM,N,1,260,148,1,5.74,34.5,1,0.5,1,0,,1,40.75,1,1,2.75
2,10/23/2024 06:26:40 PM,10/23/2024 06:36:45 PM,N,1,43,262,1,1.13,10,2.5,0.5,3.35,0,,1,20.1,1,1,2.75
2,11/06/2024 06:59:39 AM,11/06/2024 07:09:29 AM,N,1,74,75,1,1.65,11.4,0,0.5,2,0,,1,14.9,1,1,0
2,04/17/2024 08:41:43 AM,04/17/2024 08:53:33 AM,N,1,75,236,1,1.84,12.8,0,0.5,2.86,0,,1,17.16,1,1,0
2,08/25/2024 05:19:52 PM,08/25/2024 05:33:47 PM,N,1,74,166,1,2.12,14.2,0,0.5,2,0,,1,17.7,1,1,0
2,11/23/2024 11:02:12 PM,11/23/2024 11:02:19 PM,N,2,74,74,2,0,70,0,0.5,0,0,,1,71.5,2,1,0
2,06/30/2024 04:45:24 PM,06/30/2024 05:09:06 PM,N,1,54,113,1,3.7,24,0,0.5,4,0,,1,32.25,1,1,2.75
2,04/16/2024 01:15:22 PM,04/16/2024 01:27:06 PM,N,1,244,200,1,4.64,21.2,0,0.5,5.18,3.18,,1,31.06,1,1,0
2,05/03/2024 03:58:26 PM,05/03/2024 04:05:28 PM,N,1,75,236,1,0.98,8.6,0,0.5,2.57,0,,1,15.42,1,1,2.75
2,03/14/2024 07:47:47 PM,03/14/2024 07:56:08 PM,N,1,74,74,1,1.18,9.3,2.5,0.5,0,0,,0.3,12.6,2,1,0
2,08/13/2024 11:07:53 AM,08/13/2024 11:31:22 AM,N,1,75,161,1,2.82,21.2,0,0.5,7.64,0,,1,33.09,1,1,2.75
2,06/05/2024 07:12:06 PM,06/05/2024 07:28:25 PM,N,1,75,166,1,0,14.2,2.5,0.5,1,0,,1,19.2,1,1,0
2,03/01/2024 11:08:51 AM,03/01/2024 11:15:56 AM,N,1,75,236,6,0.84,8.6,0,0.5,0,0,,1,12.85,2,1,2.75
2,02/07/2024 11:50:00 AM,02/07/2024 11:56:00 AM,,,7,179,,0.96,15,0,0,0,0,,1,16,,,
2,02/13/2024 09:16:00 AM,02/13/2024 09:29:00 AM,,,243,200,,3.82,16.9,0,0,7,3.18,,1,28.08,,,
2,09/09/2024 01:05:28 AM,09/09/2024 01:12:47 AM,N,1,260,260,1,0.8,7.2,1,0.5,0,0,,1,9.7,2,1,0
2,01/11/2024 03:55:34 PM,01/11/2024 04:04:27 PM,N,1,196,95,1,1.18,10,0,0.5,0,0,,1,11.5,2,1,0
2,02/16/2024 11:26:13 AM,02/16/2024 11:33:32 AM,N,1,74,236,5,1.61,10,0,0.5,2.85,0,,1,17.1,1,1,2.75
1,10/24/2024 04:27:44 PM,10/24/2024 04:49:20 PM,N,1,244,142,1,5.9,28.2,5.25,1.5,6.99,0,,1,41.94,1,1,2.75
2,11/10/2024 05:42:30 PM,11/10/2024 05:51:19 PM,N,1,74,141,1,2.45,12.1,0,0.5,3.27,0,,1,19.62,1,1,2.75
2,11/09/2024 03:57:23 PM,11/09/2024 04:02:39 PM,N,1,41,41,1,0.6,6.5,0,0.5,0,0,,1,8,2,1,0
2,01/27/2024 05:52:04 PM,01/27/2024 06:09:41 PM,N,1,260,145,1,2.24,17,0,0.5,0,0,,1,18.5,2,1,0
2,04/03/2024 01:30:29 PM,04/03/2024 01:43:39 PM,N,1,95,95,1,1.64,12.8,0,0.5,0,0,,1,14.3,2,1,0
2,04/27/2024 09:23:29 PM,04/27/2024 09:33:14 PM,N,1,95,95,1,1.08,9.3,1,0.5,0,0,,1,11.8,1,1,0
2,12/09/2024 04:49:26 PM,12/09/2024 05:10:42 PM,N,1,75,142,1,2.82,19.8,2.5,0.5,5.31,0,,1,31.86,1,1,2.75
2,09/20/2024 01:16:32 PM,09/20/2024 01:41:32 PM,N,1,244,68,1,8.02,37.3,0,0.5,12.46,0,,1,54.01,1,1,2.75
2,02/02/2024 02:04:55 PM,02/02/2024 02:19:08 PM,N,1,97,17,1,1.98,14.2,0,0.5,0,0,,1,15.7,2,1,0
2,03/07/2024 04:52:30 PM,03/07/2024 05:02:50 PM,N,1,82,157,1,3.23,16.3,2.5,0.5,1,0,,1,21.3,1,1,0
2,05/03/2024 07:07:02 AM,05/03/2024 07:19:17 AM,N,1,74,75,1,1.05,12.1,0,0.5,0,0,,1,13.6,2,1,0
2,08/13/2024 10:50:27 PM,08/13/2024 10:56:02 PM,N,1,95,95,1,1.26,8.6,1,0.5,2.22,0,,1,13.32,1,1,0
2,12/14/2024 01:37:54 AM,12/14/2024 01:50:03 AM,N,1,166,236,1,2.23,13.5,1,0.5,2.5,0,,1,21.25,1,1,2.75
2,09/18/2024 06:27:27 PM,09/18/2024 06:42:45 PM,N,1,82,138,1,3.88,19.1,7.5,0.5,5.62,0,,1,33.72,1,1,0
2,02/22/2024 06:37:38 PM,02/22/2024 06:57:33 PM,N,1,129,223,6,3.45,20.5,2.5,0.5,0,0,,1,24.5,2,1,0
2,09/29/2024 09:35:08 AM,09/29/2024 09:39:57 AM,N,1,7,223,1,0.89,7.2,0,0.5,0,0,,1,8.7,2,1,0
2,01/30/2024 02:23:19 PM,01/30/2024 02:30:36 PM,N,1,95,95,5,1,8.6,0,0.5,2.02,0,,1,12.12,1,1,0
2,11/10/2024 04:04:09 PM,11/10/2024 04:08:19 PM,N,1,41,42,1,0.53,5.8,0,0.5,0.7,0,,1,8,1,1,0
2,04/22/2024 12:41:33 AM,04/22/2024 12:48:49 AM,N,1,129,260,1,1.29,8.6,1,0.5,0,0,,1,11.1,1,1,0
2,10/03/2024 05:49:56 PM,10/03/2024 06:04:52 PM,N,1,75,166,1,1.96,14.9,2.5,0.5,3.78,0,,1,22.68,1,1,0
2,03/06/2024 05:23:26 PM,03/06/2024 05:43:24 PM,N,1,75,142,1,2.69,19.8,2.5,0.5,5.31,0,,1,31.86,1,1,2.75
2,02/17/2024 07:58:00 AM,02/17/2024 08:28:00 AM,,,77,25,,15.04,27.82,0,0,0,0,,1,28.82,,,
2,02/15/2024 09:43:16 PM,02/15/2024 09:43:23 PM,N,5,138,138,1,0,20,5,0,0,0,,1,26,1,2,0
2,02/19/2024 10:49:03 AM,02/19/2024 11:06:06 AM,N,1,130,260,1,9.75,38,0,0.5,5,0,,1,44.5,1,1,0
2,01/03/2024 06:32:10 PM,01/03/2024 06:47:23 PM,N,1,74,141,1,3.09,17.7,2.5,0.5,4.89,0,,1,29.34,1,1,2.75
2,05/23/2024 03:54:54 PM,05/23/2024 04:03:56 PM,N,1,129,129,1,0.73,9.3,0,0.5,0,0,,1,10.8,2,1,0
2,02/01/2024 09:10:48 AM,02/01/2024 09:25:20 AM,,,243,235,,2.46,16.94,0,0,0,0,,1,17.94,,,
2,02/20/2024 08:45:08 AM,02/20/2024 08:59:11 AM,N,1,74,236,1,2.1,14.2,0,0.5,3.69,0,,1,22.14,1,1,2.75
1,11/12/2024 08:18:24 PM,11/12/2024 08:25:49 PM,N,1,25,25,1,0.8,8.6,1,1.5,2.2,0,,1,13.3,1,1,0
2,10/13/2024 02:08:43 PM,10/13/2024 02:19:56 PM,N,1,74,75,1,1.6,12.1,0,0.5,2.72,0,,1,16.32,1,1,0
2,06/26/2024 05:37:11 PM,06/26/2024 06:03:40 PM,N,1,236,231,1,7.48,35.2,2.5,0.5,9.73,6.94,,1,58.37,1,1,2.5
2,05/01/2024 02:31:52 AM,05/01/2024 02:38:59 AM,N,5,41,41,1,1.14,9,0,0,0,0,,1,10,2,2,0
2,02/12/2024 07:37:01 PM,02/12/2024 08:01:26 PM,N,1,43,56,1,10.69,42.2,2.5,0.5,0,6.94,,1,53.14,2,1,0
2,03/19/2024 10:48:41 AM,03/19/2024 10:55:00 AM,N,1,42,41,1,1.08,8.6,0,0.5,0,0,,1,10.1,1,1,0
2,12/18/2024 12:20:28 PM,12/18/2024 12:27:11 PM,N,1,41,74,6,0.86,7.9,0,0.5,1,0,,1,10.4,1,1,0
2,12/11/2024 08:00:03 PM,12/11/2024 08:54:59 PM,N,1,66,132,1,27.45,102.4,2.5,0.5,26.6,0,,1,133,1,1,0
1,08/20/2024 02:36:21 PM,08/20/2024 02:44:39 PM,N,1,24,74,0,1.3,10,0,1.5,0,0,,1,11.5,2,1,0
2,04/18/2024 02:25:07 PM,04/18/2024 03:47:18 PM,N,5,136,61,1,18.03,80,0,0,0,0,,1,83.75,1,2,2.75
1,02/24/2024 01:03:09 PM,02/24/2024 01:09:54 PM,N,1,82,56,1,0.8,7.2,0,1.5,0,0,,1,8.7,2,1,0
2,06/17/2024 09:21:21 AM,06/17/2024 09:29:35 AM,N,1,74,236,1,1.51,10,0,0.5,2.7,0,,0.3,13.5,1,1,0
2,05/09/2024 10:01:14 AM,05/09/2024 10:05:10 AM,N,1,166,238,1,1.04,6.5,0,0.5,1.6,0,,1,9.6,1,1,0
2,02/04/2024 08:26:46 PM,02/04/2024 08:37:12 PM,N,1,74,236,3,2.45,13.5,1,0.5,3,0,,1,21.75,1,1,2.75
2,10/01/2024 04:54:17 PM,10/01/2024 05:30:49 PM,N,1,95,56,1,3.94,32.4,2.5,0.5,7.28,0,,1,43.68,1,1,0
1,04/12/2024 11:07:27 AM,04/12/2024 11:16:38 AM,N,1,74,75,1,1.3,9.3,0,1.5,2.15,0,,1,12.95,1,1,0
2,09/06/2024 12:53:54 PM,09/06/2024 01:09:41 PM,N,1,244,238,1,4.82,23.3,0,0.5,0,0,,1,27.55,1,1,2.75
2,09/14/2024 06:58:53 PM,09/14/2024 07:15:56 PM,N,1,74,262,1,2.6,17.7,0,0.5,6.58,0,,1,28.53,1,1,2.75
2,02/19/2024 08:34:33 PM,02/19/2024 08:41:35 PM,N,1,74,263,1,1.92,10,1,0.5,2.5,0,,1,15,1,1,0
2,12/01/2024 05:49:48 PM,12/01/2024 06:03:24 PM,N,1,166,142,1,2.28,15.6,0,0.5,3.97,0,,1,23.82,1,1,2.75
1,05/10/2024 02:58:34 PM,05/10/2024 03:04:59 PM,N,1,236,236,1,0.9,7.9,2.75,1.5,2.4,0,,1,14.55,1,1,2.75
2,09/20/2024 04:21:04 PM,09/20/2024 05:09:06 PM,N,1,130,225,1,8.97,49.2,2.5,0.5,0,0,,1,53.2,2,1,0
2,09/03/2024 05:16:07 AM,09/03/2024 05:24:52 AM,N,1,41,238,1,1.53,11.4,1,0.5,0,0,,1,13.9,1,1,0
2,06/04/2024 05:41:10 PM,06/04/2024 05:47:23 PM,N,1,43,236,1,0.95,7.9,2.5,0.5,2.93,0,,1,17.58,1,1,2.75
2,02/03/2024 12:51:00 PM,02/03/2024 01:06:00 PM,,,25,61,,2.52,16.36,0,0,3.47,0,,1,20.83,,,
2,05/16/2024 09:15:55 PM,05/16/2024 09:34:38 PM,N,1,260,102,1,4.42,21.9,1,0.5,6.1,0,,1,30.5,1,1,0
2,12/16/2024 07:43:03 PM,12/16/2024 07:52:30 PM,N,1,43,263,1,1.6,11.4,2.5,0.5,0,0,,1,18.15,2,1,2.75
2,01/05/2024 05:21:49 PM,01/05/2024 07:56:23 PM,N,1,223,223,1,17,133.9,2.5,0.5,0,0,,1,137.9,2,1,0
1,12/11/2024 06:11:39 AM,12/11/2024 06:16:09 AM,N,1,74,74,1,0.6,6.5,0,1.5,0,0,,1,8,2,1,0
2,06/26/2024 09:45:05 PM,06/26/2024 10:00:25 PM,N,1,82,198,1,3.13,17.7,1,0.5,0,0,,1,20.2,2,1,0
2,08/25/2024 02:16:26 PM,08/25/2024 02:21:20 PM,N,1,43,238,1,1.07,7.9,0,0.5,1.88,0,,1,11.28,1,1,0
2,02/22/2024 06:37:54 AM,02/22/2024 06:42:26 AM,N,5,75,75,1,0.63,8,0,0,0.66,0,,1,9.66,1,1,0
2,06/03/2024 08:28:37 AM,06/03/2024 08:44:18 AM,N,1,75,142,1,3.09,17.7,0,0.5,4.39,0,,1,26.34,1,1,2.75
2,11/11/2024 05:28:24 PM,11/11/2024 05:40:22 PM,N,5,65,256,1,3.07,35,0,0,7.2,0,,1,43.2,1,2,0
2,11/21/2024 08:48:36 AM,11/21/2024 09:03:20 AM,N,1,74,43,1,1.67,14.2,0,0.5,1.5,0,,1,17.2,1,1,0
2,04/08/2024 10:29:06 AM,04/08/2024 10:39:05 AM,N,1,74,236,1,1.7,11.4,0,0.5,0,0,,1,15.65,1,1,2.75
2,06/13/2024 02:56:01 PM,06/13/2024 03:01:26 PM,N,1,75,238,1,0.83,7.9,0,0.5,1.5,0,,1,10.9,1,1,0
2,07/12/2024 11:49:18 AM,07/12/2024 12:24:19 PM,N,2,74,132,1,16.81,70,0,0.5,0,6.94,,1,78.44,1,1,0
1,01/13/2024 07:51:28 PM,01/13/2024 07:56:39 PM,N,1,41,166,1,1,7.2,2.5,1.5,2.2,0,,1,13.4,1,1,0
1,07/13/2024 02:47:56 PM,07/13/2024 03:06:30 PM,N,1,7,93,1,5,23.3,0,1.5,0,0,,1,24.8,2,1,0
2,01/14/2024 10:08:08 AM,01/14/2024 10:17:03 AM,N,1,74,42,1,1.43,10.7,0,0.5,3.05,0,,1,15.25,1,1,0
2,06/15/2024 11:27:48 PM,06/15/2024 11:38:51 PM,N,5,255,145,3,4.6,68,0,0,0,6.94,,1,75.94,2,2,0
2,06/01/2024 10:11:23 PM,06/01/2024 10:23:28 PM,N,1,41,140,1,3.68,18.4,1,0.5,0,0,,1,23.65,2,1,2.75
2,01/31/2024 10:59:40 AM,01/31/2024 11:10:08 AM,N,1,130,130,3,0.84,-10,0,-0.5,0,0,,-1,-11.5,3,1,0
2,05/22/2024 10:13:42 AM,05/22/2024 10:20:32 AM,N,1,74,75,1,1.21,8.6,0,0.5,2.02,0,,1,12.12,1,1,0
2,10/07/2024 10:35:35 AM,10/07/2024 10:52:52 AM,,,42,75,,2.06,16.13,0,0.5,3.53,0,,1,21.16,,,
2,05/14/2024 01:37:53 AM,05/14/2024 01:55:50 AM,N,1,82,223,2,3.98,23.3,1,0.5,0,0,,1,25.8,2,1,0
2,03/18/2024 01:04:45 AM,03/18/2024 01:16:32 AM,N,1,82,173,1,1.56,12.1,1,0.5,0,0,,1,14.6,2,1,0
2,10/12/2024 11:30:01 PM,10/12/2024 11:33:12 PM,N,1,82,129,1,0.12,5.1,1,0.5,38,0,,1,45.6,1,1,0
1,04/04/2024 01:34:26 PM,04/04/2024 02:14:10 PM,N,1,244,229,1,9,40.1,2.75,1.5,6,0,,1,50.35,1,1,2.75
2,10/29/2024 07:23:38 PM,10/29/2024 07:38:29 PM,N,1,97,49,1,1.72,14.2,2.5,0.5,4.55,0,,1,22.75,1,1,0
2,10/02/2024 09:42:19 AM,10/02/2024 09:49:53 AM,N,1,74,75,6,0.85,8.6,0,0.5,2.02,0,,1,12.12,1,1,0
2,09/04/2024 12:09:17 PM,09/04/2024 12:37:41 PM,N,1,43,68,1,3.97,26.8,0,0.5,6.21,0,,1,37.26,1,1,2.75
2,04/22/2024 12:34:17 PM,04/22/2024 12:48:18 PM,N,1,74,138,1,6.71,28.2,5,0.5,8.33,6.94,,1,49.97,1,1,0
2,01/21/2024 07:54:08 PM,01/21/2024 08:08:28 PM,N,1,74,238,4,2.61,16.3,0,0.5,4.11,0,,1,24.66,1,1,2.75
2,07/04/2024 01:02:02 PM,07/04/2024 01:34:45 PM,N,2,74,132,1,16.92,70,0,0.5,15.69,6.94,,1,94.13,1,1,0
2,01/20/2024 08:42:24 PM,01/20/2024 08:56:49 PM,N,1,41,74,1,2.17,14.9,1,0.5,0,0,,1,17.4,1,1,0
2,06/27/2024 08:34:14 AM,06/27/2024 08:56:30 AM,N,1,74,74,1,0.57,18.4,0,0.5,3.98,0,,1,23.88,1,1,0
2,03/30/2024 05:34:40 PM,03/30/2024 06:03:39 PM,N,1,95,95,1,2.14,14.2,0,0.5,0,0,,1,15.7,2,1,0
2,09/09/2024 01:04:24 PM,09/09/2024 01:15:45 PM,N,1,74,166,1,1.22,10.7,0,0.5,0,0,,1,12.2,2,1,0
2,03/06/2024 09:52:30 AM,03/06/2024 10:12:45 AM,N,1,74,74,1,2.13,18.4,0,0.5,0,0,,1,19.9,2,1,0
2,11/20/2024 04:53:33 PM,11/20/2024 05:01:29 PM,N,1,74,42,1,0.89,8.6,2.5,0.5,1.4,0,,1,14,1,1,0
2,10/18/2024 06:15:00 PM,10/18/2024 06:20:00 PM,,,95,56,,1.05,16.6,0,0.5,1,0,,1,19.1,,,
1,08/23/2024 01:54:55 PM,08/23/2024 02:07:33 PM,N,1,74,116,1,2.2,12.1,0,1.5,0,0,,1,13.6,2,1,0
2,03/25/2024 07:00:14 PM,03/25/2024 07:05:21 PM,N,1,41,42,1,0.93,7.2,2.5,0.5,0,0,,1,11.2,2,1,0
2,10/21/2024 09:02:11 PM,10/21/2024 09:10:17 PM,N,1,226,260,1,1.21,9.3,1,0.5,0,0,,1,11.8,2,1,0
2,08/02/2024 07:17:45 PM,08/02/2024 07:49:49 PM,N,1,75,145,2,6.05,32.4,1,0.5,7.53,0,,1,45.18,1,1,2.75
2,05/22/2024 07:08:43 PM,05/22/2024 07:22:04 PM,N,1,166,142,1,2.78,16.3,2.5,0.5,4.56,0,,1,27.36,1,1,2.5
2,05/05/2024 08:49:37 PM,05/05/2024 09:05:16 PM,N,1,260,7,1,2.97,18.4,1,0.5,4.18,0,,1,25.08,1,1,0
2,04/20/2024 03:07:28 PM,04/20/2024 03:23:50 PM,N,1,130,205,2,2.78,17.7,0,0.5,0.01,0,,1,19.21,1,1,0
2,02/25/2024 05:25:07 PM,02/25/2024 05:38:08 PM,N,1,97,217,1,2.31,14.2,0,0.5,0,0,,1,15.7,2,1,0
2,11/08/2024 06:18:14 PM,11/08/2024 06:29:47 PM,N,1,74,236,1,1.89,12.8,2.5,0.5,0,0,,1,19.55,1,1,2.75
2,08/29/2024 12:34:21 AM,08/29/2024 12:34:26 AM,N,5,42,42,1,0,20,0,0,4.2,0,,1,25.2,1,2,0
2,01/01/2024 03:33:26 PM,01/01/2024 03:44:32 PM,N,1,74,238,1,2.59,14.2,0,0.5,3.69,0,,1,22.14,1,1,2.75
2,08/04/2024 12:50:44 PM,08/04/2024 01:11:13 PM,N,1,74,244,1,4.24,24,0,0.5,0,0,,1,25.5,2,1,0
2,08/22/2024 10:22:27 AM,08/22/2024 10:41:40 AM,N,1,74,147,1,3.13,20.5,0,0.5,0,0,,1,22,1,1,0
1,10/16/2024 04:55:34 PM,10/16/2024 05:02:08 PM,N,1,95,95,1,0.8,7.9,2.5,1.5,1.8,0,,1,13.7,1,1,0
2,03/13/2024 07:54:12 AM,03/13/2024 08:04:42 AM,N,1,74,75,2,1.45,10.7,0,0.5,2.44,0,,1,14.64,1,1,0
1,12/16/2024 05:49:06 PM,12/16/2024 06:13:08 PM,N,1,75,143,1,3.3,22.6,5.25,1.5,5.85,0,,1,35.2,1,1,2.75
1,02/07/2024 09:55:24 AM,02/07/2024 10:04:45 AM,N,1,75,166,1,1.5,10,0,1.5,2.3,0,,1,13.8,1,1,0
1,02/07/2024 06:40:51 PM,02/07/2024 07:03:42 PM,N,1,74,239,1,3.5,23.3,5.25,1.5,6,0,,1,36.05,1,1,2.75
2,05/28/2024 07:44:04 PM,05/28/2024 08:03:51 PM,N,5,93,132,1,8.94,60,0,0,0,0,,1,61,1,2,0
2,12/31/2024 11:16:49 PM,12/31/2024 11:23:14 PM,N,1,167,247,1,0.92,7.9,1,0.5,0,0,,1,10.4,2,1,0
2,07/26/2024 07:59:26 PM,07/26/2024 08:09:47 PM,N,1,260,223,1,2.78,14.9,2.5,0.5,0,0,,1,18.9,2,1,0
1,07/23/2024 07:40:23 AM,07/23/2024 07:53:50 AM,N,1,74,75,1,1.3,12.8,0,1.5,2.85,0,,1,17.15,1,1,0
2,05/04/2024 10:19:28 AM,05/04/2024 10:23:27 AM,N,1,247,42,1,0.62,5.8,0,0.5,0,0,,1,7.3,2,1,0
2,07/08/2024 02:56:16 PM,07/08/2024 02:57:30 PM,N,1,75,75,1,0.14,3.7,0,0.5,0,0,,1,5.2,2,1,0
2,08/07/2024 03:21:13 PM,08/07/2024 03:31:14 PM,N,1,42,75,1,2.19,12.8,0,0.5,1,0,,1,15.3,1,1,0
2,07/19/2024 04:35:54 PM,07/19/2024 04:39:20 PM,N,1,43,238,1,0.8,5.8,2.5,0.5,0,0,,1,9.8,2,1,0
2,01/02/2024 12:27:18 PM,01/02/2024 12:54:42 PM,N,1,129,82,1,1.47,22.6,0,0.5,0,0,,1,24.1,2,1,0
2,07/09/2024 06:00:26 PM,07/09/2024 06:18:17 PM,N,1,74,238,1,3.49,19.8,2.5,0.5,0,0,,1,26.55,2,1,2.75
2,06/15/2024 09:24:48 AM,06/15/2024 09:33:00 AM,N,1,95,28,1,1.84,11.4,0,0.5,2.58,0,,1,15.48,1,1,0
2,12/27/2024 03:31:47 PM,12/27/2024 03:43:00 PM,N,1,166,143,1,1.88,12.8,0,0.5,3.41,0,,1,20.46,1,1,2.75
1,11/15/2024 08:33:06 PM,11/15/2024 08:40:07 PM,N,1,196,196,1,1.1,7.2,1,1.5,2.4,0,,1,12.1,1,1,0
2,03/06/2024 09:23:50 AM,03/06/2024 09:39:29 AM,N,1,74,236,1,1.69,14.9,0,0.5,3,0,,1,22.15,1,1,2.75
1,06/11/2024 04:32:14 AM,06/11/2024 04:45:58 AM,N,1,169,75,1,0,28.5,0,1.5,0,6.94,,1,36.94,1,1,0
2,02/01/2024 10:34:52 PM,02/01/2024 10:49:29 PM,N,1,166,237,1,3.16,17.7,1,0.5,4.59,0,,1,27.54,1,1,2.75
2,04/17/2024 11:53:23 AM,04/17/2024 12:01:55 PM,N,1,82,138,2,3.62,17,5,0.5,0,0,,1,23.5,2,1,0
1,08/28/2024 09:44:10 PM,08/28/2024 10:33:25 PM,Y,1,93,232,1,11.1,61.1,3.75,1.5,0,0,,1,66.35,2,1,2.75
2,03/19/2024 11:02:54 AM,03/19/2024 11:14:14 AM,N,1,166,244,1,1.92,12.8,0,0.5,0,0,,1,14.3,2,1,0
2,02/26/2024 07:48:23 PM,02/26/2024 08:01:13 PM,N,1,74,239,1,3.86,17.7,2.5,0.5,4.89,0,,1,29.34,1,1,2.75
2,10/10/2024 03:39:42 PM,10/10/2024 03:59:18 PM,N,1,97,181,2,1.3,17,0,0.5,0,0,,1,18.5,2,1,0
2,12/06/2024 07:31:06 AM,12/06/2024 07:35:50 AM,N,1,129,129,1,0.74,7.2,0,0.5,1.74,0,,1,10.44,1,1,0
2,04/11/2024 09:12:12 PM,04/11/2024 09:12:20 PM,N,1,83,83,1,0,-3,-1,-0.5,0,0,,-1,-5.5,3,1,0
2,06/08/2024 05:41:49 PM,06/08/2024 06:12:04 PM,N,1,7,151,1,6.02,31.7,0,0.5,8.99,0,,1,44.94,1,1,2.75
2,05/05/2024 09:19:58 PM,05/05/2024 09:26:02 PM,N,1,74,74,1,0.65,7.2,1,0.5,0,0,,1,9.7,2,1,0
2,07/12/2024 04:49:51 PM,07/12/2024 05:42:24 PM,N,1,33,132,1,26.62,100.3,2.5,0.5,20.86,0,,1,125.16,1,1,0
2,02/17/2024 10:21:59 AM,02/17/2024 10:29:05 AM,N,1,74,236,1,1.73,10,0,0.5,2.85,0,,1,17.1,1,1,2.75
2,05/05/2024 12:52:07 PM,05/05/2024 12:57:24 PM,N,1,75,262,1,1.08,7.2,0,0.5,0,0,,1,11.45,2,1,2.75
1,05/24/2024 02:33:16 PM,05/24/2024 02:38:21 PM,N,1,166,166,1,0.7,7.2,0,1.5,0,0,,1,8.7,2,1,0
2,07/28/2024 08:22:58 AM,07/28/2024 08:26:55 AM,N,1,244,116,1,0.76,6.5,0,0.5,2,0,,1,10,1,1,0
2,04/04/2024 12:50:48 PM,04/04/2024 01:01:26 PM,N,1,74,75,1,1.78,11.4,0,0.5,0,0,,1,12.9,2,1,0
1,01/25/2024 10:36:30 AM,01/25/2024 10:50:24 AM,N,1,244,74,1,4,19.8,0,1.5,4.25,0,,1,25.55,1,1,0
2,03/23/2024 11:27:20 AM,03/23/2024 11:38:36 AM,N,5,65,33,1,1.38,15,0,0,4.8,0,,1,20.8,1,2,0
2,02/23/2024 04:04:07 PM,02/23/2024 04:15:50 PM,N,1,43,141,1,1.65,12.1,2.5,0.5,1.88,0,,1,20.73,1,1,2.75
2,12/29/2024 07:21:25 PM,12/29/2024 07:26:10 PM,N,1,41,41,2,0.87,7.2,0,0.5,0,0,,1,8.7,2,1,0
1,07/18/2024 06:14:09 PM,07/18/2024 06:26:02 PM,N,1,196,138,1,4.6,19.8,7.5,1.5,0,0,,1,28.8,2,1,0
2,05/04/2024 03:40:39 PM,05/04/2024 04:14:34 PM,N,1,75,90,1,5.92,34.5,0,0.5,7.75,0,,1,46.5,1,1,2.75
2,11/04/2024 10:41:51 AM,11/04/2024 11:06:42 AM,N,1,41,143,1,3.66,24.7,0,0.5,2,0,,1,30.95,1,1,2.75
2,02/23/2024 05:39:45 PM,02/23/2024 05:49:33 PM,N,1,95,95,2,1.01,10,2.5,0.5,0,0,,1,14,2,1,0
2,07/29/2024 09:04:25 PM,07/29/2024 09:13:53 PM,N,1,166,244,2,2.97,14.2,1,0.5,0,0,,1,16.7,2,1,0
2,11/26/2024 09:17:50 AM,11/26/2024 09:30:11 AM,N,1,75,238,1,1.65,12.8,0,0.5,0,0,,1,17.05,2,1,2.75
2,07/11/2024 04:07:56 PM,07/11/2024 04:16:36 PM,N,1,95,95,3,0.87,9.3,2.5,0.5,5,0,,1,18.3,1,1,0
2,02/28/2024 12:55:48 PM,02/28/2024 01:07:04 PM,N,1,97,97,1,1.03,11.4,0,0.5,2.58,0,,1,15.48,1,1,0
2,03/30/2024 10:40:07 AM,03/30/2024 10:48:14 AM,N,1,74,236,1,1.77,10.7,0,0.5,3.74,0,,1,18.69,1,1,2.75
2,07/20/2024 02:18:31 AM,07/20/2024 02:18:37 AM,N,5,150,150,2,0,10,0,0,2,0,,1,13,1,2,0
2,01/11/2024 09:59:20 AM,01/11/2024 10:16:13 AM,N,1,74,263,1,1.78,15.6,0,0.5,2.98,0,,1,22.83,1,1,2.75
2,09/07/2024 11:18:40 PM,09/07/2024 11:42:24 PM,N,5,181,162,7,7.55,75,0,0,0,0,,1,78.75,2,2,2.75
2,02/05/2024 04:56:57 PM,02/05/2024 05:00:39 PM,N,1,75,75,1,0.45,5.8,2.5,0.5,0.88,0,,1,10.68,1,1,0
2,01/09/2024 03:07:10 AM,01/09/2024 03:15:47 AM,N,1,260,129,1,1.48,10,1,0.5,0,0,,1,12.5,2,1,0
1,07/15/2024 08:18:08 PM,07/15/2024 08:32:27 PM,N,1,65,17,2,2.1,14.9,1,1.5,3.45,0,,1,20.85,1,1,0
2,04/27/2024 06:11:44 PM,04/27/2024 06:26:11 PM,N,1,97,33,1,1.55,14.2,0,0.5,2,0,,1,17.7,1,1,0
2,07/22/2024 10:19:19 PM,07/22/2024 10:27:30 PM,N,1,130,197,1,1.72,10.7,1,0.5,0,0,,1,13.2,2,1,0
2,08/15/2024 03:22:00 PM,08/15/2024 03:46:00 PM,,,74,138,,7.33,29.74,0,0,5.58,6.94,,1,43.26,,,
2,12/18/2024 06:50:27 PM,12/18/2024 07:08:16 PM,N,1,33,49,1,1.65,16.3,2.5,0.5,4.06,0,,1,24.36,1,1,0
2,07/26/2024 03:28:45 PM,07/26/2024 03:42:22 PM,N,1,95,95,3,1.72,14.2,0,0.5,0,0,,1,15.7,2,1,0
2,02/02/2024 08:45:53 AM,02/02/2024 08:59:55 AM,N,1,260,7,1,2.15,14.2,0,0.5,0,0,,1,15.7,2,1,0
1,06/30/2024 12:25:42 AM,06/30/2024 12:42:44 AM,N,1,112,37,4,2.7,17.7,1,1.5,6.05,0,,1,26.25,1,1,0
2,08/30/2024 04:46:27 PM,08/30/2024 04:56:23 PM,N,1,65,65,2,0.93,10.7,2.5,0.5,3,0,,1,17.7,1,1,0
1,01/19/2024 08:39:48 AM,01/19/2024 09:05:22 AM,N,1,82,170,1,6.6,33.8,2.75,1.5,0,0,,1,38.05,2,1,2.75
2,02/09/2024 01:57:20 PM,02/09/2024 02:12:14 PM,N,1,74,42,1,2.43,14.9,0,0.5,3.28,0,,1,19.68,1,1,0
2,09/20/2024 06:11:57 PM,09/20/2024 06:17:35 PM,N,1,134,134,1,1,7.9,2.5,0.5,2.38,0,,1,14.28,1,1,0
2,01/03/2024 04:46:01 PM,01/03/2024 04:52:34 PM,N,1,75,74,2,1.34,8.6,2.5,0.5,2,0,,1,14.6,1,1,0
2,08/25/2024 05:54:13 PM,08/25/2024 06:14:09 PM,N,1,74,140,1,3.31,19.1,0,0.5,4.67,0,,1,28.02,1,1,2.75
2,08/20/2024 02:53:59 PM,08/20/2024 02:58:40 PM,N,1,75,74,1,0.71,6.5,0,0.5,0,0,,1,8,2,1,0
2,03/22/2024 10:27:13 AM,03/22/2024 10:35:08 AM,N,1,75,263,1,1.12,9.3,0,0.5,2.71,0,,1,16.26,1,1,2.75
2,08/09/2024 11:08:49 PM,08/09/2024 11:08:57 PM,N,5,255,255,0,0,22.9,0,0,4.78,0,,1,28.68,1,2,0
1,03/04/2024 01:42:48 PM,03/04/2024 01:52:17 PM,N,1,244,42,1,2.9,14.9,0,1.5,3.25,0,,1,19.65,1,1,0
2,02/27/2024 10:37:26 PM,02/27/2024 10:47:22 PM,N,1,74,237,1,2.76,14.2,1,0.5,3.89,0,,1,23.34,1,1,2.75
1,05/16/2024 12:54:57 PM,05/16/2024 01:12:22 PM,N,1,222,76,1,0,19.5,0,1.5,0,0,,1,21,1,1,0
2,06/23/2024 12:07:21 PM,06/23/2024 12:23:49 PM,N,1,74,141,1,3.55,19.8,0,0.5,2,0,,1,26.05,1,1,2.75
2,06/01/2024 08:23:06 PM,06/01/2024 08:48:32 PM,N,1,65,181,1,2.45,21.9,1,0.5,4.88,0,,1,29.28,1,1,0
2,05/29/2024 07:21:17 AM,05/29/2024 07:41:18 AM,N,1,166,247,1,3.83,21.9,0,0.5,1,0,,1,24.4,1,1,0
2,06/10/2024 03:01:15 PM,06/10/2024 03:24:28 PM,N,1,74,262,1,2.83,21.2,0,0.5,5.09,0,,1,30.54,1,1,2.75
2,04/20/2024 09:38:15 AM,04/20/2024 09:46:40 AM,N,1,263,151,1,1.37,10.7,0,0.5,2,0,,1,14.2,1,1,0
2,03/25/2024 12:35:06 AM,03/25/2024 12:38:27 AM,N,1,7,193,5,0.82,5.8,1,0.5,1.66,0,,1,9.96,1,1,0
2,05/06/2024 11:46:40 AM,05/06/2024 11:55:51 AM,N,1,74,75,1,1.19,10,0,0.5,0,0,,1,11.5,2,1,0
1,06/15/2024 05:35:23 PM,06/15/2024 05:46:45 PM,N,1,95,95,1,1.4,12.1,0,1.5,2,0,,1,15.6,1,1,0
2,01/26/2024 08:38:10 PM,01/26/2024 08:52:11 PM,N,1,43,42,1,2.73,14.9,1,0.5,2,0,,1,19.4,1,1,0
2,03/01/2024 05:53:55 PM,03/01/2024 06:07:02 PM,N,1,65,97,1,1.53,12.8,2.5,0.5,0,0,,1,16.8,1,1,0
2,12/06/2024 10:07:55 AM,12/06/2024 10:17:48 AM,N,1,92,95,1,3.46,16.3,0,0.5,0.1,0,,1,17.9,1,1,0
1,08/26/2024 11:23:53 AM,08/26/2024 11:25:06 AM,N,1,207,207,1,0,3,0,1.5,0,0,,1,4.5,2,1,0
2,04/09/2024 06:20:32 PM,04/09/2024 06:25:38 PM,N,1,43,238,1,1.07,7.9,2.5,0.5,2.38,0,,1,14.28,1,1,0
2,07/01/2024 09:02:24 PM,07/01/2024 09:14:46 PM,N,1,74,24,1,2.02,13.5,1,0.5,1,0,,1,17,1,1,0
2,02/26/2024 04:43:27 PM,02/26/2024 04:57:24 PM,N,5,77,77,1,0,215,0,0,0,0,,1,216,2,2,0
1,11/15/2024 07:03:57 PM,11/15/2024 07:14:04 PM,N,1,75,239,1,2.1,12.8,5.25,1.5,3,0,,1,22.55,1,1,2.75
2,07/15/2024 03:32:31 PM,07/15/2024 03:36:53 PM,N,1,74,74,1,0.68,5.8,0,0.5,1.46,0,,1,8.76,1,1,0
2,08/07/2024 07:33:49 PM,08/07/2024 07:57:03 PM,N,1,41,140,1,3.69,23.3,2.5,0.5,6.01,0,,1,36.06,1,1,2.75
2,01/27/2024 12:11:20 AM,01/27/2024 12:16:01 AM,N,1,7,7,1,0.71,6.5,1,0.5,1.8,0,,1,10.8,1,1,0
2,07/29/2024 10:35:17 AM,07/29/2024 10:40:42 AM,N,1,43,238,1,1.2,7.9,0,0.5,1.22,0,,1,13.37,1,1,2.75
2,05/16/2024 01:56:00 PM,05/16/2024 02:06:31 PM,N,1,74,7,1,3.63,17,0,0.5,1,6.94,,1,26.44,1,1,0
2,06/26/2024 11:17:13 PM,06/27/2024 12:11:25 AM,N,5,93,265,1,32.1,130,0,0,0,0,,1,131,1,2,0
2,08/14/2024 06:21:17 PM,08/14/2024 06:35:16 PM,N,1,75,141,1,1.79,14.2,2.5,0.5,4.19,0,,1,25.14,1,1,2.75
2,10/30/2024 06:40:56 PM,10/30/2024 06:59:40 PM,N,1,74,142,1,3.4,19.8,2.5,0.5,2,0,,1,28.55,1,1,2.75
2,08/21/2024 06:08:36 PM,08/21/2024 06:27:23 PM,N,1,244,239,1,5.52,26.8,2.5,0.5,6.71,0,,1,40.26,1,1,2.75
2,01/26/2024 11:03:02 PM,01/26/2024 11:12:17 PM,N,1,134,197,1,2.19,12.1,1,0.5,0,0,,1,14.6,2,1,0
2,04/30/2024 06:27:03 PM,04/30/2024 06:33:03 PM,N,1,33,52,1,0.66,7.2,2.5,0.5,2.24,0,,1,13.44,1,1,0
1,12/31/2024 06:27:15 AM,12/31/2024 07:02:17 AM,N,1,241,231,1,0,49.5,0,1.5,0,0,,1,51,1,1,0
2,10/23/2024 09:46:33 PM,10/23/2024 09:49:51 PM,N,5,92,92,1,0.59,12,0,0,2.6,0,,1,15.6,1,2,0
2,12/25/2024 02:42:31 PM,12/25/2024 02:55:47 PM,N,1,7,223,1,1.67,13.5,0,0.5,2,0,,1,17,1,1,0
2,07/17/2024 01:46:44 PM,07/17/2024 01:53:26 PM,N,1,152,166,2,0.61,7.2,0,0.5,5,0,,1,13.7,1,1,0
2,10/26/2024 03:11:44 PM,10/26/2024 03:21:08 PM,N,5,130,130,1,0.22,80,0,0,0,0,,1,81,1,2,0
2,05/05/2024 03:15:38 PM,05/05/2024 03:25:22 PM,N,1,48,68,1,1.13,10.7,0,0.5,1,0,,1,15.7,1,1,2.5
2,04/10/2024 08:21:32 PM,04/10/2024 08:30:39 PM,N,1,95,95,2,1.16,10,1,0.5,2.5,0,,1,15,1,1,0
2,10/06/2024 06:01:17 PM,10/06/2024 06:15:48 PM,N,1,52,189,1,1.67,14.2,0,0.5,3.3,0,,1,19,1,1,0
2,12/10/2024 07:34:00 PM,12/10/2024 07:58:00 PM,,,193,129,,3.83,28.25,0,0.5,1,0,,1,30.75,,,
2,09/20/2024 04:44:35 PM,09/20/2024 04:51:44 PM,N,1,75,74,1,1.43,9.3,2.5,0.5,2.66,0,,1,15.96,1,1,0
2,08/06/2024 07:10:10 PM,08/06/2024 07:24:22 PM,,,246,239,,3.44,21.37,0,0.5,1,0,,1,26.37,,,
2,03/29/2024 09:25:40 PM,03/29/2024 09:25:42 PM,N,5,192,264,1,0,19,0,0,0,0,,1,20,1,2,0
2,09/23/2024 04:44:06 PM,09/23/2024 04:46:51 PM,N,1,164,234,1,0.49,5.1,2.5,0.5,0,0,,1,11.6,1,1,2.5
1,03/09/2024 08:55:28 PM,03/09/2024 09:03:22 PM,N,1,65,97,3,0,7.9,1,1.5,1,0,,1,11.4,1,1,0
2,12/09/2024 04:10:27 PM,12/09/2024 04:20:03 PM,N,1,95,95,1,0.93,10,2.5,0.5,0,0,,1,14,2,1,0
2,04/01/2024 06:29:22 AM,04/01/2024 06:39:21 AM,N,1,74,42,1,1.76,12.1,0,0.5,2.72,0,,1,16.32,1,1,0
2,05/21/2024 10:34:13 PM,05/21/2024 10:58:04 PM,N,1,247,87,1,11.22,45,1,0.5,5,0,,1,55.25,1,1,2.75
2,07/15/2024 07:09:00 PM,07/15/2024 07:24:28 PM,N,1,43,48,1,3.44,18.4,2.5,0.5,3,0,,1,28.15,1,1,2.75
2,08/06/2024 06:29:47 AM,08/06/2024 06:50:27 AM,N,1,74,142,1,5.26,27.5,0,0.5,0.02,0,,1,31.77,1,1,2.75
2,01/24/2024 12:54:47 PM,01/24/2024 01:10:29 PM,N,1,43,143,1,2.91,17,0,0.5,4.25,0,,1,25.5,1,1,2.75
2,12/22/2024 05:10:12 PM,12/22/2024 05:24:37 PM,N,1,24,142,1,2.33,15.6,0,0.5,1,0,,1,20.85,1,1,2.75
2,09/03/2024 09:51:07 AM,09/03/2024 10:47:57 AM,N,1,130,239,1,16.18,73.7,0,0.5,15,6.94,,1,99.89,1,1,2.75
2,06/22/2024 12:11:44 PM,06/22/2024 12:33:14 PM,N,1,95,205,1,4.73,24.7,0,0.5,0,0,,1,26.2,2,1,0
2,08/02/2024 06:32:59 PM,08/02/2024 06:48:01 PM,N,1,244,239,1,5.41,24,2.5,0.5,0,0,,1,30.75,2,1,2.75
2,04/28/2024 02:42:49 PM,04/28/2024 02:54:43 PM,N,1,65,17,1,2.09,13.5,0,0.5,3,0,,1,18,1,1,0
1,08/24/2024 09:16:50 PM,08/24/2024 09:30:37 PM,N,1,75,163,1,2.5,14.9,3.75,1.5,4,0,,1,24.15,1,1,2.75
2,10/09/2024 11:10:53 AM,10/09/2024 11:15:25 AM,N,1,43,236,6,0.68,6.5,0,0.5,0,0,,1,10.75,2,1,2.75
2,12/01/2024 07:11:52 PM,12/01/2024 07:21:38 PM,N,1,166,236,1,2.08,12.8,0,0.5,3.36,0,,1,20.16,1,1,2.5
2,04/25/2024 10:58:13 AM,04/25/2024 11:11:08 AM,N,1,75,239,1,2.34,14.9,0,0.5,0,0,,1,19.15,2,1,2.75
2,12/16/2024 11:43:37 AM,12/16/2024 12:08:52 PM,N,1,75,162,1,2.26,21.9,0,0.5,5.23,0,,1,31.38,1,1,2.75
2,11/11/2024 08:49:02 AM,11/11/2024 08:57:57 AM,N,1,74,75,1,1.43,10.7,0,0.5,2.44,0,,1,14.64,1,1,0
1,11/07/2024 11:00:38 AM,11/07/2024 11:02:45 AM,N,1,166,151,1,0.6,5.1,0,1.5,0,0,,1,6.6,2,1,0
2,06/26/2024 05:49:00 PM,06/26/2024 06:11:00 PM,,,193,233,,3.45,26.27,0,0,4.5,0,,1,34.52,,,
2,01/15/2024 10:14:10 PM,01/15/2024 10:21:51 PM,N,1,129,82,1,0.99,8.6,1,0.5,0,0,,1,11.1,2,1,0
1,01/29/2024 10:07:05 AM,01/29/2024 10:16:56 AM,N,1,97,181,0,1.6,11.4,0,1.5,3.85,0,,1,16.75,1,1,0
2,02/08/2024 08:23:58 PM,02/08/2024 08:32:07 PM,N,1,43,262,1,1.2,9.3,1,0.5,2.91,0,,1,17.46,1,1,2.75
2,10/09/2024 10:45:58 AM,10/09/2024 10:58:28 AM,N,1,223,138,1,2.73,15.6,5,0.5,0,0,,1,22.1,2,1,0
2,04/04/2024 08:58:43 AM,04/04/2024 09:09:33 AM,N,1,75,41,1,2.17,12.8,0,0.5,1.5,0,,1,15.8,1,1,0
2,02/20/2024 09:04:53 PM,02/20/2024 09:14:58 PM,N,1,74,238,1,2.12,12.8,1,0.5,1.5,0,,1,16.8,1,1,0
1,04/09/2024 02:18:37 PM,04/09/2024 03:12:21 PM,N,1,51,74,1,0,34.5,0,1.5,0,0,,1,36,1,1,0
2,06/15/2024 01:52:21 PM,06/15/2024 01:52:49 PM,N,1,252,252,2,0.12,3,0,0.5,0,0,,1,4.5,2,1,0
2,03/08/2024 09:32:33 PM,03/08/2024 09:46:33 PM,N,1,74,141,1,3.04,17,1,0.5,3,0,,1,25.25,1,1,2.75
2,03/15/2024 04:21:03 PM,03/15/2024 04:27:13 PM,N,1,75,74,1,0,7.2,2.5,0.5,2.24,0,,1,13.44,1,1,0
2,08/19/2024 08:35:41 PM,08/19/2024 08:45:14 PM,N,1,74,168,1,1.66,11.4,1,0.5,0,0,,1,13.9,1,1,0
2,09/30/2024 05:50:40 PM,09/30/2024 05:50:45 PM,N,5,78,78,1,0,18,0,0,0,0,,1,19,1,2,0
2,05/11/2024 07:58:03 PM,05/11/2024 08:02:50 PM,N,1,75,41,1,0.67,6.5,0,0.5,1,0,,1,9,1,1,0
1,09/05/2024 06:10:47 PM,09/05/2024 06:19:34 PM,N,1,74,41,1,1.2,10,2.5,1.5,0,0,,1,14,1,1,0
2,03/03/2024 08:52:46 PM,03/03/2024 08:56:18 PM,N,1,41,41,1,0.57,5.8,1,0.5,0,0,,1,8.3,2,1,0
2,10/03/2024 09:02:23 PM,10/03/2024 09:11:47 PM,N,1,74,263,2,2.2,12.1,1,0.5,3.47,0,,1,20.82,1,1,2.75
2,06/13/2024 04:21:23 PM,06/13/2024 04:26:02 PM,N,1,75,75,1,0.53,6.5,2.5,0.5,0,0,,1,10.5,2,1,0
2,08/23/2024 11:14:38 AM,08/23/2024 11:24:55 AM,N,1,95,102,1,1.24,11.4,0,0.5,0,0,,1,12.9,2,1,0
2,01/17/2024 05:33:08 PM,01/17/2024 05:40:44 PM,N,1,75,74,1,1.44,9.3,2.5,0.5,2.66,0,,1,15.96,1,1,0
2,03/01/2024 01:29:04 PM,03/01/2024 01:34:56 PM,N,1,7,7,1,1,7.9,0,0.5,1.88,0,,1,11.28,1,1,0
2,06/17/2024 10:23:32 AM,06/17/2024 10:39:19 AM,N,1,75,50,1,4.46,21.9,0,0.5,5.23,0,,1,31.38,1,1,2.75
1,05/16/2024 11:19:15 AM,05/16/2024 11:28:45 AM,N,1,74,236,1,1.7,11.4,2.75,1.5,2,0,,1,17.65,1,1,2.75
2,05/06/2024 07:13:01 AM,05/06/2024 07:52:54 AM,N,2,74,132,1,16.84,70,0,0.5,9.41,6.94,,1,87.85,1,1,0
2,09/17/2024 02:35:33 PM,09/17/2024 02:52:15 PM,N,1,75,236,1,1.07,14.9,0,0.5,4.79,0,,1,23.94,1,1,2.75
2,04/03/2024 06:20:25 PM,04/03/2024 06:32:35 PM,N,1,97,97,2,0.94,11.4,2.5,0.5,3.08,0,,1,18.48,1,1,0
2,05/10/2024 09:12:55 AM,05/10/2024 09:32:02 AM,N,1,74,244,1,3.12,19.8,0,0.5,4.26,0,,1,25.56,1,1,0
2,07/14/2024 04:06:28 AM,07/14/2024 04:20:39 AM,N,5,80,179,2,7.54,50,0,0,2,0,,1,53,1,2,0
2,07/18/2024 03:09:36 PM,07/18/2024 03:18:44 PM,N,1,43,151,1,1.65,11.4,0,0.5,2.44,0,,0.3,14.64,1,1,0
2,06/27/2024 07:54:20 AM,06/27/2024 08:55:45 AM,N,1,92,178,1,22.59,92.6,0,0.5,0,0,,1,94.1,2,1,0
2,01/26/2024 01:55:34 PM,01/26/2024 02:01:16 PM,N,1,7,7,1,0.8,7.2,0,0.5,1.74,0,,1,10.44,1,1,0
2,04/05/2024 11:20:00 PM,04/05/2024 11:38:25 PM,N,1,263,129,1,7.51,31,1,0.5,8.09,6.94,,1,48.53,1,1,0
2,07/10/2024 10:38:09 AM,07/10/2024 10:49:00 AM,N,1,166,236,1,2.26,13.5,0,0.5,5.32,0,,1,23.07,1,1,2.75
2,02/28/2024 10:09:59 AM,02/28/2024 10:46:53 AM,N,1,75,186,1,0.08,28.2,0,0.5,0,0,,1,32.45,2,1,2.75
2,03/08/2024 04:47:34 PM,03/08/2024 04:54:46 PM,N,1,75,74,2,1.48,9.3,2.5,0.5,2.66,0,,1,15.96,1,1,0
2,10/02/2024 04:03:11 PM,10/02/2024 04:25:45 PM,N,1,92,15,1,5.21,26.8,0,0.5,1,0,,1,29.3,1,1,0
2,05/01/2024 02:44:09 PM,05/01/2024 03:08:41 PM,N,1,74,141,1,3.06,21.9,0,0.5,0,0,,1,26.15,2,1,2.75
2,02/10/2024 08:47:09 PM,02/10/2024 09:19:51 PM,N,1,41,230,1,4.15,30.3,1,0.5,0.08,0,,1,35.63,1,1,2.75
2,03/10/2024 02:31:41 PM,03/10/2024 02:44:20 PM,N,1,74,238,1,2.63,14.9,0,0.5,2,0,,1,21.15,1,1,2.75
2,06/15/2024 04:40:31 PM,06/15/2024 05:04:09 PM,N,1,33,61,1,8.63,39.4,0,0.5,10.22,0,,1,51.12,1,1,0
2,08/12/2024 03:27:18 PM,08/12/2024 03:45:51 PM,N,1,74,151,1,2.62,18.4,0,0.5,3.84,0,,0.3,23.04,1,1,0
2,03/01/2024 08:17:18 PM,03/01/2024 08:43:23 PM,N,1,92,236,1,11.48,47.1,1,0.5,11.86,6.94,,1,71.15,1,1,2.75
2,03/26/2024 02:50:07 PM,03/26/2024 03:38:23 PM,N,1,97,210,1,7.91,45.7,0,0.5,5,0,,1,52.2,1,1,0
2,04/11/2024 01:12:09 AM,04/11/2024 01:44:21 AM,N,5,7,179,1,18.44,60,0,0,0,6.94,,1,67.94,2,2,0
2,04/21/2024 07:23:38 AM,04/21/2024 07:36:40 AM,N,1,74,231,1,10.07,38,0,0.5,0,0,,1,42.25,2,1,2.75
2,07/13/2024 07:41:33 PM,07/13/2024 07:51:05 PM,N,1,39,210,1,5.27,21.9,0,0.5,0,0,,1,23.4,2,1,0
2,11/28/2024 12:02:39 PM,11/28/2024 12:06:09 PM,N,1,43,238,1,0.99,6.5,0,0.5,1.6,0,,1,9.6,1,1,0
2,12/19/2024 12:22:59 PM,12/19/2024 12:37:51 PM,N,1,66,261,1,2.26,16.3,0,0.5,0,0,,1,20.55,2,1,2.75
2,06/01/2024 02:51:09 PM,06/01/2024 03:14:04 PM,N,1,97,17,1,2.64,20.5,0,0.5,0,0,,1,22,1,1,0
2,07/16/2024 02:08:43 PM,07/16/2024 02:12:38 PM,N,1,42,42,1,0.6,5.8,0,0.5,0,0,,1,7.3,1,1,0
2,04/18/2024 04:33:44 PM,04/18/2024 04:39:28 PM,N,1,75,74,1,1.34,7.9,2.5,0.5,2.38,0,,1,14.28,1,1,0
2,12/17/2024 02:41:08 PM,12/17/2024 03:12:35 PM,N,1,169,127,1,2.34,26.8,0,0.5,0,0,,1,28.3,1,1,0
2,12/28/2024 11:07:29 AM,12/28/2024 11:13:41 AM,N,1,74,41,1,1.12,8.6,0,0.5,10,0,,1,20.1,1,1,0
2,06/11/2024 08:56:18 AM,06/11/2024 09:10:02 AM,N,1,42,75,1,1.26,13.5,0,0.5,5,0,,1,20,1,1,0
1,12/22/2024 04:17:52 PM,12/22/2024 04:25:52 PM,N,1,97,264,2,1.1,8.6,0,1.5,2,0,,1,12.1,1,1,0
2,11/09/2024 11:27:36 PM,11/09/2024 11:47:00 PM,N,1,74,244,1,4.85,25.4,1,0.5,6.98,0,,1,34.88,1,1,0
2,07/15/2024 11:23:20 PM,07/15/2024 11:27:28 PM,N,1,75,41,1,1.22,7.9,1,0.5,0,0,,1,10.4,2,1,0
2,08/20/2024 02:27:28 AM,08/20/2024 02:39:59 AM,N,1,129,70,1,2.82,15.6,1,0.5,0,0,,1,18.1,2,1,0
2,02/08/2024 02:54:35 PM,02/08/2024 03:22:58 PM,N,1,95,226,5,6.42,34.5,0,0.5,0,0,,1,36,2,1,0
2,05/03/2024 08:09:28 PM,05/03/2024 08:23:13 PM,N,1,75,140,1,2.27,14.9,1,0.5,4.03,0,,1,24.18,1,1,2.75
2,05/01/2024 12:32:43 AM,05/01/2024 12:40:43 AM,N,1,74,151,4,1.87,10.7,1,0.5,2.64,0,,1,15.84,1,1,0
2,09/13/2024 09:33:46 PM,09/13/2024 09:45:17 PM,N,1,66,97,1,3.37,15.6,1,0.5,3.62,0,,1,21.72,1,1,0
2,11/28/2024 11:07:39 PM,11/28/2024 11:33:02 PM,N,5,66,230,2,7.83,50,0,0,13.44,0,,1,67.19,1,2,2.75
2,11/23/2024 11:21:15 PM,11/23/2024 11:25:39 PM,N,1,166,166,1,0.84,7.2,1,0.5,1.46,0,,1,11.16,1,1,0
2,06/30/2024 06:10:01 PM,06/30/2024 06:31:10 PM,N,1,66,261,1,3.43,21.9,0,0.5,3.92,0,,1,30.07,1,1,2.75
2,04/27/2024 11:38:20 PM,04/27/2024 11:51:15 PM,N,1,74,263,1,2.72,15.6,1,0.5,3,0,,1,23.85,1,1,2.75
2,12/23/2024 08:33:22 AM,12/23/2024 08:58:53 AM,N,1,134,226,1,9.02,37.3,0,0.5,0,0,,1,38.8,2,1,0
2,11/03/2024 08:43:57 PM,11/03/2024 08:49:12 PM,N,1,166,41,1,1.01,7.2,1,0.5,2.42,0,,1,12.12,1,1,0
2,10/11/2024 11:57:55 PM,10/12/2024 12:02:10 AM,N,1,41,41,1,0.48,5.8,1,0.5,0,0,,1,8.3,2,1,0
2,12/06/2024 04:13:12 PM,12/06/2024 04:29:26 PM,N,1,75,237,1,1.83,15.6,2.5,0.5,4.47,0,,1,26.82,1,1,2.75
2,04/16/2024 07:09:42 PM,04/16/2024 07:17:50 PM,N,1,92,56,1,2.43,12.8,2.5,0.5,0,0,,1,16.8,2,1,0
2,12/03/2024 04:02:09 PM,12/03/2024 04:12:13 PM,N,1,43,237,1,1.37,10.7,2.5,0.5,4.36,0,,1,21.81,1,1,2.75
1,04/25/2024 02:01:39 AM,04/25/2024 02:05:02 AM,N,1,255,112,1,0.8,5.8,1,1.5,0,0,,1,8.3,1,1,0
2,05/10/2024 10:46:24 AM,05/10/2024 10:55:51 AM,N,1,74,75,1,1.47,10,0,0.5,0,0,,1,11.5,2,1,0
2,11/28/2024 03:55:38 PM,11/28/2024 04:22:36 PM,N,1,65,95,1,11.61,47.8,0,0.5,5,0,,1,54.3,1,1,0
1,05/20/2024 11:27:40 AM,05/20/2024 11:42:08 AM,N,1,74,263,1,2.3,13.5,2.75,1.5,4.4,0,,1,22.15,1,1,2.75
2,04/03/2024 06:36:54 PM,04/03/2024 06:59:31 PM,N,1,49,188,2,3.2,20.5,2.5,0.5,4.9,0,,1,29.4,1,1,0
2,04/13/2024 06:29:35 PM,04/13/2024 06:36:22 PM,N,1,166,151,1,0.96,8.6,0,0.5,1.52,0,,1,11.62,1,1,0
1,04/28/2024 04:50:33 PM,04/28/2024 04:59:47 PM,N,1,65,40,3,1.5,10.7,2.5,1.5,2,0,,1,16.7,1,1,0
1,12/03/2024 08:26:01 PM,12/03/2024 09:36:09 PM,N,5,86,82,1,15.6,100,0,0,0,0,,0,100,2,2,0
2,10/12/2024 03:39:15 AM,10/12/2024 04:01:29 AM,N,5,80,68,3,6.06,60,0,0,12.75,0,,1,76.5,1,1,2.75
2,12/16/2024 03:39:33 PM,12/16/2024 03:42:56 PM,N,1,42,42,1,0.69,5.8,0,0.5,1.46,0,,1,8.76,1,1,0
1,12/30/2024 04:01:57 PM,12/30/2024 04:33:05 PM,N,1,82,216,3,5.4,27.5,2.5,1.5,0,0,,1,31.5,2,1,0
2,05/28/2024 02:50:12 PM,05/28/2024 03:01:24 PM,N,1,95,95,3,1.44,12.1,0,0.5,0,0,,1,13.6,2,1,0
1,03/09/2024 09:34:38 AM,03/09/2024 10:11:12 AM,N,1,95,142,1,0,34.5,0,1.5,0,0,,1,36,1,1,0
2,03/30/2024 03:35:26 PM,03/30/2024 03:41:54 PM,N,5,92,92,3,0.68,20,0,0,4.2,0,,1,25.2,1,2,0
2,12/06/2024 11:00:34 PM,12/06/2024 11:18:11 PM,N,1,83,256,1,4.52,23.3,1,0.5,0,0,,1,25.8,2,1,0
1,12/12/2024 01:36:56 PM,12/12/2024 01:55:26 PM,,,65,181,,1.8,17,0,0.5,1.85,0,,1,20.35,,,
2,02/25/2024 02:57:02 PM,02/25/2024 02:59:29 PM,N,1,74,74,1,0.56,5.1,0,0.5,0,0,,1,6.6,2,1,0
2,02/19/2024 01:24:55 AM,02/19/2024 01:32:40 AM,N,1,41,236,1,2.25,11.4,1,0.5,1,0,,1,17.65,1,1,2.75
2,04/17/2024 10:40:47 AM,04/17/2024 10:58:05 AM,N,1,74,236,6,1.76,15.6,0,0.5,3.97,0,,1,23.82,1,1,2.75
2,02/11/2024 06:52:31 PM,02/11/2024 07:06:24 PM,N,1,43,244,1,5.05,23.3,0,0.5,6.2,0,,1,31,1,1,0
2,06/10/2024 06:15:24 PM,06/10/2024 06:23:23 PM,N,1,82,82,1,0.88,9.3,2.5,0.5,0,0,,1,13.3,2,1,0
2,01/27/2024 05:28:27 PM,01/27/2024 06:04:02 PM,N,1,74,142,1,4.28,32.4,0,0.5,5,0,,1,41.65,1,1,2.75
2,08/20/2024 01:42:28 PM,08/20/2024 01:50:53 PM,N,1,75,151,1,1.08,10,0,0.5,0,0,,1,11.5,1,1,0
2,04/25/2024 10:04:07 AM,04/25/2024 10:13:36 AM,N,1,43,236,1,1.22,10,0,0.5,2.85,0,,1,17.1,1,1,2.75
2,06/18/2024 09:01:14 PM,06/18/2024 09:04:36 PM,N,1,75,74,1,1.02,6.5,1,0.5,2,0,,1,11,1,1,0
2,02/28/2024 10:36:39 AM,02/28/2024 11:01:24 AM,N,1,244,236,1,6.32,32.4,0,0.5,9.16,0,,1,45.81,1,1,2.75
2,05/02/2024 03:32:42 PM,05/02/2024 04:17:44 PM,N,5,130,123,2,15.75,105,0,0,0,0,,1,106,1,2,0
1,06/11/2024 06:43:39 AM,06/11/2024 07:10:10 AM,N,1,17,77,1,0,23.5,0,1.5,0,0,,1,25,1,1,0
2,03/21/2024 02:53:29 PM,03/21/2024 04:00:39 PM,N,1,66,255,1,9.66,61.8,0,0.5,0,0,,1,63.3,2,1,0
2,08/27/2024 11:36:28 AM,08/27/2024 11:43:39 AM,N,1,82,95,1,1.28,9.3,0,0.5,0,0,,1,10.8,2,1,0
2,10/12/2024 06:35:03 PM,10/12/2024 06:44:48 PM,N,1,74,263,1,1.97,12.1,0,0.5,2.72,0,,1,16.32,1,1,0
1,05/03/2024 01:40:14 PM,05/03/2024 02:02:57 PM,N,1,41,238,1,3.9,21.9,2.75,1.5,5.2,0,,1,31.35,1,1,2.75
1,06/06/2024 06:25:32 PM,06/06/2024 06:38:28 PM,N,1,43,142,2,2.4,12.8,5.25,1.5,2,0,,1,21.55,1,1,2.75
2,03/30/2024 04:13:06 PM,03/30/2024 04:51:00 PM,N,1,97,75,1,10.31,47.1,0,0.5,10.27,0,,1,61.62,1,1,2.75
2,02/23/2024 10:08:36 PM,02/23/2024 10:16:12 PM,N,1,74,236,1,1.8,10.7,1,0.5,3.99,0,,1,19.94,1,1,2.75
2,02/01/2024 09:57:01 AM,02/01/2024 10:11:44 AM,N,1,43,142,1,2.47,16.3,0,0.5,4.11,0,,1,24.66,1,1,2.75
2,09/03/2024 06:37:30 PM,09/03/2024 06:58:42 PM,N,1,95,135,1,2.77,20.5,2.5,0.5,0,0,,1,24.5,2,1,0
2,04/27/2024 07:38:27 AM,04/27/2024 07:54:43 AM,N,5,65,138,1,10.73,50,5,0,11.2,0,,1,67.2,1,2,0
1,06/11/2024 12:59:43 PM,06/11/2024 01:07:43 PM,N,1,75,74,2,1.7,10,0,1.5,0,0,,1,11.5,2,1,0
2,02/01/2024 04:48:57 PM,02/01/2024 04:55:17 PM,N,1,129,129,1,0.6,7.2,2.5,0.5,2.24,0,,1,13.44,1,1,0
1,03/31/2024 08:54:03 AM,03/31/2024 09:01:20 AM,N,1,210,150,1,1.1,9.3,0,1.5,3.2,0,,1,14,1,1,0
2,12/30/2024 05:59:10 PM,12/30/2024 06:18:37 PM,N,1,74,239,1,3.42,20.5,2.5,0.5,0,0,,1,27.25,1,1,2.75
1,03/13/2024 11:49:57 AM,03/13/2024 12:21:22 PM,N,1,82,33,1,0,31.5,0,1.5,0,0,,1,33,1,1,0
2,12/05/2024 09:02:59 PM,12/05/2024 09:30:36 PM,N,1,210,177,1,11.41,47.1,1,0.5,0,0,,1,49.6,2,1,0
2,10/15/2024 09:43:29 AM,10/15/2024 09:52:37 AM,N,1,75,236,2,1.46,10,0,0.5,0,0,,1,14.25,2,1,2.75
2,09/10/2024 06:41:19 AM,09/10/2024 06:56:42 AM,N,1,74,163,1,3.52,19.1,0,0.5,0,0,,1,23.35,2,1,2.75
2,11/22/2024 05:08:24 PM,11/22/2024 05:22:40 PM,N,1,74,42,1,2.43,14.9,2.5,0.5,0,0,,1,18.9,2,1,0
2,10/17/2024 07:08:15 AM,10/17/2024 07:25:17 AM,N,1,75,138,1,3.73,20.5,5,0.5,8.48,6.94,,1,42.42,1,1,0
2,03/30/2024 06:54:58 PM,03/30/2024 07:12:11 PM,N,1,74,127,1,4.87,24,0,0.5,6.38,0,,1,31.88,1,1,0
2,12/02/2024 09:48:09 AM,12/02/2024 10:27:04 AM,N,1,75,233,1,2.96,31,0,0.5,7.05,0,,1,42.3,1,1,2.75
2,10/16/2024 12:39:30 PM,10/16/2024 12:51:59 PM,N,1,74,236,1,2.24,13.5,0,0.5,3.55,0,,1,21.3,1,1,2.75
2,05/07/2024 04:59:50 PM,05/07/2024 05:12:42 PM,N,1,75,236,1,0.94,12.8,2.5,0.5,5.86,0,,1,25.41,1,1,2.75
2,03/16/2024 01:01:31 PM,03/16/2024 01:13:07 PM,N,1,116,244,1,1.69,12.8,0,0.5,3.58,0,,1,17.88,1,1,0
2,07/24/2024 04:44:11 PM,07/24/2024 04:53:03 PM,N,1,82,129,1,2.36,13.5,2.5,0.5,2.2,0,,1,19.7,1,1,0
2,03/23/2024 09:11:38 PM,03/23/2024 09:28:14 PM,N,1,65,89,1,3.12,18.4,1,0.5,5.22,0,,1,26.12,1,1,0
2,10/23/2024 09:24:12 PM,10/23/2024 09:30:09 PM,N,1,41,74,5,1.16,7.9,1,0.5,1.56,0,,1,11.96,1,1,0
2,07/03/2024 03:55:47 PM,07/03/2024 04:12:41 PM,N,1,75,75,1,2.05,17,0,0.5,3.7,0,,1,22.2,1,1,0
1,05/14/2024 07:12:32 PM,05/14/2024 07:24:57 PM,N,1,97,49,1,1.8,12.8,2.5,1.5,0,0,,1,16.8,2,1,0
2,06/15/2024 09:28:06 PM,06/15/2024 09:37:26 PM,N,1,74,74,1,1.47,10,1,0.5,0,0,,1,12.5,2,1,0
2,04/12/2024 07:47:55 PM,04/12/2024 07:48:34 PM,N,1,93,93,1,0.22,3.7,2.5,0.5,0,0,,1,7.7,2,1,0
2,08/30/2024 12:06:13 AM,08/30/2024 12:15:06 AM,N,1,256,256,2,1.05,10,1,0.5,1,0,,1,13.5,1,1,0
2,02/12/2024 08:14:52 PM,02/12/2024 08:35:12 PM,N,1,75,129,1,6.99,31,1,0.5,8.09,6.94,,1,48.53,1,1,0
2,12/03/2024 08:00:36 AM,12/03/2024 08:06:38 AM,N,1,75,236,1,0.6,7.2,0,0.5,2.29,0,,1,13.74,1,1,2.75
1,02/02/2024 09:45:48 AM,02/02/2024 09:48:43 AM,N,5,243,243,1,0.4,15,0,0,0,0,,0,15,1,2,0
2,06/07/2024 01:30:15 PM,06/07/2024 01:41:48 PM,N,1,244,264,1,1.36,9.3,0,0.5,0,0,,1,10.8,2,1,0
2,10/06/2024 01:41:46 PM,10/06/2024 01:54:05 PM,N,1,7,226,1,2.15,14.2,0,0.5,0,0,,1,15.7,2,1,0
2,03/28/2024 09:15:19 AM,03/28/2024 09:24:20 AM,N,1,74,152,1,1.4,10.7,0,0.5,0,0,,1,12.2,2,1,0
2,08/03/2024 03:08:03 PM,08/03/2024 03:14:51 PM,N,1,166,238,2,1.43,9.3,0,0.5,0,0,,1,13.55,2,1,2.75
2,05/01/2024 07:25:52 PM,05/01/2024 07:38:15 PM,N,1,75,262,1,1.43,12.1,2.5,0.5,3.77,0,,1,22.62,1,1,2.75
2,06/12/2024 01:08:21 PM,06/12/2024 01:22:07 PM,N,1,74,236,1,2.22,14.9,0,0.5,3.83,0,,1,22.98,1,1,2.75
2,01/06/2024 03:26:44 PM,01/06/2024 03:26:57 PM,N,1,226,226,1,0,3,0,0.5,16,0,,1,20.5,1,1,0
2,09/16/2024 10:28:58 AM,09/16/2024 10:37:33 AM,N,1,74,75,1,1.41,10.7,0,0.5,3.05,0,,1,15.25,1,1,0
2,10/21/2024 06:58:33 PM,10/21/2024 07:15:47 PM,N,1,74,243,1,4.12,21.2,2.5,0.5,5.04,0,,1,30.24,1,1,0
1,02/17/2024 06:06:56 PM,02/17/2024 06:22:05 PM,N,1,244,166,1,4.1,20.5,2.5,1.5,0,0,,1,24.5,2,1,0
2,12/06/2024 04:27:36 PM,12/06/2024 04:51:20 PM,N,1,166,142,2,2.86,21.2,2.5,0.5,5.03,0,,1,32.98,1,1,2.75
2,08/28/2024 08:57:27 PM,08/28/2024 09:14:00 PM,N,1,33,255,1,5.39,24,1,0.5,5,0,,1,31.5,1,1,0
2,01/08/2024 03:47:16 PM,01/08/2024 03:52:19 PM,N,1,166,152,1,0.98,7.2,0,0.5,1.74,0,,1,10.44,1,1,0
2,03/09/2024 02:15:00 AM,03/09/2024 02:31:00 AM,,,198,61,,3.6,19.7,0,0,4.14,0,,1,24.84,,,
2,01/06/2024 07:59:37 AM,01/06/2024 08:16:53 AM,N,1,7,142,1,4.43,21.2,0,0.5,3,0,,1,28.45,1,1,2.75
2,04/07/2024 07:52:55 PM,04/07/2024 08:05:40 PM,N,1,97,114,1,5.98,26.8,0,0.5,6.21,0,,1,37.26,1,1,2.75
2,12/20/2024 10:56:17 AM,12/20/2024 11:07:01 AM,N,1,74,75,1,1.83,12.1,0,0.5,0,0,,1,13.6,2,1,0
2,02/26/2024 10:51:10 AM,02/26/2024 11:22:06 AM,N,1,166,164,4,6.46,35.9,0,0.5,2,0,,1,42.15,1,1,2.75
2,05/12/2024 12:15:54 PM,05/12/2024 12:46:55 PM,N,1,41,230,6,4.83,28.9,0,0.5,0.8,0,,1,33.95,1,1,2.75
2,03/02/2024 10:11:26 AM,03/02/2024 10:13:37 AM,N,1,41,166,1,0.39,4.4,0,0.5,1.18,0,,1,7.08,1,1,0
2,12/12/2024 05:53:06 PM,12/12/2024 06:16:06 PM,N,1,65,17,1,1.16,18.4,2.5,0.5,5.6,0,,1,28,1,1,0
2,05/21/2024 02:53:50 PM,05/21/2024 03:06:42 PM,N,1,97,49,2,1.29,12.8,0,0.5,0.08,0,,1,14.38,1,1,0
2,04/28/2024 09:41:07 AM,04/28/2024 09:53:16 AM,N,1,74,236,1,2.23,14.2,0,0.5,0,0,,1,18.45,2,1,2.75
2,04/02/2024 01:24:15 PM,04/02/2024 01:31:11 PM,N,1,134,134,1,1.2,8.6,0,0.5,2.02,0,,1,12.12,1,1,0
2,02/04/2024 04:35:35 PM,02/04/2024 04:47:58 PM,N,1,74,41,1,1.94,13.5,0,0.5,3,0,,1,18,1,1,0
2,01/16/2024 01:51:50 PM,01/16/2024 01:58:34 PM,N,1,75,41,1,1.17,8.6,0,0.5,1.52,0,,1,11.62,1,1,0
1,01/24/2024 03:30:23 PM,01/24/2024 03:37:39 PM,N,1,152,166,1,1.1,9.3,0,1.5,2.16,0,,1,12.96,1,1,0
2,01/14/2024 09:37:38 AM,01/14/2024 09:48:29 AM,N,1,74,236,1,2.45,14.2,0,0.5,1,0,,1,19.45,1,1,2.75
2,02/28/2024 04:31:37 PM,02/28/2024 04:40:04 PM,N,1,74,41,1,0.49,8.6,2.5,0.5,5,0,,1,17.6,1,1,0
2,02/19/2024 04:34:51 PM,02/19/2024 04:44:17 PM,N,1,74,236,1,1.54,10.7,0,0.5,3.05,0,,1,15.25,1,1,0
2,07/08/2024 12:35:22 PM,07/08/2024 12:35:27 PM,N,1,193,193,3,0,-3,0,-0.5,0,0,,-1,-4.5,3,1,0
2,06/06/2024 03:31:03 PM,06/06/2024 03:39:05 PM,N,1,33,52,1,1.33,9.3,0,0.5,1.08,0,,1,11.88,1,1,0
2,12/15/2024 09:06:11 PM,12/15/2024 09:25:05 PM,N,1,75,68,5,5.93,27.5,1,0.5,5.9,0,,1,38.65,1,1,2.75
2,08/15/2024 06:33:28 PM,08/15/2024 06:41:46 PM,N,1,74,42,1,0.91,9.3,2.5,0.5,0,0,,0.3,12.6,2,1,0
2,04/13/2024 01:25:01 PM,04/13/2024 01:32:58 PM,N,1,43,239,1,1.7,10,0,0.5,2.85,0,,1,17.1,1,1,2.75
2,03/27/2024 09:51:47 AM,03/27/2024 10:08:00 AM,N,5,65,138,1,10.52,50,5,0,11.2,0,,1,67.2,1,2,0
2,02/27/2024 11:40:49 AM,02/27/2024 11:56:33 AM,N,1,166,239,1,2.69,17,0,0.5,4.25,0,,1,25.5,1,1,2.75
2,08/20/2024 05:42:32 PM,08/20/2024 06:04:46 PM,N,1,43,224,1,5.01,26.1,2.5,0.5,6.57,0,,1,39.42,1,1,2.75
2,03/11/2024 12:05:23 PM,03/11/2024 12:14:23 PM,N,1,74,152,2,1.6,10.7,0,0.5,2.44,0,,1,14.64,1,1,0
1,07/31/2024 08:00:53 AM,07/31/2024 08:01:12 AM,Y,1,134,134,0,0,3,0,1.5,0,0,,1,4.5,2,1,0
2,04/16/2024 05:11:41 PM,04/16/2024 05:31:17 PM,N,1,65,33,2,1.39,17,2.5,0.5,0,0,,1,21,2,1,0
2,09/19/2024 09:56:54 AM,09/19/2024 10:12:00 AM,N,1,43,50,1,4.25,21.2,0,0.5,5.09,0,,1,30.54,1,1,2.75
2,05/29/2024 01:04:37 PM,05/29/2024 01:12:03 PM,N,1,116,247,1,1.4,9.3,0,0.5,0,0,,1,10.8,2,1,0
2,01/10/2024 10:44:12 AM,01/10/2024 10:56:20 AM,N,1,74,138,1,6.72,27.5,5,0.5,5,6.94,,1,45.94,1,1,0
2,01/01/2024 02:59:42 PM,01/01/2024 03:07:10 PM,N,1,74,75,1,1.58,10,0,0.5,0,0,,1,11.5,2,1,0
2,04/15/2024 02:11:11 PM,04/15/2024 02:21:19 PM,N,1,236,74,6,1.69,12.1,0,0.5,2.72,0,,1,16.32,1,1,0
2,03/13/2024 02:48:06 PM,03/13/2024 03:00:42 PM,N,1,166,116,2,1.75,13.5,0,0.5,0,0,,1,15,2,1,0
2,02/12/2024 09:26:00 PM,02/12/2024 09:30:00 PM,,,7,260,,1.24,11.58,0,0,2.52,0,,1,15.1,,,
2,02/21/2024 12:46:28 PM,02/21/2024 12:46:32 PM,N,1,193,193,1,0,3,0,0.5,0,0,,1,4.5,2,1,0
2,11/29/2024 10:21:38 AM,11/29/2024 10:34:23 AM,N,1,74,116,1,2.64,15.6,0,0.5,3.42,0,,1,20.52,1,1,0
2,06/17/2024 10:51:19 PM,06/17/2024 10:57:55 PM,N,1,7,179,2,1.17,8.6,1,0.5,2.22,0,,1,13.32,1,1,0
2,12/07/2024 05:48:11 PM,12/07/2024 06:01:27 PM,N,1,74,263,1,2.38,14.2,0,0.5,3.69,0,,1,22.14,1,1,2.75
2,05/29/2024 08:45:37 PM,05/29/2024 08:56:08 PM,N,1,244,166,1,2.79,14.9,1,0.5,4.35,0,,1,21.75,1,1,0
1,02/09/2024 04:22:11 PM,02/09/2024 04:33:23 PM,N,1,95,28,1,2,13.5,2.5,1.5,3,0,,1,20.5,1,1,0
2,12/05/2024 11:59:28 PM,12/06/2024 12:11:51 AM,N,1,74,75,1,3.13,16.3,1,0.5,3.76,0,,1,22.56,1,1,0
2,12/11/2024 04:22:43 PM,12/11/2024 04:30:42 PM,N,1,95,196,1,1.22,9.3,2.5,0.5,0,0,,1,13.3,1,1,0
2,10/02/2024 12:31:48 PM,10/02/2024 12:48:00 PM,N,1,7,193,1,1.94,14.9,0,0.5,0,0,,1,16.4,2,1,0
2,12/21/2024 08:40:14 PM,12/21/2024 08:53:18 PM,N,1,74,159,1,2.61,14.9,1,0.5,0,0,,1,17.4,2,1,0
1,01/31/2024 10:37:42 AM,01/31/2024 10:52:36 AM,N,1,74,262,1,3.2,17,2.75,1.5,4.25,0,,1,25.5,1,1,2.75
2,01/28/2024 03:58:46 PM,01/28/2024 04:05:52 PM,N,1,97,97,2,0.5,7.9,0,0.5,2.35,0,,1,11.75,1,1,0
1,02/25/2024 06:20:55 AM,02/25/2024 06:54:33 AM,N,1,219,249,1,21.6,82.1,2.75,1.5,10,0,,1,96.35,1,1,2.75
2,04/01/2024 10:33:19 AM,04/01/2024 11:00:48 AM,N,1,41,137,2,7.41,35.9,0,0.5,8.03,0,,1,48.18,1,1,2.75
2,02/04/2024 12:57:10 AM,02/04/2024 01:14:34 AM,N,1,74,140,1,3.22,19.8,1,0.5,3,0,,1,28.05,1,1,2.75
2,05/30/2024 01:45:06 PM,05/30/2024 01:56:30 PM,N,1,97,49,1,1.22,11.4,0,0.5,2.58,0,,1,15.48,1,1,0
2,07/01/2024 04:20:11 PM,07/01/2024 04:25:56 PM,N,1,74,41,1,0.8,7.9,2.5,0.5,1.1,0,,1,13,1,1,0
2,02/12/2024 11:07:54 AM,02/12/2024 11:30:23 AM,N,1,75,50,1,4.24,26.1,0,0.5,0,0,,1,30.35,2,1,2.75
2,10/08/2024 11:37:50 AM,10/08/2024 11:54:49 AM,N,1,244,168,1,3.67,20.5,0,0.5,0,0,,1,22,2,1,0
2,04/27/2024 09:05:10 AM,04/27/2024 09:38:58 AM,N,1,43,234,1,6.81,30.3,0,0.5,0,0,,1,34.55,2,1,2.75
2,12/16/2024 08:35:16 AM,12/16/2024 08:43:19 AM,N,1,74,75,1,1.38,10,0,0.5,2.88,0,,1,14.38,1,1,0
2,03/27/2024 06:16:24 PM,03/27/2024 06:28:15 PM,N,1,83,226,1,2.29,13.5,2.5,0.5,0,0,,1,17.5,2,1,0
2,05/17/2024 04:32:17 PM,05/17/2024 04:41:52 PM,N,1,74,236,1,1.62,11.4,2.5,0.5,3.63,0,,1,21.78,1,1,2.75
2,06/21/2024 10:31:22 AM,06/21/2024 12:01:40 PM,N,1,41,265,1,21.68,104.5,0,0.5,22.59,6.94,,1,138.03,1,1,0
2,07/26/2024 10:18:04 AM,07/26/2024 10:22:23 AM,N,1,75,43,1,1.12,7.2,0,0.5,1,0,,1,12.45,1,1,2.75
2,03/21/2024 05:52:19 PM,03/21/2024 05:57:31 PM,N,1,7,7,1,1,7.2,2.5,0.5,1.5,0,,1,12.7,1,1,0
2,11/08/2024 12:11:34 AM,11/08/2024 12:23:26 AM,N,1,25,61,1,2.66,14.9,1,0.5,3.48,0,,1,20.88,1,1,0
2,07/09/2024 11:21:39 PM,07/09/2024 11:54:21 PM,N,1,260,216,1,7.43,36.6,1,0.5,0,0,,1,39.1,2,1,0
2,03/20/2024 10:36:04 PM,03/20/2024 10:42:26 PM,N,1,129,129,2,1.12,8.6,1,0.5,2.22,0,,1,13.32,1,1,0
2,11/13/2024 05:41:10 PM,11/13/2024 05:51:04 PM,N,1,75,238,1,1.51,10.7,2.5,0.5,3.49,0,,1,20.94,1,1,2.75
2,03/13/2024 05:23:24 PM,03/13/2024 05:35:47 PM,N,1,65,49,2,1.52,12.8,2.5,0.5,3.36,0,,1,20.16,1,1,0
2,11/10/2024 01:48:14 PM,11/10/2024 01:51:18 PM,N,1,43,236,1,0.65,5.8,0,0.5,2.51,0,,1,12.56,1,1,2.75
2,11/10/2024 04:00:06 PM,11/10/2024 04:45:50 PM,N,1,41,170,1,4.77,38,0,0.5,0,0,,1,42.25,2,1,2.75
2,11/20/2024 08:14:15 PM,11/20/2024 08:20:03 PM,N,1,166,238,1,1,7.9,1,0.5,2.63,0,,1,15.78,1,1,2.75
2,09/20/2024 05:59:04 PM,09/20/2024 06:05:23 PM,N,1,41,42,1,0.68,-7.2,-2.5,-0.5,0,0,,-1,-11.2,4,1,0
2,04/26/2024 06:50:07 PM,04/26/2024 06:55:28 PM,N,1,41,41,1,0.58,7.2,2.5,0.5,3.5,0,,1,14.7,1,1,0
2,11/12/2024 04:30:38 PM,11/12/2024 04:43:44 PM,N,1,74,262,1,2.36,14.9,2.5,0.5,2,0,,1,23.65,1,1,2.75
2,07/17/2024 09:22:33 PM,07/17/2024 10:01:40 PM,N,1,93,231,2,13.43,55.5,1,0.5,12.15,0,,1,72.9,1,1,2.75
2,03/06/2024 02:20:50 PM,03/06/2024 02:24:46 PM,N,1,75,236,6,0.71,5.8,0,0.5,0,0,,1,10.05,2,1,2.75
2,02/03/2024 12:14:06 AM,02/03/2024 12:33:07 AM,N,1,95,180,1,3.54,19.1,1,0.5,0,0,,1,21.6,2,1,0
1,08/10/2024 09:47:00 AM,08/10/2024 10:18:14 AM,N,1,166,148,1,7.6,35.2,2.75,1.5,9.85,0,,1,49.3,1,1,2.75
2,08/29/2024 01:13:00 PM,08/29/2024 01:34:00 PM,,,74,244,,4.39,24.23,0,0,0,0,,1,25.23,,,
2,12/19/2024 05:34:24 PM,12/19/2024 05:43:54 PM,N,1,41,74,1,1.14,10,2.5,0.5,2.8,0,,1,16.8,1,1,0
2,01/07/2024 06:53:00 PM,01/07/2024 06:53:04 PM,N,5,82,82,1,0.01,19,0,0,0,0,,1,20,1,2,0
2,09/14/2024 09:51:44 PM,09/14/2024 09:56:01 PM,N,1,82,83,1,0.78,6.5,1,0.5,2.25,0,,1,11.25,1,1,0
2,05/16/2024 12:47:35 PM,05/16/2024 01:00:10 PM,N,1,75,238,1,2,13.5,0,0.5,5,0,,1,22.75,1,1,2.75
2,01/29/2024 02:08:01 PM,01/29/2024 02:26:12 PM,N,1,74,238,1,2.76,18.4,0,0.5,4.53,0,,1,27.18,1,1,2.75
2,06/15/2024 11:22:22 AM,06/15/2024 11:41:12 AM,N,1,75,107,1,4.45,23.3,0,0.5,5.51,0,,1,33.06,1,1,2.75
2,12/13/2024 03:54:52 PM,12/13/2024 04:28:45 PM,N,1,97,89,1,1.82,26.8,0,0.5,5.66,0,,1,33.96,1,1,0
2,04/17/2024 07:26:34 AM,04/17/2024 07:42:27 AM,N,1,74,75,1,1.57,14.9,0,0.5,3.28,0,,1,19.68,1,1,0
2,05/08/2024 11:44:49 AM,05/08/2024 11:50:44 AM,N,1,41,74,1,0.76,7.2,0,0.5,1.74,0,,1,10.44,1,1,0
2,02/29/2024 07:17:10 PM,02/29/2024 07:18:19 PM,N,1,75,75,1,0,3.7,2.5,0.5,0,0,,1,10.45,2,1,2.75
2,09/01/2024 02:49:01 PM,09/01/2024 02:49:06 PM,N,5,168,168,1,0,12,0,0,0,0,,1,13,1,2,0
2,01/17/2024 07:18:15 PM,01/17/2024 07:40:58 PM,N,1,66,225,1,4.56,24.7,2.5,0.5,2,0,,1,30.7,1,1,0
1,07/31/2024 09:45:03 AM,07/31/2024 10:56:50 AM,N,1,69,61,1,0,55.5,0,1.5,0,0,,1,57,1,1,0
2,05/30/2024 10:00:58 PM,05/30/2024 10:26:23 PM,N,1,82,134,1,4.83,26.8,1,0.5,7.32,0,,1,36.62,1,1,0
2,02/13/2024 10:53:15 AM,02/13/2024 11:03:53 AM,N,1,75,238,1,0,10,0,0.5,2.3,0,,1,13.8,1,1,0
2,06/24/2024 08:23:02 AM,06/24/2024 08:36:10 AM,N,1,223,138,1,2.28,14.9,5,0.5,6.42,0,,1,27.82,1,1,0
2,06/13/2024 11:43:01 PM,06/13/2024 11:51:56 PM,N,1,69,47,2,1.83,11.4,1,0.5,0,0,,1,13.9,2,1,0
2,01/05/2024 08:15:22 PM,01/05/2024 08:25:50 PM,N,1,134,216,1,2.45,13.5,1,0.5,3.2,0,,1,19.2,1,1,0
2,07/10/2024 05:05:49 PM,07/10/2024 05:23:08 PM,N,1,130,218,1,3.06,18.4,2.5,0.5,6.72,0,,1,29.12,1,1,0
2,04/01/2024 11:06:05 AM,04/01/2024 11:19:49 AM,N,1,74,263,2,2.13,14.2,0,0.5,3,0,,1,21.45,1,1,2.75
1,08/02/2024 04:08:28 PM,08/02/2024 04:08:34 PM,N,1,236,236,1,3,3,2.5,1.5,0,0,,1,7,2,1,0
1,08/23/2024 02:08:07 PM,08/23/2024 02:16:09 PM,N,1,74,41,3,0.9,7.9,0,1.5,0,0,,1,9.4,2,1,0
1,11/21/2024 05:29:36 PM,11/21/2024 05:43:54 PM,N,1,43,237,1,1.7,13.5,5.25,1.5,0,0,,1,20.25,2,1,2.75
2,12/13/2024 12:50:44 AM,12/13/2024 01:05:07 AM,N,1,95,173,1,2.53,15.6,1,0.5,4.52,0,,1,22.62,1,1,0
2,07/09/2024 07:19:36 AM,07/09/2024 07:38:37 AM,N,1,74,140,1,3.76,21.2,0,0.5,7.64,0,,1,33.09,1,1,2.75
2,08/07/2024 06:06:38 PM,08/07/2024 06:12:10 PM,N,1,82,82,1,0,6.5,2.5,0.5,0,0,,1,10.5,2,1,0
2,02/12/2024 09:31:24 PM,02/12/2024 09:38:13 PM,N,1,75,263,1,1.52,9.3,1,0.5,2.91,0,,1,17.46,1,1,2.75
2,08/11/2024 01:09:44 PM,08/11/2024 01:17:18 PM,N,1,82,138,2,3.8,17,5,0.5,4.7,0,,1,28.2,1,1,0
2,07/14/2024 12:35:02 PM,07/14/2024 12:39:20 PM,N,1,75,42,1,1.29,7.9,0,0.5,0,0,,1,9.4,1,1,0
2,08/11/2024 10:45:05 PM,08/11/2024 11:31:02 PM,N,1,66,230,2,9.89,51.3,1,0.5,0,0,,1,56.55,2,1,2.75
2,10/31/2024 09:34:33 AM,10/31/2024 09:52:56 AM,N,1,116,74,6,2.12,16.3,0,0.5,0,0,,1,17.8,2,1,0
2,02/11/2024 02:04:09 AM,02/11/2024 02:22:33 AM,N,1,181,256,1,4.49,24,1,0.5,5.3,0,,1,31.8,1,1,0
1,11/06/2024 12:48:32 PM,11/06/2024 01:09:46 PM,N,1,74,237,1,2.7,17.7,2.75,1.5,4.35,0,,1,26.3,1,1,2.75
2,01/11/2024 12:31:32 PM,01/11/2024 12:40:59 PM,N,1,74,236,1,1.93,11.4,0,0.5,4,0,,1,19.65,1,1,2.75
2,09/09/2024 08:41:39 PM,09/09/2024 08:49:16 PM,N,1,134,134,1,0.93,9.3,1,0.5,2,0,,1,13.8,1,1,0
1,08/09/2024 11:56:19 AM,08/09/2024 12:04:07 PM,N,1,75,263,1,1.4,10,2.75,1.5,2,0,,1,16.25,1,1,2.75
2,04/13/2024 06:00:29 PM,04/13/2024 06:06:23 PM,N,1,74,75,1,0,6.5,0,0.5,0,0,,1,8,2,1,0
2,01/21/2024 11:32:10 PM,01/22/2024 12:19:52 AM,N,5,129,129,1,0,70,0,0,21.3,0,,1,92.3,1,2,0
2,05/20/2024 09:59:56 AM,05/20/2024 10:00:58 AM,N,1,41,41,1,0.22,3.7,0,0.5,2,0,,1,7.2,1,1,0
2,07/21/2024 08:34:45 PM,07/21/2024 08:43:18 PM,N,1,65,49,1,1.18,10,1,0.5,2.5,0,,1,15,1,1,0
2,09/30/2024 08:41:28 AM,09/30/2024 08:51:38 AM,N,1,74,41,1,1.07,10,0,0.5,2,0,,1,13.5,1,1,0
2,12/23/2024 06:40:15 PM,12/23/2024 06:48:33 PM,N,1,74,75,1,1.4,10,2.5,0.5,3.5,0,,1,17.5,1,1,0
2,10/14/2024 12:02:02 PM,10/14/2024 12:40:39 PM,N,3,24,1,1,27.48,121,0,0,20,23,,1,165,1,1,0
1,05/25/2024 03:27:27 PM,05/25/2024 03:48:20 PM,N,1,82,70,1,2.9,17,0,1.5,0,0,,1,18.5,2,1,0
2,12/13/2024 08:31:54 PM,12/13/2024 08:38:13 PM,N,1,43,236,1,0.68,7.2,1,0.5,2.49,0,,1,14.94,1,1,2.75
1,07/22/2024 08:09:36 AM,07/22/2024 08:33:25 AM,N,1,78,42,1,0,26.5,0,1.5,0,0,,1,28,1,1,0
2,11/06/2024 11:01:33 AM,11/06/2024 11:04:58 AM,N,1,82,260,2,0.78,5.8,0,0.5,0,0,,1,7.3,2,1,0
2,06/29/2024 11:17:07 PM,06/29/2024 11:17:09 PM,N,5,95,264,1,0,15,0,0,0,0,,1,16,1,2,0
2,03/11/2024 11:37:34 AM,03/11/2024 11:52:44 AM,N,1,223,146,1,2.33,15.6,0,0.5,3.42,0,,1,20.52,1,1,0
2,02/16/2024 06:33:11 PM,02/16/2024 06:39:59 PM,N,1,74,41,1,1.02,8.6,2.5,0.5,2.52,0,,1,15.12,1,1,0
2,04/03/2024 07:18:26 AM,04/03/2024 07:50:01 AM,N,1,130,175,1,8.76,38,0,0.5,0,0,,1,39.5,2,1,0
2,06/14/2024 06:07:40 PM,06/14/2024 06:18:19 PM,N,1,129,82,1,0.71,10.7,2.5,0.5,0,0,,1,14.7,2,1,0
2,04/08/2024 06:40:32 PM,04/08/2024 06:52:10 PM,N,1,41,238,1,1.75,12.8,2.5,0.5,1.8,0,,1,21.35,1,1,2.75
1,07/07/2024 08:53:04 PM,07/07/2024 09:00:17 PM,N,1,39,91,1,0,16.5,0,1.5,0,0,,1,18,1,1,0
2,05/03/2024 07:18:43 PM,05/03/2024 07:47:16 PM,N,1,75,162,1,2.71,25.4,2.5,0.5,6.43,0,,1,38.58,1,1,2.75
2,05/18/2024 08:41:05 PM,05/18/2024 08:50:47 PM,N,1,82,56,1,1.06,10,1,0.5,2.5,0,,1,15,1,1,0
2,08/31/2024 06:07:52 PM,08/31/2024 06:19:04 PM,N,1,74,236,4,1.64,12.1,0,0.5,0,0,,1,13.6,2,1,0
2,03/26/2024 07:09:23 PM,03/26/2024 07:13:02 PM,N,1,75,75,1,0.59,5.8,2.5,0.5,1,0,,1,10.8,1,1,0
2,07/07/2024 09:49:18 PM,07/07/2024 09:50:07 PM,N,5,247,247,4,0.02,85,0,0,15,0,,1,101,1,2,0
2,11/20/2024 07:38:40 PM,11/20/2024 07:52:35 PM,N,1,134,216,1,3.57,17,2.5,0.5,4.2,0,,1,25.2,1,1,0
2,09/24/2024 01:14:35 PM,09/24/2024 01:16:45 PM,N,5,92,264,1,0.22,20,0,0,0,0,,1,21,1,2,0
2,10/03/2024 10:33:00 PM,10/03/2024 10:39:00 PM,,,41,42,,1.15,15.28,0,0,0,0,,1,16.28,,,
2,04/29/2024 05:04:28 PM,04/29/2024 05:18:50 PM,N,1,74,237,1,2.87,16.3,2.5,0.5,4.61,0,,1,27.66,1,1,2.75
2,01/17/2024 08:44:00 AM,01/17/2024 08:57:00 AM,,,74,236,,2.04,18.37,0,0,4.42,0,,1,26.54,,,
2,11/25/2024 11:46:13 PM,11/25/2024 11:55:35 PM,N,1,95,102,1,2.36,12.1,1,0.5,3.65,0,,1,18.25,1,1,0
1,06/26/2024 07:41:44 PM,06/26/2024 08:07:26 PM,N,1,65,225,1,0,21.5,0,1.5,0,0,,1,23,1,1,0
2,09/10/2024 06:50:36 PM,09/10/2024 07:01:19 PM,N,1,196,95,1,2.07,12.8,2.5,0.5,0,0,,1,16.8,2,1,0
2,01/30/2024 02:12:54 PM,01/30/2024 02:16:24 PM,N,1,41,41,1,0.47,5.8,0,0.5,1.46,0,,1,8.76,1,1,0
1,06/12/2024 08:05:45 AM,06/12/2024 08:22:48 AM,N,1,74,141,1,3.3,17,2.75,1.5,4.25,0,,1,25.5,1,1,2.75
2,08/16/2024 07:15:49 AM,08/16/2024 07:28:30 AM,N,1,74,239,1,2.84,15.6,0,0.5,2.98,0,,1,22.83,1,1,2.75
2,04/17/2024 05:36:45 PM,04/17/2024 05:45:50 PM,N,1,74,75,1,1.53,10.7,2.5,0.5,2.94,0,,1,17.64,1,1,0
2,11/05/2024 03:39:02 PM,11/05/2024 03:55:38 PM,N,1,74,166,5,2.12,16.3,0,0.5,3.56,0,,1,21.36,1,1,0
2,12/19/2024 05:34:12 PM,12/19/2024 05:51:39 PM,N,1,260,138,5,3.85,21.2,7.5,0.5,0,0,,1,30.2,2,1,0
2,09/21/2024 05:27:59 PM,09/21/2024 05:33:36 PM,N,1,74,74,1,0.08,6.5,0,0.5,0,0,,1,8,1,1,0
2,04/22/2024 05:14:07 PM,04/22/2024 05:40:40 PM,N,1,244,140,1,8.07,36.6,2.5,0.5,0,0,,1,43.35,2,1,2.75
2,08/03/2024 03:01:53 PM,08/03/2024 03:11:05 PM,N,1,82,129,1,1.16,10,0,0.5,0,0,,1,11.5,2,1,0
2,12/24/2024 02:43:51 PM,12/24/2024 02:49:48 PM,N,1,166,151,1,1,7.9,0,0.5,1.88,0,,1,11.28,1,1,0
1,12/17/2024 08:17:32 AM,12/17/2024 08:24:47 AM,N,1,175,9,1,0,19.5,0,1.5,0,0,,1,21,1,1,0
2,12/12/2024 04:23:39 PM,12/12/2024 04:29:07 PM,N,1,41,41,1,0.8,7.2,2.5,0.5,2,0,,1,13.2,1,1,0
1,01/08/2024 05:27:16 AM,01/08/2024 05:41:49 AM,N,1,76,39,1,0,20.5,0,1.5,0,0,,1,22,1,1,0
2,08/07/2024 04:29:20 PM,08/07/2024 04:40:11 PM,N,1,82,138,5,3.63,17.7,7.5,0.5,3,0,,1,29.7,1,1,0
2,12/18/2024 02:31:01 PM,12/18/2024 02:38:52 PM,N,1,97,97,1,1.14,9.3,0,0.5,2.7,0,,1,13.5,1,1,0
1,09/01/2024 07:30:24 PM,09/01/2024 07:35:22 PM,N,1,41,42,1,0.9,7.2,0,1.5,0,0,,1,8.7,2,1,0
2,01/03/2024 04:31:58 PM,01/03/2024 04:33:10 PM,N,1,43,43,1,0.05,4.4,2.5,0.5,0,0,,1,8.4,2,1,0
2,02/20/2024 03:08:35 PM,02/20/2024 03:28:15 PM,N,1,74,237,1,3.29,21.2,0,0.5,7.64,0,,1,33.09,1,1,2.75
2,06/11/2024 11:25:18 AM,06/11/2024 11:46:35 AM,N,1,74,236,1,2.22,19.1,0,0.5,0,0,,1,23.35,2,1,2.75
2,03/23/2024 08:19:03 AM,03/23/2024 08:27:08 AM,N,1,75,74,1,1.77,11.4,0,0.5,0,0,,1,12.9,1,1,0
1,08/14/2024 10:32:27 AM,08/14/2024 10:46:18 AM,N,1,75,263,0,1.5,12.8,2.75,1.5,0,0,,1,17.05,2,1,2.75
2,11/09/2024 04:10:01 PM,11/09/2024 04:35:21 PM,N,1,196,129,1,2.26,21.2,0,0.5,2,0,,1,24.7,1,1,0
2,08/09/2024 07:12:55 PM,08/09/2024 07:23:42 PM,N,1,134,134,1,1.26,11.4,2.5,0.5,3.08,0,,1,18.48,1,1,0
2,02/26/2024 07:59:06 AM,02/26/2024 08:18:18 AM,N,1,74,263,1,3.15,19.8,0,0.5,1.5,0,,1,25.55,1,1,2.75
2,08/28/2024 04:37:06 PM,08/28/2024 04:37:09 PM,N,5,7,264,2,0,40,0,0,4,0,,1,45,1,2,0
2,11/14/2024 08:49:56 AM,11/14/2024 09:54:12 AM,N,1,43,75,1,0,42.2,0,0.5,0,0,,1,46.45,2,1,2.75
2,02/29/2024 07:57:43 PM,02/29/2024 08:02:06 PM,N,1,74,75,1,1.08,7.2,2.5,0.5,2.8,0,,1,14,1,1,0
2,09/26/2024 02:45:30 PM,09/26/2024 03:03:03 PM,N,1,74,75,1,1.63,14.9,0,0.5,0,0,,1,16.4,1,1,0
2,12/26/2024 04:49:45 PM,12/26/2024 05:33:03 PM,N,1,255,142,1,6.5,41.5,2.5,0.5,0,0,,1,48.25,2,1,2.75
2,09/06/2024 05:05:00 PM,09/06/2024 05:05:03 PM,N,5,42,42,1,0,17,0,0,0,0,,1,18,1,2,0
2,08/12/2024 07:41:28 PM,08/12/2024 07:50:11 PM,N,1,65,97,1,1.2,10,2.5,0.5,2.8,0,,1,16.8,1,1,0
2,11/12/2024 04:34:48 PM,11/12/2024 04:43:06 PM,N,1,75,151,1,1.18,10,2.5,0.5,0,0,,1,14,1,1,0
1,06/04/2024 06:28:24 PM,06/04/2024 06:51:26 PM,N,1,74,239,1,3.7,23.3,5.25,1.5,6,0,,1,36.05,1,1,2.75
2,05/19/2024 06:59:33 PM,05/19/2024 07:22:29 PM,N,1,13,163,1,7.87,34.5,0,0.5,5,0,,1,43.5,1,1,2.5
2,09/05/2024 11:14:19 PM,09/05/2024 11:20:35 PM,N,1,69,159,2,1.23,8.6,1,0.5,0,0,,1,11.1,2,1,0
2,08/12/2024 12:12:06 PM,08/12/2024 12:26:34 PM,N,1,74,70,1,6.68,27.5,5,0.5,8.19,6.94,,1,49.13,1,1,0
2,06/09/2024 07:29:16 PM,06/09/2024 07:44:30 PM,N,1,74,237,1,2.73,17,0,0.5,4.11,0,,0.3,24.66,1,1,2.75
2,09/14/2024 11:43:52 PM,09/14/2024 11:49:56 PM,N,1,182,78,2,1.3,8.6,1,0.5,0,0,,1,11.1,2,1,0
2,06/03/2024 07:47:53 AM,06/03/2024 08:06:53 AM,N,1,74,237,1,2.82,18.4,0,0.5,4.53,0,,1,27.18,1,1,2.75
2,03/21/2024 05:39:42 PM,03/21/2024 05:55:18 PM,N,1,130,138,1,7.24,30.3,7.5,0.5,7.86,0,,1,47.16,1,1,0
2,12/03/2024 06:57:12 PM,12/03/2024 07:06:16 PM,N,1,92,70,1,1.85,12.1,2.5,0.5,0,0,,1,16.1,1,1,0
1,05/19/2024 03:55:18 PM,05/19/2024 04:38:52 PM,N,1,247,158,1,12.4,53.4,2.75,1.5,11.5,0,,1,69.15,1,1,2.75
1,01/31/2024 09:39:05 AM,01/31/2024 10:45:40 AM,N,1,124,140,1,0,55.5,0,1.5,0,0,,1,57,1,1,0
2,05/29/2024 06:52:58 PM,05/29/2024 07:19:14 PM,N,1,95,216,1,4.85,27.5,2.5,0.5,2,0,,1,33.5,1,1,0
2,05/14/2024 01:24:04 PM,05/15/2024 12:42:09 PM,N,1,244,113,1,9.47,45.7,0,0.5,7.49,0,,1,57.44,1,1,2.75
1,02/05/2024 01:29:45 PM,02/05/2024 01:33:15 PM,N,1,41,166,1,1,6.5,0,1.5,1.6,0,,1,9.6,1,1,0
2,08/27/2024 09:00:42 AM,08/27/2024 09:07:42 AM,N,1,7,179,1,0.64,7.9,0,0.5,0,0,,1,9.4,1,1,0
2,05/01/2024 11:26:22 PM,05/01/2024 11:39:40 PM,N,1,74,179,1,3.99,20.5,1,0.5,5.99,6.94,,1,35.93,1,1,0
2,06/07/2024 03:09:18 PM,06/07/2024 03:39:52 PM,N,1,95,252,3,6.48,30.3,0,0.5,6.36,0,,1,38.16,1,1,0
2,12/15/2024 03:11:09 PM,12/15/2024 03:17:48 PM,N,1,75,236,1,0.5,7.9,0,0.5,1.58,0,,1,13.73,1,1,2.75
1,11/20/2024 09:48:41 PM,11/20/2024 10:16:58 PM,Y,1,41,164,1,5,28.9,3.75,1.5,0,0,,1,34.15,2,1,2.75
2,04/10/2024 10:54:36 AM,04/10/2024 11:04:17 AM,N,1,75,41,1,1.54,10,0,0.5,0,0,,1,11.5,2,1,0
2,06/06/2024 07:00:55 PM,06/06/2024 07:14:53 PM,N,1,75,42,1,3.08,17,1,0.5,0,0,,1,19.5,2,1,0
1,02/18/2024 06:03:19 PM,02/18/2024 06:03:43 PM,N,1,265,265,1,0,3,0,1.5,0,0,,1,4.5,4,1,0
2,02/04/2024 02:08:32 PM,02/04/2024 02:21:37 PM,N,1,260,157,1,2.64,14.9,0,0.5,0,0,,1,16.4,2,1,0
2,03/06/2024 05:52:45 PM,03/06/2024 06:01:49 PM,N,1,95,95,1,0.86,10,2.5,0.5,2.8,0,,1,16.8,1,1,0
2,02/03/2024 01:43:37 PM,02/03/2024 01:54:06 PM,N,1,74,263,1,2.34,12.8,0,0.5,5.12,0,,1,22.17,1,1,2.75
2,06/08/2024 01:22:48 PM,06/08/2024 01:46:39 PM,N,1,65,188,1,3.35,23.3,0,0.5,0,0,,1,24.8,2,1,0
2,07/08/2024 09:43:06 PM,07/08/2024 09:50:34 PM,N,1,166,244,2,2.19,12.1,1,0.5,2.19,0,,1,16.79,1,1,0
2,12/17/2024 12:05:21 PM,12/17/2024 12:09:54 PM,N,1,74,74,1,0.14,5.1,0,0.5,0,0,,1,6.6,1,1,0
2,02/12/2024 09:23:11 AM,02/12/2024 09:34:41 AM,N,1,74,238,1,2.41,13.5,0,0.5,5.32,0,,1,23.07,1,1,2.75
2,12/13/2024 08:38:34 PM,12/13/2024 08:55:48 PM,N,1,74,244,1,3.95,21.9,1,0.5,4,0,,1,28.4,1,1,0
2,01/14/2024 09:11:03 PM,01/14/2024 09:17:31 PM,N,1,66,52,1,1.2,8.6,1,0.5,1,0,,1,12.1,1,1,0
2,05/21/2024 09:51:00 AM,05/21/2024 10:11:00 AM,,,7,95,,6.6,31.2,0,0,1.27,0,,1,33.47,,,
2,01/25/2024 08:34:35 AM,01/25/2024 08:48:27 AM,N,1,95,135,1,2.24,15.6,0,0.5,0,0,,1,17.1,2,1,0
1,11/06/2024 08:33:33 PM,11/06/2024 08:37:26 PM,N,1,82,83,1,0.6,5.1,1,1.5,2.25,0,,1,9.85,1,1,0
2,01/20/2024 12:00:23 PM,01/20/2024 12:23:17 PM,N,1,7,129,1,2.88,21.2,0,0.5,4.54,0,,1,27.24,1,1,0
2,08/03/2024 02:29:06 PM,08/03/2024 03:01:22 PM,N,1,74,43,1,3.29,22.6,0,0.5,4,0,,1,28.1,1,1,0
2,03/01/2024 08:42:21 PM,03/01/2024 08:56:41 PM,N,1,43,163,1,2.42,15.6,1,0.5,4.17,0,,1,25.02,1,1,2.75
2,05/10/2024 12:34:22 PM,05/10/2024 12:51:21 PM,N,1,42,169,1,2.89,18.4,0,0.5,0,0,,1,19.9,2,1,0
1,07/28/2024 11:22:57 AM,07/28/2024 11:32:46 AM,N,1,65,189,1,1.6,11.4,0,1.5,2.55,0,,1,15.45,1,1,0
1,10/09/2024 10:05:57 PM,10/09/2024 10:20:36 PM,Y,1,65,40,2,0,12.8,1,1.5,3.05,0,,1,18.35,1,1,0
2,11/25/2024 11:39:08 AM,11/25/2024 11:48:38 AM,N,1,75,236,1,0.86,10,0,0.5,2.85,0,,1,17.1,1,1,2.75
2,01/05/2024 03:31:03 PM,01/05/2024 03:36:54 PM,N,1,75,151,1,1.01,7.9,0,0.5,0,0,,1,9.4,2,1,0
2,06/07/2024 06:39:04 PM,06/07/2024 06:44:39 PM,N,1,33,40,1,0.98,7.2,2.5,0.5,1.5,0,,1,12.7,1,1,0
2,03/03/2024 10:07:00 AM,03/03/2024 10:18:52 AM,N,1,74,43,1,2.6,14.9,0,0.5,0,0,,1,19.15,2,1,2.75
2,01/28/2024 06:04:44 PM,01/28/2024 06:25:09 PM,N,1,97,257,1,3.46,21.2,0,0.5,4.54,0,,1,27.24,1,1,0
2,09/26/2024 08:27:37 PM,09/26/2024 08:35:35 PM,N,1,75,24,1,1.4,9.3,1,0.5,2,0,,0.3,13.1,1,1,0
1,07/18/2024 05:51:51 PM,07/18/2024 06:03:11 PM,N,1,74,166,1,1.7,12.1,2.5,1.5,1,0,,1,17.1,1,1,0
2,03/14/2024 12:20:16 PM,03/14/2024 12:32:26 PM,N,1,244,152,1,1.98,13.5,0,0.5,3,0,,1,18,1,1,0
2,07/06/2024 08:27:32 PM,07/06/2024 08:38:05 PM,N,1,74,151,1,2.23,13.5,1,0.5,2,0,,1,18,1,1,0
2,08/30/2024 08:28:49 AM,08/30/2024 08:34:25 AM,N,1,74,42,1,0.57,7.2,0,0.5,1,0,,1,9.7,1,1,0
2,04/20/2024 08:29:45 PM,04/20/2024 08:38:54 PM,N,1,74,263,1,2.06,12.1,1,0.5,3.33,0,,0.3,19.98,1,1,2.75
2,01/27/2024 11:36:57 PM,01/27/2024 11:39:02 PM,N,1,75,75,1,0.58,5.1,1,0.5,1,0,,1,8.6,1,1,0
2,02/10/2024 11:15:23 PM,02/10/2024 11:26:32 PM,N,1,66,25,1,1.98,12.8,1,0.5,3.82,0,,1,19.12,1,1,0
2,11/08/2024 01:03:01 PM,11/08/2024 01:16:10 PM,N,1,247,119,1,1.02,12.8,0,0.5,0,0,,1,14.3,1,1,0
2,02/16/2024 10:33:23 PM,02/16/2024 10:57:18 PM,N,1,95,145,1,8.56,38,1,0.5,3,0,,1,43.5,1,1,0
2,09/06/2024 04:40:00 PM,09/06/2024 04:56:00 PM,,,75,239,,1.87,14.38,0,0,2.64,0,,1,20.77,,,
2,07/03/2024 09:33:03 PM,07/03/2024 09:49:33 PM,N,1,74,244,1,4.27,21.2,1,0.5,0,0,,1,23.7,2,1,0
2,09/05/2024 06:19:58 PM,09/05/2024 06:31:29 PM,N,1,43,141,1,1.8,12.8,2.5,0.5,3.91,0,,1,23.46,1,1,2.75
2,10/08/2024 09:18:49 AM,10/08/2024 09:46:14 AM,N,1,166,246,1,4.99,28.2,0,0.5,4,0,,1,36.45,1,1,2.75
2,01/23/2024 11:54:56 AM,01/23/2024 12:12:51 PM,N,1,75,239,2,2.44,17.7,0,0.5,4.39,0,,1,26.34,1,1,2.75
2,01/03/2024 08:05:56 PM,01/03/2024 08:10:50 PM,N,5,82,82,1,0,-34,0,0,0,0,,-1,-35,3,2,0
2,02/18/2024 11:12:53 AM,02/18/2024 11:31:43 AM,N,1,92,16,2,4.01,21.9,0,0.5,0,0,,1,23.4,1,1,0
2,06/20/2024 07:32:30 PM,06/20/2024 07:36:41 PM,N,1,7,146,2,0.95,6.5,2.5,0.5,1,0,,1,11.5,1,1,0
1,06/10/2024 02:28:44 PM,06/10/2024 02:42:43 PM,N,1,74,166,1,2,14.9,0,1.5,3.25,0,,1,19.65,1,1,0
2,12/25/2024 10:43:07 PM,12/25/2024 10:55:05 PM,N,1,74,238,1,2.54,14.2,1,0.5,0,0,,1,19.45,2,1,2.75
2,09/23/2024 07:38:42 PM,09/23/2024 07:43:34 PM,N,1,166,41,1,1.2,7.9,2.5,0.5,0,0,,1,11.9,2,1,0
2,09/16/2024 02:43:25 PM,09/16/2024 03:02:34 PM,N,1,7,129,1,2.21,17.7,0,0.5,0,0,,1,19.2,2,1,0
2,09/04/2024 06:20:46 PM,09/04/2024 06:34:26 PM,N,1,33,195,1,1.8,14.2,2.5,0.5,3.64,0,,1,21.84,1,1,0
2,06/21/2024 07:22:00 AM,06/21/2024 07:38:00 AM,,,42,50,,5.75,34.65,0,0,7.58,0,,1,45.98,,,
1,11/25/2024 08:31:35 PM,11/25/2024 08:42:51 PM,N,1,196,95,1,3.2,14.9,1,1.5,3.45,0,,1,20.85,1,1,0
2,09/13/2024 07:51:09 AM,09/13/2024 07:58:47 AM,N,1,74,42,1,0.92,8.6,0,0.5,2.52,0,,1,12.62,1,1,0
2,11/05/2024 06:10:05 AM,11/05/2024 06:30:01 AM,N,1,7,140,1,3.62,19.8,0,0.5,4.81,0,,1,28.86,1,1,2.75
2,06/26/2024 08:50:44 AM,06/26/2024 09:11:09 AM,N,1,74,237,1,3.25,20.5,0,0.5,4.95,0,,1,29.7,1,1,2.75
2,06/12/2024 10:03:06 AM,06/12/2024 10:14:19 AM,N,1,166,42,1,1.84,12.8,0,0.5,0,0,,1,14.3,2,1,0
2,10/09/2024 12:02:43 PM,10/09/2024 12:14:47 PM,N,1,97,33,2,0.99,11.4,0,0.5,0,0,,1,12.9,2,1,0
2,10/13/2024 10:26:17 AM,10/13/2024 10:34:55 AM,N,1,236,151,1,1.52,10.7,0,0.5,1.5,0,,1,13.7,1,1,0
2,03/07/2024 11:36:19 PM,03/07/2024 11:52:52 PM,N,1,75,244,1,4.94,22.6,1,0.5,7.53,0,,1,32.63,1,1,0
1,05/18/2024 04:10:51 PM,05/18/2024 04:37:18 PM,N,1,65,188,1,3.3,24.7,0,1.5,5.2,0,,1,31.4,1,1,0
2,04/07/2024 12:34:53 AM,04/07/2024 12:50:57 AM,N,1,66,158,1,3.65,19.8,1,0.5,0.25,0,,1,25.3,1,1,2.75
2,07/16/2024 09:10:30 AM,07/16/2024 09:42:45 AM,N,1,74,231,2,9.55,41.5,0,0.5,1.25,0,,1,47,1,1,2.75
2,06/06/2024 06:31:27 PM,06/06/2024 06:41:08 PM,N,1,75,236,2,1.36,10.7,2.5,0.5,3.49,0,,1,20.94,1,1,2.75
2,07/18/2024 06:44:39 PM,07/18/2024 06:57:47 PM,N,1,95,135,2,0,12.1,2.5,0.5,4.83,0,,1,20.93,1,1,0
2,03/05/2024 03:28:33 PM,03/05/2024 03:48:10 PM,N,1,82,92,2,3.69,20.5,0,0.5,4.4,0,,1,26.4,1,1,0
2,09/17/2024 09:06:01 AM,09/17/2024 09:20:22 AM,N,1,74,75,2,1.21,13.5,0,0.5,4,0,,1,19,1,1,0
2,09/11/2024 06:30:55 PM,09/11/2024 06:58:16 PM,N,1,43,246,1,5.93,31.7,2.5,0.5,7.69,0,,1,46.14,1,1,2.75
2,01/11/2024 05:06:50 PM,01/11/2024 05:23:08 PM,N,1,75,24,1,1.58,14.9,2.5,0.5,4.72,0,,1,23.62,1,1,0
2,03/18/2024 03:20:38 PM,03/18/2024 03:42:52 PM,N,1,75,137,1,5.63,28.2,0,0.5,0,0,,1,32.45,2,1,2.75
2,08/22/2024 10:15:42 PM,08/22/2024 10:31:41 PM,N,1,130,219,1,5.31,24.7,1,0.5,5.44,0,,1,32.64,1,1,0
2,05/06/2024 09:48:47 AM,05/06/2024 10:01:11 AM,N,1,75,143,5,2.35,14.2,0,0.5,2,0,,1,20.45,1,1,2.75
2,05/19/2024 03:58:16 PM,05/19/2024 04:16:35 PM,N,1,74,239,1,3.82,20.5,0,0.5,2.97,0,,1,27.72,1,1,2.75
1,06/11/2024 07:44:50 AM,06/11/2024 07:58:09 AM,,,74,75,,1.2,10.7,0,0.5,1.83,0,,1,14.03,,,
2,09/19/2024 10:55:15 AM,09/19/2024 11:12:54 AM,N,1,83,138,2,4.23,22.6,5,0.5,0,0,,1,29.1,2,1,0
2,12/30/2024 04:32:47 PM,12/30/2024 05:13:22 PM,N,1,193,223,1,5.5,37.3,2.5,0.5,8.26,0,,1,49.56,1,1,0
2,08/05/2024 01:55:41 PM,08/05/2024 02:04:42 PM,N,1,74,41,1,0.99,9.3,0,0.5,2.16,0,,1,12.96,1,1,0
2,06/20/2024 12:31:17 PM,06/20/2024 12:43:05 PM,N,1,74,247,2,2.44,14.9,0,0.5,0,0,,1,16.4,2,1,0
2,04/14/2024 07:44:08 PM,04/14/2024 07:56:59 PM,N,1,82,138,3,3.7,19.8,5,0.5,5.26,0,,1,31.56,1,1,0
2,02/04/2024 09:37:15 PM,02/04/2024 09:49:24 PM,N,1,74,116,1,2.51,13.5,1,0.5,3.2,0,,1,19.2,1,1,0
2,08/23/2024 03:44:53 PM,08/23/2024 04:13:39 PM,N,1,244,164,1,8.4,40.1,0,0.5,4.36,0,,1,48.71,1,1,2.75
2,09/04/2024 09:34:39 AM,09/04/2024 10:49:29 AM,N,1,129,260,2,3.59,30.3,0,0.5,0,0,,1,31.8,2,1,0
2,12/25/2024 08:25:44 PM,12/25/2024 08:31:13 PM,N,1,74,75,1,1.54,8.6,1,0.5,2.22,0,,1,13.32,1,1,0
2,07/07/2024 12:36:26 PM,07/07/2024 12:53:22 PM,N,1,74,238,2,3.28,19.1,0,0.5,3.5,0,,1,26.85,1,1,2.75
1,11/24/2024 05:21:46 PM,11/24/2024 05:33:32 PM,N,1,40,65,2,0,10.7,0,1.5,2.4,0,,1,14.6,1,1,0
2,11/20/2024 11:29:56 AM,11/20/2024 11:50:22 AM,N,1,75,137,1,4.97,21.9,0,0.5,0,0,,1,26.15,1,1,2.75
2,05/03/2024 08:33:19 AM,05/03/2024 08:41:10 AM,N,1,129,138,1,3.79,16.3,5,0.5,4.56,0,,1,27.36,1,1,0
2,12/24/2024 12:54:16 PM,12/24/2024 01:19:00 PM,N,1,82,56,1,2.15,20.5,0,0.5,0,0,,1,22,2,1,0
2,02/29/2024 08:48:42 AM,02/29/2024 09:02:44 AM,N,1,166,244,1,3.31,18.4,0,0.5,0,0,,1,19.9,2,1,0
2,05/03/2024 09:03:04 AM,05/03/2024 09:08:26 AM,N,1,166,238,1,1.3,8.6,0,0.5,1,0,,1,13.85,1,1,2.75
1,12/06/2024 02:19:04 PM,12/06/2024 02:29:04 PM,N,1,166,41,1,0.8,10,1,1.5,0,0,,1,12.5,2,1,0
2,02/02/2024 09:35:06 AM,02/02/2024 09:51:02 AM,N,1,75,237,1,1.84,14.9,0,0.5,0,0,,1,19.15,2,1,2.75
2,09/15/2024 02:49:42 PM,09/15/2024 02:54:53 PM,N,1,43,43,1,1.41,8.6,0,0.5,2.57,0,,1,15.42,1,1,2.75
2,01/05/2024 09:20:41 AM,01/05/2024 09:45:09 AM,N,1,74,244,1,3.49,24,0,0.5,0,0,,1,25.5,2,1,0
2,02/23/2024 07:28:43 PM,02/23/2024 07:35:49 PM,N,1,166,41,6,0.84,8.6,2.5,0.5,0,0,,1,12.6,1,1,0
1,03/20/2024 02:21:07 PM,03/20/2024 02:28:57 PM,N,1,75,41,1,1.3,9.3,0,1.5,0,0,,1,10.8,2,1,0
2,06/26/2024 09:02:44 PM,06/26/2024 09:10:53 PM,N,1,74,74,1,1.17,9.3,1,0.5,3.54,0,,1,15.34,1,1,0
2,05/17/2024 06:54:00 AM,05/17/2024 07:30:00 AM,,,36,132,,7.89,44.21,0,0,8.94,0,,1,54.15,,,
2,10/21/2024 06:34:16 PM,10/21/2024 06:44:57 PM,N,1,75,24,2,1.56,12.1,2.5,0.5,3.22,0,,1,19.32,1,1,0
2,06/06/2024 07:19:09 PM,06/06/2024 07:31:15 PM,N,1,95,258,1,2.3,14.9,2.5,0.5,0,0,,1,18.9,2,1,0
2,04/11/2024 02:09:22 PM,04/11/2024 02:20:10 PM,N,1,75,75,2,1.03,10.7,0,0.5,3.66,0,,1,15.86,1,1,0
2,04/18/2024 02:31:48 PM,04/18/2024 02:41:20 PM,N,1,134,134,1,1.24,10,0,0.5,1.15,0,,1,12.65,1,1,0
2,05/31/2024 07:56:04 PM,05/31/2024 08:18:58 PM,N,1,130,7,3,8.84,35.9,2.5,0.5,0,0,,1,39.9,2,1,0
2,01/11/2024 04:40:23 PM,01/11/2024 04:52:41 PM,N,1,83,138,1,2.89,15.6,7.5,0.5,4.92,0,,1,29.52,1,1,0
1,06/02/2024 10:10:45 AM,06/02/2024 10:22:03 AM,N,1,74,263,1,2,12.8,2.75,1.5,3.4,0,,1,20.45,1,1,2.75
2,03/10/2024 11:23:55 AM,03/10/2024 11:42:16 AM,N,1,95,102,1,3.76,20.5,0,0.5,0,0,,1,22,2,1,0
2,01/21/2024 01:37:44 AM,01/21/2024 01:58:20 AM,N,1,255,36,2,3.58,21.2,1,0.5,4.74,0,,1,28.44,1,1,0
1,01/26/2024 08:07:46 PM,01/26/2024 08:15:53 PM,,,74,152,,0.8,8.6,1,0.5,0,0,,1,11.1,,,
2,09/03/2024 12:49:34 PM,09/03/2024 01:01:23 PM,N,1,65,49,1,1.36,12.1,0,0.5,0,0,,1,13.6,2,1,0
2,05/28/2024 01:04:11 AM,05/28/2024 01:12:45 AM,N,5,42,42,1,1.62,10,0,0,0,0,,1,11,2,2,0
1,08/28/2024 02:27:53 PM,08/28/2024 03:02:48 PM,N,1,74,243,1,5.8,35.9,0,1.5,7.45,0,,1,44.85,1,1,0
2,08/09/2024 06:11:59 PM,08/09/2024 06:26:24 PM,N,1,244,239,1,5.47,24,2.5,0.5,6.15,0,,1,36.9,1,1,2.75
2,03/27/2024 08:20:12 PM,03/27/2024 08:56:19 PM,N,1,33,230,2,9.85,45,1,0.5,10.05,0,,1,62.8,1,1,2.75
2,05/15/2024 05:49:35 AM,05/15/2024 05:55:41 AM,N,1,74,41,1,0.87,7.9,1,0.5,0,0,,1,10.4,2,1,0
2,07/24/2024 07:34:02 PM,07/24/2024 07:45:08 PM,N,1,43,262,1,1.54,12.1,2.5,0.5,3.77,0,,1,22.62,1,1,2.75
1,10/21/2024 02:12:25 PM,10/21/2024 02:12:34 PM,Y,1,74,74,1,0,3,0,1.5,0,0,,1,4.5,3,1,0
2,02/25/2024 03:04:57 PM,02/25/2024 03:15:23 PM,N,1,260,138,1,3.74,17.7,5,0.5,4.84,0,,1,29.04,1,1,0
2,11/08/2024 03:42:33 PM,11/08/2024 04:23:25 PM,N,1,43,230,1,3.75,33.8,0,0.5,0,0,,1,38.05,2,1,2.75
2,12/13/2024 02:17:47 PM,12/13/2024 02:42:21 PM,N,1,75,233,1,4.45,24.7,0,0.5,3,0,,1,31.95,1,1,2.75
2,11/16/2024 10:30:00 AM,11/16/2024 11:09:00 AM,,,49,132,,11.46,63.13,0,0.5,12.93,0,,1,77.56,,,
1,04/03/2024 04:11:52 PM,04/03/2024 04:21:44 PM,N,1,42,41,1,1.6,11.4,2.5,1.5,0,0,,1,15.4,2,1,0
2,08/06/2024 05:32:42 PM,08/06/2024 05:46:11 PM,N,1,74,141,1,3.2,16.3,2.5,0.5,2.5,0,,0.3,24.85,1,1,2.75
2,03/04/2024 06:31:14 PM,03/04/2024 06:50:18 PM,N,1,74,263,1,2.57,18.4,2.5,0.5,3,0,,1,28.15,1,1,2.75
2,08/30/2024 06:06:14 PM,08/30/2024 06:16:19 PM,N,1,129,138,5,3.78,17.7,7.5,0.5,5.34,0,,1,32.04,1,1,0
2,07/30/2024 07:25:54 PM,07/30/2024 07:34:25 PM,N,1,82,95,1,2.45,12.8,2.5,0.5,4.2,0,,1,21,1,1,0
2,03/26/2024 06:44:36 PM,03/26/2024 07:02:01 PM,N,1,74,151,1,2.29,17,2.5,0.5,5.25,0,,1,26.25,1,1,0
1,07/02/2024 09:03:16 AM,07/02/2024 09:28:16 AM,N,1,55,206,0,10.7,42.9,0,1.5,0,13.88,,1,58.28,1,1,0
2,07/19/2024 04:12:12 PM,07/19/2024 04:20:05 PM,N,1,74,74,1,0.47,5.8,2.5,0.5,0,0,,1,9.8,4,1,0
2,03/12/2024 01:48:52 PM,03/12/2024 01:56:23 PM,N,1,43,238,1,1.18,9.3,0,0.5,2.71,0,,1,16.26,1,1,2.75
2,10/11/2024 03:28:56 PM,10/11/2024 03:50:23 PM,N,1,82,179,1,3.32,21.2,0,0.5,4.54,0,,1,27.24,1,1,0
2,01/06/2024 03:24:19 PM,01/06/2024 03:38:21 PM,N,1,65,181,2,1.67,13.5,0,0.5,0,0,,1,15,1,1,0
2,03/10/2024 05:19:28 AM,03/10/2024 05:24:38 AM,N,1,83,260,1,1.1,7.2,1,0.5,0,0,,1,9.7,2,1,0
2,05/02/2024 04:41:12 PM,05/02/2024 04:52:34 PM,N,1,43,75,1,1.19,10.7,2.5,0.5,3,0,,1,20.45,1,1,2.75
2,02/07/2024 08:57:13 AM,02/07/2024 09:09:11 AM,N,1,75,75,1,0.39,10.7,0,0.5,2.44,0,,1,14.64,1,1,0
2,03/31/2024 10:38:59 PM,03/31/2024 11:11:34 PM,N,1,106,7,1,12.67,53.4,1,0.5,11.18,0,,1,67.08,1,1,0
2,09/19/2024 09:13:55 PM,09/19/2024 09:21:19 PM,N,1,43,237,1,1.71,10,1,0.5,3.05,0,,1,18.3,1,1,2.75
2,10/12/2024 12:02:04 AM,10/12/2024 12:32:24 AM,N,1,66,228,1,4.77,28.9,1,0.5,6.28,0,,1,37.68,1,1,0
2,05/03/2024 05:26:52 PM,05/03/2024 05:33:38 PM,N,1,49,97,1,0.35,7.9,2.5,0.5,0,0,,1,11.9,2,1,0
2,07/07/2024 10:00:44 PM,07/07/2024 10:16:50 PM,N,1,74,238,1,2.75,17,1,0.5,4.45,0,,1,26.7,1,1,2.75
2,03/26/2024 08:07:42 AM,03/26/2024 08:23:13 AM,N,1,74,75,1,1.43,14.9,0,0.5,0,0,,1,16.4,2,1,0
2,01/19/2024 11:05:24 AM,01/19/2024 11:20:10 AM,N,1,97,49,1,1.87,14.2,0,0.5,3.14,0,,1,18.84,1,1,0
1,08/07/2024 04:31:54 AM,08/07/2024 04:50:43 AM,N,1,129,198,1,4.3,22.6,1,1.5,0,0,,1,25.1,1,1,0
2,03/15/2024 03:26:50 PM,03/15/2024 03:38:18 PM,N,1,82,138,5,3.67,17.7,5,0.5,4.84,0,,1,29.04,1,1,0
2,09/14/2024 12:12:56 AM,09/14/2024 12:47:18 AM,N,1,61,246,1,6.91,36.6,1,0.5,5,0,,1,46.85,1,1,2.75
1,12/05/2024 02:10:30 PM,12/05/2024 02:22:04 PM,N,1,74,236,1,1.6,12.1,2.75,1.5,3.25,0,,1,19.6,1,1,2.75
2,12/05/2024 11:54:25 PM,12/05/2024 11:57:28 PM,N,5,92,92,1,0.01,16,0,0,3.4,0,,1,20.4,1,2,0
1,08/02/2024 12:18:42 PM,08/02/2024 12:31:34 PM,N,1,75,42,1,2.4,14.9,0,1.5,0,0,,1,16.4,2,1,0
2,09/04/2024 03:59:40 PM,09/04/2024 04:16:26 PM,N,1,74,236,1,2.13,16.3,0,0.5,0,0,,1,20.55,2,1,2.75
2,01/02/2024 01:18:58 PM,01/02/2024 01:48:17 PM,N,1,24,45,1,9.38,42.2,0,0.5,0,0,,1,46.45,2,1,2.75
2,05/25/2024 03:22:56 PM,05/25/2024 03:30:04 PM,N,1,74,75,3,1.18,9.3,0,0.5,2.16,0,,1,12.96,1,1,0
2,02/20/2024 02:48:42 PM,02/20/2024 03:04:25 PM,N,1,95,121,1,2.46,17,0,0.5,0,0,,1,18.5,2,1,0
1,01/14/2024 08:51:40 AM,01/14/2024 09:29:08 AM,N,1,56,91,1,0,41,0,1.5,0,0,,1,42.5,1,1,0
1,02/12/2024 10:44:25 AM,02/12/2024 10:52:15 AM,,,43,236,,1.3,9.3,0,0.5,2.03,0,,1,15.58,,,
2,11/21/2024 07:58:19 PM,11/21/2024 08:01:57 PM,N,1,41,42,1,0.88,6.5,2.5,0.5,2.62,0,,1,13.12,1,1,0
2,08/20/2024 06:44:05 PM,08/20/2024 06:54:48 PM,N,1,75,42,1,2.09,12.8,1,0.5,3.06,0,,1,18.36,1,1,0
2,02/25/2024 12:33:08 PM,02/25/2024 12:45:23 PM,N,1,74,263,1,2.51,14.9,0,0.5,5.74,0,,1,24.89,1,1,2.75
2,04/14/2024 12:38:24 PM,04/14/2024 12:51:45 PM,N,1,74,141,1,2.7,16.3,0,0.5,4.11,0,,1,24.66,1,1,2.75
2,05/19/2024 10:52:50 AM,05/19/2024 11:05:20 AM,N,1,152,74,1,2.07,14.2,0,0.5,2,0,,1,17.7,1,1,0
2,01/29/2024 07:39:29 PM,01/29/2024 07:47:42 PM,N,1,74,75,2,1.75,10.7,2.5,0.5,3.68,0,,1,18.38,1,1,0
2,06/02/2024 12:01:52 AM,06/02/2024 12:26:18 AM,N,1,24,164,2,5.1,26.8,1,0.5,6.41,0,,1,38.46,1,1,2.75
2,06/03/2024 08:10:55 AM,06/03/2024 08:36:31 AM,N,1,74,238,2,2.9,23.3,0,0.5,5.51,0,,1,33.06,1,1,2.75
2,05/04/2024 03:51:18 PM,05/04/2024 04:42:15 PM,N,1,247,161,2,7.25,45,0,0.5,0,0,,1,49.25,2,1,2.75
2,02/13/2024 10:39:46 PM,02/13/2024 10:40:02 PM,N,1,212,212,1,0,3,1,0.5,15,0,,1,20.5,1,1,0
2,12/06/2024 07:33:04 AM,12/06/2024 07:56:57 AM,N,1,191,132,1,9.51,40.8,0,0.5,0,0,,1,42.3,2,1,0
2,08/31/2024 06:48:55 PM,08/31/2024 07:21:51 PM,N,1,93,79,2,11.74,50.6,0,0.5,10.97,0,,1,65.82,1,1,2.75
2,06/25/2024 01:28:21 PM,06/25/2024 01:39:23 PM,N,1,42,151,1,2.26,13.5,0,0.5,0,0,,1,15,2,1,0
2,08/31/2024 10:35:49 AM,08/31/2024 10:49:58 AM,N,1,74,262,1,2.79,16.3,0,0.5,4.11,0,,1,24.66,1,1,2.75
2,04/30/2024 05:37:59 PM,04/30/2024 05:53:45 PM,N,1,75,237,2,2.16,15.6,2.5,0.5,0,0,,1,22.35,2,1,2.75
2,02/09/2024 08:11:38 AM,02/09/2024 08:30:59 AM,N,1,95,216,1,4.53,24,0,0.5,0,0,,1,25.5,1,1,0
2,02/16/2024 11:03:17 AM,02/16/2024 11:11:46 AM,N,1,41,42,1,1.22,10,0,0.5,0,0,,1,11.5,1,1,0
2,08/26/2024 05:14:46 PM,08/26/2024 05:26:51 PM,N,1,75,141,1,2.2,14.2,2.5,0.5,4.14,0,,1,24.84,1,1,2.5
2,08/29/2024 08:27:04 AM,08/29/2024 08:42:59 AM,N,1,42,236,1,2.85,17,0,0.5,4.25,0,,1,25.5,1,1,2.75
2,09/05/2024 10:37:06 AM,09/05/2024 10:47:36 AM,N,1,74,116,1,2.29,12.8,0,0.5,3.58,0,,1,17.88,1,1,0
2,01/31/2024 12:58:52 PM,01/31/2024 01:05:39 PM,N,1,74,166,1,1.44,8.6,0,0.5,1.5,0,,1,11.6,1,1,0
2,02/22/2024 04:37:16 PM,02/22/2024 04:41:10 PM,N,1,75,75,1,0,5.1,2.5,0.5,0,0,,1,9.1,2,1,0
2,03/07/2024 09:07:39 AM,03/07/2024 09:12:08 AM,N,1,74,74,1,0.38,5.8,0,0.5,0,0,,1,7.3,2,1,0
2,06/29/2024 05:41:02 PM,06/29/2024 06:02:49 PM,N,1,41,232,1,8.02,33.8,0,0.5,0,0,,1,38.05,2,1,2.75
2,03/06/2024 03:03:52 AM,03/06/2024 03:09:26 AM,N,1,127,127,1,0.86,7.2,1,0.5,0,0,,1,9.7,2,1,0
2,11/09/2024 10:28:14 PM,11/09/2024 10:38:58 PM,N,1,74,236,1,2.21,12.8,1,0.5,3.61,0,,1,21.66,1,1,2.75
2,08/03/2024 08:41:56 PM,08/03/2024 09:01:12 PM,N,1,33,49,1,2.76,18.4,1,0.5,4.18,0,,1,25.08,1,1,0
1,08/27/2024 08:50:40 PM,08/27/2024 09:07:21 PM,Y,1,82,73,1,4.3,19.8,1,1.5,0,0,,1,22.3,2,1,0
2,03/19/2024 10:04:17 AM,03/19/2024 10:12:39 AM,N,1,74,236,1,1.75,10.7,0,0.5,1,0,,1,15.95,1,1,2.75
2,05/24/2024 03:19:43 PM,05/24/2024 03:43:05 PM,N,1,260,82,6,1.91,20.5,0,0.5,4.4,0,,1,26.4,1,1,0
2,08/22/2024 03:58:00 PM,08/22/2024 04:12:59 PM,N,1,74,262,1,2.55,16.3,0,0.5,1,0,,1,21.55,1,1,2.75
2,05/26/2024 04:05:08 PM,05/26/2024 04:19:33 PM,N,1,97,66,2,1.4,14.2,0,0.5,3,0,,1,18.7,1,1,0
2,01/29/2024 11:37:21 AM,01/29/2024 11:51:00 AM,N,1,196,134,5,3.15,16.3,0,0.5,0,0,,1,17.8,2,1,0
2,04/07/2024 10:39:49 AM,04/07/2024 10:51:37 AM,N,1,43,229,1,3.11,14.9,0,0.5,4.79,0,,1,23.94,1,1,2.75
2,11/09/2024 09:59:02 PM,11/09/2024 10:11:37 PM,N,1,74,166,1,2.03,13.5,1,0.5,3.2,0,,1,19.2,1,1,0
2,06/11/2024 11:03:28 PM,06/11/2024 11:28:18 PM,N,1,66,231,5,4.21,26.1,1,0.5,6.27,0,,1,37.62,1,1,2.75
2,12/12/2024 11:42:20 PM,12/12/2024 11:44:59 PM,N,1,210,210,1,0.46,5.1,1,0.5,1.52,0,,1,9.12,1,1,0
2,01/11/2024 09:00:26 PM,01/11/2024 09:09:34 PM,N,1,97,40,1,1.82,10.7,1,0.5,2.64,0,,1,15.84,1,1,0
2,11/19/2024 09:28:35 AM,11/19/2024 09:34:15 AM,N,1,41,74,1,0.83,7.9,0,0.5,0,0,,1,9.4,1,1,0
2,01/04/2024 10:22:25 PM,01/04/2024 10:30:45 PM,N,1,260,82,5,1.33,10,1,0.5,0,0,,1,12.5,2,1,0
1,01/22/2024 04:42:37 PM,01/22/2024 05:04:22 PM,N,1,75,163,1,3.2,18.4,5.25,1.5,0,0,,1,25.15,2,1,2.75
2,01/24/2024 06:56:34 AM,01/24/2024 07:09:58 AM,N,1,74,140,1,3.56,17.7,0,0.5,4.39,0,,1,26.34,1,1,2.75
2,07/21/2024 07:54:07 AM,07/21/2024 08:12:50 AM,N,5,256,132,1,15.28,75,0,0,15.2,0,,1,91.2,1,2,0
2,11/16/2024 03:25:15 PM,11/16/2024 03:30:44 PM,N,1,74,75,1,1.02,7.2,0,0.5,0,0,,1,8.7,2,1,0
2,05/21/2024 12:18:52 PM,05/21/2024 01:38:52 PM,N,1,166,206,1,23.41,103.8,2.75,0.5,0,0,,1,108.05,2,1,0
2,11/24/2024 02:44:38 AM,11/24/2024 02:44:42 AM,N,5,80,80,3,0.07,44,0,0,0,0,,1,45,1,2,0
1,06/18/2024 06:33:00 PM,06/18/2024 06:47:24 PM,Y,1,74,75,1,1.5,13.5,2.5,1.5,2,0,,1,19.5,1,1,0
2,12/13/2024 09:04:31 PM,12/13/2024 09:13:43 PM,N,1,7,179,1,1.17,10,1,0.5,2.5,0,,1,15,1,1,0
2,03/30/2024 12:35:04 AM,03/30/2024 12:45:24 AM,N,1,83,160,1,2.03,12.1,1,0.5,0,0,,1,14.6,2,1,0
1,08/08/2024 11:20:04 AM,08/08/2024 11:27:09 AM,N,1,152,152,1,0,14.5,0,1.5,0,0,,1,16,1,1,0
2,04/04/2024 11:08:20 AM,04/04/2024 11:25:55 AM,N,1,74,220,1,5.94,26.8,0,0.5,0,0,,1,28.3,2,1,0
2,12/26/2024 09:07:48 PM,12/26/2024 09:16:53 PM,N,1,75,238,1,1.7,11.4,1,0.5,4.16,0,,1,20.81,1,1,2.75
2,02/15/2024 07:45:27 PM,02/15/2024 07:59:28 PM,N,1,75,141,1,2.56,15.6,2.5,0.5,1,0,,1,23.35,1,1,2.75
2,05/20/2024 03:43:55 PM,05/20/2024 03:59:01 PM,N,1,75,262,1,1.94,14.9,0,0.5,0,0,,1,19.15,2,1,2.75
2,06/14/2024 06:12:27 PM,06/14/2024 06:50:22 PM,N,1,244,75,1,5.49,35.2,2.5,0.5,0,0,,1,39.2,2,1,0
1,08/06/2024 06:34:47 AM,08/06/2024 06:48:56 AM,N,1,74,138,1,6.7,28.9,5,1.5,0,6.94,,1,42.34,1,1,0
2,06/14/2024 04:46:13 PM,06/14/2024 05:03:39 PM,N,1,97,49,1,0.56,14.9,2.5,0.5,3.78,0,,1,22.68,1,1,0
1,06/13/2024 04:45:09 PM,06/13/2024 05:37:13 PM,N,1,52,76,1,0,29.5,0,1.5,0,0,,1,31,1,1,0
2,01/27/2024 08:28:03 PM,01/27/2024 08:42:55 PM,N,1,74,262,4,2.77,16.3,1,0.5,3,0,,1,24.55,1,1,2.75
2,10/18/2024 03:29:18 PM,10/18/2024 03:54:13 PM,N,1,75,116,6,3.18,23.3,0,0.5,4.96,0,,1,29.76,1,1,0
2,09/18/2024 02:40:01 PM,09/18/2024 02:40:03 PM,N,5,264,264,1,0,30,0,0,0,0,,1,31,2,2,0
2,02/24/2024 10:27:33 AM,02/24/2024 10:41:01 AM,N,1,166,142,1,2.14,14.9,0,0.5,0,0,,1,19.15,2,1,2.75
2,10/28/2024 03:01:01 PM,10/28/2024 03:08:48 PM,N,1,43,238,1,1.09,9.3,0,0.5,2.71,0,,1,16.26,1,1,2.75
2,08/21/2024 10:52:25 PM,08/21/2024 10:55:58 PM,N,1,93,93,1,0.97,6.5,1,0.5,1.8,0,,1,10.8,1,1,0
2,11/04/2024 04:52:33 PM,11/04/2024 04:52:46 PM,N,5,55,55,1,0,70,0,0,0,0,,1,71,2,2,0
2,12/30/2024 06:09:15 PM,12/30/2024 06:15:41 PM,N,1,95,196,1,1.35,8.6,2.5,0.5,2,0,,1,14.6,1,1,0
2,04/11/2024 12:41:02 PM,04/11/2024 12:50:45 PM,N,1,82,138,2,3.66,17,5,0.5,4.7,0,,1,28.2,1,1,0
2,07/15/2024 07:39:21 AM,07/15/2024 08:00:02 AM,N,1,74,140,1,3.69,21.9,0,0.5,3.92,0,,1,30.07,1,1,2.75
2,05/13/2024 04:08:16 PM,05/13/2024 04:08:23 PM,N,5,92,92,4,0,20,0,0,4.2,0,,1,25.2,1,1,0
1,05/03/2024 08:03:40 PM,05/03/2024 08:25:02 PM,N,1,155,108,1,0,27.5,0,1.5,0,0,,1,29,1,1,0
1,01/03/2024 08:54:58 AM,01/03/2024 09:04:57 AM,N,1,244,42,0,1.6,11.4,0,1.5,1,0,,1,13.9,1,1,0
2,01/04/2024 07:43:30 PM,01/04/2024 07:51:58 PM,N,1,75,262,1,1.11,9.3,2.5,0.5,0,0,,1,16.05,2,1,2.75
2,11/22/2024 01:12:13 PM,11/22/2024 01:29:37 PM,N,1,74,42,1,2.16,17,0,0.5,0,0,,1,18.5,2,1,0
2,04/22/2024 01:35:26 AM,04/22/2024 01:43:54 AM,N,1,260,223,5,2.56,13.5,1,0.5,3.2,0,,1,19.2,1,1,0
2,01/12/2024 11:44:55 AM,01/12/2024 12:07:12 PM,N,1,92,16,1,3.79,23.3,0,0.5,0,0,,1,24.8,2,1,0
2,06/20/2024 10:59:10 AM,06/20/2024 11:26:43 AM,N,1,74,237,1,3.31,25.4,0,0.5,0,0,,1,29.65,2,1,2.75
2,07/18/2024 01:11:26 PM,07/18/2024 01:31:43 PM,N,1,74,237,6,4.82,24.7,0,0.5,0,0,,1,28.95,2,1,2.75
2,02/16/2024 01:35:04 PM,02/16/2024 01:54:56 PM,N,1,95,56,1,2.75,19.8,0,0.5,0,0,,1,21.3,1,1,0
2,06/04/2024 11:08:48 AM,06/04/2024 11:23:36 AM,N,1,74,75,1,1.32,13.5,0,0.5,0,0,,1,15,2,1,0
2,08/08/2024 02:42:43 PM,08/08/2024 03:06:19 PM,N,1,97,89,1,3.34,23.3,0,0.5,6,0,,1,30.8,1,1,0
1,07/16/2024 02:23:09 PM,07/16/2024 04:02:51 PM,N,1,61,238,1,0,37.5,0,1.5,0,0,,1,39,1,1,0
2,09/29/2024 08:56:52 AM,09/29/2024 09:12:30 AM,N,1,65,189,1,2.42,16.3,0,0.5,0,0,,1,17.8,1,1,0
2,05/31/2024 05:37:01 AM,05/31/2024 05:52:02 AM,N,1,74,237,1,3.29,19.1,1,0.5,6.09,0,,1,30.44,1,1,2.75
2,01/01/2024 05:30:57 AM,01/02/2024 12:00:00 AM,N,1,129,129,2,0.56,8.6,1,0.5,0,0,,1,11.1,2,1,0
2,04/04/2024 09:37:38 PM,04/04/2024 09:50:08 PM,N,1,179,173,1,4.6,21.2,1,0.5,2,0,,1,25.7,1,1,0
2,10/12/2024 02:41:39 PM,10/12/2024 02:51:24 PM,N,1,166,143,1,1.87,12.1,0,0.5,2.2,0,,1,18.55,1,1,2.75
2,12/10/2024 09:07:35 PM,12/10/2024 09:17:09 PM,N,1,25,106,1,1.56,11.4,1,0.5,3.48,0,,1,17.38,1,1,0
2,09/13/2024 07:28:38 PM,09/13/2024 07:56:28 PM,N,1,82,102,1,5.16,30.3,2.5,0.5,6.86,0,,1,41.16,1,1,0
2,10/25/2024 11:04:00 AM,10/25/2024 11:12:08 AM,N,1,74,236,1,2.05,10.7,0,0.5,0,0,,1,14.95,2,1,2.75
2,09/30/2024 05:50:10 PM,09/30/2024 06:01:22 PM,N,1,75,262,1,1.57,12.1,2.5,0.5,3.77,0,,1,22.62,1,1,2.75
2,10/17/2024 10:05:22 AM,10/17/2024 10:27:20 AM,N,1,75,95,6,11.29,44.3,0,0.5,0,6.94,,1,52.74,1,1,0
2,08/05/2024 07:16:51 AM,08/05/2024 07:24:07 AM,N,1,74,74,1,0.69,8.6,0,0.5,0,0,,1,10.1,1,1,0
2,02/28/2024 09:51:04 AM,02/28/2024 10:10:09 AM,N,1,236,138,1,8.4,35.2,5,0.5,10,6.94,,1,58.64,1,1,0
2,08/19/2024 08:50:47 PM,08/19/2024 08:53:55 PM,N,1,75,238,1,0.83,5.8,1,0.5,1.66,0,,1,9.96,1,1,0
2,06/20/2024 12:13:13 PM,06/20/2024 12:25:56 PM,N,1,74,151,6,2.04,13.5,0,0.5,2,0,,1,17,1,1,0
2,04/20/2024 09:05:05 AM,04/20/2024 09:22:10 AM,N,1,74,262,1,2.97,18.4,0,0.5,5.66,0,,1,28.31,1,1,2.75
2,01/20/2024 02:56:06 PM,01/20/2024 03:02:53 PM,N,1,7,223,1,1.14,8.6,0,0.5,0,0,,1,10.1,2,1,0
2,06/20/2024 08:14:13 PM,06/20/2024 08:21:13 PM,N,1,97,49,1,1.09,8.6,1,0.5,2.78,0,,1,13.88,1,1,0
2,11/28/2024 03:09:00 PM,11/28/2024 03:15:00 PM,,,181,181,,1.02,13.02,0,0.5,2.9,0,,1,17.42,,,
2,06/23/2024 06:28:24 PM,06/23/2024 06:48:02 PM,N,1,74,151,2,2.59,19.1,0,0.5,5.15,0,,1,25.75,1,1,0
2,01/16/2024 08:24:39 AM,01/16/2024 08:29:27 AM,N,1,82,129,1,0.79,6.5,0,0.5,0,0,,1,8,2,1,0
2,09/19/2024 06:35:55 PM,09/19/2024 06:44:26 PM,N,1,166,238,1,1.66,10.7,2.5,0.5,2.94,0,,1,17.64,1,1,0
2,05/23/2024 10:37:28 AM,05/23/2024 10:53:43 AM,N,1,74,236,1,2.1,16.3,0,0.5,4.11,0,,1,24.66,1,1,2.75
2,03/06/2024 09:28:26 PM,03/06/2024 09:42:36 PM,N,1,74,263,1,2.63,15.6,1,0.5,5.21,0,,1,26.06,1,1,2.75
2,02/07/2024 03:46:01 PM,02/07/2024 04:01:41 PM,N,1,95,258,1,2.55,16.3,0,0.5,0,0,,1,17.8,2,1,0
2,02/12/2024 02:14:00 PM,02/12/2024 02:34:00 PM,,,74,141,,3.04,20.98,0,0,2.47,0,,1,27.2,,,
2,12/24/2024 02:46:51 PM,12/24/2024 03:35:34 PM,N,1,41,114,1,6.45,43.6,0,0.5,9.57,0,,1,57.42,1,1,2.75
2,08/12/2024 11:22:54 AM,08/12/2024 11:28:17 AM,N,1,75,74,1,1.24,7.9,0,0.5,0,0,,1,9.4,2,1,0
2,11/19/2024 02:21:08 PM,11/20/2024 01:30:44 PM,N,1,74,75,1,1.26,10.7,2.5,0.5,3.68,0,,1,18.38,1,1,0
2,10/05/2024 05:24:49 PM,10/05/2024 05:37:35 PM,N,1,43,140,1,2.31,14.2,0,0.5,3.69,0,,1,22.14,1,1,2.75
2,06/07/2024 06:50:05 AM,06/07/2024 07:06:39 AM,N,1,74,263,1,2.58,17,0,0.5,0,0,,1,18.5,2,1,0
2,03/08/2024 05:54:12 PM,03/08/2024 05:59:10 PM,N,1,42,116,1,0.46,6.5,2.5,0.5,0,0,,1,10.5,2,1,0
2,06/02/2024 04:38:31 PM,06/02/2024 04:47:45 PM,N,1,41,168,1,1.38,10.7,0,0.5,0,0,,1,12.2,2,1,0
2,01/18/2024 07:33:08 PM,01/19/2024 07:27:54 PM,N,1,41,41,1,3.03,23.3,2.5,0.5,9.02,0,,1,39.07,1,1,2.75
2,08/22/2024 12:31:37 PM,08/22/2024 12:54:00 PM,N,1,74,163,1,2.91,21.2,0,0.5,0,0,,1,25.45,2,1,2.75
2,02/16/2024 09:35:59 PM,02/16/2024 09:51:05 PM,N,1,74,262,1,2.49,17,1,0.5,4.45,0,,1,26.7,1,1,2.75
2,06/18/2024 02:18:41 PM,06/18/2024 02:39:33 PM,N,1,95,157,5,3.5,21.9,0,0.5,0,0,,1,23.4,2,1,0
2,12/28/2024 03:35:53 PM,12/28/2024 03:51:32 PM,N,1,74,60,1,5.33,22.6,0,0.5,0,0,,1,24.1,2,1,0
1,12/23/2024 06:54:17 PM,12/23/2024 07:23:37 PM,N,1,85,256,1,0,23.5,0,1.5,0,0,,1,25,1,1,0
2,11/13/2024 06:01:00 PM,11/13/2024 06:05:00 PM,,,193,193,,0.92,11.02,0,0.5,2.5,0,,1,15.02,,,
2,07/28/2024 12:25:08 PM,07/28/2024 12:25:12 PM,N,5,216,216,1,0,9,0,0,0,0,,1,10,1,2,0
2,08/29/2024 11:08:57 PM,08/29/2024 11:22:48 PM,N,1,166,238,1,2.64,16.3,1,0.5,4.26,0,,1,25.56,1,1,2.5
2,06/14/2024 03:59:08 PM,06/14/2024 04:09:52 PM,N,1,74,42,1,1.45,11.4,0,0.5,0,0,,1,12.9,2,1,0
2,08/19/2024 05:02:33 PM,08/19/2024 05:25:04 PM,N,1,43,75,1,2.94,21.9,2.5,0.5,5.73,0,,1,34.38,1,1,2.75
2,04/28/2024 03:57:08 PM,04/28/2024 04:08:52 PM,N,1,74,263,1,2.26,14.2,0,0.5,3.69,0,,1,22.14,1,1,2.75
2,09/25/2024 05:51:57 PM,09/25/2024 05:59:55 PM,N,1,83,157,1,1.41,9.3,2.5,0.5,1,0,,1,14.3,1,1,0
2,11/25/2024 09:02:22 AM,11/25/2024 09:19:07 AM,N,1,74,239,2,3.57,19.1,0,0.5,0,0,,1,23.35,1,1,2.75
2,05/23/2024 08:16:00 PM,05/23/2024 08:24:32 PM,N,1,82,83,1,1.58,10,1,0.5,0,0,,1,12.5,1,1,0
2,11/16/2024 05:37:17 PM,11/16/2024 05:52:04 PM,N,1,33,13,1,3.81,19.1,0,0.5,4.67,0,,1,28.02,1,1,2.75
2,10/01/2024 06:40:59 PM,10/01/2024 06:46:54 PM,N,1,113,249,1,0.82,7.2,2.5,0.5,1.8,0,,1,15.5,1,1,2.5
2,03/09/2024 06:49:36 AM,03/09/2024 06:52:26 AM,N,1,116,244,1,0.57,5.1,0,0.5,1.32,0,,1,7.92,1,1,0
1,07/18/2024 05:31:08 PM,07/18/2024 05:50:36 PM,N,1,65,49,1,1.1,12.8,2.5,1.5,3.35,0,,1,20.15,1,1,0
2,07/14/2024 09:14:00 AM,07/14/2024 09:23:00 AM,,,166,239,,1.94,12.82,0,0,3.21,0,,1,19.78,,,
1,05/04/2024 06:04:19 PM,05/04/2024 06:10:38 PM,N,1,212,212,1,1.4,8.6,0,1.5,0,0,,1,10.1,1,1,0
1,05/21/2024 04:30:27 PM,05/21/2024 04:42:01 PM,N,1,65,49,1,1.2,11.4,2.5,1.5,1,0,,1,16.4,1,1,0
2,04/02/2024 10:39:44 AM,04/02/2024 10:53:49 AM,N,1,43,43,1,0.59,12.8,0,0.5,0.08,0,,1,14.38,1,1,0
1,11/28/2024 11:35:22 AM,11/28/2024 11:41:40 AM,N,1,82,129,1,0.8,7.9,0,1.5,0,5,,1,14.4,1,1,0
2,05/19/2024 01:04:18 AM,05/19/2024 01:10:32 AM,N,1,82,157,1,1.16,8.6,1,0.5,0,0,,1,11.1,2,1,0
1,07/31/2024 09:26:49 PM,07/31/2024 09:44:33 PM,N,1,82,160,1,3.7,17.7,1,1.5,4,0,,1,24.2,1,1,0
2,04/13/2024 07:19:00 AM,04/13/2024 07:40:00 AM,,,166,162,,5.13,27.21,0,0,6.09,0,,1,37.05,,,
2,09/11/2024 05:22:00 PM,09/11/2024 05:30:01 PM,N,1,74,41,2,1.19,9.3,2.5,0.5,2.66,0,,1,15.96,1,1,0
2,11/08/2024 07:17:40 PM,11/08/2024 07:34:02 PM,N,1,95,160,1,2.17,16.3,2.5,0.5,0.7,0,,1,21,1,1,0
2,05/25/2024 09:44:34 PM,05/25/2024 09:55:33 PM,N,1,95,28,1,1.93,12.8,1,0.5,3.82,0,,1,19.12,1,1,0
2,08/08/2024 05:51:10 AM,08/08/2024 05:59:08 AM,N,1,74,75,1,1.49,10,1,0.5,1,0,,1,13.5,1,1,0
2,08/31/2024 01:54:36 AM,08/31/2024 02:05:31 AM,N,1,80,80,1,1.5,11.4,1,0.5,0,0,,1,13.9,2,1,0
1,11/30/2024 03:09:03 PM,11/30/2024 03:15:10 PM,N,1,74,75,1,1.4,8.6,0,1.5,0,0,,1,10.1,2,1,0
1,10/06/2024 07:33:00 PM,10/06/2024 07:41:29 PM,N,1,65,49,0,1.2,10,0,1.5,2,0,,1,13.5,1,1,0
2,02/14/2024 09:50:22 AM,02/14/2024 10:10:09 AM,N,1,75,142,2,2.9,19.8,0,0.5,7.22,0,,1,31.27,1,1,2.75
2,10/16/2024 01:22:58 PM,10/16/2024 01:33:49 PM,N,1,75,151,1,1.57,12.1,0,0.5,2.72,0,,1,16.32,1,1,0
2,10/05/2024 03:38:58 AM,10/05/2024 03:53:57 AM,N,1,249,145,1,4.03,19.8,1,0.5,6.35,6.94,,1,38.09,1,1,2.5
2,01/06/2024 12:37:00 PM,01/06/2024 01:36:00 PM,,,47,107,,10.65,47.58,0,0,0,0,,1,51.33,,,
2,10/31/2024 01:05:03 PM,10/31/2024 01:24:41 PM,N,1,65,256,1,3.26,20.5,0,0.5,5.5,0,,1,27.5,1,1,0
2,03/03/2024 03:32:33 PM,03/03/2024 03:43:12 PM,N,1,82,70,2,2.71,14.9,0,0.5,4.1,0,,1,20.5,1,1,0
2,07/26/2024 04:36:31 PM,07/26/2024 04:57:20 PM,N,1,97,62,1,2,18.4,2.5,0.5,3,0,,1,25.4,1,1,0
2,09/24/2024 07:40:30 PM,09/24/2024 07:46:53 PM,N,1,74,75,1,1.48,8.6,2.5,0.5,2.52,0,,1,15.12,1,1,0
2,03/04/2024 04:12:24 AM,03/04/2024 04:18:09 AM,N,1,75,75,1,0.73,6.5,1,0.5,0,0,,1,9,2,1,0
2,07/03/2024 09:23:11 PM,07/03/2024 09:48:02 PM,N,1,97,61,1,4.17,25.4,1,0.5,5.58,0,,1,33.48,1,1,0
2,03/12/2024 03:32:12 PM,03/12/2024 03:41:03 PM,N,1,42,74,1,1.48,10,0,0.5,2.88,0,,1,14.38,1,1,0
2,12/23/2024 10:09:43 AM,12/23/2024 10:13:26 AM,N,1,74,75,6,0.96,6.5,0,0.5,1,0,,1,9,1,1,0
2,01/13/2024 03:41:12 PM,01/13/2024 03:55:55 PM,N,1,74,116,1,2,14.9,0,0.5,3.28,0,,1,19.68,1,1,0
2,06/15/2024 11:02:46 AM,06/15/2024 11:15:10 AM,N,1,7,223,1,1.96,13.5,0,0.5,0,0,,1,15,2,1,0
2,10/24/2024 07:00:34 PM,10/24/2024 07:17:48 PM,N,1,82,138,2,2.56,17.7,7.5,0.5,5.34,0,,1,32.04,1,1,0
2,07/19/2024 02:53:45 PM,07/19/2024 03:03:04 PM,N,1,236,140,1,1.8,11.4,0,0.5,3.13,0,,1,18.78,1,1,2.75
2,03/15/2024 05:26:00 PM,03/15/2024 06:50:00 PM,,,66,66,,14.11,45.13,0,0,4.84,0,,1,53.72,,,
2,09/02/2024 08:24:21 PM,09/02/2024 08:30:49 PM,N,1,93,70,1,1.05,7.9,1,0.5,0,0,,1,10.4,2,1,0
2,07/26/2024 04:15:27 PM,07/26/2024 04:19:27 PM,N,1,75,43,1,0.99,7.2,2.5,0.5,2.24,0,,1,13.44,1,1,0
1,03/21/2024 09:07:03 PM,03/21/2024 09:14:24 PM,N,1,75,236,2,1.5,10,3.75,1.5,2.29,0,,1,17.54,1,1,2.75
1,12/18/2024 07:26:44 AM,12/18/2024 07:39:59 AM,N,1,74,238,1,2.4,13.5,2.75,1.5,3.55,0,,1,21.3,1,1,2.75
1,04/30/2024 02:21:34 AM,04/30/2024 02:21:36 AM,N,1,82,82,1,0.8,3,1,0.5,0,0,,0,4.5,3,1,0
2,06/05/2024 12:58:50 PM,06/05/2024 01:24:59 PM,N,1,97,17,2,2.7,23.3,0,0.5,2,0,,1,26.8,1,1,0
2,08/17/2024 06:02:08 PM,08/17/2024 06:42:00 PM,N,1,130,116,1,15.62,61.8,0,0.5,14.05,6.94,,1,84.29,1,1,0
2,01/05/2024 12:58:22 AM,01/05/2024 01:03:54 AM,N,1,25,181,1,1.01,7.2,1,0.5,1.94,0,,1,11.64,1,1,0
2,05/30/2024 12:21:47 PM,05/30/2024 12:46:05 PM,N,1,258,130,1,3.81,24,0,0.5,0,0,,1,25.5,2,1,0
2,02/07/2024 07:09:59 PM,02/07/2024 07:13:19 PM,N,1,7,7,1,0,-3,-2.5,-0.5,0,0,,-1,-7,3,1,0
2,01/17/2024 04:43:33 PM,01/17/2024 04:52:43 PM,N,1,95,95,5,0.93,10,2.5,0.5,0,0,,1,14,2,1,0
2,07/14/2024 09:35:05 AM,07/14/2024 09:41:52 AM,N,1,74,236,2,1.54,9.3,0,0.5,1,0,,1,11.8,1,1,0
2,11/22/2024 05:50:51 PM,11/22/2024 06:04:24 PM,N,1,95,160,1,2.27,13.5,2.5,0.5,0,0,,1,17.5,2,1,0
2,07/13/2024 05:31:11 PM,07/13/2024 05:49:17 PM,N,1,95,135,1,3.17,19.1,0,0.5,4.12,0,,1,24.72,1,1,0
2,06/07/2024 12:49:54 PM,06/07/2024 01:16:53 PM,N,1,74,142,1,4.17,26.8,0,0.5,0,0,,1,31.05,2,1,2.75
2,06/02/2024 02:49:44 PM,06/02/2024 03:05:03 PM,N,1,33,66,1,1.47,14.2,0,0.5,3.14,0,,1,18.84,1,1,0
2,07/16/2024 10:43:49 AM,07/16/2024 11:04:03 AM,N,1,97,49,1,1.84,17.7,0,0.5,0,0,,1,19.2,2,1,0
2,09/24/2024 07:46:10 PM,09/24/2024 07:55:57 PM,N,1,66,65,5,0.95,10.7,2.5,0.5,3.68,0,,1,18.38,1,1,0
2,07/02/2024 10:15:20 AM,07/02/2024 10:17:57 AM,N,1,43,236,1,0.45,5.1,0,0.5,1.87,0,,1,11.22,1,1,2.75
2,08/10/2024 10:03:00 AM,08/10/2024 10:27:00 AM,,,42,152,,2.36,12.8,0,0,1,0,,1,14.8,,,
2,12/21/2024 08:44:24 AM,12/21/2024 08:50:53 AM,N,1,166,239,1,1.55,10,0,0.5,2.85,0,,1,17.1,1,1,2.75
2,02/18/2024 04:58:15 PM,02/18/2024 05:08:11 PM,N,1,74,152,1,1.23,10.7,0,0.5,3.66,0,,1,15.86,1,1,0
2,12/03/2024 07:12:47 PM,12/03/2024 07:28:13 PM,N,1,166,74,1,2.16,15.6,2.5,0.5,3.92,0,,1,23.52,1,1,0
2,07/30/2024 04:15:20 PM,07/30/2024 04:27:10 PM,N,1,41,236,2,0.19,11.4,2.5,0.5,0,0,,1,18.15,2,1,2.75
2,09/10/2024 06:17:41 PM,09/10/2024 06:47:45 PM,N,1,74,141,2,2.97,26.1,2.5,0.5,6.57,0,,1,39.42,1,1,2.75
2,07/28/2024 06:34:34 PM,07/28/2024 06:43:40 PM,N,1,74,236,1,1.89,11.4,0,0.5,1,0,,1,16.65,1,1,2.75
2,02/25/2024 11:01:46 AM,02/25/2024 11:11:59 AM,N,1,166,43,1,1.28,11.4,0,0.5,3.87,0,,1,16.77,1,1,0
2,12/25/2024 04:33:39 PM,12/25/2024 04:44:03 PM,N,1,130,205,1,2.58,13.5,0,0.5,3,0,,1,18,1,1,0
2,09/13/2024 08:32:19 AM,09/13/2024 08:40:40 AM,N,1,7,7,1,1.14,9.3,0,0.5,3,0,,1,13.8,1,1,0
2,12/14/2024 05:49:50 PM,12/14/2024 06:02:45 PM,N,1,75,74,1,1.52,13.5,0,0.5,0,0,,1,15,2,1,0
2,11/04/2024 06:18:55 PM,11/04/2024 06:39:14 PM,N,1,75,140,1,3,19.8,2.5,0.5,3.98,0,,1,30.53,1,1,2.75
2,08/31/2024 11:42:28 PM,08/31/2024 11:56:50 PM,N,1,249,137,1,1.89,14.2,1,0.5,1.92,0,,1,21.12,1,1,2.5
2,07/27/2024 09:11:08 PM,07/27/2024 09:22:19 PM,N,1,41,116,6,2.1,12.8,1,0.5,0,0,,1,15.3,2,1,0
1,07/23/2024 08:48:22 PM,07/23/2024 08:53:56 PM,N,1,43,239,1,1.3,8.6,3.75,1.5,2.75,0,,1,16.6,1,1,2.75
2,10/19/2024 08:46:07 PM,10/19/2024 08:46:22 PM,N,5,130,130,9,0.27,9,0,0,0,0,,1,10,1,2,0
2,01/04/2024 03:06:16 PM,01/04/2024 03:15:08 PM,N,1,24,75,1,1.41,10,0,0.5,0,0,,1,11.5,2,1,0
1,05/29/2024 12:38:36 PM,05/29/2024 01:08:15 PM,Y,1,244,263,1,6.5,32.4,2.75,1.5,7.3,0,,1,43.95,1,1,2.75
2,11/12/2024 04:10:53 AM,11/12/2024 04:26:33 AM,N,1,82,57,1,2.26,12,0.5,0.5,0,0,,0.3,13.3,2,1,0
2,08/02/2024 10:50:01 AM,08/02/2024 10:59:05 AM,N,1,43,166,1,1.79,11.4,0,0.5,2.58,0,,1,15.48,1,1,0
2,12/12/2024 06:22:45 PM,12/12/2024 06:46:58 PM,N,1,97,225,1,3.44,22.6,2.5,0.5,5.32,0,,1,31.92,1,1,0
2,06/07/2024 07:51:00 PM,06/07/2024 08:13:00 PM,,,166,141,,3.23,16.19,0,0,2.94,0,,1,22.88,,,
2,11/12/2024 07:01:07 PM,11/12/2024 07:09:24 PM,N,1,74,75,1,1.47,10,2.5,0.5,2.8,0,,1,16.8,1,1,0
2,02/05/2024 02:52:55 AM,02/05/2024 03:00:17 AM,N,1,75,163,2,2.33,12.1,1,0.5,0,0,,1,17.35,2,1,2.75
2,03/23/2024 04:27:40 PM,03/23/2024 04:46:15 PM,N,1,74,243,1,3.84,21.9,0,0.5,4.68,0,,1,28.08,1,1,0
2,10/05/2024 06:22:59 PM,10/05/2024 06:59:04 PM,N,1,195,233,1,9.45,41.5,0,0.5,11.44,0,,1,57.19,1,1,2.75
2,02/27/2024 01:40:26 PM,02/27/2024 02:13:01 PM,N,1,74,163,1,4.11,28.9,0,0.5,5,0,,1,38.15,1,1,2.75
2,10/26/2024 04:26:39 PM,10/26/2024 04:37:13 PM,N,1,82,129,1,2.27,14.2,0,0.5,4.71,0,,1,20.41,1,1,0
1,10/07/2024 03:55:37 PM,10/07/2024 04:10:56 PM,N,1,74,236,1,2,15.6,2.75,1.5,3,0,,1,22.85,1,1,2.75
2,06/11/2024 10:57:49 AM,06/11/2024 11:09:13 AM,N,1,42,116,1,1.28,12.1,0,0.5,2.72,0,,1,16.32,1,1,0
1,10/05/2024 11:03:56 AM,10/05/2024 11:13:11 AM,N,1,7,146,1,1.7,11.4,0,1.5,1,0,,1,13.9,1,1,0
1,06/15/2024 07:45:03 AM,06/15/2024 08:26:36 AM,N,1,41,89,1,0,49.5,0,1.5,0,0,,1,51,1,1,0
2,10/18/2024 02:44:05 PM,10/18/2024 03:24:54 PM,N,1,95,102,5,5.6,36.6,0,0.5,0,0,,1,38.1,2,1,0
2,06/12/2024 02:27:35 PM,06/12/2024 02:30:37 PM,N,1,75,74,1,0.64,5.8,0,0.5,1.46,0,,1,8.76,1,1,0
2,07/18/2024 06:22:40 PM,07/18/2024 06:38:36 PM,N,1,74,239,1,3.19,17.7,2.5,0.5,0,0,,1,24.45,2,1,2.75
2,09/04/2024 06:22:01 PM,09/04/2024 06:30:59 PM,N,1,41,42,1,1.76,10.7,2.5,0.5,2.5,0,,1,17.2,1,1,0
2,09/18/2024 08:34:24 PM,09/18/2024 08:40:18 PM,N,1,166,152,1,0.85,7.9,1,0.5,1.94,0,,0.3,11.64,1,1,0
2,11/27/2024 03:58:31 PM,11/27/2024 04:14:06 PM,N,1,166,74,1,1.32,14.2,0,0.5,3.14,0,,1,18.84,1,1,0
2,12/31/2024 10:12:22 AM,12/31/2024 10:15:47 AM,N,1,43,238,1,0.84,6.5,0,0.5,0,0,,1,10.75,2,1,2.75
2,02/17/2024 04:56:00 PM,02/17/2024 05:03:41 PM,N,1,166,116,1,1.65,10.7,0,0.5,3.66,0,,1,15.86,1,1,0
2,06/14/2024 09:09:08 PM,06/14/2024 09:18:18 PM,N,1,80,255,1,0.73,9.3,1,0.5,0,0,,1,11.8,1,1,0
2,05/19/2024 02:44:09 PM,05/19/2024 02:55:19 PM,N,1,247,42,2,2,13.5,0,0.5,0,0,,1,15,2,1,0
2,01/17/2024 08:43:20 AM,01/17/2024 08:48:29 AM,N,1,74,74,1,0.44,6.5,0,0.5,1.6,0,,1,9.6,1,1,0
2,02/03/2024 01:11:59 PM,02/03/2024 01:21:36 PM,N,1,179,193,1,1.46,11.4,0,0.5,2.58,0,,1,15.48,1,1,0
2,07/22/2024 06:15:13 PM,07/22/2024 06:18:26 PM,N,1,74,74,1,0.53,5.1,2.5,0.5,0,0,,1,9.1,2,1,0
2,07/14/2024 06:39:41 PM,07/14/2024 06:45:11 PM,N,1,74,75,5,1.36,7.9,0,0.5,1.88,0,,1,11.28,1,1,0
2,10/27/2024 03:30:14 AM,10/27/2024 03:49:14 AM,N,1,97,107,5,4.18,22.6,1,0.5,1,0,,1,28.85,1,1,2.75
2,04/15/2024 02:42:06 PM,04/15/2024 02:52:37 PM,N,1,95,95,1,1.77,11.4,0,0.5,0,0,,1,12.9,2,1,0
2,11/15/2024 08:14:16 PM,11/15/2024 08:19:31 PM,N,1,210,210,1,0.83,7.2,1,0.5,1,0,,1,10.7,1,1,0
2,03/11/2024 08:22:24 PM,03/11/2024 08:38:47 PM,N,1,130,130,1,3.71,19.8,1,0.5,4.46,0,,1,26.76,1,1,0
2,04/02/2024 07:32:29 AM,04/02/2024 07:49:54 AM,N,1,41,74,1,1.94,17,0,0.5,3.7,0,,1,22.2,1,1,0
2,10/14/2024 05:40:49 PM,10/14/2024 05:53:26 PM,N,1,130,130,2,2.65,15.6,0,0.5,3.42,0,,1,20.52,1,1,0
2,03/26/2024 11:10:39 AM,03/26/2024 11:19:56 AM,N,1,43,237,2,1.13,10,0,0.5,2.14,0,,1,16.39,1,1,2.75
2,07/11/2024 09:24:50 AM,07/11/2024 09:54:52 AM,N,1,166,234,1,6.83,35.9,0,0.5,8.03,0,,1,48.18,1,1,2.75
2,06/28/2024 09:46:01 PM,06/28/2024 09:53:27 PM,N,1,74,43,1,1.76,10,1,0.5,2.5,0,,1,15,1,1,0
2,03/17/2024 03:34:18 PM,03/17/2024 03:43:18 PM,N,1,74,24,1,1.65,10.7,0,0.5,1,0,,1,13.2,1,1,0
2,10/05/2024 09:28:14 PM,10/05/2024 09:41:29 PM,N,1,247,243,1,3.75,19.1,1,0.5,5.4,0,,1,27,1,1,0
2,05/05/2024 09:22:38 AM,05/05/2024 09:24:21 AM,N,1,129,129,1,0.28,3.7,0,0.5,0,0,,1,5.2,2,1,0
2,10/22/2024 09:43:03 PM,10/22/2024 09:48:21 PM,N,1,134,28,1,1.34,8.6,1,0.5,0,0,,1,11.1,1,1,0
2,10/15/2024 08:38:11 PM,10/15/2024 08:54:52 PM,N,1,43,162,1,2.73,17.7,1,0.5,5,0,,1,27.95,1,1,2.75
2,11/22/2024 08:47:28 AM,11/22/2024 08:58:53 AM,N,1,74,166,1,1.7,12.1,0,0.5,2.72,0,,1,16.32,1,1,0
2,07/17/2024 07:19:02 PM,07/17/2024 07:24:51 PM,N,1,75,74,1,1.47,8.6,2.5,0.5,3.15,0,,1,15.75,1,1,0
2,06/11/2024 09:54:00 AM,06/11/2024 10:12:00 AM,,,225,255,,3.2,24.17,0,0,1.23,0,,1,26.4,,,
2,04/30/2024 07:19:51 AM,04/30/2024 07:37:16 AM,N,1,130,82,1,7.05,28.9,0,0.5,0.11,0,,1,30.51,1,1,0
2,03/18/2024 06:36:00 PM,03/18/2024 06:46:00 PM,,,193,145,,1.58,14.46,0,0,3.09,0,,1,18.55,,,
2,12/19/2024 10:31:47 PM,12/19/2024 10:41:10 PM,N,1,74,42,1,1.49,10.7,1,0.5,2.64,0,,1,15.84,1,1,0
2,09/22/2024 06:14:00 AM,09/22/2024 06:29:00 AM,,,166,138,,7.57,25.86,0,0,0,6.94,,1,33.8,,,
2,06/18/2024 06:54:40 PM,06/18/2024 07:14:17 PM,N,1,74,244,1,3.33,19.8,2.5,0.5,0,0,,1,23.8,2,1,0
1,03/20/2024 01:34:58 PM,03/20/2024 01:44:49 PM,N,1,75,238,1,1.4,10,0,1.5,2.85,0,,1,14.35,1,1,0
2,05/24/2024 07:11:48 PM,05/24/2024 07:19:02 PM,N,1,82,56,1,1.24,9.3,2.5,0.5,0,0,,1,13.3,2,1,0
2,04/17/2024 06:07:44 PM,04/17/2024 06:21:34 PM,N,1,74,151,1,2.19,14.9,2.5,0.5,3.78,0,,1,22.68,1,1,0
2,10/19/2024 11:48:02 AM,10/19/2024 11:56:20 AM,N,1,41,74,2,1.01,9.3,0,0.5,1,0,,1,11.8,1,1,0
2,09/22/2024 03:24:58 AM,09/22/2024 03:44:03 AM,N,1,129,95,1,3.39,20.5,1,0.5,0,0,,1,23,1,1,0
2,02/09/2024 10:43:00 AM,02/09/2024 10:59:00 AM,,,244,143,,6.14,26.2,0,0,5.99,0,,1,35.94,,,
2,05/12/2024 03:45:18 PM,05/12/2024 04:02:21 PM,N,1,45,162,1,4.95,24,0,0.5,5.6,0,,1,33.6,1,1,2.5
2,01/12/2024 12:52:44 AM,01/12/2024 01:00:54 AM,N,1,75,163,1,2.1,12.1,1,0.5,3.47,0,,1,20.82,1,1,2.75
2,07/13/2024 11:46:58 AM,07/13/2024 12:03:59 PM,N,1,41,159,1,2.65,17,0,0.5,0,0,,1,18.5,2,1,0
2,03/22/2024 01:00:18 PM,03/22/2024 01:05:13 PM,N,1,75,236,1,0.84,6.5,0,0.5,2.15,0,,1,12.9,1,1,2.75
1,04/16/2024 07:28:06 AM,04/16/2024 07:33:57 AM,N,1,74,42,1,2.5,12.1,0,1.5,0,0,,1,13.6,2,1,0
2,02/15/2024 06:42:13 PM,02/15/2024 06:51:35 PM,N,1,166,142,1,2.22,12.8,2.5,0.5,0,0,,1,19.3,1,1,2.5
2,07/26/2024 06:38:10 PM,07/26/2024 06:50:04 PM,N,1,24,48,1,4.16,19.1,2.5,0.5,5.12,0,,1,30.72,1,1,2.5
1,06/17/2024 05:34:08 PM,06/17/2024 05:47:57 PM,N,1,43,142,1,2.4,15.6,5.25,1.5,5.55,0,,1,27.9,1,1,2.75
2,06/06/2024 03:33:52 PM,06/06/2024 03:52:35 PM,N,1,75,75,1,1.87,17.7,0,0.5,3.84,0,,1,23.04,1,1,0
2,12/08/2024 11:44:57 PM,12/08/2024 11:48:31 PM,N,1,74,75,1,0.92,6.5,1,0.5,0,0,,1,9,2,1,0
2,05/21/2024 08:04:31 PM,05/21/2024 08:11:44 PM,N,1,43,236,1,1.24,9.3,2.5,0.5,0,0,,1,16.05,2,1,2.75
2,04/07/2024 09:28:37 PM,04/07/2024 09:32:20 PM,N,1,74,41,1,0.85,6.5,1,0.5,1.8,0,,1,10.8,1,1,0
1,03/20/2024 02:33:01 PM,03/20/2024 02:53:25 PM,N,1,33,79,1,4.7,25.4,2.75,1.5,5.9,0,,1,35.55,1,1,2.75
2,09/03/2024 09:08:19 AM,09/03/2024 09:26:14 AM,N,1,42,138,1,7.39,31.7,5,0.5,0,6.94,,1,45.14,1,1,0
2,02/13/2024 06:55:35 AM,02/13/2024 07:10:05 AM,N,1,74,263,1,2.37,14.9,0,0.5,3.83,0,,1,22.98,1,1,2.75
2,05/31/2024 04:54:11 PM,05/31/2024 05:07:52 PM,N,1,92,53,1,2.18,14.9,2.5,0.5,3.78,0,,1,22.68,1,1,0
2,03/23/2024 12:31:21 PM,03/23/2024 12:50:54 PM,N,5,65,256,1,3.36,20,0,0,4.2,0,,1,25.2,1,2,0
2,01/16/2024 07:52:36 PM,01/16/2024 07:58:54 PM,N,1,75,75,2,0.82,7.9,2.5,0.5,0.83,0,,1,12.73,1,1,0
2,08/23/2024 02:52:51 PM,08/23/2024 03:08:47 PM,N,1,152,41,6,1.35,14.9,0,0.5,1,0,,1,17.4,1,1,0
2,02/01/2024 09:23:27 PM,02/01/2024 09:37:59 PM,N,1,166,141,2,3.67,19.1,1,0.5,0.3,0,,1,24.65,1,1,2.75
2,08/29/2024 07:01:24 AM,08/29/2024 07:05:57 AM,N,1,74,75,1,1.39,7.9,0,0.5,0,0,,1,9.4,1,1,0
1,07/13/2024 04:42:02 PM,07/13/2024 04:53:47 PM,N,1,166,239,1,1.8,12.1,2.75,1.5,3.25,0,,1,19.6,1,1,2.75
2,09/24/2024 06:22:25 PM,09/24/2024 06:26:04 PM,N,1,236,238,2,0.69,5.8,2.5,0.5,1.96,0,,1,11.76,1,1,0
2,07/11/2024 04:51:51 PM,07/11/2024 04:57:53 PM,N,1,116,42,1,0.99,7.9,2.5,0.5,2.98,0,,1,14.88,1,1,0
2,03/15/2024 10:37:55 PM,03/15/2024 10:45:45 PM,N,1,7,7,1,0.95,8.6,1,0.5,3.33,0,,1,14.43,1,1,0
2,08/25/2024 02:51:15 PM,08/25/2024 03:07:54 PM,N,1,82,260,1,2.59,17.7,0,0.5,0,0,,1,19.2,1,1,0
2,05/14/2024 09:04:49 AM,05/14/2024 09:17:37 AM,N,1,74,236,1,1.54,12.8,0,0.5,2.14,0,,1,16.44,1,1,0
2,11/17/2024 06:12:25 PM,11/17/2024 06:22:44 PM,N,1,74,151,1,2.17,12.1,0,0.5,1,0,,1,14.6,1,1,0
2,05/04/2024 02:45:43 AM,05/04/2024 03:03:58 AM,N,1,112,107,1,5.08,25.4,1,0.5,1,0,,1,31.4,1,1,2.5
2,03/23/2024 06:53:11 PM,03/23/2024 06:57:56 PM,N,1,166,24,1,0.84,7.2,0,0.5,1.74,0,,1,10.44,1,1,0
2,12/18/2024 11:02:00 AM,12/18/2024 11:22:00 AM,,,166,75,,2.78,18.89,0,0.5,3.06,0,,1,23.45,,,
2,04/29/2024 08:32:18 PM,04/29/2024 08:39:39 PM,N,1,74,41,1,1.31,9.3,1,0.5,2.36,0,,1,14.16,1,1,0
2,09/17/2024 05:42:12 PM,09/17/2024 05:56:12 PM,N,1,260,7,1,2.08,14.2,2.5,0.5,0,0,,1,18.2,2,1,0
2,06/18/2024 08:30:24 PM,06/18/2024 08:47:38 PM,N,1,129,7,1,2.3,17,1,0.5,0,0,,1,19.5,2,1,0
2,06/11/2024 07:02:30 PM,06/11/2024 07:21:43 PM,N,1,83,95,1,3.9,21.2,2.5,0.5,5.04,0,,1,30.24,1,1,0
2,01/19/2024 09:11:09 AM,01/19/2024 09:22:19 AM,N,1,74,24,1,1.61,12.1,0,0.5,3,0,,1,16.6,1,1,0
2,02/29/2024 02:28:03 PM,02/29/2024 02:39:12 PM,N,1,75,74,1,1.77,12.1,0,0.5,1.4,0,,1,15,1,1,0
2,01/17/2024 01:52:00 PM,01/17/2024 02:31:00 PM,,,14,216,,21.37,75.51,0,0,15.3,0,,1,91.81,,,
2,11/18/2024 08:48:38 PM,11/18/2024 08:53:53 PM,N,1,75,75,1,0.9,7.2,1,0.5,0,0,,1,9.7,1,1,0
2,05/09/2024 03:10:26 PM,05/09/2024 03:34:17 PM,N,1,56,73,1,4.42,25.4,0,0.5,0,0,,1,26.9,2,1,0
2,03/06/2024 01:56:23 PM,03/06/2024 02:04:54 PM,N,1,151,239,1,2.06,13.5,0,0.5,4.44,0,,1,22.19,1,1,2.75
1,09/15/2024 10:37:08 AM,09/15/2024 10:48:13 AM,N,1,74,166,2,1.8,11.4,0,1.5,0,0,,1,12.9,2,1,0
2,06/13/2024 07:38:37 PM,06/13/2024 07:39:20 PM,N,1,179,179,1,0.06,3,2.5,0.5,5.5,0,,1,12.5,1,1,0
2,05/25/2024 03:34:15 PM,05/25/2024 03:38:34 PM,N,1,75,74,1,1.01,7.2,0,0.5,0,0,,1,8.7,1,1,0
2,07/19/2024 08:11:30 PM,07/19/2024 08:25:26 PM,N,1,75,239,1,1.87,14.2,1,0.5,3.89,0,,1,23.34,1,1,2.75
2,04/27/2024 03:42:45 PM,04/27/2024 04:14:33 PM,N,1,74,250,1,0,24.7,0,0.5,0,0,,1,26.2,2,1,0
2,02/22/2024 06:59:26 AM,02/22/2024 07:00:11 AM,N,5,92,92,1,0.03,12,0,0,0,0,,1,13,1,2,0
2,06/04/2024 01:29:32 PM,06/04/2024 01:53:13 PM,N,1,95,129,1,4.05,24.7,0,0.5,0,0,,1,26.2,1,1,0
1,08/29/2024 11:26:38 PM,08/29/2024 11:49:43 PM,Y,5,93,236,2,10.7,80,0,0,0,0,,0,80,1,2,0
2,05/29/2024 09:01:16 PM,05/29/2024 09:17:37 PM,N,1,74,237,1,2.82,17,1,0.5,2,0,,1,24.25,1,1,2.75
2,12/12/2024 01:34:59 PM,12/12/2024 01:45:43 PM,N,1,95,95,1,1.69,11.4,0,0.5,0,0,,1,12.9,2,1,0
1,01/08/2024 10:12:54 PM,01/08/2024 10:20:21 PM,N,1,75,151,1,1.2,9.3,1,1.5,0,0,,1,11.8,1,1,0
2,07/08/2024 09:40:53 PM,07/08/2024 09:58:17 PM,N,1,181,107,2,4.01,20.5,1,0.5,6.44,0,,1,32.19,1,1,2.75
2,06/22/2024 12:40:16 PM,06/22/2024 12:45:44 PM,N,1,75,141,1,1.17,7.9,0,0.5,5,0,,1,17.15,1,1,2.75
2,12/26/2024 04:24:07 PM,12/26/2024 04:34:01 PM,N,1,95,196,1,1.38,11.4,2.5,0.5,3.08,0,,1,18.48,1,1,0
1,05/09/2024 02:02:01 PM,05/09/2024 02:20:22 PM,N,1,52,181,1,1.9,16.3,0,1.5,3.55,0,,1,21.35,1,1,0
2,09/01/2024 12:02:03 PM,09/01/2024 12:14:02 PM,N,1,74,262,1,2.46,14.2,0,0.5,0,0,,1,18.45,2,1,2.75
1,07/12/2024 05:45:49 PM,07/12/2024 05:51:14 PM,N,1,75,238,1,1.4,7.9,5.25,1.5,2.9,0,,1,17.55,1,1,2.75
2,02/27/2024 12:52:49 PM,02/27/2024 01:16:39 PM,N,1,82,129,1,2.3,20.5,0,0.5,1,0,,1,23,1,1,0
1,06/01/2024 03:30:58 PM,06/01/2024 03:57:10 PM,N,1,210,188,1,5.4,28.9,0,1.5,5,0,,1,35.4,1,1,0
2,02/27/2024 07:30:12 PM,02/27/2024 07:34:38 PM,N,1,24,41,1,0.55,6.5,2.5,0.5,2.1,0,,1,12.6,1,1,0
1,06/10/2024 07:38:28 AM,06/10/2024 07:48:18 AM,N,1,166,244,1,1.9,12.8,0,1.5,2.86,0,,1,17.16,1,1,0
2,04/14/2024 07:04:11 PM,04/14/2024 07:17:49 PM,N,1,43,143,1,0,12.1,0,0.5,2.5,0,,1,18.85,1,1,2.75
2,09/13/2024 10:18:50 PM,09/13/2024 10:23:26 PM,N,1,166,238,2,1,7.2,1,0.5,1.94,0,,1,11.64,1,1,0
2,06/16/2024 02:34:59 PM,06/16/2024 03:10:46 PM,N,1,130,80,2,10.06,44.3,0,0.5,0,0,,1,45.8,2,1,0
2,03/14/2024 05:30:10 PM,03/14/2024 05:51:24 PM,N,1,95,197,1,2.77,20.5,2.5,0.5,4.9,0,,1,29.4,1,1,0
1,10/01/2024 02:06:35 PM,10/01/2024 02:46:41 PM,N,1,55,89,1,0,39.5,0,1.5,0,0,,1,41,1,1,0
2,08/19/2024 06:02:56 PM,08/19/2024 06:11:34 PM,N,1,43,142,1,2.25,11.4,2.5,0.5,2.72,0,,1,20.87,1,1,2.75
2,05/24/2024 07:57:09 PM,05/24/2024 08:08:14 PM,N,1,130,192,1,4.57,19.8,2.5,0.5,4,0,,1,27.8,1,1,0
2,08/15/2024 03:00:06 AM,08/15/2024 03:06:22 AM,N,1,243,152,1,4.07,17.7,1,0.5,0,0,,1,20.2,1,1,0
2,10/31/2024 07:07:28 PM,10/31/2024 07:17:33 PM,N,1,75,262,1,1.77,11.4,2.5,0.5,4.54,0,,1,22.69,1,1,2.75
1,03/20/2024 09:47:07 PM,03/20/2024 09:55:03 PM,N,1,65,49,1,1,8.6,1,1.5,2.2,0,,1,13.3,1,1,0
2,01/10/2024 08:55:54 PM,01/10/2024 09:15:31 PM,N,1,75,50,1,4.37,24,1,0.5,5.85,0,,1,35.1,1,1,2.75
2,06/26/2024 08:11:16 PM,06/26/2024 08:24:20 PM,N,1,244,238,1,4.78,21.9,1,0.5,5.43,0,,1,32.58,1,1,2.75
2,01/17/2024 08:04:17 AM,01/17/2024 08:06:35 AM,N,1,130,130,1,0.4,4.4,0,0.5,0,0,,1,5.9,2,1,0
2,06/24/2024 09:36:20 PM,06/24/2024 10:14:57 PM,N,1,74,97,6,15.51,63.9,1,0.5,5,6.94,,1,78.34,1,1,0
2,05/18/2024 03:27:26 AM,05/18/2024 03:54:44 AM,N,5,80,137,3,5.72,50,0,0,10.75,0,,1,64.5,1,2,2.75
2,11/02/2024 12:51:35 PM,11/02/2024 01:03:12 PM,N,1,43,43,1,2.16,13.5,0,0.5,3.55,0,,1,21.3,1,1,2.75
2,09/08/2024 01:46:59 AM,09/08/2024 01:55:43 AM,N,1,255,80,1,0.84,9.3,1,0.5,1.8,0,,1,13.6,1,1,0
2,01/22/2024 06:06:11 PM,01/22/2024 06:11:12 PM,N,1,75,238,1,1.13,7.9,2.5,0.5,2.98,0,,1,14.88,1,1,0
2,04/30/2024 04:52:57 PM,04/30/2024 05:11:49 PM,N,1,74,141,6,2.6,18.4,2.5,0.5,0,0,,1,25.15,2,1,2.75
2,01/03/2024 06:09:13 PM,01/03/2024 06:13:20 PM,N,1,95,95,5,0.39,5.8,2.5,0.5,5,0,,1,14.8,1,1,0
2,06/18/2024 12:35:49 PM,06/18/2024 12:55:07 PM,N,1,43,48,1,4.41,24,0,0.5,2.26,0,,1,30.51,1,1,2.75
2,05/12/2024 01:19:53 PM,05/12/2024 01:36:04 PM,N,1,65,188,1,3.33,18.4,0,0.5,3.98,0,,1,23.88,1,1,0
2,01/06/2024 05:24:00 PM,01/06/2024 05:53:00 PM,,,223,164,,8.06,32.2,0,0,8.58,6.94,,1,51.47,,,
2,08/26/2024 02:33:37 PM,08/26/2024 02:42:29 PM,N,1,75,74,1,1.38,10,0,0.5,0,0,,1,11.5,2,1,0
2,04/14/2024 12:38:05 PM,04/14/2024 01:11:29 PM,N,2,74,132,1,16.8,70,0,0.5,5,6.94,,1,83.44,1,1,0
1,04/21/2024 03:39:31 AM,04/21/2024 03:45:23 AM,N,1,256,112,2,1.5,8.6,1,1.5,0,0,,1,11.1,2,1,0
2,10/15/2024 06:57:10 PM,10/15/2024 07:32:54 PM,N,1,74,182,1,6.26,38,2.5,0.5,3,0,,1,45,1,1,0
2,12/17/2024 09:10:32 PM,12/17/2024 09:18:31 PM,N,1,75,263,1,1.28,9.3,1,0.5,0,0,,1,14.55,2,1,2.75
2,08/27/2024 05:57:42 PM,08/27/2024 06:18:54 PM,N,1,75,47,1,4.44,22.6,2.5,0.5,5.32,0,,1,31.92,1,1,0
1,10/22/2024 04:59:52 PM,10/22/2024 05:12:18 PM,N,1,97,49,1,1.6,12.1,2.5,1.5,0,0,,1,16.1,2,1,0
2,07/30/2024 02:22:22 PM,07/30/2024 02:35:17 PM,N,1,74,75,1,1.61,13.5,0,0.5,3,0,,1,18,1,1,0
2,08/13/2024 10:44:13 AM,08/13/2024 11:02:49 AM,N,1,134,56,1,2.62,19.1,0,0.5,0,0,,1,20.6,2,1,0
2,03/03/2024 07:54:48 PM,03/03/2024 08:09:13 PM,N,1,260,129,1,1.65,14.2,0,0.5,0,0,,1,15.7,2,1,0
2,05/17/2024 09:51:43 PM,05/17/2024 10:25:22 PM,N,1,41,4,1,0,26.1,1,0.5,7.84,0,,1,39.19,1,1,2.75
1,11/20/2024 07:26:55 PM,11/20/2024 07:38:22 PM,N,1,65,97,0,1.1,11.4,2.5,1.5,3.05,0,,1,18.45,1,1,0
1,09/11/2024 08:19:23 PM,09/11/2024 08:26:47 PM,N,1,75,262,1,1.3,9.3,3.75,1.5,2.18,0,,1,16.73,1,1,2.75
2,12/14/2024 12:28:11 PM,12/14/2024 12:48:02 PM,N,1,74,140,1,3.41,20.5,0,0.5,4.95,0,,1,29.7,1,1,2.75
2,09/16/2024 01:22:59 PM,09/16/2024 01:28:54 PM,N,1,75,74,2,1.24,7.9,0,0.5,1.88,0,,1,11.28,1,1,0
2,10/23/2024 05:04:01 AM,10/23/2024 05:36:33 AM,N,1,75,188,1,12.48,53.4,0,0.5,8.88,0,,1,66.53,1,1,2.75
2,12/27/2024 12:42:09 PM,12/27/2024 12:48:48 PM,N,1,74,75,1,1.47,9.3,0,0.5,0,0,,1,10.8,2,1,0
1,12/13/2024 07:49:14 PM,12/13/2024 07:59:19 PM,N,1,75,237,1,1.7,10.7,5.25,1.5,0,0,,1,17.45,3,1,2.75
2,06/18/2024 01:09:09 PM,06/18/2024 01:28:00 PM,N,1,74,141,1,3.11,19.1,0,0.5,4.67,0,,1,28.02,1,1,2.75
2,01/06/2024 03:55:31 PM,01/06/2024 03:59:57 PM,N,1,41,41,1,0.53,5.8,0,0.5,0,0,,1,7.3,2,1,0
1,12/07/2024 01:17:27 PM,12/07/2024 01:44:35 PM,N,1,166,186,1,5.8,26.8,2.75,1.5,6.2,0,,1,37.25,1,1,2.75
2,12/16/2024 10:16:30 PM,12/16/2024 10:27:38 PM,N,1,75,263,1,1.24,11.4,1,0.5,3,0,,1,19.65,1,1,2.75
2,04/24/2024 06:08:52 PM,04/24/2024 06:29:35 PM,N,1,75,43,1,2.02,19.1,2.5,0.5,10,0,,1,35.85,1,1,2.75
2,11/16/2024 03:05:10 PM,11/16/2024 03:17:49 PM,N,1,74,236,1,2.41,14.9,0,0.5,5.74,0,,1,24.89,1,1,2.75
2,03/01/2024 10:14:55 AM,03/01/2024 10:29:33 AM,N,1,130,10,1,2.35,15.6,0,0.5,0,0,,1,17.1,1,1,0
2,07/13/2024 12:50:43 PM,07/13/2024 01:00:24 PM,N,1,97,52,1,1.4,10.7,0,0.5,2.44,0,,1,14.64,1,1,0
2,07/24/2024 06:54:58 PM,07/24/2024 07:15:35 PM,N,1,97,112,1,4.95,26.1,2.5,0.5,6.02,0,,1,36.12,1,1,0
2,12/28/2024 05:31:05 PM,12/28/2024 05:59:32 PM,N,1,41,244,1,3.99,28.2,0,0.5,0,0,,1,29.7,2,1,0
2,03/26/2024 06:14:09 PM,03/26/2024 06:51:03 PM,N,1,43,49,1,9.93,46.4,2.5,0.5,0,0,,1,53.15,2,1,2.75
2,01/24/2024 03:00:44 PM,01/24/2024 03:13:41 PM,N,1,82,173,1,1.28,12.1,0,0.5,0,0,,1,13.6,2,1,0
2,10/21/2024 02:55:00 AM,10/21/2024 02:55:03 AM,N,5,9,264,1,0,50,0,0,0.04,0,,1,51.04,1,2,0
2,03/28/2024 07:41:14 PM,03/28/2024 07:50:35 PM,N,1,166,236,1,1.97,12.1,2.5,0.5,4.02,0,,1,20.12,1,1,0
2,09/07/2024 06:58:29 PM,09/07/2024 07:06:57 PM,N,1,74,75,1,1.26,9.3,0,0.5,2.16,0,,1,12.96,1,1,0
1,02/02/2024 06:32:18 PM,02/02/2024 07:32:08 PM,N,1,86,25,1,0,47.5,0,1.5,0,0,,1,49,1,1,0
2,10/08/2024 09:34:38 AM,10/08/2024 09:43:17 AM,N,1,74,152,1,1.49,10,0,0.5,2.3,0,,1,13.8,1,1,0
2,11/01/2024 11:39:56 AM,11/01/2024 11:55:16 AM,N,1,74,138,1,6.71,28.2,5,0.5,12.49,6.94,,1,54.13,1,1,0
2,10/28/2024 12:44:08 PM,10/28/2024 01:06:14 PM,N,1,43,246,1,4.78,27.5,0,0.5,6.35,0,,1,38.1,1,1,2.75
2,04/26/2024 06:57:21 PM,04/26/2024 08:18:11 PM,N,5,47,265,1,16.26,44,0,0,0,0,,1,45,1,2,0
2,02/14/2024 02:29:06 PM,02/14/2024 02:43:01 PM,N,1,166,239,1,1.82,14.2,0,0.5,3.69,0,,1,22.14,1,1,2.75
2,12/30/2024 03:27:34 PM,12/30/2024 03:44:01 PM,N,1,74,263,2,2.52,17.7,2.5,0.5,2.44,0,,1,26.89,1,1,2.75
2,05/13/2024 01:14:23 PM,05/13/2024 01:27:43 PM,N,1,43,237,1,1.78,14.2,0,0.5,3.69,0,,1,22.14,1,1,2.75
2,04/29/2024 02:33:26 PM,04/30/2024 10:53:02 AM,N,1,134,135,1,1.03,7.2,0,0.5,0,0,,1,8.7,1,1,0
2,11/21/2024 08:13:00 AM,11/21/2024 08:19:00 AM,,,223,223,,0.68,12.62,0,0.5,4.24,0,,1,18.36,,,
2,06/28/2024 03:28:00 PM,06/28/2024 03:48:00 PM,,,42,138,,6.43,35.39,0,0,1,6.94,,1,44.33,,,
2,05/08/2024 05:10:02 PM,05/08/2024 05:49:35 PM,N,1,244,48,1,7.26,43.6,2.5,0.5,10.07,0,,1,60.42,1,1,2.75
2,03/26/2024 10:41:07 AM,03/26/2024 11:00:34 AM,N,1,43,239,1,2.38,19.1,0,0.5,5.84,0,,1,29.19,1,1,2.75
2,03/12/2024 07:36:05 PM,03/12/2024 07:46:05 PM,N,1,65,97,1,1.19,10,2.5,0.5,3.5,0,,1,17.5,1,1,0
2,01/03/2024 07:52:16 AM,01/03/2024 08:04:28 AM,N,1,74,75,1,1.36,12.1,0,0.5,2.72,0,,1,16.32,1,1,0
2,05/19/2024 09:01:10 AM,05/19/2024 09:12:18 AM,N,1,41,42,1,2.05,12.8,0,0.5,0,0,,1,14.3,2,1,0
2,08/23/2024 09:42:03 PM,08/23/2024 09:54:47 PM,N,1,134,216,1,3.83,18.4,1,0.5,2,0,,1,22.9,1,1,0
1,03/26/2024 11:11:27 AM,03/26/2024 12:00:00 PM,N,1,188,162,1,0,39.5,0,1.5,0,6.94,,1,47.94,1,1,0
2,09/10/2024 06:13:56 PM,09/10/2024 07:18:09 PM,N,1,244,166,1,14.7,59.7,2.5,0.5,0,0,,1,66.45,2,1,2.75
2,09/15/2024 09:04:44 AM,09/15/2024 09:13:55 AM,N,1,130,130,1,2.35,12.1,0,0.5,0.4,0,,1,14,1,1,0
2,09/28/2024 08:19:43 AM,09/28/2024 08:35:10 AM,N,1,130,98,1,7.37,30.3,0,0.5,6.36,0,,1,38.16,1,1,0
2,11/14/2024 11:11:01 AM,11/14/2024 11:24:51 AM,N,1,74,166,1,1.66,13.5,0,0.5,2,0,,1,17,1,1,0
1,01/06/2024 04:28:39 AM,01/06/2024 05:00:55 AM,N,1,57,260,1,3.1,22.6,1,1.5,0,0,,1,25.1,2,1,0
2,08/10/2024 03:58:56 AM,08/10/2024 04:12:15 AM,N,1,112,36,4,2.67,15.6,1,0.5,3.62,0,,1,21.72,1,1,0
2,10/07/2024 10:17:52 PM,10/07/2024 10:25:46 PM,N,5,92,171,1,1.75,15,0,0,3.2,0,,1,19.2,1,2,0
2,05/07/2024 06:49:51 AM,05/07/2024 07:04:07 AM,N,1,74,140,1,3.88,19.8,0,0.5,0,0,,1,24.05,1,1,2.75
2,10/31/2024 10:57:45 AM,10/31/2024 11:15:50 AM,N,1,166,230,1,3.34,19.8,0,0.5,4.81,0,,1,28.86,1,1,2.75
2,10/01/2024 10:09:28 AM,10/01/2024 10:35:54 AM,N,1,236,161,2,2.39,23.3,0,0.5,5.51,0,,1,33.06,1,1,2.75
2,12/10/2024 01:30:26 PM,12/10/2024 01:35:06 PM,N,1,43,236,1,0.61,6.5,0,0.5,0.75,0,,1,11.5,1,1,2.75
1,12/13/2024 01:00:06 PM,12/13/2024 01:20:27 PM,N,1,52,231,1,3.5,21.9,2.75,1.5,3,0,,1,29.15,1,1,2.75
2,08/06/2024 11:22:11 AM,08/06/2024 11:31:50 AM,N,1,75,24,6,2,12.1,0,0.5,0,0,,1,13.6,2,1,0
1,06/25/2024 07:43:48 AM,06/25/2024 07:59:21 AM,N,1,41,223,1,4.2,22.6,0,1.5,6.21,6.94,,1,37.25,1,1,0
2,02/25/2024 10:32:01 PM,02/25/2024 10:40:17 PM,N,1,166,238,2,1.81,11.4,1,0.5,2.5,0,,1,19.15,1,1,2.75
2,04/17/2024 11:24:26 AM,04/17/2024 11:45:37 AM,N,1,74,262,1,2.81,19.8,0,0.5,4.81,0,,1,28.86,1,1,2.75
2,08/19/2024 05:45:56 AM,08/19/2024 05:53:23 AM,N,1,74,75,1,1.41,9.3,1,0.5,0,0,,1,11.8,2,1,0
2,02/25/2024 11:02:34 AM,02/25/2024 11:09:55 AM,N,1,42,41,1,1.17,8.6,0,0.5,2.02,0,,1,12.12,1,1,0
1,11/10/2024 08:55:34 AM,11/10/2024 09:04:57 AM,N,1,116,166,2,1.8,10.7,0,1.5,0,0,,1,12.2,2,1,0
1,12/06/2024 09:48:07 AM,12/06/2024 09:55:01 AM,N,1,74,43,1,1.3,9.3,0,1.5,0,0,,1,10.8,2,1,0
1,08/23/2024 07:14:36 PM,08/23/2024 07:27:59 PM,N,1,95,56,1,1.7,12.1,2.5,1.5,0,0,,1,16.1,2,1,0
2,11/21/2024 08:58:05 PM,11/21/2024 09:07:41 PM,N,1,75,238,1,1.27,10.7,1,0.5,1.98,0,,1,15.18,1,1,0
2,02/27/2024 03:50:00 PM,02/27/2024 05:06:00 PM,,,244,39,,23.92,85.1,0,0,0,6.94,,1,93.04,,,
1,02/04/2024 12:43:22 AM,02/04/2024 12:54:48 AM,N,1,185,213,1,3.8,17.7,1,1.5,0,0,,1,20.2,2,1,0
2,07/25/2024 03:21:51 PM,07/25/2024 03:36:03 PM,N,1,68,163,1,1.65,14.2,0,0.5,0,0,,1,18.2,2,1,2.5
1,07/24/2024 08:17:04 AM,07/24/2024 08:26:05 AM,N,1,74,75,1,1.6,10.7,0,1.5,2.4,0,,1,14.6,1,1,0
2,08/08/2024 05:14:53 PM,08/08/2024 05:41:07 PM,N,1,95,173,2,4.41,28.9,2.5,0.5,0,0,,1,32.9,2,1,0
2,11/03/2024 04:01:54 PM,11/03/2024 04:10:58 PM,N,1,95,95,1,0.9,10,0,0.5,0,0,,1,11.5,2,1,0
2,02/23/2024 10:20:18 PM,02/23/2024 10:28:24 PM,N,1,130,10,2,1.93,10.7,1,0.5,0,0,,1,13.2,1,1,0
2,11/07/2024 07:41:24 AM,11/07/2024 07:50:38 AM,N,1,244,42,1,4.02,18.4,0,0.5,0,0,,1,19.9,2,1,0
2,03/04/2024 06:26:47 AM,03/04/2024 06:39:25 AM,N,1,134,101,1,9.11,35.2,0,0.5,0,0,,1,36.7,2,1,0
1,07/15/2024 01:21:53 PM,07/15/2024 01:39:53 PM,N,1,134,216,1,0,14.9,0,1.5,0,0,,1,16.4,1,1,0
2,02/06/2024 09:35:49 AM,02/06/2024 10:01:03 AM,N,1,166,161,1,3.77,24.7,0,0.5,8.68,0,,1,37.63,1,1,2.75
2,08/28/2024 05:19:46 PM,08/28/2024 05:24:50 PM,N,1,75,263,1,0.71,6.5,2.5,0.5,3.31,0,,1,16.56,1,1,2.75
2,05/23/2024 10:00:33 AM,05/23/2024 10:13:24 AM,N,1,95,135,3,1.68,13.5,0,0.5,0,0,,1,15,2,1,0
1,12/09/2024 11:14:14 AM,12/09/2024 11:19:43 AM,N,1,75,42,1,1.4,7.9,0,1.5,1.6,0,,1,11,1,1,0
2,05/14/2024 04:38:40 PM,05/14/2024 04:51:00 PM,N,1,75,75,1,1.06,12.1,2.5,0.5,0,0,,1,16.1,2,1,0
2,01/30/2024 02:09:20 PM,01/30/2024 02:13:17 PM,N,1,75,236,1,0.46,5.8,0,0.5,0,0,,1,10.05,2,1,2.75
1,03/23/2024 10:08:20 PM,03/23/2024 10:24:32 PM,N,1,97,148,1,2.9,18.4,3.75,1.5,4.7,0,,1,28.35,1,1,2.75
2,07/01/2024 05:43:05 PM,07/01/2024 05:58:38 PM,N,1,82,138,1,5.29,24,7.5,0.5,6.6,0,,1,39.6,1,1,0
2,03/15/2024 10:11:41 PM,03/15/2024 10:22:00 PM,N,1,75,163,1,2.48,13.5,1,0.5,0,0,,1,18.75,2,1,2.75
1,10/24/2024 01:36:36 PM,10/24/2024 02:35:41 PM,N,1,11,79,1,0,46.5,0,1.5,0,6.94,,1,54.94,1,1,0
2,03/19/2024 06:19:20 PM,03/19/2024 06:28:35 PM,N,1,130,215,1,1.25,10,2.5,0.5,2,0,,1,16,1,1,0
2,05/29/2024 02:42:36 PM,05/29/2024 03:04:46 PM,N,1,75,243,1,7.51,34.5,0,0.5,7.2,0,,1,43.2,1,1,0
2,03/30/2024 02:03:33 AM,03/30/2024 02:12:41 AM,N,1,42,168,1,2.56,13.5,1,0.5,0,0,,1,16,1,1,0
2,01/10/2024 05:33:49 PM,01/10/2024 05:40:02 PM,N,1,166,166,3,0.95,7.9,2.5,0.5,1,0,,1,12.9,1,1,0
1,01/30/2024 07:48:25 AM,01/30/2024 08:14:02 AM,N,1,61,39,1,0,21.5,0,1.5,0,0,,1,23,1,1,0
2,11/12/2024 10:03:33 AM,11/12/2024 10:20:46 AM,N,1,74,75,1,1.52,15.6,0,0.5,5.13,0,,1,22.23,1,1,0
2,06/09/2024 03:35:08 PM,06/09/2024 03:35:39 PM,N,1,82,82,2,0,-3,0,-0.5,0,0,,-1,-4.5,3,1,0
2,10/08/2024 10:17:44 AM,10/08/2024 10:42:07 AM,N,1,244,239,1,5.44,29.6,0,0.5,6.77,0,,1,40.62,1,1,2.75
2,05/12/2024 12:29:07 AM,05/12/2024 12:52:01 AM,N,1,25,89,1,5.19,26.8,1,0.5,5.86,0,,1,35.16,1,1,0
2,07/27/2024 02:20:37 PM,07/27/2024 02:24:41 PM,N,1,95,95,1,0.54,5.8,0,0.5,0,0,,1,7.3,2,1,0
2,10/07/2024 02:17:21 PM,10/07/2024 02:27:33 PM,N,1,91,71,1,0.9,10,0,0.5,0,0,,1,11.5,1,1,0
1,12/05/2024 08:06:20 AM,12/05/2024 08:38:27 AM,N,1,71,89,1,0,18.5,0,1.5,0,0,,1,20,1,1,0
2,11/07/2024 11:21:53 PM,11/07/2024 11:28:45 PM,N,1,74,236,1,1.66,10,1,0.5,3.5,0,,1,16,1,1,0
2,02/27/2024 05:25:00 PM,02/27/2024 05:33:00 PM,,,193,7,,1.02,11.49,0,0,2.5,0,,1,14.99,,,
2,08/11/2024 03:56:00 AM,08/11/2024 04:12:00 AM,,,255,87,,5.88,27.94,0,0,0,0,,1,31.69,,,
2,10/09/2024 07:40:04 PM,10/09/2024 08:01:32 PM,N,1,82,92,2,3.24,20.5,2.5,0.5,0,0,,1,24.5,2,1,0
2,07/11/2024 04:33:10 PM,07/11/2024 04:46:48 PM,N,1,74,151,1,2.59,15.6,2.5,0.5,5.88,0,,1,25.48,1,1,0
2,10/23/2024 04:37:08 PM,10/23/2024 04:42:55 PM,N,1,41,42,1,0.61,7.2,2.5,0.5,3.36,0,,1,14.56,1,1,0
2,06/15/2024 10:18:59 AM,06/15/2024 10:32:45 AM,N,1,74,262,1,2.59,14.9,0,0.5,3.83,0,,1,22.98,1,1,2.75
1,01/28/2024 11:43:52 AM,01/28/2024 11:50:59 AM,N,1,244,235,1,1.5,10,0,1.5,0,0,,1,11.5,2,1,0
2,05/04/2024 11:57:44 AM,05/04/2024 12:18:24 PM,N,1,74,237,1,3.14,20.5,0,0.5,0,0,,1,24.75,1,1,2.75
2,03/09/2024 10:09:30 PM,03/10/2024 01:49:16 AM,N,1,7,179,1,10.02,166.1,1,0.5,0,0,,1,168.6,2,1,0
2,06/29/2024 05:41:00 PM,06/29/2024 05:47:55 PM,N,1,74,42,1,0.81,7.9,0,0.5,0,0,,1,9.4,2,1,0
2,02/03/2024 05:36:45 PM,02/03/2024 05:51:25 PM,N,1,196,28,1,0,12.8,0,0.5,24.25,0,,1,38.55,1,1,0
2,03/25/2024 06:21:33 PM,03/25/2024 06:31:16 PM,N,1,75,141,1,1.59,11.4,2.5,0.5,5.44,0,,1,23.59,1,1,2.75
2,07/23/2024 12:39:06 AM,07/23/2024 12:39:23 AM,N,5,260,260,1,0.02,9,0,0,0,0,,1,10,1,2,0
2,03/11/2024 06:21:27 PM,03/11/2024 06:30:48 PM,N,1,166,244,1,2.3,12.8,2.5,0.5,0,0,,1,16.8,2,1,0
2,06/20/2024 09:35:52 PM,06/20/2024 09:41:36 PM,N,1,75,74,1,0.91,7.9,1,0.5,0.1,0,,1,10.5,1,1,0
2,05/22/2024 09:24:23 PM,05/22/2024 09:41:51 PM,N,1,7,82,5,3.71,19.8,1,0.5,2,0,,1,24.3,1,1,0
2,12/04/2024 07:41:53 PM,12/04/2024 07:57:48 PM,N,1,75,244,1,3.64,18.4,2.5,0.5,4.48,0,,1,26.88,1,1,0
2,08/11/2024 01:26:02 PM,08/11/2024 01:32:49 PM,N,1,166,238,1,1.41,9.3,0,0.5,0,0,,1,13.55,2,1,2.75
2,09/17/2024 12:30:45 PM,09/17/2024 12:44:58 PM,N,1,75,238,1,2.19,14.2,0,0.5,0,0,,1,18.45,2,1,2.75
2,02/09/2024 03:16:11 PM,02/09/2024 03:16:16 PM,N,5,252,252,1,0,19,0,0,5,0,,1,25,1,2,0
2,10/07/2024 09:01:16 PM,10/07/2024 09:08:41 PM,N,1,43,263,1,1.33,9.3,1,0.5,2.91,0,,1,17.46,1,1,2.75
2,04/11/2024 10:26:25 AM,04/11/2024 10:31:01 AM,N,1,223,179,1,0.72,6.5,0,0.5,0,0,,1,8,2,1,0
2,12/31/2024 03:53:08 PM,12/31/2024 03:53:10 PM,N,5,264,264,1,0,17,0,0,4.5,0,,1,22.5,1,2,0
2,01/06/2024 01:09:50 AM,01/06/2024 01:29:50 AM,N,1,130,191,1,3.79,21.9,1,0.5,0,0,,1,24.4,2,1,0
1,06/06/2024 08:13:13 AM,06/06/2024 08:40:39 AM,N,1,76,37,1,0,22.5,0,1.5,0,0,,1,24,1,1,0
2,09/11/2024 10:01:21 PM,09/11/2024 10:01:41 PM,N,5,247,247,0,0,60,0,0,12.2,0,,1,73.2,1,2,0
2,06/25/2024 04:20:43 PM,06/25/2024 04:36:05 PM,N,1,43,143,1,2.68,16.3,2.5,0.5,4.61,0,,1,27.66,1,1,2.75
2,12/16/2024 04:02:07 PM,12/16/2024 04:22:54 PM,N,1,95,138,2,5.23,26.1,7.5,0.5,0,0,,1,35.1,2,1,0
2,06/17/2024 05:28:08 PM,06/17/2024 05:48:02 PM,N,1,75,68,1,4.4,23.3,2.5,0.5,0,0,,1,30.05,2,1,2.75
2,08/26/2024 12:35:00 PM,08/26/2024 12:45:37 PM,N,1,74,41,1,1.49,11.4,0,0.5,1.5,0,,1,14.4,1,1,0
2,09/16/2024 07:44:47 PM,09/16/2024 07:54:09 PM,N,1,66,40,1,1.67,10.7,2.5,0.5,2.94,0,,1,17.64,1,1,0
2,03/20/2024 10:03:50 AM,03/20/2024 10:14:07 AM,N,1,74,166,1,1.6,11.4,0,0.5,3.22,0,,1,16.12,1,1,0
2,09/03/2024 10:57:22 PM,09/03/2024 11:23:52 PM,N,1,130,225,1,8.64,37.3,1,0.5,9.95,0,,1,49.75,1,1,0
2,11/25/2024 10:47:00 AM,11/25/2024 11:05:54 AM,N,1,74,244,1,3.14,19.1,0,0.5,4.12,0,,1,24.72,1,1,0
2,05/09/2024 10:39:27 AM,05/09/2024 10:58:16 AM,N,1,244,136,1,4.37,24,0,0.5,0,0,,1,25.5,2,1,0
2,11/19/2024 02:09:51 PM,11/19/2024 02:24:39 PM,N,1,74,138,2,6.78,28.9,5,0.5,10.58,6.94,,1,52.92,1,1,0
2,12/19/2024 02:51:15 PM,12/19/2024 02:56:20 PM,N,1,41,151,2,0.79,7.2,0,0.5,1.74,0,,1,10.44,1,1,0
2,02/26/2024 12:37:38 PM,02/26/2024 12:47:29 PM,N,1,74,43,1,1.47,10.7,0,0.5,1.83,0,,1,14.03,1,1,0
2,08/01/2024 12:06:55 PM,08/01/2024 12:43:35 PM,N,5,33,1,1,15.17,100,0,0,20.2,0,,1,121.2,1,2,0
2,09/11/2024 07:38:00 PM,09/11/2024 08:23:19 PM,N,1,22,82,1,16.81,69.5,2.5,0.5,0,0,,1,73.5,2,1,0
2,02/21/2024 07:51:59 PM,02/21/2024 08:03:29 PM,N,1,75,142,1,0,10.7,2.5,0.5,2,0,,1,19.45,1,1,2.75
2,09/13/2024 09:36:15 AM,09/13/2024 09:57:01 AM,N,1,41,263,1,2.18,19.1,0,0.5,0,0,,1,23.35,2,1,2.75
2,01/22/2024 10:15:08 AM,01/22/2024 10:38:38 AM,N,1,75,261,1,9.21,38.7,0,0.5,2,0,,1,44.95,1,1,2.75
2,11/27/2024 07:49:34 PM,11/27/2024 08:09:28 PM,N,1,83,179,1,2.68,18.4,2.5,0.5,0,0,,1,22.4,2,1,0
2,11/19/2024 07:25:06 PM,11/19/2024 07:42:18 PM,N,1,66,181,1,2.37,17.7,2.5,0.5,6.51,0,,1,28.21,1,1,0
2,04/03/2024 04:08:00 PM,04/03/2024 04:12:26 PM,N,1,196,196,1,0.62,6.5,2.5,0.5,0,0,,1,10.5,2,1,0
2,07/26/2024 09:19:19 AM,07/26/2024 09:26:19 AM,N,1,74,75,1,1.21,8.6,0,0.5,3.03,0,,1,13.13,1,1,0
2,04/27/2024 11:24:18 AM,04/27/2024 11:32:09 AM,N,1,260,7,1,1.95,10.7,0,0.5,3.05,0,,1,15.25,1,1,0
2,07/02/2024 05:52:15 PM,07/02/2024 06:31:41 PM,N,1,97,181,1,1.49,31.7,2.5,0.5,7.14,0,,1,42.84,1,1,0
1,02/14/2024 06:14:17 PM,02/14/2024 06:28:01 PM,N,1,244,238,1,4.8,21.2,5.25,1.5,5.55,0,,1,33.5,1,1,2.75
2,10/30/2024 03:53:50 PM,10/30/2024 04:09:46 PM,N,1,75,263,1,1.62,14.9,0,0.5,3.83,0,,1,22.98,1,1,2.75
2,05/16/2024 08:14:15 PM,05/16/2024 08:23:54 PM,N,1,95,134,1,1.64,11.4,1,0.5,0,0,,1,13.9,2,1,0
2,11/17/2024 05:40:20 PM,11/17/2024 05:58:34 PM,N,1,74,238,1,2.83,18.4,0,0.5,2,0,,1,24.65,1,1,2.75
2,05/21/2024 11:44:16 AM,05/21/2024 11:44:18 AM,N,1,264,264,1,0,3,0,0.5,5.5,0,,1,10,1,1,0
2,07/25/2024 03:34:07 PM,07/25/2024 03:41:30 PM,N,1,75,74,1,1.29,9.3,0,0.5,2.16,0,,1,12.96,1,1,0
1,02/04/2024 06:05:29 PM,02/04/2024 06:16:53 PM,N,1,97,61,0,1.8,12.1,0,1.5,3.4,0,,1,17,1,1,0
2,08/03/2024 07:04:00 PM,08/03/2024 07:52:21 PM,N,1,7,265,5,14.96,64.6,0,0.5,0,0,,1,66.1,2,1,0
2,03/05/2024 11:36:34 AM,03/05/2024 12:05:48 PM,N,1,95,129,1,3.72,27.5,0,0.5,0,0,,1,29,1,1,0
2,07/27/2024 09:00:45 PM,07/27/2024 09:20:40 PM,N,1,74,239,1,3.62,21.2,1,0.5,5.29,0,,1,31.74,1,1,2.75
2,10/14/2024 07:16:18 PM,10/14/2024 07:31:40 PM,N,1,75,143,1,3.34,17.7,0,0.5,4.39,0,,1,26.34,1,1,2.75
2,02/10/2024 09:52:12 PM,02/10/2024 10:03:02 PM,N,1,74,238,1,2.97,14.9,1,0.5,0,0,,1,20.15,2,1,2.75
2,03/17/2024 11:31:11 AM,03/17/2024 11:44:16 AM,N,1,74,151,1,2.39,14.9,0,0.5,3,0,,1,19.4,1,1,0
2,02/09/2024 03:19:45 PM,02/09/2024 03:31:21 PM,N,1,74,41,1,1.23,12.1,0,0.5,0,0,,1,13.6,2,1,0
2,03/13/2024 02:40:07 PM,03/13/2024 02:43:33 PM,N,1,97,97,1,0.32,5.1,0,0.5,1.32,0,,1,7.92,1,1,0
1,01/05/2024 02:48:56 PM,01/05/2024 03:16:04 PM,N,1,95,132,1,7.1,33.8,0,1.5,4,0,,1,39.3,1,1,0
2,10/14/2024 06:09:19 PM,10/14/2024 06:18:57 PM,N,1,74,41,1,1.34,10.7,0,0.5,2,0,,1,14.2,1,1,0
2,02/04/2024 06:29:31 PM,02/04/2024 06:35:43 PM,N,1,74,75,1,1.4,8.6,0,0.5,0,0,,1,10.1,2,1,0
1,03/02/2024 09:21:59 AM,03/02/2024 09:36:10 AM,N,1,196,92,1,0,20.5,0,1.5,0,0,,1,22,1,1,0
2,06/09/2024 10:14:00 PM,06/09/2024 10:40:56 PM,N,1,247,263,5,4.48,27.5,1,0.5,4,0,,1,36.75,1,1,2.75
2,04/09/2024 08:24:59 PM,04/09/2024 08:32:17 PM,N,1,75,74,1,1.78,10,1,0.5,0,0,,1,12.5,2,1,0
2,07/07/2024 02:31:16 PM,07/07/2024 02:53:05 PM,N,1,74,239,1,4.51,25.4,0,0.5,5.93,0,,1,35.58,1,1,2.75
2,01/04/2024 01:45:00 PM,01/04/2024 02:13:00 PM,,,197,38,,5.57,30.25,0,0,0,0,,1,31.25,,,
2,05/10/2024 08:28:37 AM,05/10/2024 08:35:41 AM,N,1,65,231,1,1.82,10.7,0,0.5,5,0,,1,19.95,1,1,2.75
1,02/17/2024 05:14:04 PM,02/17/2024 05:17:10 PM,N,1,41,166,1,0.3,4.4,0,1.5,0,0,,1,5.9,2,1,0
1,11/11/2024 03:32:26 PM,11/11/2024 03:44:04 PM,N,1,166,244,3,3.9,18.4,0,1.5,4.95,0,,1,24.85,1,1,0
2,06/26/2024 12:15:01 PM,06/26/2024 12:30:01 PM,N,1,97,49,2,1.4,14.2,0,0.5,3.14,0,,1,18.84,1,1,0
2,03/21/2024 08:47:53 AM,03/21/2024 08:59:23 AM,N,1,74,75,1,1.39,11.4,0,0.5,2.58,0,,1,15.48,1,1,0
2,04/09/2024 04:35:43 PM,04/09/2024 04:43:22 PM,N,1,75,74,2,1.32,9.3,2.5,0.5,2.66,0,,1,15.96,1,1,0
2,03/15/2024 04:02:47 PM,03/15/2024 04:18:23 PM,N,1,236,140,1,2.02,16.3,2.5,0.5,4.61,0,,1,27.66,1,1,2.75
2,06/05/2024 09:44:39 PM,06/05/2024 09:48:46 PM,N,1,75,263,1,0.74,6.5,1,0.5,2.35,0,,1,14.1,1,1,2.75
2,11/12/2024 05:11:00 PM,11/12/2024 06:27:00 PM,,,25,132,,14.63,62.83,0,0.5,14.87,0,,1,79.2,,,
2,02/24/2024 08:32:43 PM,02/24/2024 09:03:02 PM,N,1,129,258,1,5.89,31.7,1,0.5,0,0,,1,34.2,2,1,0
2,02/19/2024 04:59:20 PM,02/19/2024 05:13:43 PM,N,1,244,151,2,2.9,17.7,0,0.5,3.84,0,,1,23.04,1,1,0
2,01/11/2024 05:41:00 PM,01/11/2024 06:08:00 PM,,,75,119,,4.79,22.8,0,0,0,0,,1,23.8,,,
2,06/30/2024 02:38:33 AM,06/30/2024 02:40:53 AM,N,1,74,75,1,0.52,4.4,1,0.5,0,0,,1,6.9,2,1,0
2,08/27/2024 01:19:34 PM,08/27/2024 01:30:29 PM,N,1,82,129,5,2.59,14.9,0,0.5,0,0,,1,16.4,2,1,0
1,07/02/2024 12:38:54 PM,07/02/2024 01:13:29 PM,N,1,82,42,1,0,28.5,0,1.5,0,6.94,,1,36.94,1,1,0
2,06/03/2024 10:29:57 AM,06/03/2024 10:48:46 AM,N,1,166,75,1,2.44,18.4,0,0.5,0,0,,1,19.9,2,1,0
2,10/27/2024 10:17:46 PM,10/27/2024 10:27:27 PM,N,1,260,129,1,1.78,12.1,1,0.5,0,0,,1,14.6,2,1,0
2,11/06/2024 07:14:25 PM,11/06/2024 07:25:39 PM,N,1,74,24,1,2.11,12.8,2.5,0.5,3.36,0,,1,20.16,1,1,0
2,06/09/2024 07:50:23 PM,06/09/2024 08:21:11 PM,N,1,129,43,1,8.07,38,0,0.5,8,6.94,,1,57.19,1,1,2.75
2,01/25/2024 08:44:18 AM,01/25/2024 09:24:19 AM,N,1,129,116,1,8.76,44.3,0,0.5,0,6.94,,1,52.74,1,1,0
2,07/11/2024 11:39:17 PM,07/11/2024 11:51:58 PM,N,1,65,49,5,2,12.8,1,0.5,3.06,0,,1,18.36,1,1,0
2,08/02/2024 04:24:23 PM,08/02/2024 04:31:08 PM,N,1,260,260,6,0.6,7.2,2.5,0.5,0,0,,1,11.2,2,1,0
2,02/17/2024 11:50:00 AM,02/17/2024 12:13:27 PM,N,1,74,107,1,5.28,26.1,0,0.5,0,0,,1,30.35,2,1,2.75
1,09/21/2024 04:06:23 PM,09/21/2024 04:22:02 PM,N,1,74,223,1,3.7,18.4,0,1.5,6,6.94,,1,32.84,1,1,0
2,03/21/2024 01:57:42 PM,03/21/2024 02:06:40 PM,N,1,75,74,1,1.28,10.7,0,0.5,3,0,,1,15.2,1,1,0
2,04/21/2024 06:01:02 PM,04/21/2024 06:09:03 PM,N,1,74,236,1,1.9,11.4,0,0.5,1,0,,1,16.65,1,1,2.75
1,12/27/2024 09:00:19 AM,12/27/2024 09:52:04 AM,N,1,71,137,1,0,37.5,0,1.5,0,0,,1,39,1,1,0
2,08/29/2024 07:06:52 PM,08/29/2024 07:17:05 PM,N,1,134,197,1,1.39,11.4,2.5,0.5,0,0,,1,15.4,2,1,0
2,10/10/2024 10:36:06 PM,10/10/2024 10:41:42 PM,N,1,75,238,1,0,6.5,1,0.5,2.35,0,,1,14.1,1,1,2.75
2,07/01/2024 09:07:05 AM,07/01/2024 09:17:26 AM,N,1,41,75,1,1.5,10.7,0,0.5,0,0,,1,12.2,2,1,0
2,12/02/2024 06:09:07 PM,12/02/2024 06:25:21 PM,N,1,74,43,6,2.67,17,2.5,0.5,0.01,0,,1,23.76,1,1,2.75
2,09/23/2024 08:12:11 AM,09/23/2024 08:30:20 AM,N,1,41,239,1,2.03,17.7,0,0.5,0,0,,1,21.95,1,1,2.75
2,06/01/2024 09:37:28 PM,06/01/2024 09:59:17 PM,N,1,82,258,1,3.71,22.6,1,0.5,5.02,0,,1,30.12,1,1,0
2,09/19/2024 05:27:10 PM,09/19/2024 05:28:25 PM,N,5,223,223,1,0,14,0,0,0,0,,1,15,1,2,0
2,02/29/2024 06:15:21 PM,02/29/2024 06:22:50 PM,N,1,134,134,2,0.95,8.6,2.5,0.5,0,0,,1,12.6,1,1,0
2,04/19/2024 04:03:42 PM,04/19/2024 04:04:05 PM,N,1,42,42,1,0,3,2.5,0.5,0,0,,1,7,2,1,0
2,02/14/2024 07:04:41 PM,02/15/2024 06:59:49 PM,N,1,7,7,1,2.7,22.6,2.5,0.5,0,0,,1,26.6,2,1,0
2,01/01/2024 08:39:43 PM,01/01/2024 08:46:44 PM,N,1,166,43,1,1.86,10.7,1,0.5,3.19,0,,1,19.14,1,1,2.75
2,06/10/2024 03:24:37 PM,06/10/2024 03:44:00 PM,N,5,134,132,3,6.37,30,0,0,3,0,,1,34,1,2,0
2,10/07/2024 05:10:53 PM,10/07/2024 05:17:42 PM,N,1,75,74,5,1.44,9.3,2.5,0.5,2.66,0,,1,15.96,1,1,0
2,11/25/2024 05:08:47 PM,11/25/2024 05:23:00 PM,N,1,74,166,1,1.6,13.5,2.5,0.5,3.5,0,,1,21,1,1,0
2,10/31/2024 09:36:08 PM,10/31/2024 09:49:13 PM,N,1,74,70,1,7.7,31,6,0.5,8.95,6.94,,0.3,53.69,1,1,0
2,04/24/2024 07:48:56 PM,04/24/2024 07:48:59 PM,N,5,129,264,1,0,5,0,0,0,0,,1,6,1,2,0
1,11/02/2024 05:53:51 PM,11/02/2024 06:02:17 PM,N,1,74,236,1,1.6,10.7,0,1.5,2,0,,1,14.2,1,1,0
2,05/23/2024 06:46:50 AM,05/23/2024 06:55:52 AM,N,1,74,166,1,1.72,11.4,0,0.5,2.58,0,,1,15.48,1,1,0
2,04/28/2024 06:43:14 PM,04/28/2024 06:59:36 PM,N,1,74,244,1,4.09,21.2,0,0.5,5.68,0,,1,28.38,1,1,0
2,01/29/2024 09:28:08 AM,01/29/2024 09:40:54 AM,N,1,74,166,1,1.8,12.8,0,0.5,5,0,,1,19.3,1,1,0
1,08/01/2024 07:59:04 PM,08/01/2024 08:26:18 PM,N,1,36,77,1,0,21.5,0,1.5,0,0,,1,23,1,1,0
2,05/24/2024 07:27:46 AM,05/24/2024 07:34:33 AM,N,1,75,263,1,0.58,7.2,0,0.5,2.61,0,,1,11.31,1,1,0
2,05/17/2024 11:50:42 AM,05/17/2024 11:57:32 AM,N,1,75,262,1,0.64,7.9,0,0.5,2.43,0,,1,14.58,1,1,2.75
1,04/02/2024 02:15:46 PM,04/02/2024 02:50:42 PM,N,1,26,71,1,0,21.5,0,1.5,0,0,,1,23,1,1,0
2,02/21/2024 04:16:00 AM,02/21/2024 04:42:00 AM,,,42,132,,18.19,58.62,0,0,4,6.94,,1,70.56,,,
2,10/22/2024 07:35:58 AM,10/22/2024 07:53:29 AM,N,1,116,246,1,6.17,26.1,0,0.5,6.07,0,,1,36.42,1,1,2.75
2,02/06/2024 09:49:34 PM,02/06/2024 10:08:20 PM,N,5,41,208,1,8.3,29,0,0,0,0,,1,30,1,2,0
2,11/05/2024 08:42:40 AM,11/05/2024 08:54:06 AM,N,1,97,190,1,1.5,12.1,0,0.5,2.72,0,,1,16.32,1,1,0
2,05/25/2024 09:51:30 PM,05/25/2024 09:56:38 PM,N,1,95,95,1,1.19,7.9,1,0.5,2,0,,1,12.4,1,1,0
2,05/15/2024 04:45:51 PM,05/15/2024 05:57:46 PM,N,1,75,66,2,9.21,62.5,2.5,0.5,13.85,0,,1,83.1,1,1,2.75
2,01/24/2024 11:52:29 AM,01/24/2024 12:00:46 PM,N,1,74,41,1,1.01,9.3,0,0.5,3,0,,1,13.8,1,1,0
2,12/03/2024 10:18:52 PM,12/03/2024 10:36:36 PM,N,1,66,66,1,5.7,26.1,1,0.5,5.72,0,,1,34.32,1,1,0
1,04/07/2024 03:12:42 PM,04/07/2024 03:44:32 PM,N,1,97,178,1,5.7,34.5,0,1.5,7.2,0,,1,43.2,1,1,0
2,01/20/2024 08:40:45 PM,01/21/2024 07:50:18 PM,N,1,82,129,1,1.25,10.7,1,0.5,0,0,,1,13.2,2,1,0
2,08/21/2024 10:39:18 AM,08/21/2024 10:55:37 AM,N,1,166,263,5,3.05,18.4,0,0.5,5.66,0,,1,28.31,1,1,2.75
2,06/25/2024 10:42:00 AM,06/25/2024 10:48:00 AM,,,193,145,,1.34,12.48,0,0,2.34,0,,1,15.82,,,
1,06/26/2024 08:23:41 AM,06/26/2024 08:35:33 AM,N,1,7,7,1,0,16.5,0,1.5,0,0,,1,18,1,1,0
2,10/31/2024 12:50:43 PM,10/31/2024 01:07:42 PM,N,1,74,166,1,1.97,14.9,0,0.5,0,0,,1,16.4,2,1,0
2,12/20/2024 11:50:30 AM,12/20/2024 12:22:31 PM,N,1,75,79,1,5.74,33.8,0,0.5,1,0,,1,39.05,1,1,2.75
2,02/27/2024 03:03:24 PM,02/27/2024 03:16:24 PM,N,1,75,239,1,1.42,12.8,0,0.5,4.26,0,,1,21.31,1,1,2.75
1,04/29/2024 05:30:28 PM,04/29/2024 05:41:15 PM,N,1,65,66,2,1.6,12.1,2.5,1.5,1,0,,1,17.1,1,1,0
2,07/11/2024 08:59:44 AM,07/11/2024 09:14:19 AM,N,1,74,41,1,1.43,14.2,0,0.5,3,0,,0.3,18,1,1,0
2,07/17/2024 04:27:18 PM,07/17/2024 04:31:36 PM,N,1,75,238,1,1,7.2,2.5,0.5,4.18,0,,1,18.13,1,1,2.75
2,10/23/2024 05:28:39 PM,10/23/2024 05:49:27 PM,N,1,74,238,1,2.45,19.8,2.5,0.5,5.95,0,,1,29.75,1,1,0
2,04/17/2024 10:19:44 AM,04/17/2024 10:40:04 AM,N,1,75,161,6,2.54,19.1,0,0.5,2.34,0,,1,25.69,1,1,2.75
2,01/13/2024 09:00:59 PM,01/13/2024 09:34:36 PM,N,1,42,249,1,1.21,28.2,1,0.5,0,0,,1,33.45,2,1,2.75
2,10/17/2024 02:31:46 PM,10/17/2024 02:36:11 PM,N,1,97,97,1,0.55,5.8,0,0.5,1.2,0,,1,8.5,1,1,0
2,12/07/2024 07:09:26 PM,12/07/2024 07:32:26 PM,N,1,75,116,1,3.97,24,0,0.5,5.1,0,,1,30.6,1,1,0
2,02/14/2024 01:25:35 PM,02/14/2024 01:43:25 PM,N,1,74,239,1,3.4,19.1,0,0.5,0,0,,1,23.35,2,1,2.75
1,03/06/2024 04:10:15 PM,03/06/2024 04:24:14 PM,N,1,95,121,1,2.6,15.6,2.5,1.5,4.9,0,,1,24.5,1,1,0
1,04/04/2024 02:04:19 PM,04/04/2024 02:17:46 PM,N,1,223,138,1,3.5,18.4,5,1.5,0,0,,1,24.9,2,1,0
2,01/06/2024 05:33:06 PM,01/06/2024 05:51:09 PM,N,1,130,121,1,2.97,18.4,0,0.5,2.89,0,,1,22.79,1,1,0
2,11/18/2024 07:51:14 AM,11/18/2024 08:07:19 AM,N,1,244,151,1,4.28,20.5,0,0.5,0,0,,1,22,2,1,0
1,05/07/2024 12:06:15 PM,05/07/2024 12:21:22 PM,N,1,74,244,1,4.4,21.2,0,1.5,0,0,,1,22.7,2,1,0
2,04/15/2024 05:01:20 AM,04/15/2024 05:01:25 AM,N,5,129,129,2,0,120,0,0,0,0,,1,121,1,2,0
2,04/11/2024 08:23:22 PM,04/11/2024 08:32:45 PM,N,1,25,54,1,1.36,10.7,1,0.5,2.64,0,,1,15.84,1,1,0
2,09/24/2024 10:39:11 AM,09/24/2024 11:03:13 AM,N,1,74,239,6,3.67,22.6,0,0.5,5.37,0,,1,32.22,1,1,2.75
2,11/14/2024 08:43:11 AM,11/14/2024 08:58:58 AM,N,1,95,121,1,2.72,17,0,0.5,3.7,0,,1,22.2,1,1,0
2,12/13/2024 08:13:37 PM,12/13/2024 08:13:40 PM,N,5,260,264,1,0,15,0,0,0,0,,1,16,1,2,0
1,12/14/2024 07:35:22 PM,12/14/2024 07:47:45 PM,N,1,166,239,2,2.1,14.2,2.75,1.5,3.65,0,,1,22.1,1,1,2.75
1,05/08/2024 10:29:11 AM,05/08/2024 10:33:33 AM,N,1,210,210,1,0,5.8,0,1.5,0,0,,1,7.3,1,1,0
1,12/11/2024 04:10:04 PM,12/11/2024 04:16:35 PM,N,1,166,152,1,1.2,7.9,2.5,1.5,0,0,,1,11.9,1,1,0
2,03/05/2024 07:29:47 AM,03/05/2024 07:40:22 AM,N,1,43,141,1,2.19,12.8,0,0.5,1.95,0,,1,19,1,1,2.75
2,04/12/2024 07:55:26 PM,04/12/2024 08:00:27 PM,N,1,95,134,1,1.08,7.9,2.5,0.5,1,0,,1,12.9,1,1,0
2,12/11/2024 09:17:05 AM,12/11/2024 09:28:27 AM,N,1,24,75,6,2.18,12.8,0,0.5,2.86,0,,1,17.16,1,1,0
2,12/23/2024 01:22:16 AM,12/23/2024 01:43:52 AM,N,1,82,129,1,1.54,10.7,1,0.5,0,0,,1,13.2,2,1,0
2,11/06/2024 05:04:00 AM,11/06/2024 05:39:00 AM,,,41,132,,18.23,62.92,0,0.5,14.27,6.94,,1,85.63,,,
2,04/19/2024 02:47:16 PM,04/19/2024 02:56:32 PM,N,1,74,151,1,1.69,10,0,0.5,0,0,,1,11.5,2,1,0
1,05/09/2024 05:40:34 PM,05/09/2024 06:01:44 PM,N,1,75,163,1,2.9,21.2,5.25,1.5,4.75,0,,1,32.7,1,1,2.75
2,11/29/2024 02:18:43 PM,11/29/2024 02:50:22 PM,N,1,51,235,1,6.58,35.2,0,0.5,0,0,,1,36.7,2,1,0
2,04/17/2024 06:39:35 AM,04/17/2024 06:43:59 AM,N,1,95,95,1,0.84,7.2,0,0.5,0,0,,1,8.7,2,1,0
1,01/16/2024 01:44:40 PM,01/16/2024 01:53:23 PM,N,1,75,262,1,1.4,8.6,2.75,1.5,2.55,0,,1,15.4,1,1,2.75
2,01/18/2024 07:00:43 AM,01/18/2024 07:08:46 AM,N,1,74,75,1,1.33,9.3,0,0.5,2.16,0,,1,12.96,1,1,0
2,08/09/2024 08:27:45 AM,08/09/2024 08:44:38 AM,N,1,116,239,1,3.88,20.5,0,0.5,4.95,0,,1,29.7,1,1,2.75
2,03/20/2024 01:27:56 PM,03/20/2024 01:37:00 PM,N,1,41,42,1,1.24,10,0,0.5,0,0,,1,11.5,2,1,0
2,03/21/2024 11:53:08 AM,03/21/2024 11:57:41 AM,N,1,129,82,3,0.53,6.5,0,0.5,0,0,,1,8,2,1,0
2,12/22/2024 12:37:43 PM,12/22/2024 12:48:43 PM,N,1,74,262,1,2.48,13.5,0,0.5,3.55,0,,1,21.3,1,1,2.75
2,05/20/2024 01:12:43 PM,05/20/2024 01:23:19 PM,N,1,152,166,1,1.35,10.7,0,0.5,0,0,,1,12.2,2,1,0
2,03/16/2024 06:44:14 PM,03/16/2024 07:04:19 PM,N,1,83,92,1,6.94,30.3,0,0.5,7.95,0,,1,39.75,1,1,0
2,03/14/2024 08:52:01 AM,03/14/2024 08:56:31 AM,N,1,74,41,1,0.83,6.5,0,0.5,1.6,0,,1,9.6,1,1,0
2,03/06/2024 05:22:22 PM,03/06/2024 05:30:10 PM,N,1,75,74,1,1.52,10,2.5,0.5,2.01,0,,1,16.01,1,1,0
2,01/18/2024 04:04:48 PM,01/18/2024 04:04:49 PM,N,1,244,264,1,0,3,0,0.5,0,0,,1,4.5,2,1,0
2,01/11/2024 08:54:43 PM,01/11/2024 09:02:53 PM,N,1,7,7,1,1.24,9.3,1,0.5,2.95,0,,1,14.75,1,1,0
2,08/03/2024 02:00:45 PM,08/03/2024 02:17:35 PM,N,1,82,260,1,2.83,17.7,0,0.5,0,0,,1,19.2,2,1,0
2,10/30/2024 05:35:40 PM,10/30/2024 05:48:05 PM,N,1,74,75,1,1.45,12.1,2.5,0.5,3.22,0,,1,19.32,1,1,0
2,02/29/2024 09:08:48 AM,02/29/2024 09:14:46 AM,N,1,74,74,1,0.73,7.2,0,0.5,0,0,,1,8.7,2,1,0
2,07/10/2024 09:50:29 AM,07/10/2024 10:02:38 AM,N,1,74,75,1,1.86,12.8,0,0.5,0,0,,1,14.3,2,1,0
2,08/23/2024 08:35:00 PM,08/23/2024 09:03:00 PM,,,106,138,,11.82,43.83,0,0,8.87,0,,1,53.7,,,
2,02/12/2024 09:20:43 AM,02/12/2024 09:22:49 AM,N,1,166,151,2,0.72,5.1,0,0.5,1.32,0,,1,7.92,1,1,0
2,10/29/2024 06:10:34 PM,10/29/2024 06:32:55 PM,N,1,193,233,1,3.38,20.5,2.5,0.5,4.09,0,,1,31.34,1,1,2.75
2,11/21/2024 05:14:24 PM,11/21/2024 05:38:44 PM,N,1,82,138,1,3.74,22.6,7.5,0.5,7.9,0,,1,39.5,1,1,0
2,05/07/2024 08:53:54 AM,05/07/2024 09:10:21 AM,N,1,75,239,6,2.16,17,0,0.5,4.25,0,,1,25.5,1,1,2.75
2,05/10/2024 06:33:32 PM,05/10/2024 06:41:08 PM,N,1,134,134,1,1.05,8.6,2.5,0.5,3.15,0,,1,15.75,1,1,0
2,05/27/2024 02:37:41 PM,05/27/2024 03:02:54 PM,N,1,97,17,2,2.29,22.6,0,0.5,4.82,0,,1,28.92,1,1,0
2,04/03/2024 10:13:48 PM,04/03/2024 10:18:08 PM,N,1,82,129,1,0.74,6.5,1,0.5,2.7,0,,1,11.7,1,1,0
2,12/26/2024 04:02:11 PM,12/26/2024 04:12:30 PM,N,1,74,75,1,1.5,11.4,2.5,0.5,2,0,,1,17.4,1,1,0
1,10/09/2024 07:05:36 PM,10/09/2024 07:13:15 PM,N,1,97,49,1,1.3,9.3,2.5,1.5,2,0,,1,15.3,1,1,0
2,05/28/2024 03:41:34 PM,05/28/2024 03:49:10 PM,N,1,75,74,2,1.26,9.3,0,0.5,1.08,0,,1,11.88,1,1,0
2,05/25/2024 12:09:39 PM,05/25/2024 12:20:17 PM,N,1,74,236,1,1.81,12.1,0,0.5,0,0,,1,16.35,2,1,2.75
1,07/09/2024 03:56:57 PM,07/09/2024 04:23:26 PM,N,1,225,25,1,0,19.5,0,1.5,0,0,,1,21,1,1,0
2,03/26/2024 04:27:58 PM,03/26/2024 05:08:04 PM,N,1,97,89,1,4.02,33.8,2.5,0.5,7.56,0,,1,45.36,1,1,0
2,09/02/2024 04:13:38 PM,09/02/2024 04:26:49 PM,N,1,95,102,1,2.8,15.6,0,0.5,2,0,,1,19.1,1,1,0
2,02/15/2024 03:35:37 PM,02/15/2024 03:43:05 PM,N,1,82,260,1,0.69,8.6,0,0.5,0,0,,1,10.1,2,1,0
2,01/19/2024 02:34:17 AM,01/19/2024 02:44:19 AM,N,1,82,82,1,0.03,10,1,0.5,0,0,,1,12.5,2,1,0
2,05/10/2024 05:55:58 PM,05/10/2024 06:05:23 PM,N,1,74,74,1,0.83,10,2.5,0.5,1,0,,1,15,1,1,0
2,05/24/2024 04:40:44 PM,05/24/2024 04:43:24 PM,N,1,41,41,1,0.29,5.1,2.5,0.5,0,0,,1,9.1,1,1,0
2,01/10/2024 03:36:07 PM,01/10/2024 03:50:53 PM,N,1,244,42,1,4.22,21.9,0,0.5,4.68,0,,1,28.08,1,1,0
2,04/12/2024 10:58:04 PM,04/12/2024 11:16:05 PM,N,1,130,9,1,6.81,29.6,1,0.5,6.42,0,,1,38.52,1,1,0
2,06/19/2024 07:24:35 PM,06/19/2024 07:36:29 PM,N,1,95,95,1,1.24,12.1,2.5,0.5,2,0,,1,18.1,1,1,0
2,05/05/2024 03:04:00 AM,05/05/2024 03:12:06 AM,N,1,112,80,1,1.24,10,1,0.5,2.5,0,,1,15,1,1,0
2,11/30/2024 09:49:51 AM,11/30/2024 09:58:01 AM,N,1,130,197,1,1.78,11.4,0,0.5,0,0,,1,12.9,2,1,0
1,06/18/2024 07:10:16 PM,06/18/2024 07:11:16 PM,N,1,75,75,1,0.2,3.7,2.5,1.5,0,0,,1,7.7,2,1,0
2,12/12/2024 03:20:33 PM,12/12/2024 04:01:58 PM,N,1,66,100,1,6.56,38.7,0,0.5,8.59,0,,1,51.54,1,1,2.75
2,01/11/2024 04:40:23 PM,01/11/2024 05:31:48 PM,N,1,75,33,1,9.54,49.2,2.5,0.5,0,0,,1,55.95,1,1,2.75
2,05/24/2024 11:56:34 AM,05/24/2024 12:08:20 PM,N,1,43,236,1,1.18,12.1,0,0.5,3.27,0,,1,19.62,1,1,2.75
2,08/14/2024 08:39:24 PM,08/14/2024 08:46:10 PM,N,1,41,75,1,1.4,9.3,1,0.5,2.36,0,,1,14.16,1,1,0
2,12/04/2024 11:04:00 PM,12/04/2024 11:19:24 PM,N,1,223,223,1,2.12,10.7,1,0.5,0,0,,1,13.2,2,1,0
2,11/27/2024 01:32:43 PM,11/27/2024 01:43:36 PM,N,1,75,238,1,1.17,11.4,0,0.5,3.22,0,,1,16.12,1,1,0
2,05/29/2024 09:13:51 AM,05/29/2024 09:29:36 AM,N,1,74,236,1,2.27,15.6,0,0.5,2.38,0,,1,22.23,1,1,2.75
1,01/26/2024 11:25:17 AM,01/26/2024 11:36:39 AM,N,1,29,108,1,1.7,10.7,0,1.5,1.5,0,,1,13.7,1,1,0
2,10/13/2024 03:47:44 PM,10/13/2024 03:48:30 PM,N,1,193,193,1,0,-3,0,-0.5,0,0,,-1,-4.5,3,1,0
2,02/08/2024 05:36:00 AM,02/08/2024 05:58:00 AM,,,254,168,,7.85,33.17,0,0,6.83,0,,1,41,,,
2,11/12/2024 09:13:22 AM,11/12/2024 09:21:57 AM,N,1,129,129,2,1.07,10,0,0.5,0,0,,1,11.5,2,1,0
1,02/27/2024 09:28:47 AM,02/27/2024 09:42:12 AM,N,1,74,236,1,2.2,12.8,2.75,1.5,3.4,0,,1,20.45,1,1,2.75
2,01/20/2024 02:35:09 PM,01/20/2024 02:51:03 PM,N,1,74,162,1,3.56,19.8,0,0.5,4.67,0,,0.3,28.02,1,1,2.75
2,01/25/2024 05:08:52 PM,01/25/2024 05:23:25 PM,N,1,74,151,1,1.9,14.2,2.5,0.5,2.73,0,,1,20.93,1,1,0
2,10/12/2024 10:49:56 AM,10/12/2024 11:07:00 AM,N,1,166,236,1,2.57,17.7,0,0.5,0,0,,1,21.95,2,1,2.75
2,09/18/2024 09:19:15 PM,09/18/2024 09:43:20 PM,N,1,93,75,1,10.2,41.5,1,0.5,10.19,6.94,,1,61.13,1,1,0
2,08/23/2024 09:19:58 PM,08/23/2024 09:33:49 PM,N,1,74,119,2,3.52,18.4,1,0.5,0,0,,1,20.9,2,1,0
1,05/13/2024 05:00:26 PM,05/13/2024 05:03:17 PM,N,1,157,157,1,0.4,5.1,2.5,1.5,0,0,,1,9.1,3,1,0
2,03/21/2024 04:35:39 PM,03/21/2024 04:38:17 PM,N,1,43,236,1,0.45,5.1,2.5,0.5,2.96,0,,1,14.81,1,1,2.75
2,03/14/2024 08:26:49 AM,03/14/2024 08:34:01 AM,N,1,74,74,1,0.75,7.9,0,0.5,1.88,0,,1,11.28,1,1,0
2,12/28/2024 11:35:42 PM,12/28/2024 11:41:56 PM,N,1,74,41,1,0.9,7.9,1,0.5,2.08,0,,1,12.48,1,1,0
1,07/02/2024 11:03:17 AM,07/02/2024 11:15:29 AM,N,1,76,216,1,0,21.5,0,1.5,0,0,,1,23,1,1,0
2,01/02/2024 05:22:09 PM,01/02/2024 05:30:39 PM,N,1,75,74,1,1.83,10.7,2.5,0.5,2.94,0,,1,17.64,1,1,0
2,02/12/2024 11:26:04 AM,02/12/2024 11:31:38 AM,N,1,166,152,1,1.05,7.9,0,0.5,2.35,0,,1,11.75,1,1,0
2,06/30/2024 07:57:29 PM,06/30/2024 08:58:13 PM,N,1,66,42,2,13.93,71.6,1,0.5,15.37,0,,1,92.22,1,1,2.75
2,09/13/2024 05:30:30 AM,09/13/2024 05:43:46 AM,N,1,82,160,1,2.17,11,0.5,0.5,0,0,,0.3,12.3,2,1,0
2,10/21/2024 05:33:16 PM,10/21/2024 05:41:17 PM,N,1,74,41,1,0.92,9.3,2.5,0.5,0,0,,1,13.3,2,1,0
2,10/22/2024 05:36:12 PM,10/22/2024 05:55:25 PM,N,1,130,205,1,3.61,19.8,2.5,0.5,0,0,,1,23.8,2,1,0
1,05/12/2024 02:54:41 PM,05/12/2024 03:20:23 PM,N,1,196,37,1,5.3,28.9,0,1.5,0,0,,1,30.4,2,1,0
2,05/14/2024 03:27:35 PM,05/14/2024 03:41:47 PM,N,1,75,262,1,1.89,14.2,0,0.5,0,0,,1,18.45,2,1,2.75
2,06/07/2024 01:04:55 AM,06/07/2024 01:23:57 AM,N,1,249,256,1,3.81,21.9,1,0.5,5,0,,1,31.9,1,1,2.5
2,07/10/2024 05:37:16 PM,07/10/2024 05:58:44 PM,N,1,43,107,1,4.89,25.4,2.5,0.5,0,0,,1,32.15,2,1,2.75
1,08/29/2024 05:24:20 AM,08/29/2024 05:50:19 AM,N,1,219,201,0,11.8,47.8,1,1.5,10,5.2,,1,65.5,1,1,0
2,04/25/2024 03:45:49 PM,04/25/2024 03:52:02 PM,N,1,75,74,1,1.33,8.6,0,0.5,0,0,,1,10.1,2,1,0
2,10/28/2024 02:21:35 AM,10/28/2024 02:26:06 AM,N,1,256,256,2,0.84,6.5,1,0.5,1.8,0,,1,10.8,1,1,0
2,02/25/2024 03:35:20 PM,02/25/2024 03:41:27 PM,N,1,74,236,1,1.6,9.3,0,0.5,2.7,0,,1,13.5,1,1,0
2,04/27/2024 08:30:50 PM,04/27/2024 08:51:25 PM,N,1,74,140,1,3.13,20.5,1,0.5,5.15,0,,1,30.9,1,1,2.75
2,12/21/2024 12:54:34 AM,12/21/2024 01:00:31 AM,N,1,55,55,1,1.15,7.9,1,0.5,0,0,,1,10.4,2,1,0
2,04/01/2024 09:54:31 AM,04/01/2024 10:03:08 AM,N,1,41,75,1,1.36,10,0,0.5,0,0,,1,11.5,2,1,0
2,10/12/2024 05:33:19 PM,10/12/2024 05:48:29 PM,N,1,74,24,1,2.16,15.6,0,0.5,4,0,,1,21.1,1,1,0
2,12/25/2024 09:48:11 PM,12/25/2024 10:02:45 PM,N,1,130,53,1,6.38,27.5,1,0.5,6,0,,1,36,1,1,0
2,12/17/2024 01:43:50 PM,12/17/2024 01:44:49 PM,N,1,42,42,1,0.08,3.7,0,0.5,0,0,,1,5.2,2,1,0
2,11/19/2024 10:32:39 AM,11/19/2024 10:45:13 AM,N,1,74,166,1,1.95,13.5,0,0.5,0,0,,1,15,2,1,0
2,09/25/2024 06:01:09 PM,09/25/2024 06:15:09 PM,N,1,230,239,1,1.58,13.5,2.5,0.5,5,0,,1,25,1,1,2.5
2,06/20/2024 11:08:49 AM,06/20/2024 11:21:07 AM,N,1,24,236,1,2.2,14.2,0,0.5,3.69,0,,1,22.14,1,1,2.75
2,09/23/2024 01:03:13 PM,09/23/2024 01:10:25 PM,N,1,95,134,1,0.98,9.3,0,0.5,0,0,,1,10.8,2,1,0
1,10/22/2024 07:54:20 AM,10/22/2024 08:11:32 AM,N,1,74,75,1,1.4,12.1,0,1.5,2,0,,1,15.6,1,1,0
2,12/05/2024 04:10:51 PM,12/05/2024 04:16:34 PM,N,1,75,74,1,1.2,7.9,2.5,0.5,2,0,,1,13.9,1,1,0
2,05/31/2024 11:57:02 PM,05/31/2024 11:57:07 PM,N,5,22,22,3,0.03,95,0,0,19.2,0,,1,115.2,1,2,0
1,05/26/2024 01:54:14 PM,05/26/2024 02:02:44 PM,N,1,166,239,1,1.7,10.7,2.75,1.5,0,0,,1,14.95,2,1,2.75
2,08/03/2024 07:00:44 PM,08/03/2024 07:14:28 PM,N,1,74,75,1,1.54,13.5,0,0.5,3,0,,1,18,1,1,0
2,06/24/2024 12:48:08 PM,06/24/2024 01:30:03 PM,N,1,226,95,5,5.27,40.1,0,0.5,0,0,,1,41.6,2,1,0
2,11/07/2024 05:33:34 PM,11/07/2024 06:06:00 PM,N,1,75,7,2,5.85,31,2.5,0.5,0,6.94,,1,41.94,2,1,0
2,08/22/2024 07:49:39 PM,08/22/2024 08:12:43 PM,N,1,66,256,1,7.67,38,2.5,0.5,5,0,,1,47,1,1,0
2,10/24/2024 10:58:36 AM,10/24/2024 11:15:56 AM,N,1,43,237,2,1.57,15.6,0,0.5,3.97,0,,1,23.82,1,1,2.75
2,01/08/2024 12:02:52 AM,01/08/2024 12:12:01 AM,N,1,260,226,1,1.73,11.4,1,0.5,4.17,0,,1,18.07,1,1,0
2,03/15/2024 07:29:00 AM,03/15/2024 07:50:00 AM,,,244,74,,4.17,22.38,0,0,4.58,0,,1,27.96,,,
2,02/05/2024 09:06:14 PM,02/05/2024 09:06:19 PM,N,5,123,123,1,0,27,0,0,0,0,,1,28,1,2,0
2,04/14/2024 08:06:21 PM,04/14/2024 08:39:51 PM,N,1,97,89,1,4.62,29.6,1,0.5,0,0,,1,32.1,2,1,0
2,04/23/2024 03:40:51 PM,04/23/2024 03:48:47 PM,N,1,75,74,1,1.43,10,0,0.5,2.3,0,,1,13.8,1,1,0
2,10/24/2024 08:10:01 PM,10/24/2024 08:15:17 PM,N,1,97,25,1,0.43,6.5,1,0.5,0,0,,1,9,1,1,0
2,05/22/2024 07:31:40 PM,05/22/2024 07:43:25 PM,N,1,75,239,1,2.5,14.9,2.5,0.5,4.33,0,,1,25.98,1,1,2.75
2,02/23/2024 03:51:43 PM,02/23/2024 04:39:14 PM,N,5,42,170,1,5.13,29,0,0,0,0,,1,32.75,1,2,2.75
2,07/19/2024 01:26:17 PM,07/19/2024 01:35:27 PM,N,1,95,135,1,1.41,10.7,0,0.5,2.44,0,,1,14.64,1,1,0
2,09/05/2024 07:09:24 PM,09/05/2024 07:19:55 PM,N,1,166,41,1,1.3,10.7,2.5,0.5,2,0,,0.3,16,1,1,0
2,06/02/2024 03:43:20 PM,06/02/2024 04:00:52 PM,N,1,130,218,3,3.28,19.1,0,0.5,4.12,0,,1,24.72,1,1,0
2,10/03/2024 03:00:36 PM,10/03/2024 03:10:30 PM,N,1,166,43,1,1.48,10.7,0,0.5,2.44,0,,1,14.64,1,1,0
2,08/23/2024 04:02:25 PM,08/23/2024 04:25:52 PM,N,1,244,229,1,8.73,35.2,0,0.5,7.89,0,,1,47.34,1,1,2.75
2,01/10/2024 07:51:37 PM,01/10/2024 07:56:50 PM,N,1,134,134,1,1.22,7.2,2.5,0.5,2.24,0,,1,13.44,1,1,0
1,10/28/2024 10:48:19 AM,10/28/2024 11:03:45 AM,N,1,166,263,1,2.8,17,2.75,1.5,0,0,,1,21.25,2,1,2.75
2,03/14/2024 01:55:00 PM,03/14/2024 02:44:00 PM,,,65,1,,15.55,74.77,0,0,0,13.38,,1,89.15,,,
2,05/13/2024 03:42:06 AM,05/13/2024 04:22:13 AM,N,1,129,28,1,10.92,54.1,1,0.5,0,0,,1,56.6,2,1,0
2,07/10/2024 12:53:25 PM,07/10/2024 01:07:37 PM,N,1,43,143,1,2.64,15.6,0,0.5,3.97,0,,1,23.82,1,1,2.75
2,09/28/2024 06:42:12 PM,09/28/2024 06:49:38 PM,N,1,74,74,1,0.89,7.9,0,0.5,0,0,,1,9.4,2,1,0
2,03/30/2024 01:33:21 AM,03/30/2024 01:41:40 AM,N,1,82,226,1,1.66,10,1,0.5,3.75,0,,1,16.25,1,1,0
2,03/29/2024 11:37:53 AM,03/29/2024 01:08:59 PM,N,1,55,161,1,19.09,100.3,0,0.5,0,6.94,,1,111.49,2,1,2.75
2,12/12/2024 09:19:07 PM,12/12/2024 09:35:54 PM,N,1,82,160,1,3.54,19.1,1,0.5,10,0,,1,31.6,1,1,0
2,02/06/2024 06:21:19 PM,02/06/2024 06:39:31 PM,N,1,74,238,1,2.85,18.4,2.5,0.5,5.03,0,,1,30.18,1,1,2.75
2,01/13/2024 04:13:02 PM,01/13/2024 04:19:12 PM,N,1,75,238,1,1.08,8.6,0,0.5,2.02,0,,1,12.12,1,1,0
2,08/31/2024 10:09:38 PM,08/31/2024 10:57:53 PM,N,1,93,232,1,14.46,62.5,1,0.5,14.94,6.94,,1,89.63,1,1,2.75
2,02/01/2024 04:44:18 PM,02/01/2024 05:06:47 PM,N,1,41,168,2,2.88,21.2,2.5,0.5,0,0,,1,25.2,2,1,0
2,06/04/2024 05:27:48 PM,06/04/2024 06:03:49 PM,N,1,82,53,1,8,38.7,2.5,0.5,5,0,,1,47.7,1,1,0
2,11/13/2024 11:42:30 AM,11/13/2024 12:08:47 PM,N,1,166,43,1,3.18,24,0,0.5,5.65,0,,1,33.9,1,1,2.75
2,07/03/2024 08:14:51 PM,07/03/2024 08:39:15 PM,N,1,83,92,1,7,32.4,1,0.5,0,0,,1,34.9,2,1,0
2,03/26/2024 06:12:37 PM,03/26/2024 06:19:13 PM,N,1,75,74,1,1.3,8.6,2.5,0.5,1.89,0,,1,14.49,1,1,0
2,05/05/2024 11:24:09 AM,05/05/2024 11:27:13 AM,N,1,74,74,1,0.78,5.8,0,0.5,1.46,0,,1,8.76,1,1,0
2,03/21/2024 08:31:08 AM,03/21/2024 08:54:35 AM,N,1,74,140,1,3.67,24,0,0.5,7.06,0,,1,35.31,1,1,2.75
2,07/15/2024 07:23:16 PM,07/15/2024 07:27:55 PM,N,1,223,223,5,0.75,6.5,2.5,0.5,2.1,0,,1,12.6,1,1,0
2,12/30/2024 12:35:01 PM,12/30/2024 12:47:19 PM,N,1,129,129,1,0.87,12.1,0,0.5,0,0,,1,13.6,2,1,0
2,08/25/2024 03:32:27 PM,08/25/2024 03:42:58 PM,N,1,74,263,1,2.37,13.5,0,0.5,3.55,0,,1,21.3,1,1,2.75
1,08/29/2024 12:23:04 AM,08/29/2024 12:24:27 AM,N,5,260,260,1,0.8,0,0,0,0,0,,0,0,3,2,0
2,05/15/2024 11:25:24 PM,05/15/2024 11:28:51 PM,N,1,41,42,2,0.48,5.1,1,0.5,0,0,,1,7.6,2,1,0
2,05/02/2024 09:07:17 AM,05/02/2024 09:17:09 AM,N,1,74,166,1,1.62,11.4,0,0.5,2.58,0,,1,15.48,1,1,0
2,03/02/2024 03:10:56 PM,03/02/2024 03:15:03 PM,N,1,74,263,1,0.9,6.5,0,0.5,0,0,,1,10.75,2,1,2.75
1,08/30/2024 01:14:32 PM,08/30/2024 01:36:40 PM,N,1,75,43,1,0,18.4,2.75,1.5,0,0,,1,22.65,2,1,2.75
2,12/19/2024 05:34:25 PM,12/19/2024 06:05:41 PM,N,5,7,53,1,6.44,44,0,0,0,0,,1,45,2,2,0
2,02/02/2024 10:39:00 AM,02/02/2024 10:50:00 AM,,,3,213,,3.88,17.74,0,0,0,0,,1,18.74,,,
2,02/07/2024 10:56:32 AM,02/07/2024 11:00:24 AM,N,5,74,74,2,0.91,45,0,0,0,0,,1,46,1,2,0
2,08/02/2024 12:01:19 PM,08/02/2024 12:19:02 PM,N,1,97,61,1,2.17,17.7,0,0.5,3.84,0,,1,23.04,1,1,0
2,12/12/2024 11:09:06 PM,12/12/2024 11:16:14 PM,N,1,75,74,1,1.72,10,1,0.5,0,0,,1,12.5,1,1,0
2,02/01/2024 12:06:00 PM,02/01/2024 12:26:00 PM,,,244,136,,2.8,17.06,0,0,0,0,,0.3,17.36,,,
1,04/21/2024 01:56:26 PM,04/21/2024 02:04:47 PM,N,1,75,229,1,2.9,14.2,2.75,1.5,2,0,,1,20.45,1,1,2.75
2,08/11/2024 04:03:18 PM,08/11/2024 04:33:15 PM,N,1,74,7,1,7.18,36.6,0,0.5,10.21,0,,1,51.06,1,1,2.75
1,06/20/2024 02:07:16 PM,06/20/2024 02:25:16 PM,N,1,74,262,1,2.5,17.7,2.75,1.5,4.35,0,,1,26.3,1,1,2.75
2,04/12/2024 04:30:19 PM,04/12/2024 04:45:37 PM,N,1,95,121,2,0,13.5,2.5,0.5,3.5,0,,1,21,1,1,0
2,06/20/2024 05:56:49 PM,06/20/2024 06:03:27 PM,N,1,75,74,1,1.27,8.6,2.5,0.5,0,0,,1,12.6,2,1,0
2,07/01/2024 04:13:25 PM,07/01/2024 04:35:13 PM,N,1,244,200,2,5.6,28.9,2.5,0.5,0,3.18,,1,36.08,2,1,0
2,09/14/2024 06:44:14 PM,09/14/2024 06:50:21 PM,N,1,74,75,2,1.21,8.6,0,0.5,2.02,0,,1,12.12,1,1,0
2,04/21/2024 02:16:07 PM,04/21/2024 02:16:24 PM,N,5,152,152,1,0.07,-0.2,0,0,0,0,,-1,-1.2,3,2,0
2,05/28/2024 01:16:51 PM,05/28/2024 01:23:28 PM,N,1,75,74,1,1.09,8.6,0,0.5,0,0,,1,10.1,2,1,0
2,08/29/2024 08:11:23 AM,08/29/2024 08:21:45 AM,N,1,166,238,1,1.41,11.4,0,0.5,2,0,,1,17.65,1,1,2.75
2,08/20/2024 04:46:12 PM,08/20/2024 04:51:29 PM,N,1,43,151,1,1.04,7.2,2.5,0.5,0,0,,1,11.2,2,1,0
2,05/21/2024 03:14:22 PM,05/21/2024 03:26:22 PM,N,1,42,69,1,1.05,12.1,0,0.5,0,0,,1,13.6,1,1,0
2,08/15/2024 02:26:53 PM,08/15/2024 02:43:12 PM,N,1,43,263,2,1.82,15.6,0,0.5,3.97,0,,1,23.82,1,1,2.75
2,08/08/2024 08:17:43 AM,08/08/2024 08:23:43 AM,N,1,74,75,2,1.31,8.6,0,0.5,1.08,0,,1,11.18,1,1,0
2,12/12/2024 09:34:35 AM,12/12/2024 09:49:01 AM,N,1,130,218,1,2.35,15.6,0,0.5,5.13,0,,1,22.23,1,1,0
2,05/16/2024 11:59:09 PM,05/17/2024 12:15:52 AM,N,1,181,177,1,3.81,19.8,1,0.5,5.58,0,,1,27.88,1,1,0
2,02/20/2024 06:21:09 PM,02/20/2024 06:26:38 PM,N,1,74,74,1,0.71,7.2,2.5,0.5,0,0,,1,11.2,2,1,0
2,05/11/2024 06:48:23 PM,05/11/2024 07:29:03 PM,N,5,93,256,3,11.26,75,0,0,10,0,,1,86,1,1,0
2,10/08/2024 03:42:19 PM,10/08/2024 03:49:42 PM,N,1,75,74,1,1.26,9.3,2.5,0.5,0,0,,1,13.3,2,1,0
2,06/26/2024 09:24:36 AM,06/26/2024 09:34:39 AM,N,1,74,264,1,1.22,8.6,0,0.5,3,0,,1,13.1,1,1,0
2,01/11/2024 06:52:20 PM,01/11/2024 07:18:54 PM,N,1,260,260,6,3.4,22.6,2.5,0.5,0,0,,1,26.6,2,1,0
2,10/04/2024 01:42:47 PM,10/04/2024 01:55:02 PM,N,1,244,166,1,3,16.3,0,0.5,3.56,0,,1,21.36,1,1,0
2,10/24/2024 06:03:24 PM,10/24/2024 06:44:51 PM,N,1,7,92,1,8.62,44.3,2.5,0.5,0,0,,1,48.3,2,1,0
1,01/29/2024 07:39:40 PM,01/29/2024 07:44:27 PM,N,1,74,41,2,0.8,6.5,2.5,1.5,2.1,0,,1,12.6,1,1,0
2,04/24/2024 11:26:52 AM,04/24/2024 11:36:01 AM,N,1,97,49,2,1.22,10,0,0.5,0.5,0,,1,12,1,1,0
2,06/23/2024 10:05:01 AM,06/23/2024 10:13:50 AM,N,1,41,238,1,1.7,11.4,0,0.5,3.13,0,,1,18.78,1,1,2.75
2,07/12/2024 09:43:29 PM,07/12/2024 09:53:51 PM,N,1,260,157,1,2.05,12.8,1,0.5,2.92,0,,0.3,17.52,1,1,0
1,01/17/2024 09:59:14 AM,01/17/2024 10:13:22 AM,N,1,74,236,1,2,14.2,2.75,1.5,3.65,0,,1,22.1,1,1,2.75
2,09/03/2024 07:39:34 PM,09/03/2024 07:49:07 PM,N,1,95,95,1,1.17,10,2.5,0.5,2,0,,1,16,1,1,0
2,06/24/2024 09:59:23 PM,06/24/2024 10:40:01 PM,N,1,65,132,1,54.66,197.6,1,0.5,20,0,,1,220.1,1,1,0
2,02/22/2024 09:32:16 AM,02/22/2024 09:40:34 AM,N,1,74,75,1,1.34,10,0,0.5,2.88,0,,1,14.38,1,1,0
2,11/27/2024 04:34:06 PM,11/27/2024 05:10:33 PM,N,1,41,234,2,4.6,32.4,2.5,0.5,0,0,,1,39.15,2,1,2.75
2,06/10/2024 10:03:36 AM,06/10/2024 10:12:47 AM,N,1,82,138,1,3.68,17,5,0.5,7.05,0,,1,30.55,1,1,0
1,05/03/2024 01:09:15 PM,05/03/2024 01:14:07 PM,N,1,75,41,1,0.8,7.2,0,1.5,0,0,,1,8.7,2,1,0
2,04/27/2024 02:07:56 PM,04/27/2024 02:13:29 PM,N,1,41,42,2,0.64,7.2,0,0.5,1,0,,1,9.7,1,1,0
1,08/19/2024 05:35:32 AM,08/19/2024 05:41:39 AM,N,1,74,75,1,1.8,10,1,1.5,3.1,0,,1,15.6,1,1,0
2,07/06/2024 09:53:12 PM,07/06/2024 10:06:40 PM,N,1,97,181,1,2.2,14.9,1,0.5,4.35,0,,1,21.75,1,1,0
1,05/29/2024 02:36:47 PM,05/29/2024 02:57:19 PM,N,1,257,26,1,0,18.5,0,1.5,0,0,,1,20,1,1,0
2,11/22/2024 09:14:58 AM,11/22/2024 09:28:30 AM,N,1,74,238,1,3.1,16.3,0,0.5,4.11,0,,1,24.66,1,1,2.75
2,02/27/2024 01:22:54 PM,02/27/2024 01:43:49 PM,N,1,82,179,1,4.56,24.7,0,0.5,0,0,,1,26.2,2,1,0
2,01/13/2024 05:17:36 PM,01/13/2024 05:24:25 PM,N,1,130,197,3,1.17,9.3,0,0.5,2.16,0,,1,12.96,1,1,0
2,05/11/2024 10:24:28 AM,05/11/2024 10:33:35 AM,N,1,95,28,1,1.91,12.1,0,0.5,2.72,0,,1,16.32,1,1,0
2,06/16/2024 12:01:13 AM,06/16/2024 12:20:55 AM,N,1,66,231,1,3.34,20.5,1,0.5,0,0,,1,25.75,2,1,2.75
2,03/16/2024 05:15:43 PM,03/16/2024 05:38:22 PM,N,1,130,160,1,6,28.9,0,0.5,4,0,,1,34.4,1,1,0
2,05/05/2024 09:34:56 AM,05/05/2024 09:39:20 AM,N,1,74,236,1,1.97,9.3,0,0.5,0,0,,0.3,12.85,2,1,2.75
2,08/12/2024 09:04:17 AM,08/12/2024 09:15:42 AM,N,1,166,75,1,1.75,12.8,0,0.5,3.58,0,,1,17.88,1,1,0
2,01/03/2024 02:30:16 PM,01/03/2024 02:42:52 PM,N,1,75,41,1,1.55,11.4,0,0.5,0,0,,1,12.9,2,1,0
2,07/28/2024 05:42:15 PM,07/28/2024 05:51:32 PM,N,1,97,49,2,1.56,10.7,0,0.5,3.66,0,,1,15.86,1,1,0
2,12/28/2024 04:55:29 PM,12/28/2024 05:05:20 PM,N,1,41,244,6,2.01,12.1,0,0.5,2.72,0,,1,16.32,1,1,0
2,08/26/2024 03:48:22 PM,08/26/2024 03:48:33 PM,N,1,82,82,2,0,3,0,0.5,0,0,,1,4.5,2,1,0
2,03/19/2024 07:37:40 AM,03/19/2024 07:47:43 AM,N,1,75,48,1,3.2,14.9,0,0.5,2.87,0,,1,22.02,1,1,2.75
2,05/17/2024 02:31:29 PM,05/17/2024 02:42:41 PM,N,1,95,196,1,1.94,13.5,0,0.5,0,0,,1,15,2,1,0
2,12/15/2024 01:12:48 PM,12/15/2024 01:26:13 PM,N,1,74,263,1,2.69,15.6,0,0.5,2,0,,1,21.85,1,1,2.75
2,08/03/2024 02:07:04 PM,08/03/2024 02:19:30 PM,N,1,65,181,2,1.66,13.5,0,0.5,3,0,,1,18,1,1,0
2,07/11/2024 04:42:05 PM,07/11/2024 04:57:06 PM,N,1,97,66,1,1.29,13.5,2.5,0.5,0,0,,1,17.5,2,1,0
2,05/24/2024 09:13:59 AM,05/24/2024 09:42:45 AM,N,1,130,36,1,7.35,33.1,0,0.5,2,0,,1,36.6,1,1,0
2,03/23/2024 10:17:06 AM,03/23/2024 10:23:46 AM,N,1,95,134,1,1.3,9.3,0,0.5,0,0,,1,10.8,2,1,0
2,06/27/2024 01:51:01 PM,06/27/2024 02:00:49 PM,N,1,43,166,1,1.88,12.1,0,0.5,2.72,0,,1,16.32,1,1,0
2,10/05/2024 02:36:10 PM,10/05/2024 02:48:39 PM,N,1,43,43,1,1.59,10.7,0,0.5,0,0,,1,12.2,2,1,0
2,01/21/2024 06:20:15 PM,01/21/2024 06:26:35 PM,N,1,74,168,1,1.08,8.6,0,0.5,1,0,,1,11.1,1,1,0
1,12/04/2024 02:28:58 PM,12/04/2024 02:31:05 PM,N,1,166,151,1,0.3,4.4,0,1.5,1.15,0,,1,7.05,1,1,0
2,07/16/2024 09:05:53 AM,07/16/2024 09:10:25 AM,N,1,75,74,2,1.12,7.2,0,0.5,1,0,,1,9.7,1,1,0
2,11/22/2024 08:52:33 PM,11/22/2024 09:09:54 PM,N,1,74,116,1,2.55,17.7,1,0.5,0,0,,1,20.2,1,1,0
2,12/18/2024 11:38:00 PM,12/18/2024 11:45:31 PM,N,1,75,238,5,1.52,10,1,0.5,3.05,0,,1,18.3,1,1,2.75
2,09/20/2024 06:03:03 AM,09/20/2024 06:08:55 AM,N,1,74,75,1,1.38,8.6,0,0.5,2.02,0,,1,12.12,1,1,0
2,01/09/2024 04:10:30 PM,01/09/2024 04:17:02 PM,N,1,82,56,1,0.93,7.9,2.5,0.5,0,0,,1,11.9,2,1,0
2,12/12/2024 02:28:10 PM,12/12/2024 02:35:17 PM,N,1,75,74,6,1.35,9.3,0,0.5,1.62,0,,1,12.42,1,1,0
2,09/01/2024 09:37:22 PM,09/01/2024 09:44:22 PM,N,1,74,75,1,1.56,10,1,0.5,2.5,0,,1,15,1,1,0
2,09/13/2024 02:17:36 PM,09/13/2024 02:22:49 PM,N,1,196,95,1,0.85,6.5,0,0.5,1.6,0,,1,9.6,1,1,0
2,03/26/2024 12:09:55 PM,03/26/2024 12:17:05 PM,N,1,74,75,1,1.35,9.3,0,0.5,0,0,,1,10.8,2,1,0
2,07/16/2024 10:23:00 AM,07/16/2024 10:36:36 AM,N,1,152,127,1,5.02,22.6,0,0.5,0,0,,1,24.1,2,1,0
2,09/24/2024 11:35:23 AM,09/24/2024 11:42:36 AM,N,1,75,236,1,0.61,7.9,0,0.5,0,0,,1,12.15,2,1,2.75
2,05/18/2024 04:18:35 PM,05/18/2024 04:41:05 PM,N,1,97,189,1,1.83,19.8,0,0.5,0,0,,1,21.3,2,1,0
2,05/16/2024 10:04:00 AM,05/16/2024 10:05:00 AM,,,193,193,,0.06,10.3,0,0,2.26,0,,1,13.56,,,
2,05/27/2024 01:25:09 AM,05/27/2024 01:29:57 AM,N,1,146,7,1,0.72,7.2,1,0.5,0,0,,1,9.7,2,1,0
2,01/13/2024 10:38:43 AM,01/13/2024 10:47:12 AM,N,1,74,42,1,1.05,9.3,0,0.5,2,0,,1,12.8,1,1,0
2,09/02/2024 12:30:45 AM,09/02/2024 01:04:13 AM,N,5,93,164,2,10.15,60,0,0,0,0,,1,63.75,2,2,2.75
2,07/21/2024 04:46:00 PM,07/21/2024 04:56:00 PM,,,75,141,,1.92,13.79,0,0,3.41,0,,1,20.95,,,
2,05/07/2024 02:10:50 AM,05/07/2024 02:16:35 AM,N,1,55,55,1,0.36,7.2,1,0.5,0,0,,1,9.7,2,1,0
2,08/05/2024 09:57:34 PM,08/05/2024 10:11:20 PM,N,1,74,247,1,3.04,17,1,0.5,0,0,,1,19.5,2,1,0
2,10/14/2024 02:22:20 AM,10/14/2024 02:22:54 AM,N,5,129,129,1,0.16,15,0,0,1.1,0,,1,17.1,1,2,0
2,05/21/2024 09:34:54 PM,05/21/2024 09:47:50 PM,N,1,244,238,1,4.62,20.5,1,0.5,5.15,0,,1,30.9,1,1,2.75
2,05/18/2024 11:33:59 AM,05/18/2024 11:52:36 AM,N,1,97,61,2,2.98,18.4,0,0.5,3.98,0,,1,23.88,1,1,0
2,03/26/2024 06:46:09 AM,03/26/2024 06:51:56 AM,N,1,74,75,1,0.84,7.9,0,0.5,2,0,,1,11.4,1,1,0
2,04/12/2024 12:44:09 PM,04/12/2024 12:55:38 PM,N,1,95,95,2,1.79,12.8,0,0.5,3.58,0,,1,17.88,1,1,0
2,12/19/2024 12:04:55 PM,12/19/2024 12:22:32 PM,N,1,43,262,2,0.95,15.6,0,0.5,3.97,0,,1,23.82,1,1,2.75
2,08/31/2024 08:03:37 AM,08/31/2024 08:05:18 AM,N,1,74,74,1,0.77,5.1,0,0.5,1.65,0,,1,8.25,1,1,0
2,01/09/2024 02:00:00 PM,01/09/2024 02:13:00 PM,,,39,155,,2.46,15,0,0,0,0,,1,16,,,
2,05/09/2024 09:26:00 AM,05/09/2024 09:45:00 AM,,,74,138,,8.4,26.92,0,0,6.87,6.94,,1,41.73,,,
2,01/03/2024 05:36:13 PM,01/03/2024 05:53:03 PM,N,1,74,151,1,2.53,17,2.5,0.5,4.2,0,,1,25.2,1,1,0
2,01/19/2024 04:14:53 PM,01/19/2024 04:17:22 PM,N,1,75,236,1,0.55,5.1,2.5,0.5,1,0,,1,12.85,1,1,2.75
2,04/27/2024 10:01:31 PM,04/27/2024 10:17:44 PM,N,1,116,142,1,3.82,19.1,1,0.5,4.87,0,,1,29.22,1,1,2.75
2,09/10/2024 12:09:21 PM,09/10/2024 12:25:57 PM,N,1,74,239,1,3,17.7,0,0.5,5.49,0,,1,27.44,1,1,2.75
2,11/14/2024 06:52:47 PM,11/14/2024 06:59:33 PM,N,1,166,244,4,2.22,10.7,2.5,0.5,4.41,0,,1,19.11,1,1,0
2,02/23/2024 10:31:51 AM,02/23/2024 10:40:30 AM,N,1,74,151,1,1.94,11.4,0,0.5,2.58,0,,1,15.48,1,1,0
2,02/05/2024 11:20:08 AM,02/05/2024 11:30:27 AM,N,1,65,49,1,1.22,10.7,0,0.5,2.44,0,,1,14.64,1,1,0
2,09/10/2024 04:10:09 PM,09/10/2024 04:27:25 PM,N,1,74,238,1,2.56,17,2.5,0.5,4.2,0,,1,25.2,1,1,0
2,01/02/2024 08:43:54 AM,01/02/2024 08:57:05 AM,N,1,74,140,1,3.05,16.3,0,0.5,0,0,,1,20.55,2,1,2.75
2,11/22/2024 12:19:53 AM,11/22/2024 12:41:11 AM,N,5,80,141,1,6.07,60,0,0,0,0,,1,63.75,1,2,2.75
2,10/29/2024 12:26:20 AM,10/29/2024 12:33:09 AM,N,1,74,236,1,1.71,10,1,0.5,1.52,0,,1,16.77,1,1,2.75
2,04/25/2024 08:41:35 PM,04/25/2024 08:57:01 PM,N,1,134,215,1,3.51,18.4,1,0.5,0,0,,1,20.9,2,1,0
2,07/25/2024 10:09:59 PM,07/25/2024 10:20:32 PM,N,1,74,24,1,2.04,12.8,1,0.5,3.06,0,,1,18.36,1,1,0
2,12/28/2024 03:03:11 PM,12/28/2024 03:14:48 PM,N,1,66,256,1,2.67,14.9,0,0.5,3.28,0,,1,19.68,1,1,0
2,04/23/2024 08:09:16 PM,04/23/2024 08:19:02 PM,N,1,166,239,1,2.02,12.8,1,0.5,1,0,,1,19.05,1,1,2.75
2,10/03/2024 05:01:16 PM,10/03/2024 05:17:22 PM,N,1,166,236,5,2.67,17.7,2.5,0.5,4.89,0,,1,29.34,1,1,2.75
1,07/26/2024 09:05:59 AM,07/26/2024 09:21:42 AM,N,1,74,137,1,5.9,26.1,2.75,1.5,6.05,0,,1,36.4,1,1,2.75
2,09/29/2024 05:23:24 PM,09/29/2024 05:34:40 PM,N,1,74,236,1,2.46,13.5,0,0.5,2.66,0,,1,20.41,1,1,2.75
2,05/22/2024 07:00:53 PM,05/22/2024 07:17:37 PM,N,1,43,262,1,1.88,16.3,2.5,0.5,0,0,,1,23.05,2,1,2.75
2,02/05/2024 05:37:22 PM,02/05/2024 05:46:53 PM,N,1,75,237,1,1.58,10.7,2.5,0.5,3,0,,1,20.45,1,1,2.75
2,03/09/2024 05:08:11 PM,03/10/2024 04:04:54 PM,N,1,65,181,1,1.36,13.5,0,0.5,2.25,0,,1,17.25,1,1,0
2,08/07/2024 11:02:00 AM,08/07/2024 11:06:14 AM,N,1,75,263,2,0.78,6.5,0,0.5,2.69,0,,1,13.44,1,1,2.75
2,10/02/2024 08:13:54 AM,10/02/2024 08:26:26 AM,N,1,74,263,1,1.75,12.8,0,0.5,0,0,,1,17.05,1,1,2.75
2,12/24/2024 10:51:06 PM,12/24/2024 10:52:50 PM,N,5,129,129,2,0,30,0,0,0,0,,1,31,1,2,0
2,11/30/2024 08:05:02 PM,11/30/2024 08:18:30 PM,N,1,74,263,1,2.39,14.9,1,0.5,4.03,0,,1,24.18,1,1,2.75
2,05/30/2024 05:57:16 PM,05/30/2024 06:27:14 PM,N,1,83,179,1,3.37,25.4,2.5,0.5,0,0,,1,29.4,2,1,0
1,01/03/2024 09:10:50 AM,01/03/2024 09:18:46 AM,N,1,74,43,1,1.4,10,0,1.5,2.3,0,,1,13.8,1,1,0
2,03/31/2024 09:33:54 PM,03/31/2024 09:45:08 PM,N,1,74,24,1,0,10.7,1,0.5,0,0,,1,13.2,2,1,0
1,02/28/2024 08:43:11 AM,02/28/2024 09:03:29 AM,N,1,152,75,1,3.1,17.7,0,1.5,5,0,,1,24.2,1,1,0
2,11/20/2024 12:55:11 PM,11/20/2024 01:06:31 PM,N,1,7,223,1,1.67,11.4,0,0.5,0,0,,1,12.9,1,1,0
2,06/03/2024 11:39:20 AM,06/03/2024 11:51:33 AM,N,1,74,138,1,6.65,27.5,5,0.5,8.19,6.94,,1,49.13,1,1,0
2,04/21/2024 09:43:12 AM,04/21/2024 09:43:15 AM,N,5,65,65,1,0,50,0,0,10.2,0,,1,61.2,1,2,0
2,03/01/2024 05:17:38 PM,03/01/2024 05:47:22 PM,N,1,75,243,1,5.99,31.7,2.5,0.5,7.14,0,,1,42.84,1,1,0
2,11/03/2024 03:42:57 PM,11/03/2024 04:01:11 PM,N,1,75,161,1,2.73,19.1,0,0.5,0,0,,1,23.35,2,1,2.75
2,06/12/2024 09:11:31 AM,06/12/2024 09:19:34 AM,N,1,42,74,2,1.32,10,0,0.5,0,0,,1,11.5,2,1,0
2,07/31/2024 06:54:01 PM,07/31/2024 07:00:19 PM,N,1,95,95,1,0.78,7.2,2.5,0.5,2.24,0,,1,13.44,1,1,0
2,07/08/2024 07:30:50 PM,07/08/2024 07:37:29 PM,N,1,130,197,1,1.3,9.3,2.5,0.5,2.66,0,,1,15.96,1,1,0
1,12/06/2024 06:40:40 PM,12/06/2024 06:57:13 PM,N,1,65,61,0,3,17.7,2.5,1.5,0,0,,1,21.7,2,1,0
2,09/25/2024 12:31:53 AM,09/25/2024 12:46:04 AM,N,1,74,244,1,2.94,16.3,1,0.5,3.76,0,,1,22.56,1,1,0
2,03/28/2024 12:30:24 PM,03/28/2024 12:41:14 PM,N,1,41,74,1,0.99,10.7,0,0.5,0,0,,1,12.2,2,1,0
2,02/10/2024 03:35:47 PM,02/10/2024 03:42:16 PM,N,1,7,179,1,0.92,7.9,0,0.5,1,0,,1,10.4,1,1,0
2,04/05/2024 03:21:03 PM,04/05/2024 03:21:03 PM,N,1,174,264,1,0,3,0,0.5,0,0,,1,4.5,2,1,0
2,05/11/2024 05:39:01 PM,05/11/2024 05:46:25 PM,N,1,74,236,1,1.55,9.3,0,0.5,2.16,0,,1,12.96,1,1,0
2,04/03/2024 09:41:21 AM,04/03/2024 09:41:26 AM,N,5,190,190,1,0,16,0,0,3.4,0,,1,20.4,1,2,0
2,05/10/2024 07:33:38 AM,05/10/2024 07:46:34 AM,N,1,74,263,1,1.86,13.5,0,0.5,2,0,,1,17,1,1,0
2,08/09/2024 03:15:52 PM,08/09/2024 03:34:48 PM,N,1,244,142,1,5.73,27.5,0,0.5,6.35,0,,1,38.1,1,1,2.75
2,01/05/2024 11:24:36 AM,01/05/2024 11:24:44 AM,N,5,42,42,1,0.11,7,0,0,0,0,,1,8,1,2,0
2,05/26/2024 08:56:54 AM,05/26/2024 09:17:10 AM,N,1,97,62,1,3.88,22.6,0,0.5,0.2,0,,1,24.3,1,1,0
1,08/14/2024 08:10:25 AM,08/14/2024 08:17:53 AM,N,1,74,75,1,1.4,9.3,0,1.5,1.62,0,,1,12.42,1,1,0
2,05/05/2024 03:26:27 PM,05/05/2024 03:36:55 PM,N,1,74,74,1,0.93,10,0,0.5,2.88,0,,1,14.38,1,1,0
2,01/26/2024 08:03:26 AM,01/26/2024 08:16:17 AM,N,1,74,138,1,6.66,27.5,5,0.5,8.19,6.94,,1,49.13,1,1,0
1,01/17/2024 02:52:31 PM,01/17/2024 03:14:41 PM,N,1,136,244,1,0,24,0,1.5,0,0,,1,25.5,1,1,0
2,05/08/2024 01:31:20 PM,05/08/2024 01:44:37 PM,N,1,260,7,1,1.93,13.5,0,0.5,0,0,,1,15,2,1,0
2,11/12/2024 12:54:40 PM,11/12/2024 01:10:50 PM,N,1,82,258,1,3.51,19.8,0,0.5,0,0,,1,21.3,2,1,0
1,06/19/2024 12:20:21 AM,06/19/2024 12:21:23 AM,N,1,82,82,1,1.6,3,1,1.5,0,0,,1,5.5,3,1,0
2,11/07/2024 01:55:00 PM,11/07/2024 02:18:00 PM,,,7,112,,3.7,20.79,0,0.5,0,0,,1,22.29,,,
2,10/24/2024 05:47:57 PM,10/24/2024 05:52:47 PM,N,1,75,74,1,1.24,7.9,2.5,0.5,1.5,0,,1,13.4,1,1,0
2,01/12/2024 04:26:00 PM,01/12/2024 04:35:26 PM,N,1,223,179,1,0.86,9.3,2.5,0.5,0,0,,1,13.3,2,1,0
2,04/27/2024 06:16:00 PM,04/27/2024 06:42:00 PM,,,166,186,,6.06,41.59,0,0.5,6.84,0,,1,52.43,,,
2,12/30/2024 05:01:59 AM,12/30/2024 05:12:13 AM,N,1,70,223,1,2.28,13.5,1,0.5,0,0,,1,16,2,1,0
2,04/21/2024 11:12:54 AM,04/21/2024 11:31:53 AM,N,1,166,161,1,4.97,25.4,0,0.5,7.41,0,,1,37.06,1,1,2.75
2,12/19/2024 11:57:04 AM,12/19/2024 12:08:05 PM,N,1,75,262,1,1.64,11.4,0,0.5,3.91,0,,1,19.56,1,1,2.75
1,05/21/2024 04:38:17 PM,05/21/2024 05:05:34 PM,N,1,65,61,1,2.9,20.5,2.5,1.5,1,0,,1,25.5,1,1,0
2,08/02/2024 03:31:10 PM,08/02/2024 03:42:26 PM,N,1,95,135,3,2.41,13.5,0,0.5,0,0,,1,15,2,1,0
1,07/29/2024 02:34:35 PM,07/29/2024 02:55:16 PM,N,1,75,48,1,3.9,22.6,2.75,1.5,0,0,,1,26.85,2,1,2.75
2,08/06/2024 06:22:54 PM,08/06/2024 06:33:44 PM,N,1,95,196,5,1.25,11.4,2.5,0.5,1,0,,1,16.4,1,1,0
2,06/13/2024 10:21:50 PM,06/13/2024 10:31:02 PM,N,1,66,25,1,1.27,10,1,0.5,2,0,,1,14.5,1,1,0
2,03/15/2024 04:34:01 PM,03/15/2024 05:01:53 PM,N,1,75,229,2,2.94,24.7,2.5,0.5,6.29,0,,1,37.74,1,1,2.75
2,03/17/2024 06:33:03 PM,03/17/2024 06:44:06 PM,N,1,74,151,1,2.01,12.8,0,0.5,2.86,0,,1,17.16,1,1,0
2,11/06/2024 02:55:34 PM,11/06/2024 03:07:46 PM,N,1,244,127,1,3.24,17,0,0.5,0,0,,1,18.5,2,1,0
1,01/30/2024 09:15:20 AM,01/30/2024 10:05:20 AM,N,1,198,152,1,0,38,0,1.5,0,6.94,,1,46.44,1,1,0
2,02/16/2024 08:20:50 AM,02/16/2024 08:38:50 AM,N,1,24,243,1,4.77,22.6,0,0.5,2,0,,1,26.1,1,1,0
2,09/11/2024 03:29:06 PM,09/11/2024 03:55:38 PM,N,1,43,100,1,4,25.4,0,0.5,5.93,0,,1,35.58,1,1,2.75
2,08/23/2024 05:07:46 PM,08/23/2024 05:46:59 PM,N,1,260,82,1,2.39,31,2.5,0.5,0,0,,1,35,2,1,0
2,09/14/2024 03:29:04 PM,09/14/2024 03:30:55 PM,N,1,223,223,1,0.26,4.4,0,0.5,0,0,,1,5.9,2,1,0
2,03/15/2024 12:39:01 PM,03/15/2024 12:50:54 PM,N,1,74,166,1,1.72,12.1,0,0.5,0,0,,1,13.6,2,1,0
1,05/10/2024 05:44:19 PM,05/10/2024 05:52:12 PM,N,1,75,74,1,0.9,9.3,2.5,1.5,2.65,0,,1,15.95,1,1,0
2,07/16/2024 01:03:43 PM,07/16/2024 01:15:38 PM,N,1,65,65,1,1.09,12.1,0,0.5,2.72,0,,1,16.32,1,1,0
2,11/08/2024 08:51:00 PM,11/08/2024 09:08:00 PM,,,75,142,,2.81,19.92,0,0.5,4.83,0,,1,29,,,
1,12/05/2024 07:54:34 PM,12/05/2024 08:05:02 PM,N,1,82,226,1,1.9,12.1,1,1.5,2.9,0,,1,17.5,1,1,0
2,08/15/2024 08:37:36 PM,08/15/2024 08:41:07 PM,N,1,43,43,1,0.89,6.5,1,0.5,2,0,,1,13.75,1,1,2.75
2,01/12/2024 05:39:52 PM,01/12/2024 05:57:36 PM,N,1,75,142,2,2.3,17,2.5,0.5,3.56,0,,1,27.31,1,1,2.75
2,01/09/2024 11:10:30 AM,01/09/2024 11:32:57 AM,N,1,74,236,1,2.49,19.8,0,0.5,0,0,,1,24.05,2,1,2.75
2,11/14/2024 09:36:03 PM,11/14/2024 09:41:40 PM,N,1,74,75,6,0.94,7.2,1,0.5,1.75,0,,1,11.45,1,1,0
2,05/30/2024 08:14:04 AM,05/30/2024 08:38:44 AM,N,1,74,244,1,4.24,28.2,0,0.5,5.8,0,,0.3,34.8,1,1,0
2,09/22/2024 12:37:06 PM,09/22/2024 12:50:55 PM,N,1,74,238,1,3.14,17,0,0.5,4.25,0,,1,25.5,1,1,2.75
2,10/17/2024 01:12:14 PM,10/17/2024 01:29:33 PM,N,1,74,239,1,3.06,19.1,0,0.5,4.67,0,,1,28.02,1,1,2.75
2,12/18/2024 04:48:25 PM,12/18/2024 05:00:46 PM,N,1,95,196,5,1.25,12.1,2.5,0.5,0,0,,1,16.1,1,1,0
2,06/27/2024 11:57:05 PM,06/28/2024 12:07:58 AM,N,1,134,197,1,1.77,12.1,1,0.5,3.65,0,,1,18.25,1,1,0
2,09/22/2024 01:10:11 PM,09/22/2024 01:13:44 PM,N,1,75,74,1,0.66,5.8,0,0.5,0.73,0,,1,8.03,1,1,0
2,10/03/2024 02:32:05 PM,10/03/2024 02:34:00 PM,N,1,41,41,1,0.09,3.7,0,0.5,0,0,,1,5.2,2,1,0
1,06/22/2024 06:30:25 AM,06/22/2024 06:47:46 AM,N,1,41,68,1,6.1,27.5,2.75,1.5,0,0,,1,31.75,2,1,2.75
2,04/08/2024 04:10:03 AM,04/08/2024 04:11:35 AM,N,5,82,264,1,0,10,0,0,0,0,,1,11,1,2,0
2,06/07/2024 07:57:33 PM,06/07/2024 08:44:12 PM,N,1,65,112,1,7.6,43.6,2.5,0.5,5,0,,1,52.6,1,1,0
2,11/28/2024 06:52:28 PM,11/28/2024 06:55:01 PM,N,1,74,75,1,0.76,5.1,0,0.5,1.18,0,,0.3,7.08,1,1,0
2,01/04/2024 08:29:54 AM,01/04/2024 08:35:36 AM,N,1,74,75,1,0.71,7.2,0,0.5,0,0,,1,8.7,2,1,0
2,10/03/2024 03:08:55 PM,10/03/2024 03:29:41 PM,N,1,82,223,1,4.58,24.7,0,0.5,5.24,0,,1,31.44,1,1,0
2,11/02/2024 11:01:06 AM,11/02/2024 11:09:19 AM,N,1,135,95,5,1.39,10,0,0.5,6,0,,1,17.5,1,1,0
2,04/19/2024 06:29:56 PM,04/19/2024 06:45:23 PM,N,1,74,24,1,2.19,15.6,2.5,0.5,3.92,0,,1,23.52,1,1,0
2,03/27/2024 02:45:17 PM,03/27/2024 03:09:42 PM,N,1,130,219,1,4.03,25.4,0,0.5,0,0,,1,26.9,2,1,0
2,06/10/2024 09:27:55 PM,06/10/2024 09:32:47 PM,N,1,83,260,1,0.91,7.2,1,0.5,0,0,,1,9.7,2,1,0
2,11/28/2024 05:24:05 PM,11/28/2024 05:37:53 PM,N,1,95,95,2,1.21,12.8,0,0.5,0,0,,1,14.3,2,1,0
2,03/22/2024 09:42:05 AM,03/22/2024 09:51:30 AM,N,1,74,75,1,1.39,10.7,0,0.5,3.05,0,,1,15.25,1,1,0
2,12/16/2024 06:35:49 PM,12/16/2024 07:02:00 PM,N,1,92,171,2,5.37,28.2,2.5,0.5,0,0,,1,32.2,2,1,0
2,07/20/2024 04:19:51 PM,07/20/2024 04:34:07 PM,N,1,97,61,1,2.28,15.6,0,0.5,4.28,0,,1,21.38,1,1,0
2,10/05/2024 12:44:57 PM,10/05/2024 01:05:36 PM,N,1,97,85,1,3.81,21.9,0,0.5,0,0,,1,23.4,2,1,0
1,06/05/2024 05:58:01 PM,06/05/2024 06:03:23 PM,N,1,75,236,2,1,7.2,5.25,1.5,0,0,,1,13.95,2,1,2.75
1,12/20/2024 05:52:59 PM,12/20/2024 06:16:06 PM,N,1,223,83,1,4.1,25.4,2.5,1.5,5.85,0,,1,35.25,1,1,0
2,11/29/2024 08:33:29 PM,11/29/2024 08:40:12 PM,N,1,74,75,1,1.5,9.3,1,0.5,2.36,0,,1,14.16,1,1,0
2,08/14/2024 06:40:30 PM,08/14/2024 06:56:23 PM,N,1,246,114,1,2.82,17,2.5,0.5,2,0,,1,25.5,1,1,2.5
1,06/18/2024 02:01:20 PM,06/18/2024 02:23:17 PM,N,1,61,181,1,0,18.5,0,1.5,0,0,,1,20,1,1,0
2,04/17/2024 07:29:08 AM,04/17/2024 07:43:21 AM,N,1,74,75,1,1.51,13.5,0,0.5,0,0,,1,15,2,1,0
2,05/13/2024 09:58:35 PM,05/13/2024 10:15:36 PM,N,5,93,256,1,8.93,56,0,0,5,0,,1,62,1,2,0
2,05/08/2024 09:49:32 AM,05/08/2024 09:52:37 AM,N,1,166,166,1,0.41,5.1,0,0.5,1.65,0,,1,8.25,1,1,0
2,03/06/2024 10:30:59 AM,03/06/2024 10:35:46 AM,N,1,75,74,1,0.84,7.2,0,0.5,0,0,,1,8.7,1,1,0
2,11/01/2024 09:21:17 AM,11/01/2024 09:32:36 AM,N,1,41,142,1,2.8,14.9,0,0.5,2,0,,1,21.15,1,1,2.75
2,11/20/2024 02:27:05 AM,11/20/2024 02:33:41 AM,N,1,129,129,1,0.83,7.9,1,0.5,0,0,,1,10.4,2,1,0
2,11/02/2024 06:35:23 PM,11/02/2024 06:53:46 PM,N,1,74,239,1,2.94,18.4,0,0.5,5.66,0,,1,28.31,1,1,2.75
2,04/21/2024 08:20:59 PM,04/21/2024 08:25:20 PM,N,5,129,260,1,0.8,60,0,0,3,0,,1,64,1,2,0
2,09/22/2024 12:01:17 PM,09/22/2024 12:38:11 PM,N,1,166,12,1,9.3,45,0,0.5,9.85,0,,1,59.1,1,1,2.75
1,11/25/2024 10:25:28 AM,11/25/2024 10:51:34 AM,N,1,168,140,1,0,23.5,0,1.5,0,0,,1,25,1,1,0
2,01/02/2024 04:59:15 PM,01/02/2024 05:03:16 PM,N,1,75,41,5,0.93,6.5,2.5,0.5,0,0,,1,10.5,1,1,0
2,07/25/2024 05:37:20 PM,07/25/2024 06:24:29 PM,N,1,74,68,1,6.49,41.5,2.5,0.5,9.65,0,,1,57.9,1,1,2.75
2,12/15/2024 11:07:33 AM,12/15/2024 11:18:07 AM,N,1,41,116,1,1.65,12.1,0,0.5,2.72,0,,1,16.32,1,1,0
2,03/20/2024 03:15:56 PM,03/20/2024 03:24:21 PM,N,1,75,74,1,1.19,9.3,0,0.5,1.08,0,,1,11.88,1,1,0
2,05/27/2024 01:30:52 PM,05/27/2024 01:50:25 PM,N,1,97,225,1,3.1,19.8,0,0.5,4.26,0,,1,25.56,1,1,0
2,09/05/2024 04:59:00 PM,09/05/2024 05:41:27 PM,N,1,186,75,1,3.8,35.2,2.5,0.5,10.43,0,,1,52.13,1,1,2.5
1,02/03/2024 04:53:24 PM,02/03/2024 05:19:22 PM,N,1,61,85,1,3,23.3,2.5,1.5,0,0,,1,27.3,2,1,0
2,06/01/2024 05:01:09 PM,06/01/2024 05:13:37 PM,N,1,74,263,1,2.68,15.6,0,0.5,3.97,0,,1,23.82,1,1,2.75
2,12/04/2024 08:51:36 PM,12/04/2024 09:08:33 PM,N,1,97,181,1,2.63,17,1,0.5,5.85,0,,1,25.35,1,1,0
2,03/03/2024 01:04:13 AM,03/03/2024 01:13:20 AM,N,1,129,223,1,2.54,13.5,1,0.5,0,0,,1,16,2,1,0
2,11/27/2024 04:43:00 PM,11/27/2024 04:58:00 PM,,,193,145,,1.56,17.01,0,0.5,3.7,0,,1,22.21,,,
2,01/14/2024 02:21:34 PM,01/14/2024 02:29:11 PM,N,1,65,49,1,1.25,9.3,0,0.5,0,0,,1,10.8,1,1,0
2,02/09/2024 08:20:10 AM,02/09/2024 08:27:31 AM,N,1,244,42,1,1.41,10,0,0.5,3,0,,1,14.5,1,1,0
2,09/05/2024 07:16:03 AM,09/05/2024 07:25:47 AM,N,1,74,263,1,2.13,12.1,0,0.5,3.27,0,,1,19.62,1,1,2.75
2,11/20/2024 08:27:53 PM,11/20/2024 08:31:22 PM,N,1,25,40,1,1.02,6.5,1,0.5,2.25,0,,1,11.25,1,1,0
2,09/22/2024 12:32:06 AM,09/22/2024 12:41:33 AM,N,1,74,116,1,2.19,12.1,1,0.5,1,0,,1,15.6,1,1,0
2,05/05/2024 10:02:01 PM,05/05/2024 10:06:56 PM,N,1,74,75,1,1.3,7.9,1,0.5,0,0,,1,10.4,2,1,0
2,03/30/2024 01:49:10 AM,03/30/2024 02:02:22 AM,N,1,92,252,1,3.09,16.3,1,0.5,2,0,,1,20.8,1,1,0
2,05/16/2024 06:54:01 PM,05/16/2024 07:07:36 PM,N,1,43,237,1,1.9,14.2,2.5,0.5,2.51,0,,1,23.46,1,1,2.75
2,03/19/2024 07:06:25 AM,03/19/2024 07:14:44 AM,N,1,74,41,2,1.27,10,0,0.5,2,0,,1,13.5,1,1,0
1,12/12/2024 10:51:06 PM,12/12/2024 11:05:07 PM,N,1,97,256,2,0,12.8,2.5,1.5,3.35,0,,1,20.15,1,1,0
2,10/01/2024 01:45:54 PM,10/01/2024 01:59:04 PM,N,1,74,75,1,1.59,13.5,0,0.5,4.5,0,,1,19.5,1,1,0
2,06/15/2024 07:34:25 PM,06/15/2024 07:46:20 PM,N,1,74,140,1,3.38,16.3,0,0.5,3.08,0,,1,23.63,1,1,2.75
2,07/27/2024 08:16:25 AM,07/27/2024 08:38:54 AM,N,5,195,138,2,13.45,85,5,0,18.2,0,,1,109.2,1,2,0
2,06/05/2024 05:48:30 PM,06/05/2024 05:56:45 PM,N,1,97,97,1,0.58,8.6,2.5,0.5,0,0,,1,12.6,1,1,0
2,07/02/2024 06:24:21 PM,07/02/2024 06:37:52 PM,N,1,65,181,1,1.67,13.5,2.5,0.5,3.5,0,,1,21,1,1,0
2,04/09/2024 11:39:22 AM,04/09/2024 11:53:34 AM,N,1,74,116,1,2.49,14.9,0,0.5,3.28,0,,1,19.68,1,1,0
1,07/10/2024 07:02:10 AM,07/10/2024 07:07:43 AM,N,1,152,244,1,2.7,12.8,0,1.5,0,0,,1,14.3,2,1,0
2,07/25/2024 10:59:05 AM,07/25/2024 11:09:06 AM,N,1,82,138,1,3.58,17.7,5,0.5,4.84,0,,1,29.04,1,1,0
2,01/18/2024 03:35:55 PM,01/18/2024 03:49:14 PM,N,1,82,260,2,1.59,11.4,0,0.5,0,0,,1,12.9,2,1,0
2,08/19/2024 08:31:22 AM,08/19/2024 08:42:33 AM,N,1,134,134,1,1.12,11.4,0,0.5,2.58,0,,1,15.48,1,1,0
2,07/11/2024 07:56:43 AM,07/11/2024 08:01:51 AM,N,1,74,41,1,0.56,6.5,0,0.5,1.5,0,,1,9.5,1,1,0
2,02/08/2024 07:56:22 PM,02/08/2024 08:03:07 PM,N,1,166,238,1,0,7.2,2.5,0.5,3.49,0,,1,17.44,1,1,2.75
2,11/25/2024 02:02:10 PM,11/25/2024 02:33:04 PM,N,1,116,263,1,5.2,30.3,0,0.5,0,0,,1,34.55,2,1,2.75
2,03/11/2024 01:26:20 AM,03/11/2024 01:40:48 AM,N,1,65,89,5,3.78,18.4,1,0.5,4.18,0,,1,25.08,1,1,0
1,12/27/2024 02:27:29 PM,12/27/2024 02:38:56 PM,N,1,74,236,1,2.1,12.8,2.75,1.5,3.4,0,,1,20.45,1,1,2.75
2,11/04/2024 03:53:00 PM,11/04/2024 04:08:00 PM,,,189,225,,2.56,18.87,0,0.5,4.07,0,,1,24.44,,,
2,08/06/2024 05:42:33 PM,08/06/2024 05:53:16 PM,N,1,43,239,1,1.85,12.8,2.5,0.5,2.93,0,,1,22.48,1,1,2.75
2,08/13/2024 10:59:15 PM,08/13/2024 11:19:44 PM,N,1,66,225,1,4.36,23.3,1,0.5,5.16,0,,1,30.96,1,1,0
2,01/13/2024 07:12:35 PM,01/13/2024 07:19:11 PM,N,1,82,160,1,1.04,7.9,0,0.5,1.88,0,,1,11.28,1,1,0
2,06/11/2024 02:36:41 PM,06/11/2024 03:04:04 PM,N,1,97,37,1,3.11,24.7,0,0.5,6.55,0,,1,32.75,1,1,0
2,02/23/2024 10:53:08 AM,02/23/2024 11:18:16 AM,N,1,74,239,1,3.4,24,0,0.5,5.65,0,,1,33.9,1,1,2.75
2,07/16/2024 07:50:07 PM,07/16/2024 07:55:03 PM,N,1,43,74,1,1.07,7.2,2.5,0.5,2.24,0,,1,13.44,1,1,0
2,02/29/2024 07:34:06 AM,02/29/2024 07:47:58 AM,N,1,74,43,1,2.19,14.2,0,0.5,2.77,0,,1,21.22,1,1,2.75
2,11/16/2024 10:02:46 PM,11/16/2024 10:11:49 PM,N,1,75,262,1,1.8,10.7,1,0.5,3,0,,1,18.95,1,1,2.75
2,03/27/2024 09:30:10 PM,03/27/2024 09:50:08 PM,N,1,166,90,2,6.09,28.2,1,0.5,2,0,,1,35.45,1,1,2.75
2,03/05/2024 02:56:55 PM,03/05/2024 03:06:19 PM,N,1,75,151,1,1.38,10.7,0,0.5,2.44,0,,1,14.64,1,1,0
2,03/29/2024 10:33:54 PM,03/29/2024 10:47:02 PM,N,1,74,151,1,2.05,13.5,1,0.5,0,0,,1,16,2,1,0
2,01/25/2024 05:43:59 PM,01/25/2024 06:39:00 PM,N,1,82,82,6,2.83,41.5,2.5,0.5,0,0,,1,45.5,2,1,0
2,10/11/2024 08:47:48 AM,10/11/2024 09:11:01 AM,N,1,74,142,1,3.66,22.6,0,0.5,5.37,0,,1,32.22,1,1,2.75
2,09/10/2024 12:01:25 AM,09/10/2024 12:05:51 AM,N,1,18,18,2,0.85,6.5,1,0.5,0,0,,1,9,2,1,0
2,02/28/2024 03:28:00 PM,02/28/2024 03:51:00 PM,,,26,55,,4.27,23.53,0,0,0,0,,1,24.53,,,
2,09/12/2024 12:04:00 AM,09/12/2024 12:35:00 AM,,,66,48,,6.3,37.35,0,0,4,0,,1,45.1,,,
2,09/19/2024 10:24:32 PM,09/19/2024 10:42:27 PM,N,1,116,74,3,2.85,19.1,1,0.5,0,0,,1,21.6,2,1,0
2,06/12/2024 05:53:28 PM,06/12/2024 06:08:46 PM,N,1,75,143,1,2.61,16.3,2.5,0.5,1.15,0,,1,24.2,1,1,2.75
1,10/10/2024 06:57:29 PM,10/10/2024 07:13:53 PM,N,1,42,151,1,6.2,25.4,2.5,1.5,0,0,,1,29.4,2,1,0
2,06/25/2024 02:53:13 PM,06/25/2024 03:00:21 PM,N,1,95,95,1,0.92,7.9,0,0.5,0,0,,1,9.4,2,1,0
2,02/24/2024 03:55:19 AM,02/24/2024 03:57:36 AM,N,1,112,255,1,0.48,4.4,1,0.5,1,0,,1,7.9,1,1,0
2,01/04/2024 06:50:22 AM,01/04/2024 06:58:53 AM,N,1,74,166,1,1.75,10.7,0,0.5,2.44,0,,1,14.64,1,1,0
2,10/02/2024 04:06:23 PM,10/02/2024 04:19:45 PM,N,1,260,146,1,1.97,14.2,2.5,0.5,0,0,,1,18.2,1,1,0
2,12/14/2024 04:08:20 AM,12/14/2024 04:08:56 AM,N,5,95,95,1,0,30,0,0,0,0,,1,31,1,2,0
2,09/12/2024 05:30:07 PM,09/12/2024 05:49:10 PM,N,1,75,116,1,2.98,19.1,2.5,0.5,0,0,,1,23.1,2,1,0
2,09/03/2024 04:56:57 PM,09/03/2024 05:07:14 PM,N,1,75,239,1,2.04,12.1,2.5,0.5,2.26,0,,1,21.11,1,1,2.75
2,05/01/2024 09:22:44 PM,05/01/2024 09:48:19 PM,N,1,93,25,5,12.79,50.6,1,0.5,10.62,0,,1,63.72,1,1,0
2,05/04/2024 06:23:48 PM,05/04/2024 06:32:50 PM,N,1,82,95,1,1.67,11.4,0,0.5,0,0,,1,12.9,2,1,0
2,06/06/2024 04:18:27 PM,06/06/2024 04:38:59 PM,N,1,166,262,1,3.15,20.5,2.5,0.5,1.5,0,,1,28.75,1,1,2.75
2,08/06/2024 05:30:47 PM,08/06/2024 05:34:53 PM,N,1,134,135,1,0.95,7.2,2.5,0.5,0,0,,1,11.2,2,1,0
2,11/13/2024 11:54:38 AM,11/13/2024 12:10:26 PM,N,1,75,238,1,1.31,14.9,0,0.5,2,0,,1,18.4,1,1,0
1,01/09/2024 12:47:45 PM,01/09/2024 12:56:43 PM,N,1,55,29,1,0,18.5,0,1.5,0,0,,1,20,1,1,0
2,08/10/2024 12:15:12 PM,08/11/2024 11:32:00 AM,N,1,43,43,1,0.94,6.5,0,0.5,1.08,0,,1,11.83,1,1,2.75
1,11/05/2024 05:07:31 PM,11/05/2024 05:24:55 PM,N,1,75,162,1,2.9,18.4,2.75,1.5,1,0,,1,23.65,1,1,2.75
2,01/23/2024 06:02:21 PM,01/23/2024 06:21:52 PM,N,1,43,143,1,2.68,19.8,2.5,0.5,5.31,0,,1,31.86,1,1,2.75
1,07/26/2024 07:11:56 PM,07/26/2024 07:37:39 PM,N,1,129,93,1,3.7,21.2,2.5,1.5,0,0,,1,25.2,2,1,0
1,09/25/2024 02:47:18 PM,09/25/2024 03:27:51 PM,N,1,10,170,1,16,65.3,2.75,1.5,16.65,13.88,,1,100.08,1,1,2.75
2,04/25/2024 07:35:44 AM,04/25/2024 07:43:54 AM,N,1,75,262,1,1.24,9.3,0,0.5,2.71,0,,1,16.26,1,1,2.75
2,10/23/2024 08:01:25 AM,10/23/2024 08:21:45 AM,N,1,43,161,1,2.44,19.1,0,0.5,4.67,0,,1,28.02,1,1,2.75
2,04/15/2024 01:59:52 PM,04/15/2024 02:23:42 PM,N,1,41,262,1,2.68,21.9,0,0.5,5.23,0,,1,31.38,1,1,2.75
2,12/04/2024 04:39:16 PM,12/04/2024 04:54:42 PM,N,1,74,236,1,2.43,16.3,2.5,0.5,4,0,,1,27.05,1,1,2.75
2,08/06/2024 01:09:33 PM,08/06/2024 01:09:36 PM,N,5,69,264,1,0,8,0,0,2.7,0,,1,11.7,1,2,0
2,12/18/2024 06:21:58 PM,12/18/2024 06:29:12 PM,N,1,75,41,1,0,7.9,2.5,0.5,3.57,0,,1,15.47,1,1,0
2,07/03/2024 09:41:27 AM,07/03/2024 09:51:45 AM,N,1,74,75,1,1.42,10.7,0,0.5,2.44,0,,1,14.64,1,1,0
2,03/16/2024 10:23:00 AM,03/16/2024 10:30:09 AM,N,1,166,74,1,1.02,8.6,0,0.5,0.88,0,,1,10.98,1,1,0
2,02/10/2024 02:32:33 PM,02/10/2024 02:48:25 PM,N,1,74,140,1,3.46,18.4,0,0.5,6.8,0,,1,29.45,1,1,2.75
2,04/15/2024 02:37:24 AM,04/15/2024 02:39:38 AM,N,5,82,82,1,0,-60,0,0,0,0,,-1,-61,3,2,0
2,12/02/2024 02:07:53 PM,12/02/2024 02:28:12 PM,N,1,74,239,5,3.01,19.8,0,0.5,3.61,0,,1,27.66,1,1,2.75
2,09/17/2024 09:20:03 PM,09/17/2024 09:31:33 PM,N,1,93,7,1,5.1,22.6,1,0.5,5.02,0,,1,30.12,1,1,0
2,11/23/2024 12:09:12 PM,11/23/2024 12:18:05 PM,N,1,97,49,1,1.38,10,0,0.5,3.45,0,,1,14.95,1,1,0
2,08/29/2024 08:28:58 PM,08/29/2024 08:33:06 PM,N,1,41,42,1,0.72,6.5,1,0.5,1.8,0,,1,10.8,1,1,0
2,12/21/2024 02:24:46 AM,12/21/2024 02:25:02 AM,N,1,7,7,1,0,3,1,0.5,1.1,0,,1,6.6,1,1,0
1,09/03/2024 06:12:29 PM,09/03/2024 06:22:26 PM,N,1,97,49,1,1.2,10.7,2.5,1.5,0,0,,1,14.7,2,1,0
2,06/11/2024 04:27:20 PM,06/11/2024 04:38:55 PM,N,1,95,28,1,2.28,13.5,2.5,0.5,0,0,,1,17.5,2,1,0
1,10/25/2024 12:04:56 AM,10/25/2024 12:05:05 AM,N,1,82,82,1,0,3,1,1.5,10,0,,1,15.5,1,1,0
2,09/14/2024 04:00:13 AM,09/14/2024 04:00:26 AM,N,5,95,95,1,0,9,0,0,5,0,,1,15,1,2,0
2,03/07/2024 06:11:56 PM,03/07/2024 06:37:51 PM,N,1,166,230,1,5.34,29.6,2.5,0.5,0,0,,1,36.35,1,1,2.75
2,02/10/2024 02:07:38 PM,02/10/2024 02:27:54 PM,N,1,42,170,1,5.92,27.5,0,0.5,0,0,,1,31.75,1,1,2.75
2,02/08/2024 07:40:38 PM,02/08/2024 07:50:30 PM,N,1,43,166,1,2.79,14.2,2.5,0.5,3.64,0,,1,21.84,1,1,0
2,04/05/2024 06:51:33 PM,04/05/2024 06:56:57 PM,N,1,75,236,1,0.65,7.2,2.5,0.5,2.79,0,,1,16.74,1,1,2.75
2,01/05/2024 01:40:28 PM,01/05/2024 01:52:20 PM,N,1,95,196,3,1.46,12.1,0,0.5,0,0,,1,13.6,2,1,0
2,02/26/2024 03:06:47 PM,02/26/2024 03:15:54 PM,N,1,82,138,1,3.58,17,5,0.5,4.7,0,,1,28.2,1,1,0
1,02/03/2024 03:16:42 PM,02/03/2024 03:35:15 PM,N,1,95,10,1,4.1,21.9,0,1.5,0,0,,1,23.4,1,1,0
2,08/06/2024 04:12:43 PM,08/06/2024 04:51:29 PM,N,1,65,138,1,10.42,45,7.5,0.5,13.5,0,,1,67.5,1,1,0
2,08/05/2024 01:56:40 PM,08/05/2024 02:07:44 PM,N,1,75,237,1,1.9,12.8,0,0.5,3.41,0,,1,20.46,1,1,2.75
2,08/05/2024 03:29:12 PM,08/05/2024 03:45:57 PM,N,1,196,82,1,2.3,16.3,0,0.5,0,0,,1,17.8,2,1,0
2,05/07/2024 12:28:51 PM,05/07/2024 12:46:55 PM,N,1,75,116,2,3.41,19.1,0,0.5,3,0,,1,23.6,1,1,0
2,05/04/2024 10:06:49 AM,05/04/2024 10:24:31 AM,N,1,74,151,1,2.42,17.7,0,0.5,3.84,0,,1,23.04,1,1,0
2,11/27/2024 10:47:04 AM,11/27/2024 10:51:02 AM,N,1,42,74,1,0.7,6.5,0,0.5,0,0,,1,8,2,1,0
2,03/08/2024 07:55:04 AM,03/08/2024 08:09:53 AM,N,1,75,142,1,2.4,15.6,0,0.5,3.57,0,,1,23.42,1,1,2.75
2,06/18/2024 10:05:15 AM,06/18/2024 10:14:28 AM,N,1,260,157,5,1.47,10.7,0,0.5,3.05,0,,1,15.25,1,1,0
2,06/19/2024 12:31:55 PM,06/19/2024 12:37:04 PM,N,1,74,263,1,1.19,7.9,0,0.5,3.04,0,,1,15.19,1,1,2.75
2,07/30/2024 10:40:31 PM,07/30/2024 10:55:41 PM,N,1,97,228,1,2.67,17,1,0.5,3.9,0,,1,23.4,1,1,0
2,10/05/2024 09:17:29 AM,10/05/2024 09:23:40 AM,N,1,43,236,2,1.05,7.9,0,0.5,2.43,0,,1,14.58,1,1,2.75
2,07/26/2024 05:06:44 PM,07/26/2024 05:14:30 PM,N,1,75,238,1,1.57,10,2.5,0.5,3.35,0,,1,20.1,1,1,2.75
2,04/04/2024 12:33:35 PM,04/04/2024 12:39:30 PM,N,1,7,7,1,0.81,7.2,0,0.5,2,0,,1,10.7,1,1,0
2,02/23/2024 09:56:28 PM,02/23/2024 10:05:14 PM,N,1,43,262,1,1.4,10,1,0.5,3.05,0,,1,18.3,1,1,2.75
2,09/16/2024 10:20:27 AM,09/16/2024 10:22:49 AM,N,1,75,75,1,0,3,0,0.5,1.12,0,,1,5.62,1,1,0
2,02/09/2024 04:22:37 PM,02/09/2024 04:40:15 PM,N,1,75,48,1,3.58,19.1,2.5,0.5,5.17,0,,1,31.02,1,1,2.75
2,09/04/2024 12:32:50 AM,09/04/2024 01:01:50 AM,N,1,93,249,2,12.52,49.9,1,0.5,12.42,6.94,,1,74.51,1,1,2.75
2,02/10/2024 05:55:56 PM,02/10/2024 06:04:42 PM,N,1,74,75,1,1.78,10.7,0,0.5,2.44,0,,1,14.64,1,1,0
2,04/19/2024 09:25:52 AM,04/19/2024 09:26:51 AM,N,1,260,260,1,0.22,3.7,0,0.5,0,0,,1,5.2,2,1,0
1,11/15/2024 04:23:50 PM,11/15/2024 04:31:02 PM,N,1,210,29,1,1,9.3,2.5,1.5,2,0,,1,15.3,1,1,0
2,03/11/2024 07:54:03 PM,03/11/2024 08:01:35 PM,N,1,43,43,1,1.49,10,2.5,0.5,2.51,0,,1,19.26,1,1,2.75
2,11/18/2024 08:41:43 PM,11/18/2024 08:48:54 PM,N,1,74,42,1,1.49,9.3,1,0.5,1,0,,1,12.8,1,1,0
2,02/20/2024 09:32:25 AM,02/20/2024 09:50:19 AM,N,1,74,239,1,3.06,18.4,0,0.5,0,0,,1,22.65,2,1,2.75
2,04/18/2024 04:25:39 PM,04/18/2024 04:41:30 PM,N,1,95,135,1,2.48,16.3,2.5,0.5,0,0,,1,20.3,1,1,0
2,02/09/2024 08:04:40 PM,02/09/2024 08:16:55 PM,N,1,43,142,1,2.54,14.9,1,0.5,3.02,0,,1,23.17,1,1,2.75
2,05/22/2024 10:31:30 PM,05/22/2024 10:46:15 PM,N,1,181,49,1,2.18,15.6,1,0.5,0,0,,1,18.1,2,1,0
2,11/21/2024 06:46:23 AM,11/21/2024 06:59:56 AM,N,1,74,140,1,3.66,17.7,0,0.5,2.2,0,,1,24.15,1,1,2.75
2,05/19/2024 07:57:00 AM,05/19/2024 08:34:00 AM,,,25,132,,0,61.33,0,0,0,0,,1,62.33,,,
2,07/18/2024 12:24:56 PM,07/18/2024 12:40:43 PM,N,1,92,83,1,5.58,23.3,0,0.5,0,0,,1,24.8,2,1,0
2,11/13/2024 10:36:48 PM,11/13/2024 10:50:12 PM,N,1,83,82,1,2.5,14.9,1,0.5,0,0,,1,17.4,2,1,0
2,11/30/2024 12:27:07 PM,11/30/2024 12:36:36 PM,N,1,74,168,1,1.61,11.4,0,0.5,2.58,0,,1,15.48,1,1,0
2,04/30/2024 04:57:37 PM,04/30/2024 05:11:05 PM,N,1,74,74,1,1.91,13.5,2.5,0.5,3.5,0,,1,21,1,1,0
1,07/11/2024 11:23:45 AM,07/11/2024 11:44:57 AM,N,1,77,89,1,0,21.5,0,1.5,0,0,,1,23,1,1,0
2,04/17/2024 02:23:12 PM,04/17/2024 02:39:43 PM,N,1,75,116,5,2.7,17.7,0,0.5,0,0,,1,19.2,1,1,0
1,09/29/2024 08:29:04 PM,09/29/2024 08:40:03 PM,N,1,74,166,1,1.7,10.7,1,1.5,2.6,0,,1,15.8,1,1,0
2,10/22/2024 06:40:32 PM,10/22/2024 06:52:31 PM,N,1,74,236,1,1.62,12.8,2.5,0.5,1,0,,1,20.55,1,1,2.75
2,11/09/2024 02:03:18 AM,11/09/2024 02:10:50 AM,N,5,80,80,1,1.94,25,0,0,0,0,,1,26,1,2,0
2,10/09/2024 01:54:16 PM,10/09/2024 02:25:01 PM,N,5,65,138,1,10.55,50,5,0,11.2,0,,1,67.2,1,2,0
2,01/09/2024 05:42:12 PM,01/09/2024 05:52:39 PM,N,1,74,236,1,1.79,12.1,2.5,0.5,3.77,0,,1,22.62,1,1,2.75
2,03/21/2024 07:04:50 PM,03/21/2024 07:31:15 PM,N,1,127,140,1,8.61,38.7,2.5,0.5,0,0,,1,45.45,2,1,2.75
2,09/23/2024 10:28:47 AM,09/23/2024 10:58:50 AM,N,1,74,209,1,10.18,42.9,0,0.5,2,0,,1,49.15,1,1,2.75
1,11/20/2024 05:59:27 PM,11/20/2024 06:12:32 PM,N,1,65,97,1,1.2,10.7,2.5,1.5,0,0,,1,14.7,2,1,0
2,04/03/2024 09:39:45 PM,04/03/2024 09:46:49 PM,N,1,263,238,1,1.49,10,1,0.5,0,0,,1,12.5,1,1,0
2,04/19/2024 04:46:53 PM,04/19/2024 04:56:58 PM,N,1,95,95,2,1.77,11.4,2.5,0.5,0,0,,1,15.4,2,1,0
2,11/13/2024 03:26:47 PM,11/13/2024 03:43:48 PM,N,1,166,236,1,2.13,17,0,0.5,4,0,,1,25.25,1,1,2.75
1,03/18/2024 05:34:00 AM,03/18/2024 05:40:12 AM,N,1,74,75,1,1.8,10,1,1.5,3.1,0,,1,15.6,1,1,0
2,06/01/2024 10:50:18 PM,06/01/2024 10:50:28 PM,N,5,92,92,4,0,50,0,0,10.2,0,,1,61.2,1,1,0
2,05/22/2024 10:46:22 PM,05/22/2024 10:56:11 PM,N,1,82,256,1,4.68,20.5,1,0.5,0,0,,1,23,2,1,0
2,12/08/2024 06:08:56 PM,12/08/2024 06:24:29 PM,N,1,74,166,1,2.23,14.9,0,0.5,3.28,0,,1,19.68,1,1,0
2,01/10/2024 05:41:25 PM,01/10/2024 05:47:41 PM,N,1,75,238,1,1.13,8.6,2.5,0.5,3.07,0,,1,18.42,1,1,2.75
2,08/27/2024 01:05:33 AM,08/27/2024 01:50:39 AM,N,1,93,148,3,14.57,63.9,1,0.5,10,6.94,,1,86.09,1,1,2.75
2,05/13/2024 11:06:58 AM,05/13/2024 11:37:04 AM,N,1,75,249,1,6.98,35.2,0,0.5,7.89,0,,1,47.34,1,1,2.75
2,12/01/2024 01:06:59 PM,12/01/2024 01:18:37 PM,N,1,74,263,1,2.48,14.2,0,0.5,3.69,0,,1,22.14,1,1,2.75
1,12/09/2024 11:06:40 PM,12/09/2024 11:23:28 PM,N,1,75,244,1,0,14.2,1,1.5,4.15,0,,1,20.85,1,1,0
2,01/18/2024 03:40:14 PM,01/18/2024 03:49:29 PM,N,1,82,83,1,1.5,10,0,0.5,2.3,0,,1,13.8,1,1,0
2,10/18/2024 02:06:51 PM,10/18/2024 03:07:36 PM,N,2,41,132,1,18.08,70,0,0.5,5,6.94,,1,83.44,1,1,0
1,07/23/2024 09:25:04 AM,07/23/2024 09:36:56 AM,N,1,74,75,1,1.6,12.1,0,1.5,4.05,0,,1,17.65,1,1,0
2,03/09/2024 03:20:46 AM,03/09/2024 03:39:13 AM,N,5,80,79,2,4.5,48,0,0,10.35,0,,1,62.1,1,2,2.75
2,01/10/2024 08:49:52 PM,01/10/2024 09:01:14 PM,N,1,25,33,1,1.92,12.8,1,0.5,0,0,,1,15.3,2,1,0
2,06/22/2024 01:26:55 PM,06/22/2024 01:43:58 PM,N,1,74,151,1,2.41,17,0,0.5,0,0,,1,18.5,2,1,0
2,12/19/2024 07:42:29 PM,12/19/2024 07:52:06 PM,N,1,74,236,1,1.81,11.4,2.5,0.5,4.54,0,,1,22.69,1,1,2.75
2,09/03/2024 02:27:24 PM,09/03/2024 02:41:43 PM,N,1,74,151,1,1.84,14.2,0,0.5,3.92,0,,1,19.62,1,1,0
2,12/26/2024 05:43:26 PM,12/26/2024 05:54:54 PM,N,1,42,235,1,3.17,15.6,2.5,0.5,0,0,,1,19.6,2,1,0
2,05/31/2024 07:26:54 AM,05/31/2024 07:39:21 AM,N,5,243,169,1,2.14,8,0,0,0,0,,1,9,2,2,0
2,05/11/2024 01:05:34 PM,05/11/2024 01:10:23 PM,N,1,43,236,2,0.85,6.5,0,0.5,2.15,0,,1,12.9,1,1,2.75
1,10/23/2024 06:38:05 PM,10/23/2024 07:05:17 PM,Y,1,33,113,1,0,21.9,5.25,1.5,0,0,,1,28.65,2,1,2.75
2,07/25/2024 06:31:08 PM,07/25/2024 06:36:06 PM,N,1,82,82,1,0.86,7.2,2.5,0.5,0,0,,1,11.2,2,1,0
2,02/11/2024 03:19:48 AM,02/11/2024 03:41:31 AM,N,1,157,97,1,5.74,28.2,1,0.5,6.14,0,,1,36.84,1,1,0
2,11/11/2024 02:26:39 AM,11/11/2024 02:31:58 AM,N,1,75,238,1,1.09,7.2,1,0.5,0,0,,1,9.7,1,1,0
2,02/03/2024 12:02:29 PM,02/03/2024 12:14:21 PM,N,1,97,49,1,1.55,12.8,0,0.5,2.86,0,,1,17.16,1,1,0
1,04/24/2024 06:23:56 PM,04/24/2024 06:38:48 PM,N,1,74,236,1,2.2,15.6,5.25,1.5,3.35,0,,1,25.7,1,1,2.75
2,09/20/2024 08:29:16 PM,09/20/2024 08:50:49 PM,N,1,256,145,5,3.91,21.2,1,0.5,3,0,,1,26.7,1,1,0
2,12/07/2024 02:43:50 PM,12/07/2024 02:54:10 PM,N,1,74,43,1,1.54,11.4,0,0.5,2,0,,1,14.9,1,1,0
2,01/12/2024 12:34:07 PM,01/12/2024 12:44:45 PM,N,1,83,138,1,4,18.4,5,0.5,4.98,0,,1,29.88,1,1,0
2,06/07/2024 10:09:04 AM,06/07/2024 10:49:05 AM,N,1,129,260,1,3.29,32.4,0,0.5,0,0,,1,33.9,2,1,0
2,06/06/2024 11:53:05 AM,06/06/2024 12:01:59 PM,N,1,74,75,1,1.2,10,0,0.5,0,0,,1,11.5,2,1,0
2,10/16/2024 04:16:48 PM,10/16/2024 04:58:27 PM,N,1,244,170,1,9.62,44.3,2.5,0.5,0,0,,1,51.05,2,1,2.75
2,01/25/2024 08:27:00 AM,01/25/2024 08:58:00 AM,,,244,193,,8.02,43.52,0,0,5.15,6.94,,1,56.61,,,
2,10/10/2024 05:31:55 AM,10/10/2024 05:45:54 AM,N,1,129,146,1,3.04,12.5,0.5,0.5,2.07,0,,0.3,15.87,1,1,0
2,10/15/2024 02:00:02 PM,10/15/2024 02:16:37 PM,N,1,65,49,1,1.44,15.6,0,0.5,3.42,0,,1,20.52,1,1,0
2,07/28/2024 11:40:47 AM,07/28/2024 11:58:32 AM,N,1,74,42,1,2.51,18.4,0,0.5,0,0,,1,19.9,2,1,0
1,05/07/2024 08:07:20 AM,05/07/2024 08:20:56 AM,N,1,74,236,1,1.8,13.5,2.75,1.5,1,0,,1,18.75,1,1,2.75
2,09/24/2024 04:34:59 PM,09/24/2024 04:50:01 PM,N,1,7,226,1,2.25,14.9,2.5,0.5,0,0,,1,18.9,2,1,0
2,06/05/2024 07:49:34 PM,06/05/2024 08:02:55 PM,N,1,74,166,3,2.09,14.2,2.5,0.5,3.64,0,,1,21.84,1,1,0
2,08/22/2024 08:28:34 PM,08/22/2024 08:39:23 PM,N,1,75,237,1,1.82,12.1,1,0.5,3.47,0,,1,20.82,1,1,2.75
1,03/15/2024 07:47:26 AM,03/15/2024 08:00:05 AM,N,1,129,138,1,2.8,17,5,1.5,0,0,,1,23.5,2,1,0
2,05/04/2024 05:07:24 PM,05/04/2024 05:22:53 PM,N,1,74,141,1,2.79,17,0,0.5,4.25,0,,1,25.5,1,1,2.75
2,03/01/2024 05:02:51 PM,03/01/2024 05:09:24 PM,N,1,75,74,1,1.43,9.3,2.5,0.5,2.66,0,,1,15.96,1,1,0
2,10/26/2024 07:16:07 PM,10/26/2024 07:21:56 PM,N,1,166,238,1,1.29,8.6,0,0.5,0,0,,1,12.85,2,1,2.75
2,12/14/2024 06:08:35 PM,12/14/2024 06:24:33 PM,N,1,226,179,1,1.72,14.9,0,0.5,0,0,,1,16.4,2,1,0
2,10/01/2024 07:25:28 PM,10/01/2024 07:30:33 PM,N,1,41,41,1,0.7,7.2,2.5,0.5,2.8,0,,1,14,1,1,0
2,02/04/2024 09:46:39 PM,02/04/2024 10:18:03 PM,N,1,52,127,1,15.99,62.5,1,0.5,13.55,0,,1,81.3,1,1,2.75
1,03/17/2024 01:55:38 PM,03/17/2024 02:22:26 PM,N,1,74,18,1,9.4,38.7,0,1.5,0,0,,1,40.2,2,1,0
2,04/13/2024 11:49:29 AM,04/13/2024 11:52:52 AM,N,1,75,236,1,0.69,5.8,0,0.5,0,0,,1,10.05,2,1,2.75
2,06/04/2024 09:11:50 AM,06/04/2024 09:23:44 AM,N,1,166,244,1,1.46,12.8,0,0.5,0,0,,1,14.3,2,1,0
2,07/14/2024 07:00:04 PM,07/14/2024 07:10:17 PM,N,1,42,24,1,1.84,12.1,0,0.5,0,0,,1,13.6,2,1,0
2,01/28/2024 04:55:01 PM,01/28/2024 05:05:54 PM,N,1,41,42,1,1.77,11.4,0,0.5,0,0,,1,12.9,2,1,0
2,09/30/2024 12:07:10 AM,09/30/2024 12:36:08 AM,N,5,80,178,1,11.53,90,0,0,18.2,0,,1,109.2,1,2,0
2,11/01/2024 10:43:16 AM,11/01/2024 10:46:13 AM,N,1,75,74,1,0.81,5.8,0,0.5,1.46,0,,1,8.76,1,1,0
2,09/06/2024 11:36:01 AM,09/06/2024 11:49:00 AM,N,1,97,189,1,1.11,12.8,0,0.5,2.86,0,,1,17.16,1,1,0
2,01/06/2024 01:52:06 PM,01/06/2024 01:52:51 PM,N,1,41,41,1,0.3,3.7,0,0.5,0,0,,1,5.2,1,1,0
1,06/07/2024 05:29:29 PM,06/07/2024 05:48:54 PM,N,1,75,244,1,3.5,20.5,2.5,1.5,2,0,,1,26.5,1,1,0
2,07/12/2024 02:03:07 PM,07/12/2024 02:08:09 PM,N,5,92,92,1,0.21,75,0,0,15.2,0,,1,91.2,1,2,0
2,11/25/2024 09:06:32 AM,11/25/2024 09:16:12 AM,N,1,74,75,1,1.37,10.7,0,0.5,2.44,0,,1,14.64,1,1,0
2,05/11/2024 04:10:01 AM,05/11/2024 04:22:30 AM,N,1,166,74,1,2.11,14.2,1,0.5,4.18,0,,1,20.88,1,1,0
2,10/29/2024 04:11:38 PM,10/29/2024 04:25:51 PM,N,1,75,151,2,1.56,14.2,2.5,0.5,3.64,0,,1,21.84,1,1,0
2,09/26/2024 10:17:00 AM,09/26/2024 10:27:32 AM,N,1,75,237,5,1.82,11.4,0,0.5,3.13,0,,1,18.78,1,1,2.75
2,01/25/2024 01:12:50 PM,01/25/2024 01:27:22 PM,N,1,75,247,1,3.88,19.1,0,0.5,0,0,,0.3,19.9,2,1,0
2,06/11/2024 02:53:50 PM,06/11/2024 03:00:22 PM,N,1,166,238,5,0.97,8.6,0,0.5,2.57,0,,1,15.42,1,1,2.75
2,08/30/2024 11:06:09 AM,08/31/2024 10:23:21 AM,N,1,65,49,1,1.48,15.6,2.5,0.5,3.92,0,,1,23.52,1,1,0
2,11/21/2024 02:13:48 PM,11/21/2024 02:35:13 PM,N,1,74,229,1,4.3,21.9,0,0.5,2,0,,1,28.15,1,1,2.75
2,04/19/2024 08:22:45 AM,04/19/2024 08:23:34 AM,N,5,92,92,1,0.08,75,0,0,5,0,,1,81,1,1,0
2,01/29/2024 12:06:33 PM,01/29/2024 12:15:09 PM,N,1,43,236,1,1.17,10,0,0.5,3.56,0,,1,17.81,1,1,2.75
2,05/22/2024 11:43:09 AM,05/22/2024 11:49:40 AM,N,1,75,236,1,1.18,8.6,0,0.5,1,0,,1,13.85,1,1,2.75
2,02/09/2024 10:04:55 AM,02/09/2024 10:27:35 AM,N,1,74,244,1,3.27,22.6,0,0.5,4.82,0,,1,28.92,1,1,0
2,06/08/2024 07:41:46 PM,06/08/2024 07:49:16 PM,N,1,83,82,1,0.77,8.6,0,0.5,0,0,,1,10.1,2,1,0
2,02/21/2024 10:54:48 PM,02/21/2024 11:05:23 PM,N,1,75,262,1,1.27,10.7,1,0.5,0,0,,1,15.95,2,1,2.75
2,01/15/2024 08:48:33 AM,01/15/2024 08:51:14 AM,N,1,75,263,1,0.95,5.8,0,0.5,2.01,0,,1,12.06,1,1,2.75
1,10/21/2024 10:10:53 AM,10/21/2024 10:51:37 AM,N,1,259,75,1,0,39.5,0,1.5,0,0,,1,41,1,1,0
2,10/03/2024 05:58:24 PM,10/03/2024 06:13:42 PM,N,1,75,143,1,3.02,17,2.5,0.5,4.75,0,,1,28.5,1,1,2.75
2,11/01/2024 10:01:46 PM,11/01/2024 10:01:48 PM,N,5,264,264,1,0.04,80,0,0,0,0,,1,81,1,2,0
2,02/20/2024 09:39:45 PM,02/20/2024 09:47:20 PM,N,1,74,42,1,1.47,10,1,0.5,0,0,,1,12.5,2,1,0
2,06/23/2024 07:58:00 PM,06/23/2024 08:02:19 PM,N,1,82,160,1,0.66,6.5,1,0.5,3,0,,1,12,1,1,0
2,03/27/2024 02:18:53 PM,03/27/2024 02:30:35 PM,N,1,82,138,2,2.53,14.9,5,0.5,1.6,0,,1,23,1,1,0
2,04/04/2024 06:51:35 PM,04/04/2024 07:06:51 PM,N,1,97,181,2,2.31,16.3,2.5,0.5,4.06,0,,1,24.36,1,1,0
2,10/26/2024 05:38:40 PM,10/26/2024 05:54:36 PM,N,1,74,43,1,2.3,16.3,0,0.5,4.2,0,,1,22,1,1,0
2,11/21/2024 10:30:51 AM,11/21/2024 10:40:48 AM,N,1,74,75,1,1.34,10.7,0,0.5,2.44,0,,1,14.64,1,1,0
2,10/09/2024 11:46:15 AM,10/09/2024 12:00:38 PM,N,1,95,95,1,1.63,14.9,0,0.5,0,0,,1,16.4,1,1,0
1,05/13/2024 10:11:47 PM,05/13/2024 10:11:54 PM,N,2,253,253,1,0.1,70,0,1.5,0,0,,1,71.5,3,1,0
2,01/02/2024 07:31:50 AM,01/02/2024 07:39:34 AM,N,1,74,75,1,1.24,9.3,0,0.5,2.16,0,,1,12.96,1,1,0
2,09/13/2024 02:17:21 PM,09/13/2024 02:26:26 PM,N,1,41,41,1,0.99,9.3,0,0.5,3.24,0,,1,14.04,1,1,0
2,10/16/2024 12:47:23 PM,10/16/2024 12:59:05 PM,N,1,74,166,1,2.58,14.2,0,0.5,3.14,0,,1,18.84,1,1,0
2,12/10/2024 02:56:46 PM,12/10/2024 02:59:18 PM,N,5,41,41,1,0,-37,0,0,0,0,,-1,-38,4,2,0
2,04/12/2024 09:43:00 AM,04/12/2024 10:07:00 AM,,,25,123,,12.16,47.23,0,0,9.55,0,,1,57.78,,,
1,02/07/2024 04:34:15 PM,02/07/2024 06:10:15 PM,N,1,75,230,1,5.1,56.9,5.25,1.5,12.7,0,,1,76.35,1,1,2.75
2,12/01/2024 04:25:11 PM,12/01/2024 04:39:27 PM,N,1,95,196,1,1.95,14.2,0,0.5,0,0,,1,15.7,2,1,0
2,05/11/2024 04:39:22 PM,05/11/2024 05:00:17 PM,N,1,95,196,1,1.72,18.4,0,0.5,0,0,,1,19.9,2,1,0
2,03/10/2024 04:26:55 PM,03/10/2024 04:39:08 PM,N,1,74,151,1,1.82,13.5,0,0.5,3,0,,1,18,1,1,0
2,09/03/2024 06:29:33 AM,09/03/2024 06:40:29 AM,N,1,74,159,1,1.96,12.8,0,0.5,3.58,0,,1,17.88,1,1,0
2,09/09/2024 06:47:36 PM,09/09/2024 07:01:10 PM,N,1,97,61,1,2.68,15.6,2.5,0.5,4.9,0,,1,24.5,1,1,0
2,02/06/2024 06:15:47 PM,02/06/2024 06:29:24 PM,N,1,95,134,1,1.74,13.5,2.5,0.5,0,0,,1,17.5,2,1,0
2,04/23/2024 02:02:02 PM,04/23/2024 02:33:44 PM,N,1,244,263,1,7.35,39.4,0,0.5,5,0,,1,48.65,1,1,2.75
2,04/03/2024 05:36:00 PM,04/03/2024 05:45:00 PM,,,75,41,,1.3,14.72,0,0,3.04,0,,1,18.76,,,
2,11/07/2024 12:35:47 PM,11/07/2024 12:51:44 PM,N,1,41,138,1,6.94,30.3,0,0.5,5.81,6.94,,1,44.55,1,1,0
2,10/23/2024 05:26:25 PM,10/23/2024 05:49:58 PM,N,1,102,95,5,2.62,20.5,2.5,0.5,0,0,,1,24.5,2,1,0
2,04/25/2024 11:10:31 AM,04/25/2024 11:18:46 AM,N,1,82,138,1,3.62,16.3,5,0.5,20,0,,1,42.8,1,1,0
2,03/21/2024 10:53:06 AM,03/21/2024 10:55:56 AM,N,1,75,75,1,0.8,5.8,0,0.5,1,0,,1,8.3,1,1,0
2,11/19/2024 09:52:33 PM,11/19/2024 10:05:08 PM,N,1,116,238,1,3.81,18.4,1,0.5,0,0,,1,23.65,2,1,2.75
2,05/10/2024 10:21:05 AM,05/10/2024 10:44:46 AM,N,1,75,186,1,6,30.3,0,0.5,0,0,,1,31.8,2,1,0
2,02/16/2024 10:06:12 PM,02/16/2024 10:19:28 PM,N,1,25,195,1,2.19,14.2,1,0.5,2,0,,1,18.7,1,1,0
2,05/22/2024 06:44:48 PM,05/22/2024 06:49:00 PM,N,1,43,236,1,0.55,5.8,2.5,0.5,2,0,,1,14.55,1,1,2.75
2,08/15/2024 02:10:06 PM,08/15/2024 02:15:04 PM,N,1,82,95,1,2.36,10.7,0,0.5,0,0,,1,12.2,2,1,0
2,03/11/2024 04:07:16 PM,03/11/2024 04:12:30 PM,N,1,75,74,1,1.14,7.9,2.5,0.5,3.57,0,,1,15.47,1,1,0
2,08/29/2024 04:34:35 PM,08/29/2024 04:52:21 PM,N,1,166,48,1,4.47,23.3,2.5,0.5,7.45,0,,1,37.25,1,1,2.5
2,09/14/2024 08:44:14 PM,09/14/2024 08:44:18 PM,N,5,82,82,1,0,34,0,0,0,0,,1,35,1,2,0
2,09/13/2024 03:17:23 PM,09/13/2024 03:30:27 PM,N,1,43,166,1,1.26,12.8,0,0.5,4.29,0,,1,18.59,1,1,0
2,02/18/2024 05:38:35 PM,02/18/2024 05:48:30 PM,N,5,41,42,1,1.75,17,0,0,2,0,,1,20,1,1,0
2,02/02/2024 10:25:24 AM,02/02/2024 10:37:33 AM,N,1,129,129,1,1.58,12.1,0,0.5,0,0,,1,13.6,2,1,0
2,06/28/2024 06:30:29 AM,06/28/2024 06:43:00 AM,N,1,75,243,1,5.29,22.6,0,0.5,4.82,0,,1,28.92,1,1,0
2,06/25/2024 12:27:24 PM,06/25/2024 12:40:13 PM,N,1,75,166,5,2.18,14.2,0,0.5,3.14,0,,1,18.84,1,1,0
2,10/26/2024 04:48:17 PM,10/26/2024 05:04:35 PM,N,1,97,49,1,1.88,14.9,0,0.5,2,0,,1,18.4,1,1,0
1,05/03/2024 05:40:57 PM,05/03/2024 06:01:13 PM,N,1,49,17,1,0,18.5,0,1.5,0,0,,1,20,1,1,0
1,09/19/2024 08:41:44 AM,09/19/2024 08:48:39 AM,N,1,41,75,1,0,17.5,0,1.5,0,0,,1,19,1,1,0
2,08/24/2024 07:25:30 AM,08/24/2024 07:33:50 AM,N,1,75,262,5,1.47,10,0,0.5,2.14,0,,1,16.39,1,1,2.75
2,02/11/2024 03:59:18 PM,02/11/2024 04:08:56 PM,N,1,166,239,2,1.55,11.4,0,0.5,3.13,0,,1,18.78,1,1,2.75
2,12/18/2024 04:58:06 PM,12/18/2024 05:16:11 PM,N,1,82,129,1,1.94,17,2.5,0.5,4.2,0,,1,25.2,1,1,0
2,04/20/2024 12:34:44 PM,04/20/2024 12:48:50 PM,N,1,74,141,1,2.93,16.3,0,0.5,4.11,0,,1,24.66,1,1,2.75
1,05/14/2024 08:09:58 PM,05/14/2024 08:24:34 PM,N,1,41,116,2,2.2,13.5,1,1.5,2.5,0,,1,18.5,1,1,0
2,05/14/2024 12:20:52 PM,05/14/2024 12:42:09 PM,N,1,244,43,1,6.11,29.6,0,0.5,0,0,,1,33.85,1,1,2.75
2,02/21/2024 04:49:50 PM,02/21/2024 05:07:27 PM,N,1,42,159,1,2.44,17,2.5,0.5,4.2,0,,1,25.2,1,1,0
2,07/08/2024 12:04:10 PM,07/09/2024 11:21:28 AM,N,1,74,138,1,6.74,28.2,5,0.5,8.33,6.94,,1,49.97,1,1,0
2,03/13/2024 01:17:15 PM,03/13/2024 01:20:53 PM,N,1,41,74,1,0.43,5.8,0,0.5,2.19,0,,1,9.49,1,1,0
2,07/20/2024 12:00:45 PM,07/20/2024 12:16:33 PM,N,1,74,239,1,2.97,17.7,0,0.5,3.29,0,,1,25.24,1,1,2.75
2,12/23/2024 10:53:35 PM,12/23/2024 11:09:15 PM,N,1,74,142,1,4.01,19.1,1,0.5,4.87,0,,1,29.22,1,1,2.75
2,05/08/2024 01:50:46 PM,05/08/2024 02:00:33 PM,N,1,43,236,1,0.97,10,0,0.5,2.85,0,,1,17.1,1,1,2.75
2,08/09/2024 01:37:42 PM,08/09/2024 01:53:18 PM,N,1,95,160,1,2.29,16.3,0,0.5,0,0,,1,17.8,2,1,0
1,05/17/2024 08:08:44 AM,05/17/2024 08:36:37 AM,N,1,166,127,2,7.1,36.6,0,1.5,10,0,,1,48.1,1,1,0
2,06/14/2024 05:30:43 PM,06/14/2024 05:41:14 PM,N,1,75,239,2,1.83,12.8,2.5,0.5,3.91,0,,1,23.46,1,1,2.75
2,02/23/2024 04:20:43 PM,02/23/2024 04:25:18 PM,N,1,75,74,1,1.45,7.9,2.5,0.5,3.57,0,,1,15.47,1,1,0
2,12/08/2024 04:41:47 PM,12/08/2024 04:57:25 PM,N,1,74,141,1,3.06,17.7,0,0.5,4.39,0,,1,26.34,1,1,2.75
2,07/06/2024 08:22:44 PM,07/06/2024 08:32:57 PM,N,1,95,197,1,2.01,12.8,1,0.5,1,0,,1,16.3,1,1,0
2,11/02/2024 11:52:29 AM,11/02/2024 11:57:39 AM,N,1,116,166,1,1.04,7.9,0,0.5,2.35,0,,1,11.75,1,1,0
2,11/22/2024 05:31:18 PM,11/22/2024 05:46:58 PM,N,1,97,97,1,1.25,14.2,2.5,0.5,1.8,0,,1,20,1,1,0
2,07/21/2024 10:31:49 PM,07/21/2024 10:42:59 PM,N,5,93,226,1,7.25,100,0,0,20.2,0,,1,121.2,1,2,0
2,12/06/2024 03:06:51 PM,12/06/2024 03:20:16 PM,N,1,82,138,1,3.57,18.4,5,0.5,4.98,0,,1,29.88,1,1,0
2,09/11/2024 06:50:35 AM,09/11/2024 06:57:08 AM,N,1,74,75,1,1.41,8.6,0,0.5,1,0,,1,11.1,1,1,0
2,03/30/2024 12:36:56 AM,03/30/2024 12:44:17 AM,N,1,25,65,1,0.83,8.6,1,0.5,0,0,,1,11.1,1,1,0
2,04/13/2024 12:37:06 AM,04/13/2024 12:47:22 AM,N,1,74,244,1,3.66,17.7,1,0.5,4.8,0,,1,25,1,1,0
2,05/12/2024 11:53:28 AM,05/12/2024 12:09:04 PM,N,1,74,140,1,4.05,19.8,0,0.5,0,0,,1,24.05,2,1,2.75
2,09/26/2024 12:00:45 PM,09/26/2024 12:20:03 PM,N,1,75,143,6,2.77,19.8,0,0.5,4.81,0,,1,28.86,1,1,2.75
2,04/02/2024 12:30:14 PM,04/02/2024 12:45:06 PM,N,1,75,48,1,2.8,16.3,0,0.5,4.11,0,,1,24.66,1,1,2.75
2,03/06/2024 12:01:39 PM,03/06/2024 12:12:48 PM,N,1,75,239,1,1.92,12.8,0,0.5,8,0,,1,25.05,1,1,2.75
2,03/26/2024 05:39:38 PM,03/26/2024 05:58:41 PM,N,1,33,49,1,2.46,17,2.5,0.5,0,0,,1,21,1,1,0
1,06/20/2024 05:27:45 PM,06/20/2024 05:32:15 PM,N,1,75,238,0,0.9,7.2,5.25,1.5,0,0,,1,13.95,2,1,2.75
2,10/22/2024 11:26:04 AM,10/22/2024 11:36:57 AM,N,1,74,263,1,2.25,13.5,0,0.5,3.55,0,,1,21.3,1,1,2.75
2,10/28/2024 11:28:57 AM,10/28/2024 11:30:53 AM,N,1,166,166,1,0.28,4.4,0,0.5,0,0,,1,5.9,1,1,0
2,08/30/2024 01:24:22 PM,08/30/2024 01:45:42 PM,N,1,65,188,2,3,20.5,0,0.5,4.4,0,,1,26.4,1,1,0
2,04/27/2024 05:53:32 PM,04/27/2024 06:12:59 PM,N,1,97,225,1,2.72,19.1,0,0.5,0,0,,1,20.6,2,1,0
2,04/22/2024 08:04:17 PM,04/22/2024 08:13:09 PM,N,1,95,135,1,1.94,12.1,1,0.5,3.65,0,,1,18.25,1,1,0
2,07/19/2024 10:01:27 AM,07/19/2024 10:14:09 AM,N,1,41,116,2,2.16,14.2,0,0.5,0,0,,1,15.7,2,1,0
1,04/26/2024 08:49:40 AM,04/26/2024 09:32:41 AM,N,1,129,89,1,0,43.5,0,1.5,0,0,,1,45,1,1,0
2,06/28/2024 11:59:35 AM,06/28/2024 11:59:39 AM,N,1,95,95,5,0,3,0,0.5,0,0,,1,4.5,4,1,0
2,06/12/2024 04:25:42 PM,06/12/2024 04:46:13 PM,N,1,166,166,1,5.97,28.9,2.5,0.5,2.58,0,,1,35.48,1,1,0
2,02/02/2024 05:55:02 PM,02/02/2024 06:12:57 PM,N,1,95,138,2,0,14.9,7.5,0.5,0,0,,1,23.9,2,1,0
2,06/02/2024 03:14:28 PM,06/02/2024 03:25:13 PM,N,1,82,138,1,3.55,17.7,5,0.5,4.84,0,,1,29.04,1,1,0
2,05/21/2024 09:47:32 AM,05/21/2024 10:00:10 AM,N,1,41,236,1,2.15,14.2,0,0.5,3.69,0,,1,22.14,1,1,2.75
1,05/17/2024 01:56:18 PM,05/17/2024 02:00:46 PM,N,1,41,152,1,0.7,5.8,0,1.5,2.15,0,,1,9.45,1,1,0
2,12/05/2024 10:13:35 PM,12/05/2024 10:18:37 PM,N,1,166,152,1,1,7.2,1,0.5,1.46,0,,1,11.16,1,1,0
2,01/10/2024 12:18:03 PM,01/10/2024 12:46:01 PM,N,1,75,249,1,7.56,35.9,0,0.5,8.03,0,,1,48.18,1,1,2.75
2,01/03/2024 03:07:27 PM,01/03/2024 03:14:09 PM,N,1,49,34,2,0,7.2,0,0.5,1,0,,1,9.7,1,1,0
2,05/06/2024 04:56:29 AM,05/06/2024 05:00:40 AM,N,1,260,83,1,1.04,7.2,1,0.5,0,0,,1,9.7,2,1,0
1,04/25/2024 10:19:34 PM,04/25/2024 10:34:01 PM,N,1,25,49,1,2,13.5,1,1.5,0,0,,1,16,2,1,0
2,06/01/2024 10:30:46 PM,06/01/2024 10:54:44 PM,N,1,66,97,1,2.31,21.2,1,0.5,4.74,0,,1,28.44,1,1,0
2,02/21/2024 12:40:14 PM,02/21/2024 12:44:11 PM,N,1,75,75,1,0.63,5.8,0,0.5,0,0,,1,7.3,2,1,0
2,01/13/2024 10:32:49 AM,01/13/2024 10:38:01 AM,N,1,42,74,1,0.83,7.2,0,0.5,0,0,,1,8.7,1,1,0
2,08/12/2024 07:13:40 PM,08/12/2024 07:26:05 PM,N,1,74,141,1,2.9,15.6,2.5,0.5,4.47,0,,1,26.82,1,1,2.75
2,01/08/2024 08:30:22 PM,01/08/2024 08:43:56 PM,N,1,260,145,1,3.84,19.1,1,0.5,0,0,,1,21.6,2,1,0
2,05/22/2024 05:32:12 PM,05/22/2024 05:44:30 PM,N,1,166,151,1,1.46,12.8,2.5,0.5,4,0,,1,20.8,1,1,0
2,02/18/2024 12:02:20 AM,02/18/2024 12:18:50 AM,N,1,166,230,3,4.73,23.3,1,0.5,5.71,0,,1,34.26,1,1,2.75
2,01/29/2024 04:20:06 PM,01/29/2024 04:27:18 PM,N,1,75,151,1,1.37,10,2.5,0.5,2.8,0,,1,16.8,1,1,0
2,11/19/2024 12:43:24 PM,11/19/2024 12:49:48 PM,N,1,75,75,1,0.78,7.9,0,0.5,0,0,,1,9.4,1,1,0
2,12/05/2024 02:58:29 PM,12/05/2024 03:31:04 PM,N,1,75,90,1,6.3,34.5,0,0.5,7.75,0,,1,46.5,1,1,2.75
2,01/06/2024 03:34:15 PM,01/06/2024 03:34:17 PM,N,5,20,264,1,0,13,0,0,0,0,,1,14,1,2,0
2,05/19/2024 03:47:20 AM,05/19/2024 03:52:16 AM,N,1,256,255,1,0.83,6.5,1,0.5,1.8,0,,1,10.8,1,1,0
2,01/29/2024 10:43:00 PM,01/29/2024 10:59:34 PM,N,1,256,65,5,3.93,21.2,1,0.5,4.74,0,,1,28.44,1,1,0
1,11/05/2024 05:34:01 PM,11/05/2024 06:16:50 PM,N,1,62,216,1,0,28.5,0,1.5,0,0,,1,30,1,1,0
2,05/29/2024 01:59:59 PM,05/29/2024 02:13:40 PM,N,1,95,28,1,2.98,17,0,0.5,2,0,,1,20.5,1,1,0
2,04/11/2024 07:48:07 AM,04/11/2024 07:57:57 AM,N,1,42,238,2,1.97,11.4,0,0.5,0,0,,1,12.9,1,1,0
2,10/06/2024 10:49:36 AM,10/06/2024 10:58:58 AM,N,1,7,138,1,3.62,16.3,5,0.5,4,0,,1,26.8,1,1,0
2,05/15/2024 10:09:09 PM,05/15/2024 10:16:33 PM,N,1,65,49,1,1.43,9.3,1,0.5,2.36,0,,1,14.16,1,1,0
1,09/19/2024 08:34:35 AM,09/19/2024 08:54:59 AM,N,1,74,140,1,4.2,22.6,2.75,1.5,5.35,0,,1,32.2,1,1,2.75
2,10/25/2024 09:59:54 PM,10/25/2024 10:10:53 PM,N,1,74,75,1,1.76,12.8,1,0.5,3.06,0,,1,18.36,1,1,0
1,01/03/2024 05:36:17 PM,01/03/2024 05:45:03 PM,N,1,74,41,1,1.2,8.6,2.5,1.5,1,0,,1,13.6,1,1,0
2,02/17/2024 09:33:04 AM,02/18/2024 12:00:00 AM,N,1,74,236,1,1.64,10,0,0.5,2.85,0,,1,17.1,1,1,2.75
2,06/06/2024 11:18:41 PM,06/06/2024 11:40:40 PM,N,1,247,164,1,8.23,35.2,1,0.5,4.04,0,,1,44.49,1,1,2.75
2,08/02/2024 02:47:34 AM,08/02/2024 03:02:16 AM,N,1,80,7,2,6.3,27.5,1,0.5,4.5,0,,1,34.5,1,1,0
2,08/17/2024 02:28:36 AM,08/17/2024 02:37:33 AM,N,1,75,233,1,0,8.6,1,0.5,2,0,,1,15.85,1,1,2.75
2,01/25/2024 10:59:54 PM,01/25/2024 11:01:49 PM,N,5,130,130,1,0.39,14,0,0,0,0,,1,15,1,2,0
2,07/29/2024 08:09:23 AM,07/29/2024 08:23:37 AM,N,1,74,75,2,1.28,12.8,0,0.5,2.86,0,,1,17.16,1,1,0
2,03/27/2024 05:17:56 PM,03/27/2024 05:29:17 PM,N,1,134,216,5,2.43,14.2,2.5,0.5,1.82,0,,1,20.02,1,1,0
1,05/08/2024 10:09:54 PM,05/08/2024 10:17:57 PM,N,1,65,97,1,1.2,8.6,1,1.5,0,0,,1,11.1,1,1,0
2,11/25/2024 06:13:24 PM,11/25/2024 06:29:44 PM,N,1,236,141,1,2.59,17,2.5,0.5,4.75,0,,1,28.5,1,1,2.75
2,06/04/2024 04:13:30 PM,06/04/2024 04:32:09 PM,N,1,75,239,1,2.41,18.4,2.5,0.5,7.54,0,,1,32.69,1,1,2.75
2,06/25/2024 11:02:31 PM,06/25/2024 11:23:56 PM,N,5,93,95,2,2.83,39,0,0,0,0,,1,40,2,2,0
2,01/05/2024 10:49:55 PM,01/05/2024 11:05:27 PM,N,1,260,146,2,4,19.8,1,0.5,0,0,,1,22.3,2,1,0
2,04/17/2024 07:28:14 AM,04/17/2024 07:39:06 AM,N,1,74,75,2,1.29,11.4,0,0.5,1.94,0,,1,14.84,1,1,0
2,08/12/2024 10:31:00 AM,08/12/2024 11:00:00 AM,,,41,138,,7.23,32.08,0,0,4.74,6.94,,1,44.76,,,
2,03/06/2024 09:21:43 AM,03/06/2024 09:31:56 AM,N,5,92,171,1,0,15,0,0,4.8,0,,1,20.8,1,2,0
2,03/01/2024 10:36:15 AM,03/01/2024 10:57:59 AM,N,1,74,263,1,3.07,20.5,0,0.5,4.95,0,,1,29.7,1,1,2.75
2,06/21/2024 12:52:25 AM,06/21/2024 12:59:40 AM,N,1,82,70,1,3.12,11,0.5,0.5,2.46,0,,0.3,14.76,1,1,0
1,07/18/2024 03:40:21 PM,07/18/2024 03:47:10 PM,N,1,75,74,1,1.3,9.3,0,1.5,0,0,,1,10.8,2,1,0
1,04/24/2024 07:13:01 AM,04/24/2024 07:21:45 AM,N,1,74,75,1,1.2,8.6,0,1.5,1.5,0,,1,11.6,1,1,0
2,01/09/2024 01:06:52 PM,01/09/2024 01:15:09 PM,N,1,7,7,1,0.85,9.3,0,0.5,2.16,0,,1,12.96,1,1,0
2,02/24/2024 04:57:55 PM,02/24/2024 05:09:58 PM,N,1,166,239,1,1.74,12.1,0,0.5,1,0,,1,17.35,1,1,2.75
2,05/19/2024 05:34:06 PM,05/19/2024 05:53:32 PM,N,1,74,243,1,4.65,23.3,0,0.5,4.96,0,,1,29.76,1,1,0
2,02/18/2024 06:44:00 PM,02/18/2024 06:56:00 PM,,,17,61,,1.81,12.22,0,0,2.64,0,,1,15.86,,,
2,03/19/2024 06:33:26 PM,03/19/2024 06:38:37 PM,N,1,130,130,1,0.81,7.2,2.5,0.5,2.24,0,,1,13.44,1,1,0
1,06/06/2024 05:33:48 PM,06/06/2024 06:27:24 PM,Y,1,75,246,1,5.6,45.7,5.25,1.5,10.45,0,,1,62.9,1,1,2.75
2,12/19/2024 06:30:43 AM,12/19/2024 06:35:25 AM,N,1,74,75,1,1.2,7.2,0,0.5,1.74,0,,1,10.44,1,1,0
1,06/13/2024 05:01:03 PM,06/13/2024 05:10:38 PM,Y,1,75,74,1,1.6,11.4,2.5,1.5,3.05,0,,1,18.45,1,1,0
2,03/23/2024 01:28:39 AM,03/23/2024 01:52:02 AM,N,1,255,36,1,3.93,22.6,1,0.5,5.02,0,,1,30.12,1,1,0
2,02/15/2024 09:03:58 AM,02/15/2024 09:06:19 AM,N,1,166,151,1,0.52,5.1,0,0.5,1,0,,1,7.6,1,1,0
2,01/25/2024 02:07:00 PM,01/25/2024 02:19:07 PM,N,1,97,25,1,0.56,11.4,0,0.5,0,0,,1,12.9,1,1,0
2,09/15/2024 10:34:30 PM,09/15/2024 10:34:34 PM,N,1,95,95,1,0.02,3,1,0.5,0,0,,1,5.5,2,1,0
2,08/19/2024 04:50:28 PM,08/19/2024 04:58:17 PM,N,1,83,129,1,0.77,8.6,2.5,0.5,2.52,0,,1,15.12,1,1,0
2,02/12/2024 04:40:44 PM,02/12/2024 04:52:10 PM,N,1,33,65,1,0.69,10.7,2.5,0.5,0,0,,1,14.7,2,1,0
2,12/13/2024 11:17:19 AM,12/13/2024 11:25:48 AM,N,1,129,260,1,1.45,10,0,0.5,0,0,,1,11.5,2,1,0
1,11/10/2024 06:00:57 AM,11/10/2024 06:15:18 AM,N,1,74,244,1,3.2,16.3,0,1.5,0,0,,1,17.8,2,1,0
2,07/14/2024 05:10:50 PM,07/14/2024 05:30:00 PM,N,1,95,56,1,2.4,19.1,0,0.5,2.5,0,,1,23.1,1,1,0
2,01/16/2024 05:23:05 PM,01/16/2024 05:31:20 PM,N,1,43,74,1,1.12,7.9,2.5,0.5,0,0,,1,11.9,2,1,0
2,06/06/2024 05:36:12 PM,06/06/2024 05:45:37 PM,N,1,82,138,1,3.66,16.3,7.5,0.5,5.06,0,,1,30.36,1,1,0
2,11/25/2024 03:31:50 PM,11/25/2024 03:44:22 PM,N,1,244,166,1,2.84,16.3,0,0.5,0,0,,1,17.8,2,1,0
2,11/21/2024 05:17:12 PM,11/21/2024 06:10:50 PM,N,1,43,186,2,4.1,43.6,2.5,0.5,10.07,0,,1,60.42,1,1,2.75
2,05/02/2024 09:10:18 AM,05/02/2024 09:25:33 AM,N,1,74,237,1,2.7,15.6,0,0.5,3.97,0,,1,23.82,1,1,2.75
2,04/23/2024 03:28:08 PM,04/23/2024 03:37:00 PM,N,1,82,138,2,3.66,17,5,0.5,7.05,0,,1,30.55,1,1,0
1,03/06/2024 08:12:23 PM,03/06/2024 08:16:49 PM,N,1,210,210,1,1,6.5,1,1.5,2.65,0,,1,11.65,1,1,0
2,10/14/2024 11:57:10 AM,10/14/2024 12:03:05 PM,N,1,43,236,1,0.88,7.9,0,0.5,2.43,0,,1,14.58,1,1,2.75
2,03/30/2024 02:26:54 AM,03/30/2024 02:29:09 AM,N,1,95,95,1,0.8,5.8,1,0.5,1,0,,1,9.3,1,1,0
2,11/26/2024 05:59:52 PM,11/26/2024 06:32:27 PM,N,1,66,11,5,7.6,33.8,2.5,0.5,6,0,,1,43.8,1,1,0
2,08/28/2024 11:08:31 AM,08/28/2024 11:15:38 AM,N,1,166,41,1,0.81,7.9,0,0.5,0,0,,1,9.4,2,1,0
2,11/10/2024 08:52:14 PM,11/10/2024 09:18:17 PM,N,1,7,129,1,5.34,29.6,1,0.5,0,0,,1,32.1,2,1,0
2,07/01/2024 07:10:25 AM,07/01/2024 07:29:39 AM,N,1,244,236,1,6.42,28.9,0,0.5,2,0,,1,35.15,1,1,2.75
2,05/22/2024 07:02:23 PM,05/22/2024 07:13:20 PM,N,1,82,138,1,3.75,17.7,7.5,0.5,3.08,0,,1,29.78,1,1,0
1,10/13/2024 09:56:58 AM,10/13/2024 10:13:07 AM,N,1,74,238,1,2.9,17.7,0,1.5,3.8,0,,1,23,1,1,0
2,11/20/2024 02:10:51 PM,11/20/2024 02:34:12 PM,N,1,244,246,1,7.35,35.9,0,0.5,12.04,0,,1,52.19,1,1,2.75
2,10/16/2024 07:33:47 PM,10/16/2024 07:46:32 PM,N,1,260,129,1,1.12,12.1,2.5,0.5,0,0,,1,16.1,2,1,0
2,10/21/2024 05:53:21 PM,10/21/2024 06:00:31 PM,N,1,43,238,1,1.08,8.6,2.5,0.5,1.89,0,,1,14.49,1,1,0
1,11/20/2024 05:24:17 PM,11/20/2024 05:33:32 PM,N,1,75,74,0,1.4,10.7,2.5,1.5,2.2,0,,1,16.9,1,1,0
2,05/05/2024 06:48:03 PM,05/05/2024 07:05:00 PM,N,1,95,92,1,4.23,21.2,0,0.5,5.68,0,,1,28.38,1,1,0
2,08/29/2024 11:17:43 AM,08/29/2024 11:39:50 AM,N,1,152,168,1,3.6,22.6,0,0.5,0,0,,1,24.1,2,1,0
2,03/19/2024 11:54:06 AM,03/19/2024 11:59:39 AM,N,1,74,41,1,0.87,7.2,0,0.5,0,0,,1,8.7,2,1,0
2,05/07/2024 07:19:56 AM,05/07/2024 07:37:34 AM,N,1,74,262,1,2.76,18.4,0,0.5,2,0,,1,24.65,1,1,2.75
2,11/17/2024 10:50:59 AM,11/17/2024 11:00:27 AM,N,1,116,247,1,2.07,12.1,0,0.5,1,0,,1,14.6,1,1,0
1,01/09/2024 04:46:16 PM,01/09/2024 04:54:27 PM,N,1,74,74,1,1,9.3,2.5,1.5,0,0,,1,13.3,2,1,0
2,08/29/2024 09:42:25 PM,08/29/2024 10:15:54 PM,N,5,93,265,1,30.57,164,0,0,34.39,6.94,,1,206.33,1,2,0
2,09/23/2024 08:50:44 AM,09/23/2024 09:07:17 AM,N,1,75,237,1,2.48,16.3,0,0.5,2,0,,1,22.55,1,1,2.75
2,11/26/2024 09:54:54 PM,11/26/2024 09:58:46 PM,N,1,43,151,1,1.09,7.2,1,0.5,1.94,0,,1,11.64,1,1,0
1,08/12/2024 10:43:22 AM,08/12/2024 11:12:59 AM,N,1,166,164,2,5.3,29.6,2.75,1.5,0,0,,1,33.85,2,1,2.75
2,05/15/2024 05:23:32 PM,05/15/2024 05:55:25 PM,N,1,229,138,1,7.75,35.9,7.5,0.5,25,0,,1,69.9,1,1,0
2,12/28/2024 01:43:36 AM,12/28/2024 01:48:09 AM,N,1,129,129,1,0.67,6.5,1,0.5,0,0,,1,9,2,1,0
2,06/14/2024 06:31:19 AM,06/14/2024 06:37:55 AM,N,1,74,75,1,1.41,8.6,0,0.5,2.02,0,,1,12.12,1,1,0
1,08/31/2024 07:05:17 PM,08/31/2024 07:31:39 PM,N,1,82,264,3,3.8,22.6,2.5,1.5,0,0,,1,26.6,2,1,0
2,01/23/2024 04:26:13 PM,01/23/2024 04:31:26 PM,N,1,42,42,1,0.67,6.5,2.5,0.5,0,0,,1,10.5,2,1,0
2,02/10/2024 12:12:38 PM,02/10/2024 12:23:50 PM,N,1,74,138,2,6.82,27.5,5,0.5,8.19,6.94,,1,49.13,1,1,0
1,09/29/2024 07:46:37 PM,09/29/2024 08:03:06 PM,N,1,95,92,1,4.2,21.9,0,1.5,4.65,0,,1,28.05,1,1,0
2,01/01/2024 10:40:25 PM,01/01/2024 10:46:23 PM,N,1,41,263,1,1.72,10,1,0.5,3.05,0,,1,18.3,1,1,2.75
2,10/06/2024 05:49:28 PM,10/06/2024 06:05:01 PM,N,1,129,82,1,2.12,15.6,0,0.5,1,0,,1,18.1,1,1,0
2,08/17/2024 06:26:57 PM,08/17/2024 06:37:41 PM,N,1,130,10,1,1.39,11.4,0,0.5,0,0,,1,12.9,1,1,0
2,08/25/2024 02:33:21 PM,08/25/2024 02:47:23 PM,N,1,74,151,6,2.33,15.6,0,0.5,0,0,,1,17.1,2,1,0
1,12/30/2024 10:25:35 AM,12/30/2024 10:45:28 AM,N,1,49,181,1,0,18.5,0,1.5,0,0,,1,20,1,1,0
1,11/02/2024 10:16:57 AM,11/02/2024 10:38:20 AM,N,1,80,25,1,0,23.5,0,1.5,0,0,,1,25,1,1,0
2,06/17/2024 11:01:53 PM,06/17/2024 11:30:24 PM,N,5,181,230,1,6.51,97,0,0,10,0,,1,110.75,1,2,2.75
2,12/30/2024 10:06:53 PM,12/30/2024 10:13:25 PM,N,1,74,24,1,1.54,9.3,1,0.5,2.36,0,,1,14.16,1,1,0
2,01/21/2024 01:28:44 PM,01/21/2024 01:47:24 PM,N,1,74,238,1,3.24,20.5,0,0.5,4.95,0,,1,29.7,1,1,2.75
2,09/17/2024 12:16:29 PM,09/17/2024 12:24:20 PM,N,1,82,160,1,1.5,10,0,0.5,0,0,,1,11.5,2,1,0
2,05/25/2024 01:06:52 PM,05/25/2024 01:34:23 PM,N,1,7,146,1,5.62,28.9,0,0.5,0,0,,1,30.4,2,1,0
1,06/07/2024 07:42:02 AM,06/07/2024 07:59:03 AM,N,1,74,236,1,2.7,17.7,2.75,1.5,2,0,,1,23.95,1,1,2.75
2,01/04/2024 08:26:41 PM,01/04/2024 08:48:06 PM,N,1,41,60,6,6.28,26.1,1,0.5,0,0,,1,28.6,2,1,0
2,01/26/2024 02:28:06 PM,01/26/2024 03:07:47 PM,N,1,202,196,6,7.48,37.3,0,0.5,1,0,,1,39.8,1,1,0
2,01/30/2024 07:58:48 AM,01/30/2024 08:13:55 AM,N,1,65,79,2,4.86,22.6,0,0.5,5.37,0,,1,32.22,1,1,2.75
2,03/21/2024 11:40:52 AM,03/21/2024 11:43:40 AM,N,1,75,236,1,0.25,4.4,0,0.5,1.18,0,,1,7.08,1,1,0
2,01/17/2024 11:28:06 AM,01/17/2024 11:41:11 AM,N,1,74,236,2,2.49,14.9,0,0.5,4.79,0,,1,23.94,1,1,2.75
2,11/15/2024 06:19:17 PM,11/15/2024 06:48:56 PM,N,1,95,7,1,7.68,34.5,2.5,0.5,0,0,,1,38.5,2,1,0
2,05/28/2024 10:35:53 AM,05/28/2024 11:09:30 AM,N,1,7,75,1,5.14,30.3,0,0.5,0,0,,1,34.55,2,1,2.75
1,09/05/2024 02:06:04 PM,09/05/2024 02:28:09 PM,N,1,41,60,1,5.9,27.5,0,1.5,0,0,,1,29,2,1,0
2,02/20/2024 08:55:01 PM,02/20/2024 09:03:08 PM,N,1,75,151,1,1.58,10.7,1,0.5,3.3,0,,1,16.5,1,1,0
1,12/10/2024 08:41:10 AM,12/10/2024 09:05:52 AM,N,1,116,68,1,6.7,31,2.75,1.5,0,0,,1,35.25,1,1,2.75
2,05/21/2024 10:55:17 PM,05/21/2024 11:08:55 PM,N,1,42,75,1,3.18,17,1,0.5,0,0,,1,19.5,1,1,0
2,04/24/2024 05:40:54 PM,04/24/2024 06:14:21 PM,N,1,65,89,1,2.92,26.8,2.5,0.5,0,0,,1,30.8,2,1,0
2,12/20/2024 08:35:29 AM,12/20/2024 08:43:35 AM,N,1,74,43,1,1.4,10,0,0.5,2.3,0,,1,13.8,1,1,0
2,01/14/2024 12:02:37 AM,01/14/2024 12:07:08 AM,N,1,74,42,1,0.66,6.5,1,0.5,1.8,0,,1,10.8,1,1,0
2,07/26/2024 11:34:26 AM,07/26/2024 11:57:53 AM,N,1,33,223,1,10.53,41.5,0,0.5,0,0,,1,43,2,1,0
2,04/24/2024 05:27:42 PM,04/24/2024 05:30:48 PM,N,1,75,236,1,0.67,5.8,2.5,0.5,0,0,,1,12.55,2,1,2.75
2,04/06/2024 03:55:32 PM,04/06/2024 04:05:04 PM,N,1,7,146,1,0.99,10,0,0.5,1,0,,1,12.5,1,1,0
2,05/04/2024 02:43:29 PM,05/04/2024 02:56:05 PM,N,1,166,74,1,2.09,14.2,0,0.5,0,0,,1,15.7,2,1,0
2,01/10/2024 09:17:36 AM,01/10/2024 09:27:39 AM,N,1,75,140,1,1.7,11.4,0,0.5,0,0,,1,15.65,2,1,2.75
2,03/14/2024 11:41:02 PM,03/14/2024 11:41:12 PM,N,5,83,83,1,0,14,0,0,0,0,,1,15,1,2,0
2,01/12/2024 08:09:28 AM,01/12/2024 08:09:32 AM,N,1,130,130,1,0,3,0,0.5,0,0,,1,4.5,2,1,0
2,07/11/2024 09:30:42 AM,07/11/2024 09:40:03 AM,N,1,74,236,1,1.5,10.7,0,0.5,1.22,0,,1,13.42,1,1,0
2,06/27/2024 05:07:29 AM,06/27/2024 05:07:33 AM,N,5,129,129,1,0,20,0,0,0,0,,1,21,1,2,0
2,01/06/2024 07:24:42 AM,01/06/2024 07:33:23 AM,N,1,74,43,1,1.25,10,0,0.5,0,0,,1,11.5,1,1,0
2,06/14/2024 06:25:21 PM,06/14/2024 06:34:46 PM,N,1,41,74,1,1.15,10,2.5,0.5,0,0,,1,14,2,1,0
1,05/09/2024 09:22:18 AM,05/09/2024 09:46:02 AM,N,1,74,236,1,1.8,19.8,2.75,1.5,4.8,0,,1,28.85,1,1,2.75
1,04/13/2024 02:06:12 PM,04/13/2024 02:12:33 PM,N,1,42,42,1,1.1,8.6,0,1.5,0,0,,1,10.1,2,1,0
2,03/23/2024 12:51:05 PM,03/23/2024 01:02:37 PM,N,1,74,42,1,1.62,12.8,0,0.5,2.86,0,,1,17.16,1,1,0
2,02/18/2024 07:13:05 AM,02/18/2024 07:19:51 AM,N,1,74,152,1,1.36,9.3,0,0.5,2.16,0,,1,12.96,1,1,0
1,09/17/2024 05:34:45 PM,09/17/2024 06:05:07 PM,N,1,95,132,1,7,35.9,2.5,1.5,5,0,,1,44.9,1,1,0
2,03/30/2024 10:13:33 PM,03/30/2024 10:21:44 PM,N,1,74,41,1,0,8.6,1,0.5,2.22,0,,1,13.32,1,1,0
1,07/27/2024 08:38:19 AM,07/27/2024 08:40:03 AM,N,5,195,195,1,7.5,0,0,0,0,0,,0,0,2,2,0
2,04/06/2024 06:30:51 PM,04/06/2024 06:44:43 PM,N,1,196,82,1,1.27,12.8,0,0.5,0,0,,1,14.3,2,1,0
2,02/05/2024 04:21:07 PM,02/05/2024 04:34:57 PM,N,1,75,42,1,3.25,17,2.5,0.5,0,0,,1,21,2,1,0
2,09/02/2024 03:32:37 PM,09/02/2024 03:45:58 PM,N,1,74,238,1,2.63,15.6,0,0.5,4.96,0,,1,24.81,1,1,2.75
2,09/24/2024 05:25:26 PM,09/24/2024 05:41:14 PM,N,1,74,151,1,1.76,14.9,2.5,0.5,3.78,0,,1,22.68,1,1,0
2,01/21/2024 02:36:27 PM,01/21/2024 02:46:29 PM,N,1,196,264,1,1.23,9.3,0,0.5,0,0,,1,10.8,2,1,0
2,08/28/2024 05:28:16 PM,08/28/2024 05:32:47 PM,N,1,166,151,1,1.05,7.2,2.5,0.5,1.25,0,,1,12.45,1,1,0
2,11/29/2024 12:59:23 AM,11/29/2024 01:02:18 AM,N,1,74,74,1,0.58,5.1,1,0.5,2,0,,1,9.6,1,1,0
2,10/16/2024 07:22:30 PM,10/16/2024 07:54:05 PM,N,1,260,164,1,4.95,31,2.5,0.5,5,0,,1,42.75,1,1,2.75
2,10/15/2024 06:55:42 AM,10/15/2024 07:13:10 AM,N,1,74,141,1,3.31,19.1,0,0.5,2.34,0,,1,25.69,1,1,2.75
2,12/21/2024 08:05:22 AM,12/21/2024 08:23:17 AM,N,1,166,68,1,5.46,26.1,0,0.5,6.07,0,,1,36.42,1,1,2.75
2,12/22/2024 12:01:45 PM,12/22/2024 12:26:51 PM,N,1,130,155,1,12.24,47.8,0,0.5,9.86,0,,1,59.16,1,1,0
2,09/19/2024 02:38:23 PM,09/19/2024 02:50:44 PM,N,1,97,49,1,1.25,12.1,0,0.5,2.72,0,,1,16.32,1,1,0
2,08/15/2024 06:28:21 AM,08/15/2024 06:33:09 AM,N,1,74,75,1,1.35,7.9,0,0.5,0,0,,1,9.4,1,1,0
1,10/29/2024 07:36:25 AM,10/29/2024 07:48:42 AM,N,1,74,42,1,2.5,14.9,0,1.5,0,0,,1,16.4,2,1,0
2,05/20/2024 06:47:16 PM,05/20/2024 06:51:23 PM,N,1,43,236,1,0.68,5.8,2.5,0.5,1.88,0,,1,14.43,1,1,2.75
1,04/25/2024 07:56:12 PM,04/25/2024 08:06:01 PM,N,1,74,152,1,1.9,10.7,2.5,1.5,0,0,,1,14.7,2,1,0
2,02/01/2024 01:18:24 PM,02/01/2024 01:45:07 PM,N,1,95,129,3,3.71,25.4,0,0.5,0,0,,1,26.9,2,1,0
1,07/30/2024 01:10:57 PM,07/30/2024 01:11:37 PM,N,5,264,244,0,0,0,0,0,0,0,,0,0,2,2,0
2,02/01/2024 02:09:27 PM,02/01/2024 02:29:24 PM,N,1,244,236,1,7.22,31,0,0.5,7.05,0,,1,42.3,1,1,2.75
2,12/10/2024 04:03:25 PM,12/10/2024 04:13:18 PM,N,1,95,95,1,0.87,10,2.5,0.5,0,0,,1,14,2,1,0
2,03/29/2024 06:09:53 PM,03/29/2024 06:21:56 PM,N,1,74,236,1,1.93,12.8,2.5,0.5,0,0,,1,19.55,2,1,2.75
2,01/20/2024 09:33:04 PM,01/20/2024 09:44:02 PM,N,1,74,263,6,2.7,14.2,1,0.5,3,0,,1,22.45,1,1,2.75
1,06/16/2024 08:05:42 AM,06/16/2024 08:20:16 AM,N,1,75,230,3,3.6,17.7,2.75,1.5,0,0,,1,21.95,2,1,2.75
2,05/01/2024 11:29:21 AM,05/01/2024 11:47:08 AM,N,1,75,141,1,2,17,0,0.5,4.25,0,,1,25.5,1,1,2.75
1,10/01/2024 09:29:36 AM,10/01/2024 09:53:24 AM,N,1,129,160,1,3.4,19.8,0,1.5,0,0,,1,21.3,2,1,0
2,07/13/2024 08:56:28 PM,07/13/2024 09:16:29 PM,N,5,130,170,2,12.59,60,0,0,14.14,6.94,,1,84.83,1,2,2.75
2,02/09/2024 10:25:38 AM,02/09/2024 10:38:12 AM,N,1,244,166,3,3.12,16.3,0,0.5,0,0,,1,17.8,2,1,0
2,01/07/2024 01:08:48 AM,01/07/2024 01:16:51 AM,N,1,129,82,2,0.61,8.6,1,0.5,0,0,,1,11.1,2,1,0
2,02/23/2024 02:07:27 PM,02/23/2024 02:23:09 PM,N,1,7,146,1,1.36,14.9,0,0.5,3,0,,1,19.4,1,1,0
2,09/15/2024 05:17:45 PM,09/15/2024 05:32:02 PM,N,1,130,258,1,3.02,17,0,0.5,0,0,,1,18.5,2,1,0
2,10/09/2024 10:54:24 AM,10/09/2024 11:08:39 AM,N,1,95,102,1,2.6,16.3,0,0.5,0,0,,1,17.8,2,1,0
2,01/14/2024 02:17:38 PM,01/14/2024 02:26:58 PM,N,1,130,216,1,2.21,12.8,0,0.5,2.86,0,,1,17.16,1,1,0
2,06/13/2024 03:42:06 PM,06/13/2024 03:48:05 PM,N,1,24,238,1,1.17,7.9,0,0.5,0,0,,1,12.15,2,1,2.75
2,06/22/2024 03:04:39 AM,06/22/2024 03:22:09 AM,N,1,112,36,1,2.94,18.4,1,0.5,5.22,0,,1,26.12,1,1,0
1,12/03/2024 05:11:35 PM,12/03/2024 05:22:51 PM,N,1,83,129,1,1.1,10,2.5,1.5,2.8,0,,1,16.8,1,1,0
2,08/25/2024 06:20:58 PM,08/25/2024 06:42:28 PM,N,1,42,47,1,3.95,23.3,0,0.5,0,0,,1,24.8,2,1,0
2,08/13/2024 06:33:25 PM,08/13/2024 06:42:32 PM,N,1,74,42,1,1.75,10.7,2.5,0.5,0,0,,1,14.7,2,1,0
2,10/08/2024 04:41:27 PM,10/08/2024 04:46:12 PM,,,193,146,,0.8,11.66,0,0.5,2,0,,1,15.16,,,
2,12/24/2024 03:08:01 PM,12/24/2024 03:13:19 PM,N,1,95,95,1,0.43,6.5,0,0.5,0,0,,1,8,2,1,0
2,09/01/2024 04:31:57 PM,09/01/2024 05:02:38 PM,N,5,93,132,2,10.63,89,0,0,10,0,,1,100,1,2,0
2,10/18/2024 10:06:16 AM,10/18/2024 10:16:07 AM,N,1,41,238,1,1.95,12.1,0,0.5,0,0,,1,16.35,2,1,2.75
2,02/18/2024 02:38:21 PM,02/18/2024 02:40:28 PM,N,1,82,82,1,0.05,4.4,0,0.5,0,0,,1,5.9,2,1,0
2,02/23/2024 03:44:06 PM,02/23/2024 04:02:26 PM,N,1,130,216,1,3.3,19.8,0,0.5,0,0,,1,21.3,2,1,0
2,03/31/2024 04:06:55 PM,03/31/2024 04:11:34 PM,N,1,41,166,1,0.59,6.5,0,0.5,1.6,0,,1,9.6,1,1,0
1,02/09/2024 05:13:01 PM,02/09/2024 05:15:21 PM,N,1,82,82,1,0,4.4,2.5,0.5,0,0,,0,7.4,2,1,0
2,11/03/2024 12:08:08 PM,11/03/2024 12:19:03 PM,N,1,82,157,6,1.66,12.1,0,0.5,1,0,,1,14.6,1,1,0
2,08/01/2024 12:49:43 PM,08/01/2024 12:55:48 PM,N,1,74,41,1,0.52,7.2,0,0.5,0,0,,1,8.7,2,1,0
2,12/23/2024 01:37:09 PM,12/23/2024 01:47:10 PM,N,1,74,236,1,1.87,11.4,0,0.5,0,0,,1,15.65,2,1,2.75
2,03/23/2024 09:26:57 PM,03/23/2024 09:31:33 PM,N,1,82,56,1,0.58,6.5,1,0.5,0,0,,1,9,2,1,0
2,11/08/2024 03:24:35 PM,11/08/2024 03:47:08 PM,N,1,95,131,1,3.47,21.9,0,0.5,0,0,,1,23.4,2,1,0
2,05/27/2024 12:04:08 PM,05/27/2024 12:18:43 PM,N,1,92,252,1,2.81,16.3,0,0.5,1,0,,1,18.8,1,1,0
2,04/24/2024 07:57:26 PM,04/24/2024 08:04:21 PM,N,1,152,151,2,1.39,10,2.5,0.5,3.5,0,,1,17.5,1,1,0
1,11/04/2024 03:04:01 PM,11/04/2024 03:09:40 PM,N,1,42,41,1,1,7.2,0,1.5,0,0,,1,8.7,2,1,0
1,06/20/2024 07:41:50 PM,06/20/2024 07:54:08 PM,N,1,82,56,2,1.7,11.4,2.5,1.5,0,0,,1,15.4,2,1,0
2,11/27/2024 01:41:59 PM,11/27/2024 01:49:36 PM,N,1,82,129,2,1.4,10,0,0.5,0,0,,1,11.5,2,1,0
2,12/31/2024 09:39:26 PM,12/31/2024 09:47:07 PM,N,1,74,236,1,1.59,10,1,0.5,2.5,0,,1,15,1,1,0
2,05/29/2024 05:38:10 PM,05/29/2024 05:49:00 PM,N,1,82,138,5,3.78,17.7,7.5,0.5,0,0,,1,26.7,1,1,0
2,09/12/2024 09:11:08 PM,09/12/2024 09:16:21 PM,N,1,166,151,1,0.74,7.2,1,0.5,2.42,0,,1,12.12,1,1,0
2,04/09/2024 04:16:34 PM,04/09/2024 04:29:15 PM,N,1,75,74,1,0.92,12.1,2.5,0.5,0,0,,1,16.1,1,1,0
2,04/27/2024 04:47:42 PM,04/27/2024 04:59:47 PM,N,1,260,7,1,1.73,12.1,0,0.5,2.72,0,,1,16.32,1,1,0
2,08/16/2024 02:29:00 PM,08/16/2024 03:13:00 PM,,,225,132,,9.88,45.39,0,0,0,0,,1,46.39,,,
2,10/24/2024 03:42:27 PM,10/24/2024 03:53:26 PM,N,1,75,74,6,1.41,12.1,0,0.5,1,0,,1,14.6,1,1,0
2,01/18/2024 09:02:49 AM,01/18/2024 09:13:23 AM,N,1,74,166,1,1.82,12.1,0,0.5,2.72,0,,1,16.32,1,1,0
2,01/24/2024 02:36:26 PM,01/24/2024 03:08:59 PM,N,1,83,37,1,5,31,0,0.5,6.5,0,,1,39,1,1,0
2,01/24/2024 08:09:36 PM,01/24/2024 08:22:06 PM,N,1,65,97,1,1.47,12.8,1,0.5,3.06,0,,1,18.36,1,1,0
2,10/10/2024 10:41:19 AM,10/10/2024 10:50:01 AM,N,1,236,236,1,1.18,8.6,0,0.5,0,0,,1,12.85,2,1,2.75
2,04/30/2024 01:25:52 PM,04/30/2024 01:25:56 PM,N,1,260,260,1,0,3,0,0.5,0,0,,1,4.5,2,1,0
2,02/28/2024 12:20:15 PM,02/28/2024 12:32:48 PM,N,1,65,17,1,1.5,12.8,0,0.5,2.86,0,,1,17.16,1,1,0
2,10/18/2024 07:38:36 PM,10/18/2024 07:51:05 PM,N,1,74,236,1,2.41,14.2,2.5,0.5,7.5,0,,1,28.45,1,1,2.75
2,12/03/2024 09:59:36 PM,12/03/2024 10:08:45 PM,N,1,95,135,1,1.58,10.7,1,0.5,0,0,,1,13.2,2,1,0
2,02/21/2024 05:44:55 PM,02/21/2024 06:09:02 PM,N,1,41,230,1,3.85,24,2.5,0.5,0,0,,1,30.75,2,1,2.75
2,12/14/2024 09:36:38 PM,12/14/2024 09:48:42 PM,N,1,74,166,1,1.81,12.8,1,0.5,0,0,,1,15.3,1,1,0
2,09/18/2024 12:11:26 PM,09/18/2024 12:35:31 PM,N,1,95,129,3,5.64,29.6,0,0.5,0.5,0,,1,31.6,1,1,0
2,02/10/2024 12:46:46 AM,02/10/2024 01:19:03 AM,N,1,181,134,1,12.58,52,1,0.5,10.9,0,,1,65.4,1,1,0
2,10/12/2024 09:36:23 PM,10/12/2024 09:43:18 PM,N,1,74,236,1,1.7,10,1,0.5,0,0,,1,15.25,2,1,2.75
2,02/08/2024 03:26:03 PM,02/08/2024 03:47:15 PM,N,1,34,25,1,2.2,15.6,0,0.5,0,0,,1,17.1,1,1,0
2,04/05/2024 08:12:55 AM,04/05/2024 08:25:28 AM,N,1,43,161,1,2.57,14.9,0,0.5,3.83,0,,1,22.98,1,1,2.75
1,04/22/2024 12:49:24 PM,04/22/2024 12:49:24 PM,N,1,74,264,1,0,17,0,1.5,0,0,,1,18.5,2,1,0
2,11/04/2024 08:09:40 PM,11/04/2024 08:18:36 PM,N,1,260,7,1,1.49,10,1,0.5,2.5,0,,1,15,1,1,0
2,12/04/2024 09:15:19 AM,12/04/2024 09:26:57 AM,N,1,74,236,1,2.45,14.2,0,0.5,1,0,,1,19.45,1,1,2.75
2,04/28/2024 09:06:14 AM,04/28/2024 09:17:04 AM,N,1,95,135,1,2.29,13.5,0,0.5,0,0,,1,15,2,1,0
2,10/08/2024 06:55:00 PM,10/08/2024 07:37:00 PM,,,223,132,,12.96,34.4,0,0,10.98,0,,1,46.38,,,
2,12/11/2024 06:25:38 PM,12/11/2024 06:34:54 PM,N,1,75,166,5,1.74,10.7,2.5,0.5,2.94,0,,1,17.64,1,1,0
2,01/24/2024 01:57:34 PM,01/24/2024 02:16:17 PM,N,1,97,17,2,2.24,17.7,0,0.5,4.8,0,,1,24,1,1,0
2,05/15/2024 12:00:25 PM,05/15/2024 12:13:35 PM,N,5,92,28,1,6.4,35,0,0,7.2,0,,1,43.2,1,2,0
2,11/23/2024 05:14:20 PM,11/23/2024 05:39:39 PM,N,1,83,93,1,5.22,28.2,0,0.5,8.91,0,,1,38.61,1,1,0
2,05/11/2024 09:40:59 AM,05/11/2024 09:50:08 AM,N,5,82,170,7,6.16,76.66,0,0,0,6.94,,1,87.35,2,2,2.75
2,04/24/2024 08:42:47 AM,04/24/2024 08:55:21 AM,N,5,134,132,4,6.43,29,0,0,0,0,,1,30,2,2,0
2,08/05/2024 11:05:25 PM,08/05/2024 11:26:26 PM,N,1,93,263,2,9.34,40.1,1,0.5,0,6.94,,1,52.29,1,1,2.75
2,01/31/2024 01:19:39 AM,01/31/2024 01:31:44 AM,N,1,129,260,1,0,11.4,1,0.5,3,0,,1,16.9,1,1,0
2,02/11/2024 11:27:00 AM,02/11/2024 11:48:00 AM,,,202,95,,7.84,27.39,0,0,0,0,,1,28.39,,,
2,05/04/2024 04:06:19 PM,05/04/2024 04:19:36 PM,N,1,129,129,1,1.25,12.8,0,0.5,4.29,0,,1,18.59,1,1,0
2,06/18/2024 02:39:07 AM,06/18/2024 02:48:40 AM,N,1,130,130,1,1.85,11.4,1,0.5,2.78,0,,1,16.68,1,1,0
2,12/09/2024 11:39:13 AM,12/09/2024 12:12:03 PM,N,1,244,162,1,8.83,43.6,0,0.5,9.57,0,,1,57.42,1,1,2.75
2,08/09/2024 09:19:38 AM,08/09/2024 09:33:39 AM,N,1,74,229,1,3.9,19.8,0,0.5,0,0,,1,24.05,1,1,2.75
1,04/29/2024 03:17:18 PM,04/29/2024 04:05:07 PM,N,1,65,167,1,0,42.5,0,1.5,0,0,,1,44,1,1,0
2,12/13/2024 08:23:57 AM,12/13/2024 08:59:56 AM,N,1,166,170,1,4.41,32.4,0,0.5,0,0,,1,36.65,2,1,2.75
2,11/26/2024 10:05:14 PM,11/26/2024 10:05:37 PM,N,1,166,166,2,0,3,1,0.5,0,0,,1,5.5,2,1,0
2,05/30/2024 02:32:48 PM,05/30/2024 02:42:39 PM,N,1,75,74,1,1.37,10.7,0,0.5,2.44,0,,1,14.64,1,1,0
2,12/16/2024 07:21:32 AM,12/16/2024 07:21:35 AM,N,5,265,264,1,0,45,0,0,9.2,0,,1,55.2,1,2,0
2,05/19/2024 09:36:48 PM,05/19/2024 09:48:24 PM,N,1,74,236,1,2.37,14.2,1,0.5,1.5,0,,0.3,20.25,1,1,2.75
2,08/30/2024 03:51:59 PM,08/30/2024 04:04:59 PM,N,1,95,196,1,1.53,13.5,0,0.5,3,0,,1,18,1,1,0
2,08/08/2024 05:24:48 PM,08/08/2024 05:41:07 PM,N,1,43,229,1,2.74,17,2.5,0.5,3,0,,1,26.75,1,1,2.75
2,04/30/2024 07:17:13 AM,04/30/2024 07:35:57 AM,N,1,33,229,1,6.83,29.6,0,0.5,6.77,0,,1,40.62,1,1,2.75
2,12/05/2024 07:07:52 PM,12/05/2024 07:19:20 PM,N,1,74,42,1,1.95,12.8,2.5,0.5,1,0,,1,17.8,1,1,0
2,05/21/2024 04:37:35 PM,05/21/2024 04:44:51 PM,N,1,166,41,1,1.42,9.3,2.5,0.5,2.52,0,,0.3,15.12,1,1,0
2,06/29/2024 11:55:01 PM,06/30/2024 12:02:21 AM,N,1,41,238,5,1.44,10,1,0.5,1.5,0,,1,14,1,1,0
2,05/26/2024 08:53:50 AM,05/26/2024 09:06:35 AM,N,1,166,236,1,3.37,18.4,0,0.5,4.39,0,,0.3,26.34,1,1,2.75
2,08/01/2024 02:07:42 PM,08/01/2024 02:07:45 PM,N,5,134,134,1,0,22,0,0,0,0,,1,23,1,2,0
1,09/24/2024 10:56:29 AM,09/24/2024 11:08:09 AM,N,1,65,97,1,0,16.5,0,1.5,0,0,,1,18,1,1,0
2,08/27/2024 10:41:19 PM,08/27/2024 11:16:16 PM,N,5,253,14,1,20.52,100,0,0,10,0,,1,111,1,2,0
2,08/27/2024 04:38:57 PM,08/27/2024 04:58:50 PM,N,1,41,69,1,3.36,20.5,2.5,0.5,4.9,0,,1,29.4,1,1,0
2,11/28/2024 10:55:00 AM,11/28/2024 11:04:00 AM,,,33,33,,1.06,13.02,0,0.5,2.9,0,,1,17.42,,,
2,01/24/2024 02:26:54 PM,01/24/2024 02:40:16 PM,N,1,74,75,1,1.73,13.5,0,0.5,3.75,0,,1,18.75,1,1,0
2,03/07/2024 04:14:23 PM,03/07/2024 04:21:10 PM,N,1,65,97,1,0.88,8.6,2.5,0.5,0,0,,1,12.6,1,1,0
1,05/21/2024 07:52:03 PM,05/21/2024 07:57:13 PM,N,1,75,238,1,1.2,7.9,2.5,1.5,2.35,0,,1,14.25,1,1,0
2,01/27/2024 01:49:30 PM,01/27/2024 01:57:31 PM,N,5,129,70,2,2.93,22,0,0,4.6,0,,1,27.6,1,2,0
2,06/08/2024 11:40:48 PM,06/08/2024 11:50:04 PM,N,1,25,181,1,1.75,10.7,1,0.5,1.98,0,,1,15.18,1,1,0
2,09/09/2024 07:11:02 PM,09/09/2024 07:18:40 PM,N,1,82,157,1,1.31,9.3,2.5,0.5,2.66,0,,1,15.96,1,1,0
1,10/19/2024 09:51:16 PM,10/19/2024 10:23:37 PM,N,5,95,97,1,9.1,50,0,0,12.5,0,,0,62.5,1,2,0
2,04/22/2024 11:42:46 AM,04/22/2024 12:01:10 PM,N,1,74,237,1,2.93,19.1,0,0.5,4.67,0,,1,28.02,1,1,2.75
2,11/19/2024 07:35:32 AM,11/20/2024 06:52:38 AM,N,1,130,218,1,2.66,17.7,0,0.5,3.84,0,,1,23.04,1,1,0
2,05/15/2024 06:49:37 PM,05/15/2024 06:54:36 PM,N,1,75,74,1,1.37,8.6,2.5,0.5,2.52,0,,1,15.12,1,1,0
2,05/10/2024 07:34:10 PM,05/10/2024 07:43:28 PM,N,1,97,65,1,0.76,9.3,2.5,0.5,2.66,0,,1,15.96,1,1,0
1,12/15/2024 11:23:43 AM,12/15/2024 11:28:25 AM,N,1,210,210,1,0,14.5,0,1.5,0,0,,1,16,1,1,0
1,06/18/2024 08:46:43 AM,06/18/2024 08:59:28 AM,N,1,74,166,1,1.9,12.8,0,1.5,2.85,0,,1,17.15,1,1,0
2,03/15/2024 07:37:58 PM,03/15/2024 07:52:12 PM,N,1,260,223,1,3.64,19.1,1,0.5,5.4,0,,1,27,1,1,0
2,08/19/2024 12:34:45 PM,08/19/2024 12:48:19 PM,N,1,74,236,1,1.99,14.2,0,0.5,2.77,0,,1,21.22,1,1,2.75
2,06/13/2024 03:51:17 PM,06/13/2024 04:05:49 PM,N,1,130,134,1,2.1,14.9,0,0.5,3.28,0,,1,19.68,1,1,0
1,11/15/2024 09:43:37 PM,11/15/2024 10:07:52 PM,N,1,244,90,1,9,39.4,3.75,1.5,4.47,0,,1,49.12,1,1,2.75
2,05/15/2024 07:44:09 PM,05/15/2024 07:59:22 PM,N,1,66,40,1,1.95,14.9,2.5,0.5,3.78,0,,1,22.68,1,1,0
2,07/11/2024 08:44:47 AM,07/11/2024 08:50:21 AM,N,1,41,42,1,0.93,7.9,0,0.5,0,0,,1,9.4,1,1,0
2,02/18/2024 10:05:48 PM,02/18/2024 10:19:30 PM,N,1,129,173,1,1.46,12.8,1,0.5,0,0,,1,15.3,2,1,0
2,03/29/2024 08:32:49 AM,03/29/2024 08:41:39 AM,N,1,95,135,1,2.17,12.8,0,0.5,2.86,0,,1,17.16,1,1,0
2,03/28/2024 12:27:37 PM,03/28/2024 12:51:25 PM,N,5,95,132,2,7.11,29,0,0,0,0,,1,30,2,2,0
2,08/21/2024 01:14:52 PM,08/21/2024 01:24:59 PM,N,1,205,205,1,0.79,10,0,0.5,0,0,,1,11.5,2,1,0
2,05/08/2024 12:38:45 PM,05/08/2024 12:44:27 PM,N,1,75,74,1,1.34,8.6,0,0.5,2.02,0,,1,12.12,1,1,0
2,10/21/2024 05:51:06 PM,10/21/2024 06:07:23 PM,N,1,244,238,1,4.56,23.3,2.5,0.5,5,0,,1,35.05,1,1,2.75
1,08/17/2024 02:00:05 PM,08/17/2024 02:05:42 PM,N,1,41,41,1,0.5,6.5,0,1.5,0,0,,1,8,2,1,0
2,11/02/2024 12:01:12 AM,11/02/2024 12:10:23 AM,N,1,82,129,1,2.81,14.9,1,0.5,4.35,0,,1,21.75,1,1,0
2,11/05/2024 03:45:00 AM,11/05/2024 03:50:06 AM,N,1,116,244,1,1.36,8.6,1,0.5,2.75,0,,1,13.85,1,1,0
2,05/28/2024 08:57:06 AM,05/28/2024 08:57:28 AM,N,1,74,74,1,0,-3,0,-0.5,0,0,,-1,-4.5,3,1,0
2,05/01/2024 10:28:53 AM,05/01/2024 10:36:01 AM,N,1,74,75,1,1.35,9.3,0,0.5,2.16,0,,1,12.96,1,1,0
2,06/01/2024 06:47:21 PM,06/01/2024 07:08:22 PM,N,1,24,237,4,3.61,21.9,0,0.5,2,0,,1,28.15,1,1,2.75
1,05/25/2024 08:54:16 AM,05/25/2024 09:04:21 AM,N,1,65,49,0,1.7,11.4,0,1.5,0,0,,1,12.9,2,1,0
2,06/17/2024 11:48:35 AM,06/17/2024 12:14:15 PM,N,1,116,90,5,7.5,34.5,0,0.5,7.75,0,,1,46.5,1,1,2.75
2,05/08/2024 09:24:11 AM,05/08/2024 09:32:37 AM,N,1,74,41,1,1.13,9.3,0,0.5,2.16,0,,1,12.96,1,1,0
2,08/21/2024 12:28:16 PM,08/21/2024 12:37:14 PM,N,1,74,236,1,1.62,10.7,0,0.5,2.69,0,,1,17.64,1,1,2.75
2,08/21/2024 03:39:16 PM,08/21/2024 03:45:45 PM,N,1,75,75,1,0.51,7.9,0,0.5,0,0,,1,9.4,2,1,0
2,12/17/2024 04:15:49 PM,12/17/2024 04:34:35 PM,N,1,43,246,1,4.52,23.3,2.5,0.5,6.01,0,,1,36.06,1,1,2.75
2,11/16/2024 11:04:51 PM,11/16/2024 11:04:53 PM,N,5,53,264,1,0,15,0,0,3.2,0,,1,19.2,1,2,0
2,11/20/2024 04:58:00 PM,11/20/2024 05:11:00 PM,,,193,145,,1.92,15.74,0,0.5,2,0,,1,19.24,,,
2,12/18/2024 08:33:57 PM,12/18/2024 09:13:38 PM,N,1,95,216,1,5.78,40.1,1,0.5,8.52,0,,1,51.12,1,1,0
2,09/14/2024 11:22:57 PM,09/14/2024 11:29:06 PM,N,1,74,41,1,1.07,7.9,1,0.5,2.08,0,,1,12.48,1,1,0
2,12/23/2024 08:01:43 AM,12/23/2024 08:01:46 AM,N,5,130,264,1,0.01,30,0,0,6.2,0,,1,37.2,1,2,0
2,08/14/2024 09:31:33 AM,08/14/2024 09:37:55 AM,N,1,43,238,1,1.12,8.6,0,0.5,0,0,,1,10.1,1,1,0
2,02/28/2024 12:36:40 PM,02/28/2024 01:01:00 PM,N,1,65,164,1,6.36,31.7,0,0.5,8.99,0,,1,44.94,1,1,2.75
2,09/05/2024 05:02:20 PM,09/05/2024 05:03:27 PM,N,1,65,65,1,0.09,3.7,2.5,0.5,0,0,,1,7.7,2,1,0
2,03/12/2024 09:15:54 PM,03/12/2024 09:28:36 PM,N,1,95,197,1,2.4,14.2,1,0.5,0,0,,1,16.7,2,1,0
2,09/24/2024 12:33:12 PM,09/24/2024 12:44:13 PM,N,5,92,53,4,2.16,20,0,0,5,0,,1,26,1,1,0
2,11/06/2024 07:55:44 PM,11/06/2024 08:04:08 PM,N,1,223,223,1,1.29,9.3,2.5,0.5,2.66,0,,1,15.96,1,1,0
2,03/12/2024 08:55:07 PM,03/12/2024 09:00:26 PM,N,1,7,179,1,0.9,6.5,1,0.5,1.3,0,,1,10.3,1,1,0
2,09/28/2024 04:58:48 PM,09/28/2024 05:34:40 PM,N,1,42,31,2,6.59,35.9,0,0.5,9.35,0,,1,46.75,1,1,0
2,12/02/2024 03:41:12 PM,12/02/2024 03:54:37 PM,N,1,166,239,1,2.1,14.2,0,0.5,2,0,,1,20.45,1,1,2.75
2,05/08/2024 08:10:21 AM,05/08/2024 08:19:24 AM,N,1,74,75,1,0.84,9.3,0,0.5,2.7,0,,1,13.5,1,1,0
2,01/11/2024 11:13:31 AM,01/11/2024 11:23:08 AM,N,1,130,121,1,1.71,11.4,0,0.5,0,0,,1,12.9,1,1,0
2,08/11/2024 11:43:15 PM,08/11/2024 11:47:23 PM,N,1,166,41,1,0.63,6.5,1,0.5,0,0,,1,9,2,1,0
2,02/04/2024 12:15:09 AM,02/04/2024 12:19:38 AM,N,1,74,42,1,1.27,7.9,1,0.5,0,0,,1,10.4,1,1,0
2,04/17/2024 01:32:47 PM,04/17/2024 01:53:32 PM,N,1,129,129,2,1.94,19.1,0,0.5,0,0,,1,20.6,2,1,0
2,02/22/2024 03:46:51 PM,02/22/2024 03:55:35 PM,N,1,97,49,1,0.62,8.6,0,0.5,0,0,,1,10.1,2,1,0
2,11/14/2024 05:51:04 PM,11/14/2024 06:02:43 PM,N,1,74,75,1,1.72,12.1,2.5,0.5,0,0,,1,16.1,2,1,0
2,11/12/2024 10:32:09 AM,11/12/2024 10:39:26 AM,N,1,43,237,1,1.18,8.6,0,0.5,2.57,0,,1,15.42,1,1,2.75
2,04/16/2024 03:13:16 PM,04/16/2024 03:21:43 PM,N,1,65,49,1,1.26,9.3,0,0.5,2.16,0,,1,12.96,1,1,0
2,04/21/2024 10:28:40 AM,04/21/2024 10:37:25 AM,N,1,74,236,1,1.86,11.4,0,0.5,4,0,,1,19.65,1,1,2.75
2,11/20/2024 09:27:36 AM,11/20/2024 09:52:53 AM,N,1,43,68,1,5.79,28.9,0,0.5,6.63,0,,1,39.78,1,1,2.75
2,12/07/2024 03:54:49 PM,12/07/2024 04:13:48 PM,N,1,74,262,1,0,15.6,0,0.5,3.97,0,,1,23.82,1,1,2.75
2,11/26/2024 08:56:00 AM,11/26/2024 09:19:00 AM,,,152,246,,6.36,35.57,0,0.5,3,0,,1,42.82,,,
2,03/05/2024 01:59:21 PM,03/05/2024 02:14:28 PM,N,1,41,43,1,2.72,17,0,0.5,1,0,,1,22.25,1,1,2.75
2,10/24/2024 02:41:01 PM,10/24/2024 02:52:10 PM,N,1,65,97,1,1.19,11.4,0,0.5,1.94,0,,1,14.84,1,1,0
2,02/04/2024 12:34:52 PM,02/04/2024 12:40:38 PM,N,1,41,42,1,1.23,8.6,0,0.5,2.02,0,,1,12.12,1,1,0
1,06/07/2024 12:10:28 PM,06/07/2024 12:23:58 PM,N,1,75,24,3,1.4,12.8,0,1.5,0,0,,1,14.3,2,1,0
2,07/20/2024 09:42:31 AM,07/20/2024 09:46:26 AM,N,1,41,75,1,1.15,7.2,0,0.5,0,0,,1,8.7,2,1,0
2,12/20/2024 09:14:35 AM,12/20/2024 09:28:47 AM,N,1,74,116,1,2.12,14.9,0,0.5,1.64,0,,1,18.04,1,1,0
2,03/01/2024 07:31:42 AM,03/01/2024 07:56:39 AM,N,1,41,7,1,5.6,30.3,0,0.5,2.36,6.94,,1,41.1,1,1,0
2,01/10/2024 04:49:45 PM,01/10/2024 05:00:17 PM,N,1,97,25,5,1.39,11.4,2.5,0.5,3.08,0,,1,18.48,1,1,0
1,10/17/2024 11:25:24 PM,10/17/2024 11:30:58 PM,N,1,93,56,1,0.6,5.8,1,1.5,0,0,,1,8.3,3,1,0
2,12/18/2024 12:43:50 AM,12/18/2024 12:49:33 AM,N,1,166,244,1,2,10.7,1,0.5,0.03,0,,1,13.23,1,1,0
2,05/05/2024 03:46:08 PM,05/05/2024 04:11:24 PM,N,1,74,243,2,4.56,26.8,0,0.5,0,0,,1,28.3,2,1,0
2,01/23/2024 12:42:35 AM,01/23/2024 12:54:50 AM,N,1,82,160,1,2.38,13.5,1,0.5,0,0,,1,16,1,1,0
1,03/13/2024 01:20:21 PM,03/13/2024 01:40:10 PM,N,1,196,180,1,0,27,0,0,0,0,,0,27,1,1,0
2,05/21/2024 03:37:04 PM,05/21/2024 03:44:57 PM,N,1,74,75,1,1.23,10,0,0.5,0,0,,1,11.5,1,1,0
2,01/03/2024 06:31:53 PM,01/03/2024 06:50:07 PM,N,1,74,238,1,2.97,19.1,2.5,0.5,0,0,,1,25.85,2,1,2.75
2,07/06/2024 10:45:52 AM,07/06/2024 10:54:58 AM,N,1,116,42,1,1.38,10.7,0,0.5,0,0,,1,12.2,2,1,0
2,07/08/2024 10:04:53 AM,07/08/2024 10:18:30 AM,N,1,95,121,1,2.56,14.9,0,0.5,3.88,0,,1,20.28,1,1,0
2,09/26/2024 06:33:22 PM,09/26/2024 06:33:57 PM,N,1,97,97,1,0,3,2.5,0.5,0,0,,1,7,3,1,0
2,02/16/2024 07:09:41 AM,02/16/2024 07:28:36 AM,N,1,33,229,1,6.98,30.3,0,0.5,8.64,0,,1,43.19,1,1,2.75
2,04/16/2024 12:07:23 PM,04/16/2024 12:31:18 PM,N,1,74,140,1,3.63,24.7,0,0.5,5.79,0,,1,34.74,1,1,2.75
2,03/14/2024 04:52:51 AM,03/14/2024 05:04:49 AM,N,1,223,134,1,7.24,28.9,1,0.5,0,0,,1,31.4,2,1,0
2,07/07/2024 11:03:37 PM,07/07/2024 11:07:39 PM,N,1,75,236,1,0.83,6.5,1,0.5,2.94,0,,1,14.69,1,1,2.75
2,07/29/2024 10:23:15 AM,07/29/2024 10:28:28 AM,N,1,75,263,1,0.83,7.2,0,0.5,3.44,0,,1,14.89,1,1,2.75
2,10/04/2024 03:49:56 PM,10/04/2024 03:52:05 PM,N,1,43,236,1,0.4,4.4,2.5,0.5,0,0,,1,11.15,2,1,2.75
2,03/26/2024 04:47:32 PM,03/26/2024 05:18:18 PM,N,1,43,186,1,3.65,28.2,2.5,0.5,0,0,,1,34.95,2,1,2.75
2,03/20/2024 05:35:35 PM,03/20/2024 05:44:57 PM,,,193,145,,1.22,12.22,0,0,2.64,0,,1,15.86,,,
2,06/03/2024 10:46:29 AM,06/03/2024 11:22:16 AM,N,1,65,36,1,5.14,32.4,0,0.5,0,0,,1,33.9,2,1,0
2,06/18/2024 12:20:10 PM,06/18/2024 12:30:36 PM,N,1,75,239,1,1.63,12.1,0,0.5,4.09,0,,1,20.44,1,1,2.75
2,07/08/2024 11:05:53 AM,07/08/2024 11:22:18 AM,N,1,74,239,1,3.37,18.4,0,0.5,5.66,0,,1,28.31,1,1,2.75
2,11/24/2024 10:35:52 PM,11/24/2024 10:50:46 PM,N,1,33,14,2,7.01,28.9,1,0.5,9.42,0,,1,40.82,1,1,0
2,06/11/2024 08:44:00 AM,06/11/2024 09:01:31 AM,N,1,74,244,6,4.37,22.6,0,0.5,1,0,,1,25.1,1,1,0
2,08/20/2024 08:57:19 PM,08/20/2024 09:02:37 PM,N,1,97,65,1,1.16,7.9,1,0.5,2.08,0,,1,12.48,1,1,0
2,07/24/2024 01:00:40 PM,07/24/2024 01:20:52 PM,N,1,166,163,1,3.33,20.5,0,0.5,3.71,0,,1,28.46,1,1,2.75
2,12/10/2024 11:55:50 PM,12/11/2024 12:04:39 AM,N,1,129,129,5,1.26,9.3,1,0.5,0.1,0,,1,11.9,1,1,0
2,12/03/2024 05:25:14 PM,12/03/2024 05:35:13 PM,N,1,43,239,1,1.7,11.4,2.5,0.5,2.72,0,,1,20.87,1,1,2.75
2,05/14/2024 01:37:45 AM,05/14/2024 01:47:18 AM,N,1,129,160,1,2.01,12.1,1,0.5,0,0,,1,14.6,2,1,0
1,02/18/2024 09:38:30 PM,02/18/2024 09:42:22 PM,N,1,166,151,2,0.5,5.8,1,1.5,0,0,,1,8.3,2,1,0
2,04/21/2024 06:58:24 PM,04/21/2024 07:04:30 PM,N,1,74,75,1,1.24,8.6,0,0.5,3.03,0,,1,13.13,1,1,0
2,12/06/2024 08:37:18 AM,12/06/2024 08:48:52 AM,N,1,74,263,1,1.85,12.1,0,0.5,2,0,,1,18.35,1,1,2.75
1,03/23/2024 06:34:15 PM,03/23/2024 06:48:33 PM,N,1,74,263,2,2.6,15.6,2.75,1.5,3.95,0,,1,23.8,1,1,2.75
2,10/04/2024 04:23:58 PM,10/04/2024 04:52:40 PM,N,1,244,229,1,8.68,37.3,2.5,0.5,1,0,,1,45.05,1,1,2.75
2,05/22/2024 07:52:03 PM,05/22/2024 08:08:29 PM,N,1,95,130,1,3.52,19.8,2.5,0.5,2,0,,1,25.8,1,1,0
2,05/04/2024 09:49:55 AM,05/04/2024 09:59:07 AM,N,1,41,236,1,1.92,11.4,0,0.5,0,0,,1,15.65,2,1,2.75
2,07/28/2024 07:39:13 AM,07/28/2024 07:44:51 AM,N,1,74,43,1,1.62,9.3,0,0.5,0,0,,1,10.8,2,1,0
2,03/25/2024 11:39:32 AM,03/25/2024 11:46:14 AM,N,1,74,75,1,1.38,8.6,0,0.5,0,0,,1,10.1,2,1,0
2,03/15/2024 02:23:42 PM,03/16/2024 02:20:16 PM,N,1,55,55,1,6.07,49.2,0,0.5,0,0,,1,50.7,2,1,0
2,06/06/2024 09:03:57 AM,06/06/2024 09:17:54 AM,N,1,74,244,1,4.35,21.2,0,0.5,3.4,0,,1,26.1,1,1,0
2,07/25/2024 05:32:00 PM,07/25/2024 05:50:34 PM,N,1,66,232,1,4.34,22.6,2.5,0.5,1,0,,1,30.35,1,1,2.75
2,10/20/2024 12:52:52 PM,10/20/2024 01:00:52 PM,N,1,129,70,1,0,7.9,0,0.5,10.6,0,,1,20,1,1,0
2,01/29/2024 07:54:49 AM,01/29/2024 08:00:59 AM,N,1,74,74,1,0.68,7.9,0,0.5,1.88,0,,1,11.28,1,1,0
2,04/25/2024 09:08:17 AM,04/25/2024 09:26:24 AM,N,1,74,140,1,2.91,17.7,0,0.5,4.39,0,,1,26.34,1,1,2.75
2,02/26/2024 11:09:03 PM,02/26/2024 11:11:47 PM,N,1,75,238,1,0.77,5.8,1,0.5,1.66,0,,1,9.96,1,1,0
2,10/03/2024 03:46:45 PM,10/03/2024 03:58:15 PM,N,1,166,41,2,0.99,11.4,0,0.5,2.58,0,,1,15.48,1,1,0
1,07/29/2024 08:54:47 PM,07/29/2024 09:23:32 PM,N,5,253,261,0,14.6,90,0,0,0,0,,0,90,1,2,0
2,09/24/2024 12:44:01 PM,09/24/2024 12:50:25 PM,N,1,41,74,1,0.8,7.9,0,0.5,0,0,,1,9.4,1,1,0
1,05/29/2024 08:45:21 PM,05/29/2024 08:57:30 PM,N,1,166,244,2,3.1,15.6,1,1.5,3,0,,1,21.1,1,1,0
2,11/21/2024 04:23:46 PM,11/21/2024 04:42:50 PM,N,1,43,166,1,2.57,18.4,2.5,0.5,4.48,0,,1,26.88,1,1,0
1,05/27/2024 12:44:31 PM,05/27/2024 12:55:42 PM,N,1,196,95,2,1.9,12.8,0,1.5,0,0,,1,14.3,2,1,0
2,04/11/2024 01:08:06 AM,04/11/2024 01:26:45 AM,N,1,75,235,1,6.07,26.8,1,0.5,0,0,,1,29.3,2,1,0
2,09/11/2024 05:09:18 PM,09/11/2024 05:19:30 PM,N,1,129,129,5,2.37,12.8,2.5,0.5,3.36,0,,1,20.16,1,1,0
2,02/09/2024 11:03:43 AM,02/09/2024 11:10:03 AM,N,1,166,116,1,2.06,10.7,0,0.5,1.83,0,,1,14.03,1,1,0
2,10/18/2024 01:00:18 PM,10/18/2024 01:12:46 PM,N,1,74,41,1,1.51,12.8,0,0.5,0,0,,1,14.3,2,1,0
2,07/21/2024 03:40:09 PM,07/21/2024 03:53:12 PM,N,1,74,263,1,2.29,14.9,0,0.5,3.83,0,,1,22.98,1,1,2.75
2,08/01/2024 04:29:07 PM,08/01/2024 04:38:16 PM,N,1,82,138,1,3.47,16.3,7.5,0.5,5.06,0,,1,30.36,1,1,0
2,07/18/2024 01:46:04 PM,07/18/2024 02:15:05 PM,N,1,75,170,6,3.18,26.8,0,0.5,6.21,0,,1,37.26,1,1,2.75
2,06/20/2024 04:58:49 PM,06/20/2024 05:07:09 PM,N,1,42,152,1,1.22,9.3,2.5,0.5,1,0,,1,14.3,1,1,0
2,06/25/2024 04:46:56 PM,06/25/2024 06:07:32 PM,N,1,129,132,6,16.58,82.1,2.5,0.5,0,0,,1,86.1,2,1,0
2,01/12/2024 02:20:15 PM,01/12/2024 02:24:51 PM,N,1,166,151,1,0.54,6.5,0,0.5,1.6,0,,1,9.6,1,1,0
2,12/14/2024 01:59:34 PM,12/14/2024 01:59:45 PM,N,5,82,82,2,0,35,0,0,0,0,,1,36,1,2,0
2,11/19/2024 08:29:21 AM,11/19/2024 08:43:55 AM,N,1,74,75,1,1.93,14.9,0,0.5,3.28,0,,1,19.68,1,1,0
2,08/09/2024 07:44:51 PM,08/09/2024 07:59:54 PM,N,1,74,116,2,2.06,15.6,2.5,0.5,0,0,,1,19.6,1,1,0
2,03/11/2024 04:13:08 PM,03/11/2024 04:20:57 PM,N,1,43,239,1,1.71,10.7,2.5,0.5,3.49,0,,1,20.94,1,1,2.75
2,02/27/2024 03:21:22 PM,02/27/2024 03:34:36 PM,N,1,75,239,2,2,13.5,0,0.5,3.55,0,,1,21.3,1,1,2.75
2,09/04/2024 08:41:44 AM,09/04/2024 08:53:40 AM,N,1,74,238,1,2.18,14.2,0,0.5,3.14,0,,1,18.84,1,1,0
2,11/15/2024 11:39:18 AM,11/15/2024 12:00:52 PM,N,1,42,166,1,2.38,19.1,0,0.5,0,0,,1,20.6,2,1,0
2,11/27/2024 09:54:43 AM,11/27/2024 09:58:03 AM,N,1,24,151,2,0.49,5.8,0,0.5,0,0,,1,7.3,2,1,0
2,02/23/2024 02:17:20 PM,02/23/2024 02:27:40 PM,N,1,166,238,3,1.73,11.4,0,0.5,3.91,0,,1,19.56,1,1,2.75
2,07/26/2024 02:50:00 PM,07/26/2024 04:02:00 PM,,,242,152,,12.55,53.05,0,0,0,0,,1,54.05,,,
2,05/13/2024 12:56:03 PM,05/13/2024 01:05:04 PM,N,1,82,138,5,3.7,17,5,0.5,5.88,0,,1,29.38,1,1,0
2,06/04/2024 09:22:33 PM,06/04/2024 09:34:23 PM,N,1,82,173,5,1.62,12.1,1,0.5,0,0,,1,14.6,2,1,0
2,09/03/2024 07:53:32 AM,09/03/2024 08:02:30 AM,N,1,74,75,1,1.49,10,0,0.5,2.88,0,,1,14.38,1,1,0
2,12/19/2024 09:26:51 PM,12/19/2024 09:37:20 PM,N,1,65,97,1,1.57,11.4,1,0.5,3.48,0,,1,17.38,1,1,0
2,01/25/2024 03:58:34 PM,01/25/2024 04:03:58 PM,N,1,75,74,1,0.39,7.2,0,0.5,1.74,0,,1,10.44,1,1,0
2,06/09/2024 05:59:53 PM,06/09/2024 06:04:29 PM,N,1,134,134,1,0.87,6.5,0,0.5,1.6,0,,1,9.6,1,1,0
2,10/17/2024 05:40:32 PM,10/17/2024 05:52:18 PM,N,1,74,24,1,1.72,12.8,2.5,0.5,2.52,0,,1,19.32,1,1,0
2,11/10/2024 08:46:45 PM,11/10/2024 10:22:58 PM,N,5,92,146,5,15.81,75,0,0,0,6.94,,1,85.69,2,1,2.75
2,02/15/2024 04:43:01 AM,02/15/2024 04:43:08 AM,N,5,179,179,1,0,20,0,0,0,0,,1,21,1,2,0
2,08/15/2024 03:19:15 PM,08/15/2024 03:41:23 PM,N,1,244,142,1,6.69,33.1,0,0.5,8,0,,1,45.35,1,1,2.75
2,10/26/2024 03:30:52 AM,10/26/2024 03:32:52 AM,N,1,82,129,1,0.14,4.4,1,0.5,0,0,,1,6.9,2,1,0
2,05/19/2024 10:23:14 PM,05/19/2024 10:40:56 PM,N,1,82,112,1,4.35,22.6,1,0.5,0,0,,1,25.1,1,1,0
1,04/23/2024 09:24:33 AM,04/23/2024 09:30:06 AM,N,1,35,35,1,0,15.5,0,1.5,0,0,,1,17,1,1,0
2,04/06/2024 06:06:14 PM,04/06/2024 06:14:25 PM,N,1,95,95,1,0.92,9.3,0,0.5,3.24,0,,1,14.04,1,1,0
2,09/03/2024 10:54:35 PM,09/03/2024 11:24:13 PM,N,1,93,33,1,14.01,54.8,1,0.5,11,0,,1,68.3,1,1,0
1,08/06/2024 10:28:56 AM,08/06/2024 10:42:53 AM,N,1,74,236,1,2.4,14.9,2.75,1.5,3.8,0,,1,22.95,1,1,2.75
2,05/12/2024 07:11:45 PM,05/12/2024 07:21:45 PM,N,1,95,135,2,2.36,13.5,0,0.5,3.75,0,,1,18.75,1,1,0
2,06/23/2024 01:42:33 AM,06/23/2024 01:49:16 AM,N,1,17,256,1,1.06,8.6,1,0.5,2.22,0,,1,13.32,1,1,0
2,07/06/2024 03:17:26 PM,07/06/2024 03:30:48 PM,N,1,74,75,1,1.5,12.8,0,0.5,1,0,,1,15.3,1,1,0
2,05/17/2024 07:53:13 AM,05/17/2024 08:00:54 AM,N,1,74,75,1,1.43,9.3,0,0.5,0,0,,1,10.8,2,1,0
2,05/09/2024 11:29:34 PM,05/09/2024 11:43:51 PM,N,1,166,243,1,4.06,19.8,1,0.5,0,0,,1,22.3,2,1,0
2,06/25/2024 08:52:03 AM,06/25/2024 09:04:15 AM,N,1,75,43,1,1.75,12.8,0,0.5,0,0,,1,14.3,2,1,0
2,10/25/2024 03:13:01 PM,10/25/2024 03:28:51 PM,N,1,42,75,1,2.16,16.3,0,0.5,2,0,,1,19.8,1,1,0
2,06/01/2024 09:39:57 AM,06/01/2024 09:42:26 AM,N,1,74,74,1,0.5,5.1,0,0.5,0,0,,1,6.6,2,1,0
2,10/25/2024 03:09:14 PM,10/25/2024 03:25:28 PM,N,1,74,236,1,1.97,16.3,0,0.5,4.11,0,,1,24.66,1,1,2.75
2,05/29/2024 12:32:01 AM,05/29/2024 12:42:32 AM,N,1,74,236,1,2.27,13.5,1,0.5,3.38,0,,1,22.13,1,1,2.75
2,12/14/2024 09:00:46 AM,12/14/2024 09:11:19 AM,N,1,74,238,1,2.46,13.5,0,0.5,3,0,,1,18,1,1,0
2,12/15/2024 04:03:17 AM,12/15/2024 04:21:00 AM,N,1,80,144,5,4.73,22.6,1,0.5,0,0,,1,27.85,2,1,2.75
2,12/24/2024 05:37:52 PM,12/24/2024 05:45:33 PM,N,1,189,97,1,1.36,8.6,2.5,0.5,2.52,0,,1,15.12,1,1,0
1,09/24/2024 07:50:38 AM,09/24/2024 08:08:25 AM,N,1,74,151,2,2.3,17.7,2.75,0.5,0,0,,0,20.95,3,1,2.75
2,04/19/2024 01:04:06 PM,04/19/2024 01:20:24 PM,N,1,75,140,1,2.12,16.3,0,0.5,4.11,0,,1,24.66,1,1,2.75
2,09/03/2024 05:59:42 PM,09/03/2024 06:14:58 PM,N,1,74,262,1,2.4,15.6,2.5,0.5,0,0,,1,22.35,2,1,2.75
2,09/03/2024 06:13:45 PM,09/03/2024 07:08:01 PM,N,1,97,173,1,9.25,48.5,2.5,0.5,10.5,0,,1,63,1,1,0
2,10/04/2024 01:37:11 PM,10/04/2024 01:57:39 PM,N,1,97,188,1,3.34,20.5,0,0.5,4.4,0,,1,26.4,1,1,0
2,05/08/2024 05:19:23 PM,05/08/2024 05:25:01 PM,N,1,75,74,1,0,6.5,2.5,0.5,2.1,0,,1,12.6,1,1,0
2,01/07/2024 03:12:06 PM,01/07/2024 03:21:32 PM,N,1,66,65,1,1.44,10.7,0,0.5,2.44,0,,1,14.64,1,1,0
2,10/16/2024 02:08:19 PM,10/16/2024 02:37:02 PM,N,1,75,95,1,10.93,44.3,0,0.5,0,6.94,,1,52.74,2,1,0
1,08/10/2024 10:36:46 AM,08/10/2024 11:35:51 AM,N,1,55,202,1,0,58.5,0,1.5,0,6.94,,1,66.94,1,1,0
1,07/21/2024 04:13:26 PM,07/21/2024 04:22:47 PM,N,1,123,55,1,0,20.5,0,1.5,0,0,,1,22,1,1,0
2,01/11/2024 01:39:38 PM,01/11/2024 01:43:18 PM,N,1,130,130,1,0.4,5.1,0,0.5,0,0,,1,6.6,1,1,0
2,04/19/2024 08:08:00 AM,04/19/2024 08:22:00 AM,,,243,152,,2.74,17.63,0,0,3.63,0,,1,22.26,,,
2,10/18/2024 12:45:56 PM,10/18/2024 12:52:53 PM,N,1,75,236,1,1.2,9.3,0,0.5,4.06,0,,1,17.61,1,1,2.75
2,11/06/2024 12:09:14 PM,11/06/2024 12:29:08 PM,N,1,74,138,1,8.15,33.8,5,0.5,9.45,6.94,,1,56.69,1,1,0
2,10/20/2024 07:10:10 PM,10/20/2024 07:32:31 PM,N,1,74,138,1,7.57,31.7,5,0.5,9.03,6.94,,1,54.17,1,1,0
1,03/28/2024 05:43:19 PM,03/28/2024 05:49:06 PM,N,1,223,223,1,0.6,7.2,2.5,1.5,3.35,0,,1,14.55,1,1,0
2,09/14/2024 06:02:28 PM,09/14/2024 06:15:40 PM,N,1,41,238,1,2.92,15.6,0,0.5,0.01,0,,1,19.86,1,1,2.75
2,01/23/2024 06:52:48 PM,01/23/2024 07:02:43 PM,N,1,74,236,1,1.95,12.1,2.5,0.5,2,0,,1,20.85,1,1,2.75
1,04/27/2024 01:47:45 PM,04/27/2024 02:00:22 PM,N,1,82,56,2,1.3,10.7,0,1.5,0,0,,1,12.2,2,1,0
2,10/20/2024 11:11:16 PM,10/20/2024 11:20:32 PM,N,1,42,168,1,1.4,9.3,1,0.5,0,0,,1,11.8,1,1,0
2,02/21/2024 09:32:17 PM,02/21/2024 09:36:23 PM,N,1,166,152,2,0.81,6.5,1,0.5,1.8,0,,1,10.8,1,1,0
2,03/19/2024 06:13:07 PM,03/19/2024 06:20:34 PM,N,1,43,262,1,1.18,9.3,2.5,0.5,1,0,,1,17.05,1,1,2.75
2,09/23/2024 06:19:38 PM,09/23/2024 06:22:22 PM,N,1,7,7,1,0.45,5.1,2.5,0.5,1.82,0,,1,10.92,1,1,0
1,06/13/2024 05:41:07 PM,06/13/2024 05:58:01 PM,N,1,75,142,0,2.9,18.4,5.25,1.5,5,0,,1,30.15,1,1,2.75
1,01/26/2024 10:30:21 AM,01/26/2024 10:44:19 AM,N,1,74,236,1,2.7,14.9,2.75,1.5,3,0,,1,22.15,1,1,2.75
2,08/20/2024 04:01:14 PM,08/20/2024 04:16:19 PM,N,1,166,166,1,1.82,14.9,2.5,0.5,0,0,,1,18.9,2,1,0
2,03/11/2024 09:45:09 AM,03/11/2024 10:24:43 AM,N,1,83,13,2,11.06,50.6,0,0.5,0,0,,1,54.85,1,1,2.75
1,06/15/2024 02:56:10 PM,06/15/2024 03:01:46 PM,N,1,159,69,1,0.9,7.2,0,1.5,0,0,,1,8.7,2,1,0
2,02/22/2024 10:57:10 PM,02/22/2024 11:03:34 PM,N,1,74,42,1,1.27,9.3,1,0.5,0,0,,1,11.8,1,1,0
2,03/28/2024 11:38:26 PM,03/28/2024 11:40:52 PM,N,1,83,260,1,0.53,5.1,1,0.5,0,0,,1,7.6,2,1,0
2,01/25/2024 11:29:44 PM,01/25/2024 11:35:15 PM,N,1,112,255,2,0.98,7.9,1,0.5,2.08,0,,1,12.48,1,1,0
1,10/14/2024 05:15:32 PM,10/14/2024 05:41:21 PM,N,1,244,141,1,7.5,31.7,2.75,1.5,5,0,,1,40.95,1,1,2.75
2,07/28/2024 04:57:16 PM,07/28/2024 05:13:43 PM,N,1,260,223,1,3.1,18.4,0,0.5,3.98,0,,1,23.88,1,1,0
1,01/10/2024 08:45:44 PM,01/10/2024 08:46:33 PM,N,5,42,42,1,0,0,0,0,0,0,,0,0,3,2,0
2,02/06/2024 02:55:37 PM,02/06/2024 03:17:09 PM,N,1,263,237,1,2.07,19.1,0,0.5,2,0,,1,25.35,1,1,2.75
2,08/23/2024 05:48:03 PM,08/23/2024 05:49:05 PM,N,1,129,129,1,0,3.7,2.5,0.5,0,0,,1,7.7,3,1,0
2,01/05/2024 10:21:16 PM,01/05/2024 10:33:13 PM,N,1,41,159,1,2.41,14.2,1,0.5,1,0,,1,17.7,1,1,0
2,11/22/2024 03:29:14 AM,11/22/2024 03:36:34 AM,N,1,83,82,1,1.24,7,0.5,0.5,0,0,,0.3,8.3,2,1,0
2,08/29/2024 10:54:42 PM,08/29/2024 11:16:10 PM,N,5,93,265,1,15.44,80,0,0,9,0,,1,90,1,2,0
2,04/15/2024 12:10:27 PM,04/15/2024 12:21:26 PM,N,1,74,74,1,0.96,10.7,0,0.5,0,0,,1,12.2,2,1,0
2,01/02/2024 12:25:45 PM,01/02/2024 12:35:52 PM,N,1,74,238,1,2.27,12.8,0,0.5,3.58,0,,1,17.88,1,1,0
2,03/04/2024 05:40:14 PM,03/04/2024 05:49:58 PM,N,1,43,141,1,1.66,11.4,2.5,0.5,4.54,0,,1,22.69,1,1,2.75
2,03/21/2024 02:08:48 PM,03/21/2024 02:27:48 PM,N,1,97,85,1,3.48,20.5,0,0.5,5.5,0,,1,27.5,1,1,0
2,10/16/2024 10:24:39 AM,10/16/2024 10:53:23 AM,N,1,74,162,1,3.5,25.4,0,0.5,8.9,0,,1,38.55,1,1,2.75
2,05/14/2024 05:22:27 PM,05/14/2024 05:40:09 PM,N,1,95,95,1,1.45,16.3,2.5,0.5,0,0,,1,20.3,2,1,0
2,01/29/2024 07:38:09 PM,01/29/2024 07:52:20 PM,N,1,74,244,1,3.86,19.8,2.5,0.5,0,0,,1,23.8,2,1,0
2,02/08/2024 02:44:37 PM,02/08/2024 03:01:53 PM,N,1,75,262,1,1.31,15.6,0,0.5,4.96,0,,1,24.81,1,1,2.75
2,11/12/2024 01:58:46 PM,11/12/2024 02:10:14 PM,N,1,185,185,1,1.3,12.1,0,0.5,0,0,,1,13.6,1,1,0
2,10/18/2024 09:32:13 AM,10/18/2024 09:54:06 AM,N,1,97,188,1,3.48,23.3,0,0.5,6.2,0,,1,31,1,1,0
2,07/24/2024 06:05:59 PM,07/24/2024 06:20:41 PM,N,1,74,238,1,2.68,16.3,2.5,0.5,4.06,0,,1,24.36,1,1,0
2,07/14/2024 08:06:18 PM,07/14/2024 08:14:10 PM,N,1,74,236,1,1.76,10,1,0.5,2.18,0,,0.3,16.73,1,1,2.75
2,07/01/2024 08:37:49 AM,07/01/2024 08:50:03 AM,N,1,74,75,1,1.39,12.8,0,0.5,4.29,0,,1,18.59,1,1,0
2,09/13/2024 01:44:44 AM,09/13/2024 01:46:39 AM,N,5,48,48,2,0.14,135,0,0,0,0,,1,138.5,1,1,2.5
2,03/06/2024 09:34:45 PM,03/06/2024 09:43:03 PM,N,1,65,97,1,1.24,9.3,1,0.5,2.95,0,,1,14.75,1,1,0
2,09/24/2024 05:10:25 PM,09/24/2024 05:25:47 PM,N,1,95,102,1,1.63,14.9,2.5,0.5,0,0,,1,18.9,2,1,0
2,05/18/2024 03:59:00 PM,05/18/2024 04:41:00 PM,,,256,234,,5.58,35.85,0,0,2.3,6.94,,1,48.84,,,
2,03/10/2024 01:46:38 AM,03/10/2024 01:55:05 AM,N,1,80,80,1,1.5,10.7,1,0.5,2.64,0,,1,15.84,1,1,0
1,07/17/2024 03:46:30 PM,07/17/2024 04:43:41 PM,N,1,75,177,1,0,51.5,0,1.5,0,6.94,,1,59.94,1,1,0
2,10/17/2024 06:33:13 PM,10/17/2024 06:52:11 PM,N,1,41,237,1,3.24,20.5,2.5,0.5,5.45,0,,1,32.7,1,1,2.75
1,09/30/2024 01:50:54 PM,09/30/2024 01:56:45 PM,N,1,150,210,1,0,16.5,0,1.5,0,0,,1,18,1,1,0
2,12/12/2024 09:42:36 PM,12/12/2024 09:48:59 PM,N,1,74,41,1,1.28,8.6,1,0.5,2.22,0,,1,13.32,1,1,0
2,01/29/2024 09:48:24 AM,01/29/2024 10:05:01 AM,N,1,75,162,1,4.02,20.5,0,0.5,4.95,0,,1,29.7,1,1,2.75
1,12/30/2024 08:48:34 AM,12/30/2024 08:57:17 AM,N,1,35,61,1,0,16.5,0,1.5,0,0,,1,18,1,1,0
2,07/11/2024 02:25:44 PM,07/11/2024 02:36:42 PM,N,1,82,138,1,3.69,18.4,5,0.5,4.98,0,,1,29.88,1,1,0
2,03/29/2024 12:17:00 AM,03/29/2024 12:23:04 AM,N,1,7,179,1,1.09,7.9,1,0.5,2.6,0,,1,13,1,1,0
2,03/25/2024 02:49:51 PM,03/25/2024 02:55:29 PM,N,1,74,168,1,0.71,7.2,0,0.5,0,0,,1,8.7,2,1,0
2,05/13/2024 02:03:00 PM,05/13/2024 02:44:00 PM,,,260,164,,5.8,30.93,0,0,6.84,0,,1,41.52,,,
2,03/11/2024 06:11:41 PM,03/11/2024 06:18:13 PM,N,1,41,75,1,1.32,8.6,2.5,0.5,0,0,,1,12.6,2,1,0
2,12/23/2024 09:32:27 AM,12/23/2024 09:47:49 AM,N,1,152,43,1,2.71,17,0,0.5,5,0,,1,23.5,1,1,0
2,06/05/2024 02:59:39 PM,06/05/2024 03:08:37 PM,N,1,74,41,2,0.98,9.3,0,0.5,3,0,,1,13.8,1,1,0
2,03/28/2024 01:33:33 PM,03/28/2024 01:53:13 PM,N,1,74,239,1,3.38,19.8,0,0.5,4.81,0,,1,28.86,1,1,2.75
2,06/21/2024 09:37:30 PM,06/21/2024 10:04:30 PM,N,1,66,186,1,6.31,33.1,1,0.5,7.67,0,,1,46.02,1,1,2.75
2,10/06/2024 11:10:18 PM,10/06/2024 11:15:44 PM,N,1,244,243,2,0.6,7.2,1,0.5,0,0,,1,9.7,2,1,0
2,08/16/2024 09:43:31 AM,08/16/2024 09:59:09 AM,N,1,74,138,1,6.83,28.9,5,0.5,0,6.94,,0.3,41.64,2,1,0
1,05/17/2024 06:44:35 PM,05/17/2024 06:52:20 PM,N,1,75,263,1,1.5,9.3,5.25,1.5,3.2,0,,1,19.25,1,1,2.75
1,02/08/2024 07:16:57 PM,02/08/2024 07:43:30 PM,N,1,75,249,1,6.7,31,5.25,1.5,7.55,0,,1,45.3,1,1,2.75
2,02/19/2024 03:21:54 PM,02/19/2024 03:37:32 PM,N,1,166,143,1,2.71,17.7,0,0.5,0,0,,1,21.95,1,1,2.75
2,02/28/2024 07:36:25 PM,02/28/2024 07:47:07 PM,N,1,74,236,6,2.37,13.5,2.5,0.5,4.05,0,,1,24.3,1,1,2.75
2,03/12/2024 04:33:19 PM,03/12/2024 04:43:02 PM,N,1,75,43,1,1.57,11.4,2.5,0.5,3.63,0,,1,21.78,1,1,2.75
2,01/29/2024 05:14:43 PM,01/29/2024 05:54:05 PM,N,1,42,167,1,3.34,32.4,2.5,0.5,7.28,0,,1,43.68,1,1,0
2,07/31/2024 09:32:00 AM,07/31/2024 09:41:00 AM,,,41,74,,1.33,12.8,0,0,2.66,0,,1,16.46,,,
2,02/09/2024 09:10:57 AM,02/09/2024 09:22:02 AM,N,1,74,43,1,1.42,11.4,0,0.5,2.58,0,,1,15.48,1,1,0
2,07/16/2024 07:36:42 AM,07/16/2024 07:52:11 AM,N,1,74,236,2,1.94,14.9,0,0.5,3.83,0,,1,22.98,1,1,2.75
2,06/26/2024 07:45:18 AM,06/26/2024 07:55:19 AM,N,1,74,75,1,1.28,10.7,0,0.5,2.44,0,,1,14.64,1,1,0
2,12/19/2024 07:30:02 PM,12/19/2024 07:42:30 PM,N,1,43,239,1,1.95,12.8,2.5,0.5,3.32,0,,1,22.87,1,1,2.75
2,11/20/2024 05:22:11 PM,11/20/2024 05:33:40 PM,N,1,33,195,1,1.78,12.1,2.5,0.5,4.02,0,,1,20.12,1,1,0
1,09/08/2024 10:33:42 AM,09/08/2024 11:15:36 AM,N,1,223,100,1,7.4,42.2,2.75,1.5,0,0,,1,46.45,1,1,2.75
2,11/01/2024 09:28:04 PM,11/01/2024 10:17:02 PM,N,5,181,163,4,8.76,79,0,0,16.55,0,,1,99.3,1,2,2.75
2,04/13/2024 04:27:34 PM,04/13/2024 05:21:38 PM,N,5,93,125,2,11.64,100,0,0,20.75,0,,1,124.5,1,2,2.75
2,05/03/2024 06:24:20 PM,05/03/2024 06:38:38 PM,N,1,83,138,2,3.81,19.8,7.5,0.5,5.76,0,,1,34.56,1,1,0
2,12/02/2024 04:22:19 PM,12/02/2024 04:22:23 PM,N,5,93,93,1,0.05,300,0,0,0,0,,1,301,2,2,0
2,12/28/2024 12:26:44 PM,12/28/2024 12:42:49 PM,N,1,7,7,1,1.53,14.9,0,0.5,0,0,,1,16.4,2,1,0
2,10/20/2024 02:19:40 PM,10/20/2024 02:41:47 PM,N,1,74,239,1,3.24,21.9,0,0.5,5.23,0,,1,31.38,1,1,2.75
1,08/20/2024 01:14:35 PM,08/20/2024 01:31:17 PM,N,1,69,244,1,0,19.5,0,1.5,0,0,,1,21,1,1,0
2,05/10/2024 09:13:10 AM,05/10/2024 09:18:27 AM,N,1,95,95,1,0.94,7.2,0,0.5,2.18,0,,1,10.88,1,1,0
2,11/24/2024 04:35:50 PM,11/24/2024 04:43:14 PM,N,1,74,236,2,1.75,10,0,0.5,1,0,,1,15.25,1,1,2.75
2,05/25/2024 07:33:27 PM,05/25/2024 07:48:53 PM,N,1,260,179,1,3.76,19.1,0,0.5,6.18,0,,1,26.78,1,1,0
2,11/28/2024 07:23:05 PM,11/28/2024 07:30:20 PM,N,1,260,129,2,1.31,8.6,0,0.5,0,0,,1,10.1,2,1,0
2,02/03/2024 02:33:27 PM,02/03/2024 02:45:15 PM,N,1,74,238,1,2.92,14.9,0,0.5,3.83,0,,1,22.98,1,1,2.75
2,02/08/2024 01:54:50 PM,02/08/2024 01:58:35 PM,N,1,74,74,5,0.43,5.8,0,0.5,0,0,,1,7.3,2,1,0
2,09/11/2024 07:09:45 PM,09/11/2024 07:26:06 PM,N,1,97,33,1,1.58,14.9,2.5,0.5,0,0,,1,18.9,2,1,0
2,01/20/2024 09:38:39 PM,01/20/2024 09:49:06 PM,N,1,74,263,1,2.01,12.1,1,0.5,0,0,,1,17.35,2,1,2.75
2,09/14/2024 12:58:55 PM,09/14/2024 01:05:59 PM,N,1,74,41,1,0.99,7.9,0,0.5,0,0,,1,9.4,2,1,0
2,10/27/2024 06:15:42 PM,10/27/2024 06:24:26 PM,N,1,74,41,1,0.99,9.3,0,0.5,0,0,,1,10.8,2,1,0
2,01/31/2024 06:31:54 PM,01/31/2024 06:42:40 PM,N,1,166,41,1,1.48,11.4,2.5,0.5,3.08,0,,1,18.48,1,1,0
2,06/26/2024 06:41:34 PM,06/26/2024 06:55:08 PM,N,1,74,141,2,3.21,17,2.5,0.5,5.94,0,,1,29.69,1,1,2.75
2,09/10/2024 03:10:22 PM,09/10/2024 03:34:13 PM,N,1,75,137,1,4.73,26.1,0,0.5,9.1,0,,1,39.45,1,1,2.75
1,12/09/2024 05:17:12 PM,12/09/2024 06:02:46 PM,N,1,230,148,1,0,25.5,0,1.5,0,0,,1,27,1,1,0
2,04/04/2024 01:37:39 PM,04/04/2024 01:45:07 PM,N,1,74,41,1,0.84,8.6,0,0.5,2.02,0,,1,12.12,1,1,0
2,03/20/2024 11:11:22 AM,03/20/2024 11:18:26 AM,N,1,166,151,1,1.05,8.6,0,0.5,3,0,,1,13.1,1,1,0
2,06/19/2024 09:46:53 AM,06/19/2024 10:10:13 AM,N,1,75,68,1,4.02,23.3,0,0.5,0,0,,1,27.55,2,1,2.75
2,12/29/2024 06:42:24 AM,12/29/2024 07:17:20 AM,N,1,195,197,1,17.03,63.9,0,0.5,0,6.94,,1,72.34,1,1,0
2,01/03/2024 06:40:02 PM,01/03/2024 06:50:42 PM,N,1,236,140,1,2.19,14.2,2.5,0.5,2.1,0,,1,23.05,1,1,2.75
2,11/26/2024 04:45:02 PM,11/26/2024 04:53:13 PM,N,1,95,95,1,0.81,9.3,2.5,0.5,2.66,0,,1,15.96,1,1,0
1,02/18/2024 07:22:40 PM,02/18/2024 07:30:16 PM,N,1,41,151,1,1.1,9.3,0,1.5,0,0,,1,10.8,2,1,0
2,03/16/2024 05:59:34 PM,03/16/2024 06:12:46 PM,N,1,116,238,2,2.36,15.6,0,0.5,0,0,,1,17.1,2,1,0
2,08/09/2024 11:24:23 AM,08/09/2024 11:35:03 AM,N,1,65,66,1,1.45,12.1,2.5,0.5,4.02,0,,1,20.12,1,1,0
2,10/22/2024 08:32:25 PM,10/22/2024 08:48:20 PM,N,1,74,238,1,3.26,17,1,0.5,0,0,,1,22.25,2,1,2.75
2,03/18/2024 03:28:20 PM,03/18/2024 03:34:22 PM,N,1,134,93,1,0.84,7.9,0,0.5,0,0,,1,9.4,2,1,0
1,05/15/2024 12:46:34 PM,05/15/2024 12:54:38 PM,N,1,7,179,1,0,15.5,0,1.5,0,0,,1,17,1,1,0
2,06/22/2024 07:05:23 AM,06/22/2024 07:15:05 AM,N,5,134,132,1,6.2,25,0,0,0,0,,1,26,2,2,0
2,10/14/2024 10:43:48 AM,10/14/2024 10:56:14 AM,N,1,236,166,1,2.18,14.2,0,0.5,1.95,0,,1,17.65,1,1,0
2,09/05/2024 12:19:55 AM,09/05/2024 01:13:50 AM,N,4,93,265,1,36.41,223.5,1,0.5,45.2,0,,1,271.2,1,1,0
2,02/14/2024 04:31:15 PM,02/14/2024 04:43:21 PM,N,1,75,262,2,1.47,12.1,2.5,0.5,0,0,,1,18.85,2,1,2.75
2,04/29/2024 12:07:59 AM,04/29/2024 12:11:12 AM,N,1,244,244,1,0.54,5.1,1,0.5,0,0,,1,7.6,2,1,0
2,01/04/2024 07:11:48 AM,01/04/2024 07:13:33 AM,N,1,223,223,1,0.38,4.4,0,0.5,0,0,,1,5.9,2,1,0
1,12/31/2024 08:57:29 AM,12/31/2024 09:26:55 AM,N,1,14,100,1,0,33.5,0,1.5,0,6.94,,1,41.94,1,1,0
2,12/26/2024 06:40:25 AM,12/26/2024 06:55:55 AM,N,1,74,140,1,3.9,20.5,0,0.5,4.95,0,,1,29.7,1,1,2.75
2,09/28/2024 11:31:13 PM,09/28/2024 11:31:22 PM,N,5,210,210,1,0.02,9,0,0,2,0,,1,12,1,2,0
2,03/12/2024 12:50:43 PM,03/12/2024 12:56:37 PM,N,1,75,74,1,1.31,8.6,0,0.5,0,0,,1,10.1,2,1,0
2,12/05/2024 12:57:19 PM,12/05/2024 01:03:39 PM,N,1,74,75,1,1.29,8.6,0,0.5,0,0,,1,10.1,2,1,0
2,04/05/2024 05:34:30 PM,04/05/2024 06:11:16 PM,N,1,74,129,1,5.6,34.5,2.5,0.5,11.36,6.94,,1,56.8,1,1,0
2,11/19/2024 07:35:51 AM,11/19/2024 07:39:33 AM,N,1,75,74,1,1.37,7.2,0,0.5,1.74,0,,1,10.44,1,1,0
1,04/10/2024 03:54:23 PM,04/10/2024 04:02:58 PM,N,1,152,74,1,1.3,10,2.75,1.5,0,0,,1,14.25,2,1,2.75
2,11/12/2024 08:50:38 PM,11/12/2024 09:18:27 PM,N,1,166,140,1,4.34,28.2,1,0.5,4.91,0,,0.3,37.66,1,1,2.75
2,01/11/2024 10:42:07 PM,01/11/2024 10:48:30 PM,N,1,223,223,1,1.2,8.6,1,0.5,2.22,0,,1,13.32,1,1,0
2,10/26/2024 04:30:00 AM,10/26/2024 04:49:00 AM,,,256,87,,3.56,20.66,0,0.5,0,0,,1,24.66,,,
2,04/16/2024 01:49:06 PM,04/16/2024 01:54:26 PM,N,1,82,82,2,0.76,6.5,0,0.5,0,0,,1,8,2,1,0
2,08/25/2024 01:07:55 AM,08/25/2024 01:24:02 AM,N,1,41,41,1,0,14.2,1,0.5,5,0,,1,21.7,1,1,0
2,01/23/2024 12:34:30 PM,01/23/2024 12:45:30 PM,N,1,82,157,1,1.75,12.1,0,0.5,3.4,0,,1,17,1,1,0
2,03/31/2024 04:00:31 AM,03/31/2024 04:00:34 AM,N,5,145,264,1,0,40,0,0,5,0,,1,46,1,2,0
2,01/12/2024 06:00:00 PM,01/12/2024 06:10:00 PM,,,193,145,,1.67,14.39,0,0,5,0,,1,20.39,,,
2,06/05/2024 11:53:52 AM,06/05/2024 12:32:47 PM,N,1,41,162,1,3.81,33.8,0,0.5,9.51,0,,1,47.56,1,1,2.75
2,11/08/2024 05:48:49 AM,11/08/2024 06:14:26 AM,N,1,95,132,1,3.88,26.1,1,0.5,0,0,,1,28.6,2,1,0
2,06/03/2024 04:10:56 PM,06/03/2024 04:16:22 PM,N,1,75,236,1,0.9,7.2,2.5,0.5,2,0,,0.3,15.25,1,1,2.75
2,03/19/2024 09:31:24 AM,03/19/2024 09:52:27 AM,N,1,244,138,1,9.71,39.4,5,0.5,10.57,6.94,,1,63.41,1,1,0
2,05/07/2024 07:53:54 PM,05/07/2024 08:09:03 PM,N,1,43,48,1,3.16,17.7,2.5,0.5,7.34,0,,1,31.79,1,1,2.75
2,05/09/2024 07:49:13 PM,05/09/2024 08:24:38 PM,N,5,247,48,2,7.85,75,0,0,0,0,,1,78.75,2,2,2.75
2,06/14/2024 08:10:47 AM,06/14/2024 08:24:11 AM,N,1,74,166,1,1.74,13.5,0,0.5,3.75,0,,1,18.75,1,1,0
2,06/04/2024 09:10:59 AM,06/04/2024 09:18:25 AM,N,1,75,75,6,0.6,7.9,0,0.5,1.88,0,,1,11.28,1,1,0
1,12/31/2024 04:21:51 PM,12/31/2024 04:25:38 PM,N,1,42,42,1,1.1,6.5,2.5,1.5,2.1,0,,1,12.6,1,1,0
2,11/11/2024 01:17:11 PM,11/11/2024 01:38:22 PM,N,1,43,48,1,3.52,21.9,0,0.5,0.01,0,,1,26.16,1,1,2.75
2,07/30/2024 05:45:28 PM,07/30/2024 05:58:54 PM,N,1,75,24,1,2.01,14.9,2.5,0.5,3.78,0,,1,22.68,1,1,0
1,08/15/2024 07:24:01 PM,08/15/2024 07:35:23 PM,N,1,65,97,0,1.1,11.4,2.5,1.5,3.08,0,,1,18.48,1,1,0
2,08/06/2024 05:53:37 PM,08/06/2024 06:04:45 PM,N,1,97,97,2,1.21,11.4,2.5,0.5,3.08,0,,1,18.48,1,1,0
2,04/25/2024 11:17:54 AM,04/25/2024 11:37:30 AM,N,1,129,141,1,0,16.3,0,0.5,0,0,,1,20.55,2,1,2.75
2,02/29/2024 05:56:34 PM,02/29/2024 06:09:03 PM,N,5,65,231,1,2.06,10,0,0,0,0,,1,13.75,2,2,2.75
2,05/19/2024 03:16:32 PM,05/19/2024 03:45:54 PM,N,1,92,92,1,7.22,35.9,0,0.5,0,0,,1,37.4,2,1,0
2,11/15/2024 03:50:51 PM,11/15/2024 04:18:52 PM,N,1,41,138,1,7.4,35.2,5,0.5,12.16,6.94,,1,63.3,1,1,0
2,05/22/2024 10:37:12 PM,05/22/2024 10:44:14 PM,N,1,25,40,1,1.65,9.3,1,0.5,2.36,0,,1,14.16,1,1,0
2,10/01/2024 04:22:57 PM,10/01/2024 04:36:41 PM,N,1,43,142,1,2.34,14.9,2.5,0.5,2.75,0,,1,24.4,1,1,2.75
2,10/28/2024 10:33:37 PM,10/28/2024 10:46:23 PM,N,1,223,42,1,4.12,19.8,1,0.5,5.85,6.94,,1,35.09,1,1,0
2,08/01/2024 07:14:20 AM,08/01/2024 07:27:29 AM,N,1,74,166,1,1.93,13.5,0,0.5,3,0,,1,18,1,1,0
1,07/14/2024 11:26:47 AM,07/14/2024 11:49:27 AM,N,1,97,80,0,3.8,23.3,0,1.5,4.95,0,,1,29.75,1,1,0
2,09/03/2024 05:41:01 PM,09/03/2024 06:04:14 PM,N,1,75,162,1,2.98,22.6,2.5,0.5,5.87,0,,1,35.22,1,1,2.75
2,02/23/2024 12:13:08 AM,02/23/2024 12:20:31 AM,N,1,7,179,2,1.17,9.3,1,0.5,2.36,0,,1,14.16,1,1,0
2,02/16/2024 08:57:31 PM,02/16/2024 09:10:29 PM,N,1,66,17,1,2.45,16.3,1,0.5,2,0,,1,20.8,1,1,0
2,08/24/2024 05:46:11 PM,08/24/2024 05:51:36 PM,N,1,260,226,5,1.06,7.9,0,0.5,5,0,,1,14.4,1,1,0
2,01/31/2024 05:53:40 PM,01/31/2024 06:28:24 PM,N,1,75,211,1,7.93,40.1,2.5,0.5,2,0,,1,48.85,1,1,2.75
2,02/16/2024 11:07:19 PM,02/16/2024 11:28:36 PM,N,1,181,90,1,5.12,25.4,1,0.5,6.13,0,,1,36.78,1,1,2.75
1,05/16/2024 06:55:55 PM,05/16/2024 07:10:17 PM,N,1,75,166,1,2.6,14.2,2.5,1.5,3.6,0,,1,21.8,1,1,0
2,04/28/2024 06:52:21 PM,04/28/2024 07:02:08 PM,N,1,74,151,1,2.23,12.1,0,0.5,2.72,0,,1,16.32,1,1,0
2,12/05/2024 05:45:31 PM,12/05/2024 05:52:21 PM,N,1,210,210,1,1.02,8.6,2.5,0.5,2.52,0,,1,15.12,1,1,0
2,04/11/2024 10:19:24 AM,04/11/2024 10:43:45 AM,N,1,116,93,1,11.31,45,0,0.5,6.41,6.94,,1,59.85,1,1,0
2,09/07/2024 10:36:51 PM,09/07/2024 10:47:28 PM,N,1,74,235,1,4.18,19.1,1,0.5,0,0,,0.3,20.9,1,1,0
2,03/22/2024 12:28:25 PM,03/22/2024 12:39:15 PM,N,1,74,236,1,1.73,12.1,0,0.5,3.27,0,,1,19.62,1,1,2.75
2,11/14/2024 09:07:46 PM,11/14/2024 09:08:04 PM,N,1,134,134,1,0,3,1,0.5,0,0,,1,5.5,2,1,0
2,11/04/2024 12:38:00 PM,11/04/2024 12:52:00 PM,,,41,236,,"42,402.56",17,0,0,4.05,0,,1,24.8,,,
2,10/15/2024 11:16:47 PM,10/15/2024 11:21:27 PM,N,1,95,95,1,1.1,7.2,1,0.5,5.3,0,,1,15,1,1,0
1,02/20/2024 09:54:38 AM,02/20/2024 10:36:27 AM,N,1,122,170,1,0,43.5,0,1.5,0,6.94,,1,51.94,1,1,0
2,11/20/2024 10:11:50 AM,11/20/2024 10:22:12 AM,N,1,41,75,1,0.65,10.7,0,0.5,0,0,,1,12.2,2,1,0
2,01/12/2024 07:06:49 PM,01/12/2024 07:47:55 PM,N,1,226,186,1,5.04,35.2,2.5,0.5,8.34,0,,1,50.04,1,1,2.5
2,06/07/2024 10:30:06 AM,06/07/2024 10:53:19 AM,,,244,90,,9.07,42.79,0,0,9.21,0,,1,55.75,,,
2,01/23/2024 07:10:36 PM,01/23/2024 07:23:34 PM,N,1,43,141,1,2.34,14.2,2.5,0.5,3.14,0,,1,24.09,1,1,2.75
1,06/21/2024 05:38:29 PM,06/21/2024 05:48:40 PM,N,1,75,74,1,1.4,11.4,2.5,1.5,3.05,0,,1,18.45,1,1,0
2,12/23/2024 06:06:17 PM,12/23/2024 06:20:00 PM,N,1,260,157,2,2.06,14.2,2.5,0.5,4.55,0,,1,22.75,1,1,0
1,10/03/2024 07:12:32 AM,10/03/2024 07:22:05 AM,N,1,74,75,1,1.6,11.4,0,1.5,5,0,,1,17.9,1,1,0
2,05/18/2024 01:26:52 AM,05/18/2024 01:49:57 AM,N,1,80,261,1,7.84,33.1,1,0.5,7.67,0,,1,46.02,1,1,2.75
2,08/08/2024 01:11:21 PM,08/08/2024 01:34:12 PM,N,1,74,140,1,3.32,21.9,0,0.5,5.23,0,,1,31.38,1,1,2.75
2,05/26/2024 07:33:30 PM,05/26/2024 08:07:13 PM,N,1,66,107,1,4,32.4,0,0.5,2,0,,1,38.65,1,1,2.75
2,04/03/2024 03:50:46 PM,04/03/2024 03:58:18 PM,N,1,43,43,6,0.41,7.9,0,0.5,2.82,0,,1,12.22,1,1,0
2,07/30/2024 01:28:30 PM,07/30/2024 01:34:39 PM,N,1,74,42,6,0.9,7.9,0,0.5,5,0,,1,14.4,1,1,0
2,08/22/2024 10:57:18 AM,08/22/2024 11:04:19 AM,N,1,74,75,1,1.42,9.3,0,0.5,2.16,0,,1,12.96,1,1,0
2,01/18/2024 11:24:38 AM,01/18/2024 11:24:41 AM,N,5,132,132,1,0,25,0,0,5.2,0,,1,31.2,1,2,0
2,02/28/2024 05:56:25 PM,02/28/2024 06:06:39 PM,N,1,166,116,1,1.38,10.7,2.5,0.5,0,0,,1,14.7,1,1,0
2,01/27/2024 12:16:26 PM,01/27/2024 12:25:08 PM,N,1,244,243,1,1.75,10.7,0,0.5,2.44,0,,1,14.64,1,1,0
2,07/20/2024 07:39:33 PM,07/20/2024 07:53:39 PM,N,1,74,239,1,3.45,17.7,0,0.5,4.39,0,,1,26.34,1,1,2.75
2,12/05/2024 11:00:00 AM,12/05/2024 11:35:00 AM,,,42,79,,7.99,38.53,0,0.5,0,0,,1,42.78,,,
2,07/28/2024 07:14:26 AM,07/28/2024 07:23:05 AM,N,1,83,70,1,2.98,14.9,0,0.5,2,0,,1,18.4,1,1,0
2,05/25/2024 04:34:01 PM,05/25/2024 05:17:23 PM,N,1,97,76,1,6.96,42.2,0,0.5,13.11,0,,1,56.81,1,1,0
2,02/02/2024 09:51:35 PM,02/02/2024 10:07:07 PM,N,1,74,159,1,2.81,17,1,0.5,0,0,,1,19.5,2,1,0
2,11/13/2024 04:49:25 PM,11/13/2024 04:56:43 PM,N,1,75,74,1,1.09,8.6,2.5,0.5,3.15,0,,1,15.75,1,1,0
2,03/05/2024 07:06:49 AM,03/05/2024 07:22:40 AM,N,1,74,138,1,6.51,28.2,5,0.5,8.33,6.94,,1,49.97,1,1,0
1,03/06/2024 11:22:56 AM,03/06/2024 11:40:40 AM,N,1,65,97,0,1.2,16.3,0,1.5,6,0,,1,23.8,1,1,0
2,04/18/2024 05:43:27 PM,04/18/2024 05:56:04 PM,N,1,43,142,2,2.3,14.2,2.5,0.5,4.19,0,,1,25.14,1,1,2.75
2,05/18/2024 01:41:51 PM,05/18/2024 02:05:02 PM,N,1,74,244,1,3.61,22.6,0,0.5,0,0,,1,24.1,2,1,0
1,12/31/2024 07:06:48 PM,12/31/2024 07:20:52 PM,N,1,74,238,1,2.6,14.9,5.25,1.5,3,0,,1,24.65,1,1,2.75
2,10/16/2024 05:21:13 PM,10/16/2024 05:28:20 PM,N,1,43,238,6,1.02,8.6,2.5,0.5,3,0,,1,15.6,1,1,0
1,03/03/2024 10:58:58 AM,03/03/2024 11:09:12 AM,N,1,82,82,1,1.8,10.7,0,1.5,0,0,,1,12.2,2,1,0
1,01/09/2024 07:38:43 AM,01/09/2024 07:42:35 AM,N,1,166,238,1,1.5,7.9,0,1.5,1.85,0,,1,11.25,1,1,0
1,11/03/2024 12:13:41 AM,11/03/2024 12:18:17 AM,N,1,126,250,1,2.3,10.7,2.5,1.5,0,0,,1,14.7,2,1,0
2,11/21/2024 08:47:49 AM,11/21/2024 08:59:48 AM,N,1,74,41,1,0.97,11.4,0,0.5,3.22,0,,1,16.12,1,1,0
2,06/11/2024 08:11:37 AM,06/11/2024 08:31:28 AM,N,1,166,243,1,4.71,23.3,0,0.5,2,0,,1,26.8,1,1,0
2,03/29/2024 12:21:44 PM,03/29/2024 12:25:39 PM,N,1,75,75,1,0.65,5.8,0,0.5,0,0,,1,7.3,2,1,0
2,02/29/2024 09:30:54 AM,02/29/2024 09:52:02 AM,N,1,74,238,2,2.92,20.5,0,0.5,1,0,,1,25.75,1,1,2.75
2,07/07/2024 05:41:31 PM,07/07/2024 06:00:41 PM,N,1,65,61,1,2.73,19.1,0,0.5,0,0,,1,20.6,2,1,0
2,03/18/2024 02:50:44 PM,03/18/2024 03:02:12 PM,N,1,74,166,1,1.9,12.8,0,0.5,3,0,,1,17.3,1,1,0
2,09/18/2024 05:48:27 PM,09/18/2024 05:54:22 PM,N,1,260,260,1,0.83,7.2,2.5,0.5,0,0,,1,11.2,2,1,0
2,04/22/2024 12:05:45 AM,04/22/2024 12:13:36 AM,N,1,82,129,1,0.81,8.6,1,0.5,0,0,,1,11.1,2,1,0
2,10/10/2024 01:00:19 PM,10/10/2024 01:11:06 PM,N,1,97,49,1,0.89,10.7,0,0.5,0,0,,1,12.2,2,1,0
2,05/14/2024 07:06:09 AM,05/14/2024 07:20:14 AM,N,1,74,166,1,1.86,14.2,0,0.5,0,0,,1,15.7,1,1,0
2,08/12/2024 11:06:06 AM,08/12/2024 11:43:12 AM,N,1,7,233,1,4.2,33.1,0,0.5,0,0,,1,37.35,2,1,2.75
2,03/20/2024 11:51:32 AM,03/20/2024 12:02:08 PM,N,1,43,236,1,1.26,11.4,0,0.5,1,0,,1,16.65,1,1,2.75
2,05/05/2024 06:47:47 PM,05/05/2024 06:53:49 PM,N,1,95,95,1,0.92,7.9,0,0.5,1.88,0,,1,11.28,1,1,0
2,05/12/2024 09:09:12 PM,05/12/2024 09:34:22 PM,N,5,33,230,1,6.92,55,0,0,11.75,0,,1,70.5,1,2,2.75
2,01/23/2024 06:05:40 PM,01/23/2024 06:25:24 PM,N,1,75,142,1,2.8,19.1,2.5,0.5,6.46,0,,1,32.31,1,1,2.75
2,09/06/2024 11:30:24 AM,09/06/2024 11:55:19 AM,N,1,43,166,1,3.05,23.3,0,0.5,4.96,0,,1,29.76,1,1,0
1,01/27/2024 04:01:07 PM,01/27/2024 04:38:48 PM,N,1,66,43,3,7.7,35.2,2.75,1.5,7.85,0,,1,47.3,1,1,2.75
2,03/11/2024 06:26:25 PM,03/11/2024 06:31:37 PM,N,1,75,74,1,1.32,7.9,2.5,0.5,2,0,,1,13.9,1,1,0
2,12/11/2024 05:53:11 PM,12/11/2024 06:13:14 PM,N,1,74,141,1,3.01,19.1,2.5,0.5,5.17,0,,1,31.02,1,1,2.75
2,03/22/2024 12:26:17 PM,03/22/2024 12:50:35 PM,N,1,95,83,1,3.1,24,0,0.5,0,0,,1,25.5,2,1,0
1,02/26/2024 03:06:49 PM,02/26/2024 03:06:54 PM,N,1,74,74,1,1.6,3,0,1.5,0,0,,1,4.5,3,1,0
2,10/25/2024 01:30:03 PM,10/25/2024 01:50:46 PM,N,1,65,79,1,3.34,21.2,0,0.5,0,0,,1,25.45,2,1,2.75
2,07/22/2024 11:00:34 PM,07/22/2024 11:11:55 PM,N,1,95,197,1,2.11,12.8,1,0.5,0,0,,1,15.3,2,1,0
2,12/05/2024 10:57:17 AM,12/05/2024 11:02:37 AM,N,1,166,151,1,1.09,7.9,0,0.5,1.88,0,,1,11.28,1,1,0
2,06/03/2024 06:03:58 PM,06/03/2024 06:10:25 PM,N,1,75,74,1,1.42,8.6,2.5,0.5,2.52,0,,1,15.12,1,1,0
2,04/16/2024 02:01:04 PM,04/16/2024 02:19:46 PM,N,1,75,237,1,2.23,17.7,0,0.5,2.5,0,,1,24.45,1,1,2.75
2,02/04/2024 05:08:32 PM,02/04/2024 05:14:22 PM,N,1,75,237,1,1.54,8.6,0,0.5,1.93,0,,1,14.78,1,1,2.75
2,08/27/2024 06:18:00 PM,08/27/2024 06:25:00 PM,,,193,145,,1.75,13.87,0,0,2.97,0,,1,17.84,,,
2,03/02/2024 03:04:21 AM,03/02/2024 03:14:09 AM,N,1,129,260,1,1.37,10.7,1,0.5,0,0,,1,13.2,2,1,0
2,10/04/2024 10:23:05 PM,10/04/2024 10:47:25 PM,N,1,95,255,1,9.47,40.1,1,0.5,8.52,0,,1,51.12,1,1,0
2,12/10/2024 08:36:06 PM,12/10/2024 08:40:57 PM,N,1,166,166,1,0.68,6.5,1,0.5,1.8,0,,1,10.8,1,1,0
2,08/15/2024 05:43:28 PM,08/15/2024 05:57:16 PM,N,1,130,131,1,2.34,15.6,2.5,0.5,3.92,0,,1,23.52,1,1,0
1,05/20/2024 11:55:44 AM,05/20/2024 12:05:04 PM,N,1,42,152,1,1.3,10.7,2.75,1.5,0,0,,1,14.95,2,1,2.75
1,04/20/2024 07:16:22 PM,04/20/2024 07:25:51 PM,N,1,42,74,1,1.4,10.7,0,1.5,0,0,,1,12.2,2,1,0
2,03/13/2024 09:50:00 AM,03/13/2024 09:58:00 AM,,,146,193,,1.16,10.54,0,0,2.31,0,,1,13.85,,,
1,06/29/2024 10:09:23 AM,06/29/2024 10:25:59 AM,N,1,74,238,1,3,17.7,2.75,1.5,4.35,0,,1,26.3,1,1,2.75
2,05/11/2024 02:46:54 PM,05/11/2024 02:57:55 PM,N,1,82,70,2,2.79,14.9,0,0.5,2,0,,1,18.4,1,1,0
2,01/28/2024 09:55:35 PM,01/28/2024 10:04:13 PM,N,1,66,65,1,1.05,9.3,1,0.5,2.36,0,,1,14.16,1,1,0
2,09/11/2024 11:10:07 AM,09/11/2024 11:14:49 AM,N,1,74,75,1,0.81,6.5,0,0.5,0.2,0,,1,8.2,1,1,0
2,12/06/2024 07:04:17 AM,12/06/2024 07:08:46 AM,N,1,95,95,2,0.7,6.5,0,0.5,1.6,0,,1,9.6,1,1,0
2,04/10/2024 09:50:00 PM,04/10/2024 10:05:32 PM,N,1,97,79,1,1.76,14.2,1,0.5,2,0,,1,21.45,1,1,2.75
2,10/07/2024 09:16:42 AM,10/07/2024 09:29:05 AM,N,1,74,75,1,1.53,12.1,0,0.5,2.72,0,,1,16.32,1,1,0
2,09/17/2024 01:03:32 PM,09/17/2024 01:15:41 PM,N,1,260,226,5,1.73,12.8,0,0.5,0,0,,1,14.3,2,1,0
2,10/06/2024 06:57:09 PM,10/06/2024 07:05:13 PM,N,1,74,41,1,1.22,10,0,0.5,2.3,0,,1,13.8,1,1,0
2,11/11/2024 11:49:42 PM,11/12/2024 12:09:09 AM,N,1,66,233,2,7.26,30.3,1,0.5,1,0,,1,36.55,1,1,2.75
2,09/27/2024 07:47:16 PM,09/27/2024 08:30:41 PM,N,1,74,255,1,10.22,49.2,2.5,0.5,12.03,6.94,,1,72.17,1,1,0
2,07/27/2024 04:45:29 PM,07/27/2024 04:49:22 PM,N,1,75,74,1,0.85,6.5,0,0.5,0,0,,1,8,2,1,0
2,03/06/2024 12:19:47 PM,03/06/2024 12:36:08 PM,N,1,66,13,1,5.19,23.3,0,0.5,5.51,0,,1,33.06,1,1,2.75
2,03/21/2024 10:03:47 AM,03/21/2024 10:13:01 AM,N,1,75,74,1,1.55,10.7,0,0.5,2,0,,1,14.2,1,1,0
2,03/03/2024 11:38:57 AM,03/03/2024 11:58:40 AM,N,1,95,83,1,3.71,22.6,0,0.5,0,0,,1,24.1,2,1,0
1,01/26/2024 09:58:10 AM,01/26/2024 10:03:42 AM,N,1,76,76,1,0,15.5,0,1.5,0,0,,1,17,1,1,0
1,11/17/2024 09:31:52 AM,11/17/2024 09:39:16 AM,N,1,129,129,1,1.4,10,0,1.5,2.85,0,,1,14.35,1,1,0
2,05/13/2024 11:52:53 AM,05/13/2024 12:03:49 PM,N,1,95,121,1,2.41,14.2,0,0.5,0,0,,1,15.7,2,1,0
2,01/26/2024 09:07:32 PM,01/26/2024 09:27:49 PM,N,1,134,225,1,7.02,31.7,1,0.5,8.55,0,,1,42.75,1,1,0
2,12/17/2024 06:21:38 PM,12/17/2024 06:31:10 PM,N,1,75,238,2,1.23,10.7,2.5,0.5,0,0,,1,14.7,1,1,0
2,04/16/2024 12:24:05 PM,04/16/2024 12:42:15 PM,N,1,166,74,1,1.83,17,0,0.5,0,0,,1,18.5,2,1,0
2,06/01/2024 12:58:35 PM,06/01/2024 12:58:44 PM,N,5,15,15,4,0,27,0,0,5.6,0,,1,33.6,1,1,0
2,11/26/2024 08:19:25 PM,11/26/2024 08:28:34 PM,N,1,33,25,1,0.83,9.3,1,0.5,0.8,0,,1,12.6,1,1,0
2,02/08/2024 12:57:00 PM,02/08/2024 01:20:00 PM,,,242,78,,3.68,19.34,0,0,0,0,,1,20.34,,,
2,04/26/2024 01:28:06 PM,04/26/2024 01:38:39 PM,N,1,7,146,1,1.59,11.4,0,0.5,3.87,0,,1,16.77,1,1,0
2,06/19/2024 07:18:32 AM,06/19/2024 07:32:29 AM,N,1,41,236,1,3.1,16.3,0,0.5,0,0,,1,20.55,2,1,2.75
1,09/20/2024 02:37:29 PM,09/20/2024 02:41:11 PM,N,1,75,238,1,0.6,6.5,0,1.5,1.6,0,,1,9.6,1,1,0
2,09/20/2024 04:19:38 PM,09/20/2024 04:29:30 PM,N,1,75,74,1,1.35,10.7,2.5,0.5,2.94,0,,1,17.64,1,1,0
2,11/08/2024 11:48:07 PM,11/08/2024 11:58:01 PM,N,1,41,238,1,2.51,13.5,1,0.5,0,0,,1,18.75,1,1,2.75
2,04/01/2024 06:41:27 PM,04/01/2024 07:13:00 PM,N,1,129,161,3,5.55,31.7,2.5,0.5,0,0,,1,38.45,2,1,2.75
2,08/07/2024 06:03:02 PM,08/07/2024 06:16:05 PM,N,1,166,236,1,2.38,14.9,2.5,0.5,4.33,0,,1,25.98,1,1,2.75
2,10/03/2024 07:52:14 AM,10/03/2024 08:04:08 AM,N,1,74,75,1,1.36,12.1,0,0.5,2.5,0,,1,16.1,1,1,0
2,04/25/2024 06:50:47 PM,04/25/2024 07:16:46 PM,N,1,75,161,1,2.7,23.3,2.5,0.5,3.61,0,,1,33.66,1,1,2.75
2,03/18/2024 12:09:38 PM,03/18/2024 12:18:43 PM,N,1,75,74,1,1.67,10.7,0,0.5,0,0,,1,12.2,2,1,0
2,12/12/2024 09:27:00 AM,12/12/2024 09:37:11 AM,N,1,74,236,1,1.58,10.7,0,0.5,2.99,0,,1,17.94,1,1,2.75
2,01/16/2024 12:21:13 AM,01/16/2024 12:37:48 AM,N,1,43,107,1,3.27,19.1,1,0.5,4.87,0,,1,29.22,1,1,2.75
2,08/21/2024 08:13:13 AM,08/21/2024 08:18:54 AM,N,1,129,129,1,0,6.5,0,0.5,0,0,,1,8,1,1,0
2,10/21/2024 03:59:15 PM,10/21/2024 04:15:20 PM,N,1,95,95,3,2.52,17,0,0.5,0,0,,1,18.5,2,1,0
2,08/24/2024 11:36:08 PM,08/24/2024 11:36:10 PM,N,5,130,130,1,0,30,0,0,3,0,,1,34,1,2,0
2,02/10/2024 08:55:34 PM,02/10/2024 09:18:21 PM,N,1,24,161,2,4.61,25.4,1,0.5,9.2,0,,1,39.85,1,1,2.75
2,02/09/2024 05:54:32 AM,02/09/2024 06:19:38 AM,N,1,129,142,1,6.36,29.6,0,0.5,0,0,,1,33.85,2,1,2.75
2,12/13/2024 03:33:10 PM,12/13/2024 03:41:09 PM,N,1,74,75,1,1.08,9.3,0,0.5,0,0,,1,10.8,2,1,0
2,01/19/2024 06:42:43 PM,01/19/2024 06:53:58 PM,N,1,82,138,5,2.53,14.9,7.5,0.5,3,0,,1,26.9,1,1,0
2,04/24/2024 04:20:46 PM,04/24/2024 04:28:11 PM,N,1,129,138,1,2.24,12.1,7.5,0.5,0,0,,1,21.1,2,1,0
2,03/06/2024 02:31:03 PM,03/06/2024 02:40:42 PM,N,1,75,41,1,1.2,10,0,0.5,0,0,,0.3,10.8,2,1,0
1,07/11/2024 04:29:35 PM,07/11/2024 04:54:40 PM,N,1,63,219,1,0,26.5,0,1.5,0,0,,1,28,1,1,0
2,08/17/2024 12:09:43 AM,08/17/2024 12:09:48 AM,N,5,197,197,1,0,14,0,0,0,0,,1,15,1,2,0
2,08/07/2024 07:19:46 AM,08/07/2024 07:27:30 AM,N,1,74,194,1,1.8,10.7,0,0.5,2,6.94,,1,21.14,1,1,0
2,05/31/2024 02:35:06 PM,05/31/2024 02:41:14 PM,N,1,42,41,1,0.58,7.2,0,0.5,0,0,,1,8.7,1,1,0
2,10/10/2024 08:58:47 PM,10/10/2024 09:18:45 PM,N,1,19,82,1,10.85,41.5,1,0.5,0,0,,1,44,2,1,0
1,09/19/2024 04:37:53 PM,09/19/2024 05:03:42 PM,N,1,75,140,0,3.5,23.3,5.25,1.5,6,0,,1,36.05,1,1,2.75
2,01/22/2024 09:44:10 PM,01/22/2024 09:56:51 PM,N,1,75,229,1,3.06,16.3,1,0.5,5.39,0,,1,26.94,1,1,2.75
2,10/27/2024 09:05:31 PM,10/27/2024 09:20:34 PM,N,1,74,238,1,2.56,16.3,1,0.5,5.39,0,,1,26.94,1,1,2.75
2,05/16/2024 06:09:24 PM,05/16/2024 06:27:06 PM,N,1,75,237,1,2.4,17,2.5,0.5,0,0,,1,23.75,2,1,2.75
2,11/29/2024 05:52:29 PM,11/29/2024 06:07:50 PM,N,1,74,141,1,2.84,17.7,2.5,0.5,4.89,0,,1,29.34,1,1,2.75
2,01/14/2024 03:34:57 PM,01/14/2024 03:48:07 PM,N,1,65,17,1,1.76,13.5,0,0.5,0,0,,1,15,2,1,0
2,04/21/2024 11:13:02 AM,04/21/2024 11:17:42 AM,N,1,75,239,2,1.34,7.9,0,0.5,3.04,0,,1,15.19,1,1,2.75
2,09/14/2024 02:31:34 PM,09/14/2024 02:31:38 PM,N,5,132,132,1,0,35,0,0,0,0,,1,36,1,2,0
2,04/16/2024 07:32:00 AM,04/16/2024 08:00:00 AM,,,42,163,,5.94,36.38,0,0,0,0,,1,40.13,,,
2,05/03/2024 07:27:38 PM,05/03/2024 07:27:43 PM,N,5,134,134,1,0,12,0,0,2.6,0,,1,15.6,1,2,0
2,10/22/2024 12:41:15 PM,10/22/2024 12:42:44 PM,N,1,116,116,1,0.23,3.7,0,0.5,0,0,,1,5.2,2,1,0
2,04/06/2024 06:26:15 PM,04/06/2024 06:37:43 PM,N,1,129,138,1,3.72,18.4,5,0.5,3,0,,1,27.9,1,1,0
2,05/06/2024 10:52:58 PM,05/06/2024 11:13:29 PM,N,1,19,82,1,10.98,41.5,1,0.5,0,0,,1,44,2,1,0
2,05/29/2024 09:02:53 PM,05/29/2024 09:14:37 PM,N,1,142,162,1,1.73,12.8,1,0.5,4.45,0,,1,22.25,1,1,2.5
2,05/18/2024 12:37:20 PM,05/18/2024 12:48:15 PM,N,1,7,193,1,1.87,12.1,0,0.5,0,0,,1,13.6,1,1,0
2,02/02/2024 04:25:22 PM,02/02/2024 04:42:57 PM,N,1,74,138,1,6.72,28.9,7.5,0.5,8.97,6.94,,1,53.81,1,1,0
2,05/08/2024 05:51:14 AM,05/08/2024 05:59:59 AM,N,1,95,197,1,2.07,11.4,1,0.5,2.78,0,,1,16.68,1,1,0
2,10/14/2024 08:57:42 AM,10/14/2024 09:10:33 AM,N,1,166,50,1,3.61,19.1,0,0.5,0,0,,1,23.35,2,1,2.75
2,10/23/2024 09:33:34 AM,10/23/2024 09:43:19 AM,N,1,244,42,1,1.84,11.4,0,0.5,0,0,,1,12.9,2,1,0
1,04/17/2024 10:51:37 AM,04/17/2024 10:58:20 AM,N,1,130,215,0,1.4,9.3,0,1.5,2.7,0,,1,13.5,1,1,0
2,07/06/2024 02:56:06 AM,07/06/2024 03:05:26 AM,N,1,83,196,1,2.18,12.1,1,0.5,0,0,,1,14.6,2,1,0
1,10/14/2024 11:58:40 AM,10/14/2024 12:10:55 PM,Y,1,210,264,2,0,11.4,0,1.5,2.55,0,,1,15.45,1,1,0
2,05/19/2024 04:35:42 PM,05/19/2024 04:51:35 PM,N,1,74,238,1,2.88,17.7,0,0.5,4.39,0,,1,26.34,1,1,2.75
1,11/01/2024 06:34:12 PM,11/01/2024 06:40:40 PM,N,1,75,74,2,0,7.2,2.5,1.5,2.2,0,,1,13.4,1,1,0
2,01/17/2024 04:26:35 PM,01/17/2024 04:36:21 PM,N,1,75,263,1,0.41,9.3,2.5,0.5,0.66,0,,1,13.96,1,1,0
2,03/27/2024 02:41:40 PM,03/27/2024 03:01:35 PM,N,1,255,217,1,1.4,17,0,0.5,0,0,,1,18.5,1,1,0
2,03/03/2024 07:36:36 PM,03/03/2024 07:47:58 PM,N,1,166,239,1,0,10.7,0,0.5,2.99,0,,1,17.94,1,1,2.75
2,12/05/2024 11:03:49 AM,12/05/2024 11:16:47 AM,N,1,166,74,1,1.3,12.8,0,0.5,2.86,0,,1,17.16,1,1,0
2,05/23/2024 06:58:38 PM,05/23/2024 07:14:05 PM,N,1,25,33,1,1.03,14.2,2.5,0.5,3.64,0,,1,21.84,1,1,0
2,04/10/2024 01:41:21 PM,04/10/2024 01:51:28 PM,N,1,74,236,5,1.77,11.4,0,0.5,3.91,0,,1,19.56,1,1,2.75
2,04/09/2024 02:23:58 PM,04/09/2024 02:44:04 PM,N,1,7,82,1,2.51,19.1,0,0.5,0,0,,1,20.6,2,1,0
2,01/10/2024 04:46:21 PM,01/10/2024 04:50:11 PM,N,1,75,74,1,1.24,7.2,2.5,0.5,1.68,0,,1,12.88,1,1,0
2,06/09/2024 09:03:21 PM,06/09/2024 09:12:30 PM,N,1,134,197,1,1.78,11.4,1,0.5,2.78,0,,1,16.68,1,1,0
2,08/30/2024 12:16:08 PM,08/30/2024 12:24:43 PM,N,1,82,138,1,3.59,16.3,5,0.5,0,0,,1,22.8,2,1,0
2,05/03/2024 04:15:52 PM,05/03/2024 04:36:20 PM,N,1,97,189,1,0.8,17,2.5,0.5,2.1,0,,1,23.1,1,1,0
2,12/14/2024 01:12:13 PM,12/14/2024 01:25:57 PM,N,1,75,239,1,1.88,14.9,0,0.5,3.83,0,,1,22.98,1,1,2.75
2,03/08/2024 07:48:27 PM,03/08/2024 07:54:27 PM,N,1,130,215,1,0.71,7.2,2.5,0.5,0,0,,1,11.2,2,1,0
2,05/14/2024 10:41:55 AM,05/14/2024 10:51:35 AM,N,1,95,135,3,1.44,10.7,0,0.5,0,0,,1,12.2,2,1,0
2,08/07/2024 07:52:25 PM,08/07/2024 08:17:23 PM,N,1,75,164,1,3.67,24,2.5,0.5,4,0,,1,34.75,1,1,2.75
2,03/02/2024 10:50:54 AM,03/02/2024 10:57:53 AM,N,1,97,181,2,1.17,8.6,0,0.5,2.52,0,,1,12.62,1,1,0
2,06/25/2024 10:09:37 AM,06/25/2024 10:45:52 AM,N,1,41,144,1,8.36,40.8,0,0.5,9.01,0,,1,56.56,1,1,2.75
2,07/04/2024 05:03:02 PM,07/04/2024 05:15:35 PM,N,1,74,141,1,2.86,15.6,0,0.5,1.98,0,,1,21.83,1,1,2.75
2,08/14/2024 05:25:05 AM,08/14/2024 05:31:14 AM,N,1,75,151,1,1.49,9.3,1,0.5,0,0,,1,11.8,2,1,0
2,07/11/2024 05:42:14 PM,07/11/2024 05:59:38 PM,N,1,82,138,1,3.64,19.1,7.5,0.5,5.62,0,,1,33.72,1,1,0
2,08/18/2024 06:07:10 PM,08/18/2024 06:15:06 PM,N,1,74,236,1,1.73,10,0,0.5,2.85,0,,1,17.1,1,1,2.75
2,01/02/2024 02:42:00 PM,01/03/2024 01:58:48 PM,N,1,74,238,1,1.98,15.6,2.5,0.5,3.92,0,,1,23.52,1,1,0
2,03/17/2024 05:27:54 PM,03/17/2024 05:50:33 PM,N,1,74,142,5,3.67,22.6,0,0.5,1.34,0,,1,28.19,1,1,2.75
2,03/24/2024 06:28:19 PM,03/24/2024 06:40:53 PM,N,1,74,24,1,2.09,14.2,0,0.5,3.14,0,,1,18.84,1,1,0
1,06/18/2024 06:38:16 PM,06/18/2024 06:46:27 PM,N,1,43,239,1,1.9,11.4,5.25,1.5,3.6,0,,1,21.75,1,1,2.75
2,07/13/2024 12:26:58 PM,07/13/2024 12:36:35 PM,N,1,152,244,1,1.64,11.4,0,0.5,0,0,,1,12.9,2,1,0
2,05/09/2024 09:29:55 AM,05/09/2024 09:38:57 AM,N,1,74,152,1,1.49,10.7,0,0.5,1,0,,1,13.2,1,1,0
2,02/06/2024 05:22:17 PM,02/06/2024 05:40:22 PM,N,1,260,82,1,2.29,17,2.5,0.5,0,0,,1,21,2,1,0
2,02/05/2024 07:18:46 PM,02/05/2024 07:28:20 PM,N,1,260,157,1,1.56,10.7,2.5,0.5,2.94,0,,1,17.64,1,1,0
2,12/07/2024 06:12:01 PM,12/07/2024 06:23:50 PM,N,1,83,129,1,1.21,11.4,0,0.5,2.58,0,,1,15.48,1,1,0
2,01/27/2024 12:05:10 AM,01/27/2024 12:17:12 AM,N,1,130,218,1,2.97,14.9,1,0.5,2,0,,1,19.4,1,1,0
2,02/14/2024 10:45:08 PM,02/14/2024 10:56:42 PM,N,1,75,140,1,2.15,13.5,1,0.5,3.75,0,,1,22.5,1,1,2.75
2,01/08/2024 12:43:15 PM,01/08/2024 01:00:04 PM,N,1,74,43,1,2.77,17.7,0,0.5,5.49,0,,1,27.44,1,1,2.75
2,12/21/2024 04:38:06 PM,12/21/2024 04:42:49 PM,N,1,166,238,1,0.92,7.2,0,0.5,0,0,,1,8.7,2,1,0
2,02/22/2024 02:23:53 PM,02/22/2024 02:48:40 PM,N,1,43,230,1,3.16,22.6,0,0.5,4.03,0,,1,30.88,1,1,2.75
2,11/27/2024 11:38:53 PM,11/27/2024 11:49:17 PM,N,1,95,196,2,1.59,11.4,1,0.5,2.78,0,,1,16.68,1,1,0
2,04/28/2024 04:20:33 AM,04/28/2024 04:24:05 AM,N,5,80,36,3,1.02,35,0,0,7.2,0,,1,43.2,1,2,0
2,03/30/2024 04:56:56 PM,03/30/2024 05:17:37 PM,N,1,82,198,1,3.63,21.2,0,0.5,2,0,,1,24.7,1,1,0
1,03/27/2024 09:10:38 AM,03/27/2024 09:24:46 AM,N,1,74,75,1,1.1,10.7,0,1.5,2.4,0,,1,14.6,1,1,0
2,09/05/2024 10:32:00 AM,09/05/2024 10:39:03 AM,N,1,82,129,1,2.06,11.4,0,0.5,2.58,0,,1,15.48,1,1,0
1,12/02/2024 06:00:24 PM,12/02/2024 06:06:28 PM,,,75,74,,1.4,8.6,2.5,0.5,1.89,0,,1,14.49,,,
2,05/15/2024 01:52:46 PM,05/15/2024 02:05:42 PM,N,1,95,130,2,2.83,15.6,0,0.5,3.42,0,,1,20.52,1,1,0
2,08/05/2024 06:43:50 PM,08/05/2024 06:55:22 PM,N,1,65,33,1,1.46,11.4,2.5,0.5,3.08,0,,1,18.48,1,1,0
2,08/11/2024 01:02:01 PM,08/11/2024 01:12:18 PM,N,1,74,75,1,1.65,12.1,0,0.5,2.72,0,,1,16.32,1,1,0
1,03/05/2024 01:11:09 PM,03/05/2024 01:21:55 PM,N,1,33,66,1,0,18,0,0,0,0,,0,18,1,1,0
2,05/08/2024 04:11:10 PM,05/08/2024 04:11:13 PM,N,5,130,130,1,0.06,12,0,0,2.6,0,,1,15.6,1,2,0
2,03/20/2024 07:47:12 AM,03/20/2024 08:18:02 AM,N,1,40,233,1,7.61,39.4,0,0.5,4.36,0,,1,48.01,1,1,2.75
2,12/21/2024 12:39:08 PM,12/21/2024 12:56:02 PM,N,1,260,7,2,2.04,16.3,0,0.5,0,0,,1,17.8,2,1,0
2,05/27/2024 09:35:37 PM,05/27/2024 09:48:50 PM,N,1,75,213,6,5.39,23.3,1,0.5,0,0,,1,25.8,1,1,0
2,04/19/2024 10:33:16 AM,04/19/2024 10:49:16 AM,N,1,74,237,1,2.97,16.3,0,0.5,0,0,,1,20.55,2,1,2.75
2,01/09/2024 01:02:19 PM,01/09/2024 01:28:19 PM,N,1,75,68,2,6.33,32.4,0,0.5,7.33,0,,1,43.98,1,1,2.75
2,11/06/2024 06:31:50 PM,11/06/2024 06:48:28 PM,N,1,97,181,1,0.87,14.2,2.5,0.5,0,0,,1,18.2,2,1,0
2,02/13/2024 10:45:10 AM,02/13/2024 11:01:35 AM,N,1,166,237,1,3.35,19.1,0,0.5,4,0,,1,27.35,1,1,2.75
2,05/05/2024 10:31:36 PM,05/05/2024 10:38:32 PM,N,1,83,260,2,1.39,9.3,1,0.5,2.36,0,,1,14.16,1,1,0
2,06/25/2024 05:46:38 PM,06/25/2024 05:59:55 PM,N,1,97,66,1,1.71,13.5,2.5,0.5,3.5,0,,1,21,1,1,0
2,05/13/2024 04:25:17 PM,05/13/2024 04:29:53 PM,N,1,43,236,2,0.97,7.2,2.5,0.5,2.79,0,,1,16.74,1,1,2.75
2,10/23/2024 09:37:34 PM,10/23/2024 09:56:38 PM,N,1,134,124,1,7.27,31,1,0.5,0,0,,1,33.5,2,1,0
2,12/28/2024 06:35:04 AM,12/28/2024 06:40:43 AM,N,1,74,75,1,1.07,7.2,0,0.5,2.61,0,,1,11.31,1,1,0
2,03/01/2024 07:14:34 PM,03/01/2024 07:21:06 PM,N,1,43,236,1,0.88,7.9,2.5,0.5,2.2,0,,1,16.85,1,1,2.75
2,07/05/2024 06:08:32 PM,07/05/2024 06:28:35 PM,N,1,75,68,1,5.9,27.5,2.5,0.5,6.85,0,,1,41.1,1,1,2.75
2,02/23/2024 08:58:38 AM,02/23/2024 09:15:43 AM,N,1,42,140,1,3.97,21.2,0,0.5,0,0,,1,25.45,1,1,2.75
2,04/16/2024 11:52:11 AM,04/16/2024 11:52:32 AM,N,5,216,216,1,0,20,0,0,0.08,0,,1,21.08,1,2,0
2,07/01/2024 12:44:24 PM,07/01/2024 12:52:54 PM,N,1,74,75,1,1.6,10.7,0,0.5,2.44,0,,1,14.64,1,1,0
2,08/14/2024 08:38:22 AM,08/14/2024 08:47:21 AM,N,1,74,75,1,1.4,10,0,0.5,2.3,0,,1,13.8,1,1,0
2,08/25/2024 10:30:22 AM,08/25/2024 10:38:08 AM,N,1,75,161,1,2.67,12.8,0,0.5,2,0,,1,19.05,1,1,2.75
2,11/12/2024 05:55:36 AM,11/12/2024 06:27:47 AM,N,2,75,132,1,17.98,70,0,0.5,15.69,6.94,,1,94.13,1,1,0
2,08/29/2024 11:34:58 PM,08/29/2024 11:44:12 PM,N,1,166,42,1,1.57,11.4,1,0.5,4.17,0,,1,18.07,1,1,0
2,12/20/2024 01:29:53 PM,12/20/2024 01:46:26 PM,N,1,244,75,1,4.86,23.3,0,0.5,3,0,,1,27.8,1,1,0
2,12/22/2024 07:42:38 PM,12/22/2024 07:45:17 PM,N,1,7,179,5,0.47,4.4,0,0.5,0,0,,1,5.9,2,1,0
2,12/13/2024 06:32:06 AM,12/13/2024 06:45:21 AM,N,1,166,68,1,5.04,22.6,0,0.5,8.06,0,,1,34.91,1,1,2.75
2,09/11/2024 10:31:53 AM,09/11/2024 10:40:48 AM,N,1,74,75,1,1.19,10,0,0.5,0,0,,1,11.5,2,1,0
2,05/26/2024 05:32:33 PM,05/26/2024 05:45:41 PM,N,1,74,262,1,2.72,15.6,0,0.5,4.96,0,,1,24.81,1,1,2.75
1,11/27/2024 09:06:46 AM,11/27/2024 09:23:50 AM,N,1,74,141,2,3.3,18.4,2.75,1.5,4.5,0,,1,27.15,1,1,2.75
2,02/01/2024 05:44:21 PM,02/01/2024 06:02:28 PM,N,5,97,62,1,2.8,20,0,0,0,0,,1,21,1,2,0
2,04/03/2024 11:03:13 AM,04/04/2024 12:00:00 AM,N,1,256,143,1,7.65,66,0,0.5,0,0,,1,70.25,1,1,2.75
2,07/21/2024 08:51:39 PM,07/21/2024 09:01:22 PM,N,1,74,166,1,1.73,11.4,1,0.5,1,0,,1,14.9,1,1,0
1,01/24/2024 03:46:04 PM,01/24/2024 04:02:16 PM,N,1,41,116,1,2.2,15.6,0,1.5,0,0,,1,17.1,1,1,0
2,12/23/2024 05:56:14 PM,12/23/2024 06:07:43 PM,N,1,65,49,1,0.64,10.7,2.5,0.5,0,0,,1,14.7,2,1,0
2,01/12/2024 03:04:30 PM,01/12/2024 03:16:56 PM,N,1,74,236,1,1.94,13.5,0,0.5,3.55,0,,1,21.3,1,1,2.75
2,08/14/2024 03:20:00 PM,08/14/2024 03:39:00 PM,,,33,49,,2.19,17.99,0,0,0,0,,1,18.99,,,
2,05/29/2024 03:08:43 PM,05/29/2024 03:30:12 PM,N,1,166,243,1,3.64,21.9,0,0.5,0,0,,1,23.4,2,1,0
2,10/27/2024 11:23:15 PM,10/27/2024 11:29:35 PM,N,1,82,129,2,1.14,8.6,1,0.5,0,0,,1,11.1,2,1,0
2,07/07/2024 04:50:20 PM,07/07/2024 05:05:44 PM,N,1,74,262,1,3,17.7,0,0.5,3.82,0,,0.3,25.07,1,1,2.75
2,05/19/2024 02:48:31 AM,05/19/2024 02:49:11 AM,N,2,157,157,1,0,70,0,0.5,0,0,,1,71.5,3,1,0
2,04/20/2024 11:26:26 PM,04/20/2024 11:40:50 PM,N,1,75,116,2,3.43,17.7,1,0.5,0,0,,1,20.2,1,1,0
2,11/12/2024 02:04:56 PM,11/12/2024 02:33:31 PM,N,1,244,162,1,7.19,37.3,0,0.5,6,0,,1,47.55,1,1,2.75
2,06/25/2024 07:49:39 AM,06/25/2024 07:53:49 AM,N,1,75,236,2,1.07,7.2,0,0.5,2.29,0,,1,13.74,1,1,2.75
2,07/12/2024 04:36:56 PM,07/12/2024 04:46:55 PM,N,1,75,74,1,1.49,11.4,2.5,0.5,3.08,0,,1,18.48,1,1,0
2,10/28/2024 04:02:11 PM,10/28/2024 04:14:17 PM,N,1,97,181,1,1.27,12.1,2.5,0.5,4.83,0,,1,20.93,1,1,0
2,05/02/2024 06:12:11 PM,05/02/2024 06:16:47 PM,N,1,82,56,1,0.91,6.5,2.5,0.5,0,0,,1,10.5,2,1,0
2,08/06/2024 10:52:03 AM,08/06/2024 11:01:00 AM,N,1,75,236,1,1.11,8.6,0,0.5,0,0,,1,12.85,1,1,2.75
2,05/13/2024 08:15:27 PM,05/13/2024 08:35:40 PM,N,1,82,92,1,6.17,30.3,1,0.5,6.56,0,,1,39.36,1,1,0
2,01/16/2024 04:55:10 PM,01/16/2024 05:29:40 PM,N,1,82,244,2,14.9,58.3,2.5,0.5,0,6.94,,1,69.24,2,1,0
2,10/20/2024 11:00:03 PM,10/20/2024 11:33:47 PM,N,1,181,255,1,8.61,41.5,1,0.5,8.8,0,,1,52.8,1,1,0
2,03/03/2024 04:34:25 PM,03/03/2024 04:41:28 PM,N,1,74,74,1,1.09,8.6,0,0.5,2.02,0,,1,12.12,1,1,0
2,07/29/2024 07:21:10 PM,07/29/2024 07:34:44 PM,N,1,74,263,1,2.31,14.9,2.5,0.5,4.33,0,,1,25.98,1,1,2.75
2,03/18/2024 12:57:38 PM,03/18/2024 01:18:47 PM,N,1,244,140,1,8.09,34.5,0,0.5,7.75,0,,1,46.5,1,1,2.75
2,08/29/2024 05:09:43 PM,08/29/2024 05:24:12 PM,N,1,43,42,1,3.06,17,2.5,0.5,0,0,,1,21,1,1,0
2,06/19/2024 12:41:23 PM,06/19/2024 02:02:23 PM,N,1,95,265,1,17.13,80,0,0.5,16.3,0,,1,97.8,1,1,0
2,11/17/2024 09:52:30 PM,11/17/2024 09:59:47 PM,N,1,74,263,1,1.82,10,1,0.5,3.12,0,,1,15.62,1,1,0
2,01/13/2024 06:08:22 PM,01/13/2024 06:18:06 PM,N,1,97,61,1,1.94,12.1,0,0.5,3.4,0,,1,17,1,1,0
2,01/24/2024 05:39:00 PM,01/24/2024 05:44:00 PM,,,193,145,,1.4,12.22,0,0,1.32,0,,1,14.54,,,
2,01/10/2024 05:16:54 PM,01/10/2024 05:30:54 PM,N,1,95,102,1,1.73,14.2,2.5,0.5,3,0,,1,21.2,1,1,0
2,09/06/2024 11:23:33 AM,09/06/2024 11:38:10 AM,N,1,74,263,1,2.28,14.9,0,0.5,4.79,0,,1,23.94,1,1,2.75
2,02/04/2024 11:00:22 AM,02/04/2024 11:25:04 AM,N,1,74,78,1,4.95,26.1,0,0.5,0,0,,1,27.6,1,1,0
2,02/04/2024 02:09:33 PM,02/04/2024 02:26:44 PM,N,1,43,68,1,5.36,25.4,0,0.5,3,0,,1,32.65,1,1,2.75
1,07/29/2024 11:44:22 AM,07/29/2024 12:01:40 PM,N,1,97,189,0,1.3,15.6,0,1.5,3.4,0,,1,20.5,1,1,0
2,03/16/2024 03:29:03 PM,03/16/2024 03:48:07 PM,N,1,74,239,6,3.07,19.1,0,0.5,4.67,0,,1,28.02,1,1,2.75
2,01/17/2024 10:16:32 AM,01/17/2024 10:25:42 AM,N,1,74,75,1,1.09,10,0,0.5,1,0,,1,12.5,1,1,0
2,06/23/2024 11:04:06 AM,06/23/2024 11:12:35 AM,N,1,74,247,1,2.33,12.8,0,0.5,2.86,0,,1,17.16,1,1,0
1,11/17/2024 04:09:44 PM,11/17/2024 04:18:29 PM,N,1,65,52,1,0.9,7.9,0,1.5,1.88,0,,1,11.28,1,1,0
2,11/24/2024 11:14:42 AM,11/25/2024 10:38:39 AM,N,1,65,231,1,3.37,21.9,0,0.5,4.68,0,,1,28.08,1,1,0
2,08/31/2024 09:25:04 AM,08/31/2024 09:41:08 AM,N,5,92,93,4,1.73,25,0,0,0,0,,1,26,2,1,0
1,07/31/2024 06:11:44 PM,07/31/2024 06:15:51 PM,N,1,75,74,0,1.4,7.9,2.5,1.5,3.55,0,,1,15.45,1,1,0
2,07/03/2024 07:16:52 PM,07/03/2024 07:29:17 PM,N,1,82,70,1,3.84,19.1,2.5,0.5,5,0,,1,28.1,1,1,0
2,07/26/2024 03:09:38 PM,07/26/2024 03:25:47 PM,N,1,41,69,1,3.19,17.7,0,0.5,0,0,,1,19.2,2,1,0
2,07/10/2024 03:54:36 PM,07/10/2024 04:16:52 PM,N,1,97,61,1,3.22,21.2,0,0.5,0,0,,1,22.7,2,1,0
2,12/14/2024 03:03:36 PM,12/14/2024 03:23:05 PM,N,1,74,238,1,3.02,19.1,0,0.5,4.67,0,,1,28.02,1,1,2.75
2,06/25/2024 04:23:23 PM,06/25/2024 04:31:55 PM,N,1,75,74,2,1.44,10,2.5,0.5,2.8,0,,1,16.8,1,1,0
2,06/12/2024 12:08:27 PM,06/12/2024 12:27:38 PM,N,1,7,16,1,10.5,41.5,0,0.5,0,0,,1,43,2,1,0
2,11/03/2024 08:58:43 PM,11/03/2024 09:04:48 PM,N,5,130,216,1,2.06,12,0,0,0,0,,1,13,1,2,0
2,03/15/2024 01:00:52 PM,03/15/2024 01:15:45 PM,N,1,43,50,1,4,21.2,0,0.5,0,0,,1,25.45,2,1,2.75
2,11/28/2024 10:38:05 PM,11/28/2024 10:52:23 PM,N,1,74,41,1,3,17,1,0.5,3.9,0,,1,23.4,1,1,0
2,12/22/2024 02:45:35 PM,12/22/2024 02:55:00 PM,N,1,95,28,1,1.7,10.7,0,0.5,2.44,0,,1,14.64,1,1,0
2,05/19/2024 01:56:11 AM,05/19/2024 02:02:54 AM,N,1,129,260,2,1.24,9.3,1,0.5,0,0,,1,11.8,2,1,0
2,03/02/2024 01:15:13 PM,03/02/2024 01:23:15 PM,N,1,74,75,1,1.1,9.3,0,0.5,1.2,0,,1,12,1,1,0
2,02/28/2024 07:33:41 PM,02/28/2024 07:44:35 PM,N,1,74,236,1,2.1,12.1,2.5,0.5,3.77,0,,1,22.62,1,1,2.75
1,07/17/2024 09:36:49 PM,07/17/2024 09:56:13 PM,N,1,74,223,1,4.4,21.9,1,1.5,8,6.94,,1,39.34,1,1,0
2,06/15/2024 04:32:00 AM,06/15/2024 04:43:00 AM,,,43,186,,3.79,26.47,0,0,5.05,0,,1,35.27,,,
1,03/24/2024 11:24:34 AM,03/24/2024 12:09:21 PM,N,1,241,143,1,0,40.5,0,1.5,0,0,,1,42,1,1,0
2,12/04/2024 02:22:18 PM,12/04/2024 02:29:31 PM,N,1,75,263,1,1.09,8.6,0,0.5,2,0,,1,14.85,1,1,2.75
2,09/01/2024 12:34:31 PM,09/01/2024 12:53:15 PM,N,1,74,262,1,2.38,18.4,0,0.5,4,0,,1,26.65,1,1,2.75
2,12/12/2024 05:05:45 PM,12/12/2024 05:21:43 PM,N,1,82,138,1,3.7,19.8,7.5,0.5,5.76,0,,1,34.56,1,1,0
2,10/12/2024 03:01:05 AM,10/12/2024 03:20:20 AM,N,1,131,82,1,7.22,31.7,1,0.5,0,0,,1,34.2,2,1,0
2,11/07/2024 07:29:28 AM,11/07/2024 07:45:33 AM,N,1,74,243,1,3.79,21.9,0,0.5,2,0,,1,25.4,1,1,0
2,09/28/2024 11:57:00 PM,09/29/2024 12:10:24 AM,N,1,65,181,1,2.25,14.9,1,0.5,3,0,,1,20.4,1,1,0
2,01/18/2024 07:58:24 AM,01/18/2024 08:23:31 AM,N,1,74,151,1,3.01,23.3,0,0.5,3.2,0,,1,28,1,1,0
1,09/30/2024 03:34:40 PM,09/30/2024 03:52:01 PM,N,1,74,236,2,2.3,15.6,2.75,1.5,3.95,0,,1,23.8,1,1,2.75
2,08/15/2024 11:48:46 AM,08/15/2024 11:53:17 AM,N,1,166,116,1,0.98,7.2,0,0.5,0.02,0,,1,8.72,1,1,0
2,03/27/2024 07:54:03 PM,03/27/2024 08:17:27 PM,N,1,97,61,1,1.95,19.1,2.5,0.5,0,0,,1,23.1,2,1,0
2,10/15/2024 08:57:23 PM,10/15/2024 09:09:38 PM,N,1,75,161,1,2.29,14.2,1,0.5,4.86,0,,1,24.31,1,1,2.75
2,01/13/2024 05:23:37 PM,01/13/2024 05:55:43 PM,N,1,75,90,2,6.57,35.9,0,0.5,5,0,,1,45.15,1,1,2.75
2,08/24/2024 03:11:11 PM,08/24/2024 03:23:24 PM,N,1,66,33,1,1.47,12.8,0,0.5,4.29,0,,1,18.59,1,1,0
2,12/19/2024 12:44:46 PM,12/19/2024 12:52:22 PM,N,1,74,75,1,1.37,9.3,0,0.5,2.16,0,,1,12.96,1,1,0
2,04/15/2024 09:06:24 AM,04/15/2024 09:24:40 AM,N,1,129,193,1,3.55,19.1,0,0.5,1,0,,1,21.6,1,1,0
2,09/19/2024 07:49:22 PM,09/19/2024 07:52:39 PM,N,1,166,24,1,0.53,5.1,2.5,0.5,0,0,,1,9.1,2,1,0
1,03/08/2024 04:18:48 PM,03/08/2024 04:35:13 PM,N,1,97,61,0,2,15.6,2.5,1.5,4.9,0,,1,24.5,1,1,0
2,08/21/2024 09:16:00 AM,08/21/2024 09:18:57 AM,N,1,75,75,1,0.67,5.8,0,0.5,1.46,0,,1,8.76,1,1,0
1,04/22/2024 03:30:02 PM,04/22/2024 03:37:30 PM,N,1,166,238,3,1.4,10,2.75,1.5,2.85,0,,1,17.1,1,1,2.75
2,05/09/2024 02:33:20 PM,05/09/2024 02:42:50 PM,N,1,95,95,1,1.77,10.7,0,0.5,0,0,,1,12.2,2,1,0
2,07/17/2024 07:48:01 AM,07/17/2024 08:03:47 AM,N,1,74,140,1,3.67,18.4,0,0.5,2.58,0,,1,25.23,1,1,2.75
1,06/24/2024 05:24:23 PM,06/24/2024 05:27:20 PM,N,1,210,210,1,0.4,4.4,2.5,1.5,1.65,0,,1,10.05,1,1,0
2,06/10/2024 01:39:33 PM,06/10/2024 02:03:38 PM,N,1,43,138,1,8.77,38,5,0.5,5,6.94,,1,56.44,1,1,0
2,06/13/2024 08:33:55 AM,06/13/2024 08:48:16 AM,N,1,74,236,1,2.17,14.9,0,0.5,3.83,0,,1,22.98,1,1,2.75
2,01/25/2024 01:12:01 PM,01/25/2024 01:18:15 PM,N,1,7,7,1,0.58,7.2,0,0.5,2.61,0,,1,11.31,1,1,0
2,09/26/2024 12:05:08 PM,09/26/2024 12:16:40 PM,N,1,166,42,1,1.75,12.8,0,0.5,2,0,,1,16.3,1,1,0
2,09/04/2024 07:43:48 PM,09/04/2024 08:06:54 PM,N,1,186,74,1,5.48,26.8,2.5,0.5,6.66,0,,1,39.96,1,1,2.5
2,02/15/2024 09:25:24 PM,02/15/2024 09:33:15 PM,N,1,75,74,1,1.71,10,1,0.5,0,0,,1,12.5,2,1,0
2,06/16/2024 10:01:25 PM,06/16/2024 10:22:37 PM,N,1,260,80,1,4.32,24,1,0.5,5.3,0,,1,31.8,1,1,0
1,05/15/2024 02:11:49 PM,05/15/2024 02:31:48 PM,N,1,97,61,1,2.4,17,0,1.5,3,0,,1,21.5,1,1,0
2,01/25/2024 08:28:30 PM,01/25/2024 08:34:13 PM,N,1,7,179,2,0.99,7.9,1,0.5,1,0,,1,11.4,1,1,0
2,11/02/2024 08:03:28 PM,11/02/2024 08:09:33 PM,N,1,65,33,1,0.78,7.2,1,0.5,1,0,,1,10.7,1,1,0
2,05/21/2024 04:34:13 PM,05/21/2024 05:09:43 PM,N,1,74,68,1,7.41,38,2.5,0.5,0,0,,1,44.75,2,1,2.75
2,01/21/2024 04:47:17 AM,01/21/2024 05:13:31 AM,N,1,157,100,1,7.48,34.5,1,0.5,7.95,0,,1,47.7,1,1,2.75
2,01/13/2024 02:11:38 PM,01/13/2024 02:21:10 PM,N,1,74,75,1,1.74,11.4,0,0.5,3.22,0,,1,16.12,1,1,0
2,10/04/2024 05:45:10 PM,10/04/2024 05:55:47 PM,N,1,260,7,1,1.56,11.4,2.5,0.5,3.08,0,,1,18.48,1,1,0
2,02/19/2024 12:17:21 PM,02/19/2024 12:23:23 PM,N,1,65,181,1,1.17,7.9,0,0.5,2.35,0,,1,11.75,1,1,0
2,08/21/2024 09:15:17 PM,08/21/2024 09:21:06 PM,N,1,260,260,2,0.69,7.2,1,0.5,2.91,0,,1,12.61,1,1,0
2,10/02/2024 02:53:13 PM,10/02/2024 03:06:38 PM,N,1,74,238,1,2.06,14.2,0,0.5,4.61,0,,1,23.06,1,1,2.75
2,07/18/2024 09:37:38 AM,07/18/2024 09:44:11 AM,N,1,95,28,1,1.29,9.3,0,0.5,0,0,,1,10.8,2,1,0
2,08/06/2024 02:38:21 PM,08/06/2024 02:46:44 PM,N,1,95,135,2,2.59,12.8,0,0.5,4.29,0,,1,18.59,1,1,0
2,04/09/2024 07:42:21 PM,04/09/2024 08:01:35 PM,N,1,260,160,1,3.65,20.5,2.5,0.5,5,0,,1,29.5,1,1,0
2,02/16/2024 12:01:00 AM,02/16/2024 12:09:00 AM,,,42,74,,2.26,11.93,0,0,0,0,,1,12.93,,,
2,10/15/2024 02:25:59 PM,10/15/2024 02:35:21 PM,N,1,43,238,1,1.37,10.7,0,0.5,1,0,,1,15.95,1,1,2.75
2,03/02/2024 07:58:24 PM,03/02/2024 08:08:11 PM,N,1,74,41,1,1.45,11.4,0,0.5,0,0,,0.3,12.2,1,1,0
2,09/06/2024 03:29:21 PM,09/06/2024 03:48:13 PM,N,1,43,142,1,2.94,18.4,0,0.5,4.53,0,,1,27.18,1,1,2.75
1,05/22/2024 07:50:23 PM,05/22/2024 07:53:56 PM,N,1,7,179,1,0.9,5.8,2.5,1.5,1,0,,1,10.8,1,1,0
2,01/17/2024 05:20:32 PM,01/17/2024 05:26:42 PM,N,1,75,24,1,1.44,8.6,2.5,0.5,0,0,,1,12.6,2,1,0
2,06/20/2024 01:41:29 PM,06/20/2024 01:41:56 PM,N,1,75,75,1,0.04,3,0,0.5,0,0,,1,4.5,3,1,0
2,05/23/2024 08:00:43 AM,05/23/2024 08:13:22 AM,N,1,74,75,1,1.48,12.1,0,0.5,0,0,,1,13.6,2,1,0
2,05/17/2024 04:33:43 PM,05/17/2024 04:50:03 PM,N,1,74,151,1,2.26,16.3,2.5,0.5,4.06,0,,1,24.36,1,1,0
1,10/12/2024 03:05:11 AM,10/12/2024 03:06:51 AM,N,5,80,80,0,4.8,50,0,0,0,0,,0,50,3,2,0
2,11/14/2024 12:14:05 PM,11/14/2024 12:25:51 PM,N,1,244,239,1,5.48,24,0,0.5,5.65,0,,1,33.9,1,1,2.75
2,02/03/2024 09:28:00 AM,02/03/2024 09:39:21 AM,N,1,74,166,1,1.8,12.1,0,0.5,0,0,,1,13.6,2,1,0
2,07/23/2024 01:31:01 PM,07/23/2024 02:06:07 PM,N,1,43,170,2,3.51,30.3,0,0.5,8.64,0,,1,43.19,1,1,2.75
2,04/18/2024 10:31:38 AM,04/18/2024 10:47:05 AM,N,1,82,129,1,1.69,14.2,0,0.5,1,0,,1,16.7,1,1,0
1,02/11/2024 06:31:15 PM,02/11/2024 06:52:02 PM,N,1,74,238,2,3.2,21.2,2.75,1.5,6.35,0,,1,31.8,1,1,2.75
2,10/05/2024 11:20:52 PM,10/05/2024 11:35:11 PM,N,1,130,131,1,3.1,17,1,0.5,3.9,0,,1,23.4,1,1,0
2,10/16/2024 12:23:58 PM,10/16/2024 12:37:57 PM,N,1,95,135,2,2.12,15.6,0,0.5,3.42,0,,1,20.52,1,1,0
2,01/31/2024 06:15:44 AM,01/31/2024 06:25:30 AM,N,1,74,244,2,4.36,19.1,0,0.5,4.12,0,,1,24.72,1,1,0
2,12/31/2024 06:51:20 PM,12/31/2024 07:16:41 PM,N,1,75,87,1,8.91,40.1,2.5,0.5,8,0,,1,54.85,1,1,2.75
2,06/01/2024 05:33:28 PM,06/01/2024 05:48:32 PM,N,1,74,116,1,2.31,15.6,0,0.5,5.13,0,,1,22.23,1,1,0
2,08/19/2024 11:33:00 AM,08/19/2024 12:21:38 PM,N,5,244,151,1,6.04,8,0,0,0,0,,1,11.75,2,2,2.75
2,03/28/2024 08:38:54 PM,03/28/2024 09:02:00 PM,N,1,97,125,1,3.39,23.3,1,0.5,5.71,0,,1,34.26,1,1,2.75
2,04/12/2024 10:46:29 PM,04/12/2024 10:53:26 PM,N,1,66,54,2,1.43,9.3,1,0.5,2.36,0,,1,14.16,1,1,0
2,08/19/2024 01:23:00 PM,08/19/2024 01:31:08 PM,N,1,43,236,1,1.03,9.3,0,0.5,3.39,0,,1,16.94,1,1,2.75
2,10/17/2024 03:25:11 PM,10/17/2024 04:24:28 PM,N,1,66,163,1,9.61,54.8,0,0.5,10,0,,1,69.05,1,1,2.75
2,10/24/2024 07:48:10 PM,10/24/2024 07:55:01 PM,N,1,43,236,1,1.01,8.6,2.5,0.5,0,0,,1,15.35,1,1,2.75
2,03/22/2024 04:08:18 PM,03/22/2024 04:26:59 PM,N,1,97,33,1,1.74,16.3,2.5,0.5,4.06,0,,1,24.36,1,1,0
2,02/19/2024 01:02:38 PM,02/19/2024 01:05:22 PM,N,1,152,166,1,0.67,5.8,0,0.5,1.2,0,,1,8.5,1,1,0
1,08/23/2024 01:19:31 PM,08/23/2024 01:29:00 PM,N,1,166,41,1,1.9,10.7,0,1.5,0,0,,1,12.2,2,1,0
2,12/27/2024 05:31:10 PM,12/27/2024 05:50:36 PM,N,1,97,257,1,2.89,19.1,2.5,0.5,4.62,0,,1,27.72,1,1,0
2,08/31/2024 02:18:06 AM,08/31/2024 02:43:01 AM,N,1,93,41,2,12.26,49.9,1,0.5,11.87,6.94,,1,71.21,1,1,0
2,03/28/2024 11:33:32 AM,03/28/2024 11:57:40 AM,N,1,74,238,6,3,21.9,0,0.5,5.23,0,,1,31.38,1,1,2.75
2,04/11/2024 12:48:58 PM,04/11/2024 01:24:32 PM,N,1,75,137,1,4.07,30.3,0,0.5,6.91,0,,1,41.46,1,1,2.75
2,04/05/2024 11:09:09 AM,04/05/2024 11:23:27 AM,N,1,74,138,1,6.74,28.2,5,0.5,8.33,6.94,,1,49.97,1,1,0
2,01/04/2024 12:05:13 PM,01/04/2024 12:19:15 PM,N,1,74,236,1,1.78,14.2,0,0.5,3.69,0,,1,22.14,1,1,2.75
2,03/25/2024 03:53:31 PM,03/25/2024 03:58:05 PM,N,1,75,75,1,0.56,6.5,0,0.5,1,0,,1,9,1,1,0
2,10/05/2024 01:32:20 PM,10/05/2024 01:43:07 PM,N,1,74,263,1,2.46,13.5,0,0.5,3.55,0,,1,21.3,1,1,2.75
2,06/08/2024 11:47:50 PM,06/09/2024 12:01:37 AM,N,1,260,160,1,2.82,16.3,1,0.5,3.76,0,,1,22.56,1,1,0
2,04/02/2024 06:21:35 PM,04/02/2024 06:31:47 PM,N,1,41,116,1,1.82,12.1,2.5,0.5,1.61,0,,1,17.71,1,1,0
2,04/19/2024 05:27:51 PM,04/19/2024 05:39:16 PM,N,1,75,74,1,1.77,12.1,2.5,0.5,0,0,,1,16.1,2,1,0
2,08/30/2024 02:14:31 PM,08/30/2024 02:25:13 PM,N,1,166,239,1,2.03,13.5,0,0.5,3.55,0,,1,21.3,1,1,2.75
1,07/24/2024 09:51:45 AM,07/24/2024 10:06:56 AM,N,1,74,239,1,3.7,18.4,2.75,1.5,2.27,0,,1,24.92,1,1,2.75
1,07/14/2024 07:39:40 PM,07/14/2024 07:45:30 PM,N,1,74,41,1,0.8,7.2,2.5,1.5,5,0,,1,16.2,1,1,0
2,01/31/2024 05:18:04 PM,01/31/2024 05:25:40 PM,N,1,74,41,1,0.89,8.6,2.5,0.5,0,0,,1,12.6,4,1,0
1,07/08/2024 10:55:00 AM,07/08/2024 11:00:03 AM,N,1,76,76,1,0,15.5,0,1.5,0,0,,1,17,1,1,0
2,06/29/2024 11:27:53 PM,06/30/2024 12:07:50 AM,N,1,74,249,1,9.01,45,1,0.5,0,0,,1,50.25,2,1,2.75
2,08/22/2024 09:26:18 PM,08/22/2024 09:50:53 PM,N,1,95,107,1,10.95,44.3,1,0.5,11.3,6.94,,1,67.79,1,1,2.75
1,10/19/2024 07:09:35 PM,10/19/2024 07:21:06 PM,N,1,74,152,0,1,11.4,2.5,1.5,0,0,,1,15.4,2,1,0
2,03/28/2024 09:27:59 AM,03/28/2024 09:36:06 AM,N,1,41,74,1,0.97,8.6,0,0.5,5,0,,1,15.1,1,1,0
2,01/25/2024 07:35:41 AM,01/25/2024 07:43:10 AM,N,1,129,82,1,0.83,8.6,0,0.5,0,0,,1,10.1,2,1,0
2,10/29/2024 10:59:10 AM,10/29/2024 11:12:49 AM,N,1,41,43,1,0.81,12.8,0,0.5,0.08,0,,1,14.38,1,1,0
2,11/21/2024 09:32:28 PM,11/21/2024 09:40:25 PM,N,1,74,24,1,1.67,9.3,1,0.5,0,0,,1,11.8,2,1,0
2,06/09/2024 04:15:28 PM,06/09/2024 04:56:15 PM,N,1,63,66,1,6.65,39.4,0,0.5,0,0,,1,40.9,1,1,0
2,02/13/2024 10:27:11 PM,02/13/2024 10:32:48 PM,N,1,74,75,1,1.58,8.6,1,0.5,2.22,0,,1,13.32,1,1,0
2,11/08/2024 05:12:34 PM,11/09/2024 12:00:00 AM,N,1,74,236,1,1.57,10.7,2.5,0.5,2.94,0,,1,17.64,1,1,0
2,08/29/2024 05:51:28 PM,08/29/2024 06:03:58 PM,N,1,65,54,1,1.44,12.1,2.5,0.5,3.22,0,,1,19.32,1,1,0
1,04/12/2024 10:19:01 AM,04/12/2024 10:25:49 AM,N,1,74,75,1,1.2,7.9,0,1.5,1.85,0,,1,11.25,1,1,0
2,07/02/2024 09:51:06 AM,07/02/2024 10:03:17 AM,N,1,74,75,1,1.6,12.1,0,0.5,0,0,,1,13.6,2,1,0
2,01/09/2024 10:33:00 AM,01/09/2024 10:52:00 AM,,,133,228,,3.78,21.12,0,0,0,0,,1,22.12,,,
2,08/30/2024 08:36:53 PM,08/30/2024 08:44:31 PM,N,1,134,134,1,0.49,7.2,1,0.5,0,0,,1,9.7,2,1,0
2,04/29/2024 11:29:13 AM,04/29/2024 11:30:06 AM,N,1,75,75,1,0,-3,0,-0.5,0,0,,-1,-4.5,3,1,0
2,09/05/2024 10:22:56 AM,09/05/2024 10:34:28 AM,N,1,134,216,1,3.4,15.6,0,0.5,3.42,0,,1,20.52,1,1,0
2,01/16/2024 10:33:30 PM,01/16/2024 10:41:25 PM,N,1,74,42,1,1.54,10,1,0.5,1,0,,1,13.5,1,1,0
1,03/30/2024 10:15:53 PM,03/30/2024 10:20:43 PM,N,1,74,41,2,0.7,6.5,1,1.5,0,0,,1,9,2,1,0
1,07/30/2024 04:50:09 PM,07/30/2024 05:21:52 PM,N,1,75,88,1,8.8,37.3,5.25,1.5,5,0,,1,49.05,1,1,2.75
2,12/20/2024 08:48:49 PM,12/20/2024 08:49:50 PM,N,1,43,43,1,0.12,3.7,1,0.5,0,0,,1,6.2,4,1,0
2,05/27/2024 07:02:39 PM,05/27/2024 07:14:05 PM,N,1,74,238,1,2.66,14.2,0,0.5,4.61,0,,1,23.06,1,1,2.75
2,05/12/2024 04:02:32 PM,05/12/2024 04:12:29 PM,N,1,75,238,1,1.95,12.1,0,0.5,2.45,0,,1,18.8,1,1,2.75
2,05/06/2024 10:00:07 AM,05/06/2024 10:09:58 AM,N,1,55,55,1,2.19,12.1,0,0.5,0,0,,1,13.6,2,1,0
2,02/02/2024 07:22:07 PM,02/02/2024 07:35:00 PM,N,1,41,42,2,1.6,12.8,2.5,0.5,0,0,,1,16.8,2,1,0
2,03/04/2024 02:55:00 PM,03/05/2024 02:16:52 PM,N,1,75,68,2,4.25,24,2.5,0.5,5.6,0,,1,33.6,1,1,0
2,11/27/2024 03:24:33 PM,11/27/2024 03:50:08 PM,N,1,97,61,1,5.03,30.3,0,0.5,0,0,,1,31.8,2,1,0
2,03/07/2024 01:35:21 PM,03/07/2024 01:47:21 PM,N,1,74,166,1,1.86,13.5,0,0.5,3,0,,1,18,1,1,0
2,06/25/2024 09:31:44 AM,06/25/2024 10:27:16 AM,N,1,195,112,1,7.27,48.5,0,0.5,10,6.94,,1,66.94,1,1,0
2,01/28/2024 03:50:31 AM,01/28/2024 03:58:02 AM,N,1,112,80,1,1.11,9.3,1,0.5,2.36,0,,1,14.16,1,1,0
1,01/18/2024 05:00:50 PM,01/18/2024 05:12:25 PM,N,1,17,189,1,0,18,0,1.5,0,0,,1,19.5,1,1,0
2,06/14/2024 03:28:50 PM,06/14/2024 03:36:10 PM,N,1,43,24,5,1.71,10,0,0.5,1.75,0,,1,13.25,1,1,0
2,03/10/2024 04:37:16 PM,03/10/2024 04:42:20 PM,N,1,75,74,1,1.16,7.9,0,0.5,0,0,,1,9.4,2,1,0
2,10/02/2024 09:59:01 AM,10/02/2024 10:16:58 AM,N,1,43,246,1,5.28,25.4,0,0.5,5.93,0,,1,35.58,1,1,2.75
2,10/22/2024 05:19:49 PM,10/22/2024 05:30:29 PM,N,1,149,165,1,1.09,10.7,2.5,0.5,0,0,,1,14.7,1,1,0
1,08/12/2024 09:21:23 AM,08/12/2024 09:34:15 AM,N,1,223,146,1,2.6,14.9,0,1.5,0,0,,1,16.4,2,1,0
2,11/21/2024 04:40:00 PM,11/21/2024 05:00:00 PM,,,134,132,,6.49,37.14,0,0.5,3.86,0,,1,42.5,,,
2,07/28/2024 11:21:24 AM,07/28/2024 11:35:03 AM,N,1,95,28,1,2.4,15.6,0,0.5,0,0,,1,17.1,2,1,0
2,05/01/2024 05:03:58 PM,05/01/2024 05:08:33 PM,N,1,75,75,1,0,5.8,2.5,0.5,0,0,,1,9.8,2,1,0
2,06/02/2024 12:06:06 AM,06/02/2024 12:06:49 AM,N,1,130,130,1,0.05,3,1,0.5,0,0,,1,5.5,2,1,0
2,05/22/2024 08:26:23 PM,05/22/2024 08:39:33 PM,N,1,134,216,1,2.68,14.9,1,0.5,3.48,0,,1,20.88,1,1,0
2,08/29/2024 02:36:52 PM,08/29/2024 02:54:11 PM,N,5,33,125,2,2.74,45,0,0,9.75,0,,1,58.5,1,2,2.75
2,02/29/2024 07:31:33 PM,02/29/2024 07:36:30 PM,N,1,43,236,1,0.71,6.5,2.5,0.5,1.32,0,,1,14.57,1,1,2.75
2,04/23/2024 03:58:38 PM,04/23/2024 04:41:41 PM,N,1,74,230,1,4.76,37.3,0,0.5,0,0,,0.3,40.85,2,1,2.75
2,03/03/2024 03:53:41 PM,03/03/2024 04:03:44 PM,N,1,75,237,1,1.72,12.1,0,0.5,3.27,0,,1,19.62,1,1,2.75
2,02/15/2024 05:08:44 PM,02/15/2024 05:19:54 PM,N,1,75,238,1,1.57,12.1,2.5,0.5,2.83,0,,1,21.68,1,1,2.75
1,06/15/2024 01:15:05 PM,06/15/2024 01:39:29 PM,N,1,82,264,1,4.8,23.3,0,1.5,0,0,,1,24.8,2,1,0
2,12/06/2024 07:04:34 PM,12/06/2024 07:53:34 PM,N,1,152,234,6,7.52,45,2.5,0.5,10,0,,1,61.75,1,1,2.75
2,12/05/2024 08:03:42 PM,12/05/2024 08:13:36 PM,N,1,75,237,1,1.63,11.4,1,0.5,3.33,0,,1,19.98,1,1,2.75
2,04/04/2024 02:40:48 PM,04/04/2024 03:14:20 PM,N,1,196,237,1,7.56,40.1,0,0.5,0,0,,1,44.35,2,1,2.75
2,12/06/2024 02:40:05 PM,12/06/2024 02:49:53 PM,N,1,74,75,1,1.36,10.7,0,0.5,1.22,0,,1,13.42,1,1,0
2,03/01/2024 09:53:26 PM,03/01/2024 10:05:32 PM,N,1,74,166,1,2.32,13.5,1,0.5,2.4,0,,1,18.4,1,1,0
2,09/02/2024 04:41:09 PM,09/02/2024 04:41:11 PM,N,5,92,264,2,0,20,0,0,5.25,0,,1,26.25,1,2,0
2,01/02/2024 07:47:13 PM,01/02/2024 07:52:04 PM,N,1,75,74,2,1.36,7.9,2.5,0.5,0.2,0,,1,12.1,1,1,0
2,06/03/2024 03:41:35 PM,06/03/2024 04:39:31 PM,N,1,43,95,1,12.29,61.1,0,0.5,0,6.94,,1,69.54,1,1,0
2,01/19/2024 12:31:00 PM,01/19/2024 12:48:00 PM,,,74,169,,4.26,22.02,0,0,0,0,,1,23.02,,,
2,08/15/2024 08:55:32 PM,08/15/2024 09:14:23 PM,N,1,66,255,1,5.18,24.7,1,0.5,5.44,0,,1,32.64,1,1,0
2,03/29/2024 04:12:32 PM,03/29/2024 04:17:55 PM,N,1,74,74,1,0.62,-7.2,-2.5,-0.5,0,0,,-1,-11.2,4,1,0
2,01/17/2024 06:45:14 PM,01/17/2024 06:49:18 PM,N,1,75,74,1,0.91,6.5,2.5,0.5,1,0,,1,11.5,1,1,0
2,10/02/2024 12:57:40 PM,10/02/2024 01:24:51 PM,N,1,166,140,5,4.08,25.4,0,0.5,5.93,0,,1,35.58,1,1,2.75
1,06/04/2024 10:52:01 AM,06/04/2024 10:58:37 AM,N,1,65,97,0,1.1,8.6,0,1.5,2,0,,1,12.1,1,1,0
2,05/23/2024 01:03:26 PM,05/23/2024 01:13:51 PM,N,1,43,166,1,1.85,12.1,0,0.5,2.72,0,,1,16.32,1,1,0
2,01/12/2024 07:35:24 AM,01/12/2024 07:54:38 AM,N,1,74,263,1,2.28,17.7,0,0.5,3,0,,1,24.95,1,1,2.75
2,02/09/2024 04:25:04 PM,02/09/2024 04:41:04 PM,N,1,244,166,1,2.36,17,2.5,0.5,2,0,,1,23,1,1,0
2,04/11/2024 10:32:35 AM,04/11/2024 10:43:49 AM,N,1,74,166,1,1.99,12.1,0,0.5,2.72,0,,1,16.32,1,1,0
2,08/28/2024 04:24:31 PM,08/28/2024 04:48:06 PM,N,1,93,138,1,6.09,31.7,7.5,0.5,10.18,0,,1,50.88,1,1,0
2,09/28/2024 10:37:26 PM,09/28/2024 10:48:27 PM,N,1,166,244,1,2.81,14.9,1,0.5,3.48,0,,1,20.88,1,1,0
2,02/16/2024 03:15:41 PM,02/16/2024 03:33:30 PM,N,1,260,138,1,3.89,19.8,5,0.5,5.26,0,,1,31.56,1,1,0
1,03/26/2024 11:04:02 AM,03/26/2024 11:15:53 AM,N,1,76,76,1,0,17.5,0,1.5,0,0,,1,19,1,1,0
2,07/12/2024 06:38:04 PM,07/12/2024 06:53:21 PM,N,1,74,237,1,2.63,17,2.5,0.5,5.94,0,,1,29.69,1,1,2.75
2,05/19/2024 09:56:20 AM,05/19/2024 09:56:37 AM,N,1,193,193,1,0,3,0,0.5,0,0,,1,4.5,1,1,0
2,08/08/2024 10:37:50 AM,08/08/2024 10:43:31 AM,N,1,74,42,1,0.75,7.2,0,0.5,1.74,0,,1,10.44,1,1,0
2,06/06/2024 10:06:38 PM,06/06/2024 10:15:22 PM,N,1,97,66,1,0.74,8.6,1,0.5,2.22,0,,1,13.32,1,1,0
2,01/07/2024 12:05:45 PM,01/07/2024 12:10:11 PM,N,1,75,236,1,0.69,6.5,0,0.5,2.15,0,,1,12.9,1,1,2.75
2,08/06/2024 05:36:37 PM,08/06/2024 05:36:43 PM,,,7,7,,0,11.02,0,0,2.4,0,,1,14.42,,,
2,11/22/2024 03:10:56 PM,11/22/2024 03:33:23 PM,N,1,223,138,1,3.37,23.3,5,0.5,5.96,0,,1,35.76,1,1,0
1,06/10/2024 10:25:24 AM,06/10/2024 10:45:52 AM,N,1,166,243,2,4.4,24,0,1.5,0,0,,1,25.5,2,1,0
2,05/24/2024 11:04:26 PM,05/24/2024 11:20:34 PM,N,1,74,179,1,3.86,21.2,1,0.5,6.13,6.94,,1,36.77,1,1,0
2,01/17/2024 05:49:52 PM,01/17/2024 06:05:15 PM,N,1,179,129,1,2.33,16.3,2.5,0.5,4.06,0,,1,24.36,1,1,0
2,12/13/2024 09:11:00 PM,12/13/2024 09:26:00 PM,,,41,48,,5.73,28.96,0,0.5,6.64,0,,1,39.85,,,
1,11/07/2024 06:09:32 PM,11/07/2024 06:17:14 PM,N,1,75,236,0,1.1,8.6,5.25,1.5,3.07,0,,1,18.42,1,1,2.75
2,10/12/2024 11:55:23 PM,10/13/2024 12:06:49 AM,N,1,66,97,1,2.37,13.5,1,0.5,0,0,,1,16,2,1,0
1,08/26/2024 10:59:49 AM,08/26/2024 11:06:28 AM,N,1,57,57,2,0.3,7.2,0,1.5,0,0,,1,8.7,1,1,0
2,08/26/2024 06:18:11 PM,08/26/2024 06:34:49 PM,N,5,93,134,1,6.2,40,0,0,8.2,0,,1,49.2,1,2,0
2,06/04/2024 04:35:59 PM,06/04/2024 04:45:26 PM,N,1,82,82,1,0.04,9.3,2.5,0.5,0,0,,1,13.3,2,1,0
2,06/09/2024 11:51:10 PM,06/10/2024 12:02:43 AM,N,1,247,74,1,2.2,14.2,1,0.5,0,0,,1,16.7,1,1,0
2,10/11/2024 08:05:25 PM,10/11/2024 08:09:21 PM,N,1,223,223,5,0.46,5.8,1,0.5,0,0,,1,8.3,2,1,0
2,12/15/2024 10:15:11 PM,12/15/2024 10:50:52 PM,N,1,97,14,1,2.77,27.5,1,0.5,0,0,,1,30,1,1,0
2,09/08/2024 03:16:40 PM,09/08/2024 03:29:10 PM,N,1,41,168,1,2.05,14.2,0,0.5,0.02,0,,1,15.72,1,1,0
2,01/20/2024 06:14:52 PM,01/20/2024 06:17:53 PM,N,1,41,42,2,0.42,5.1,0,0.5,0,0,,1,6.6,2,1,0
2,10/31/2024 04:14:18 PM,10/31/2024 04:27:46 PM,N,1,74,42,1,1.55,12.8,2.5,0.5,0,0,,1,16.8,1,1,0
2,11/14/2024 03:32:09 PM,11/14/2024 03:48:17 PM,N,1,24,43,1,1.25,14.9,0,0.5,3.28,0,,1,19.68,1,1,0
1,06/19/2024 06:51:28 PM,06/19/2024 07:21:22 PM,N,1,223,48,1,8.8,40.8,5.25,1.5,10,0,,1,57.55,1,1,2.75
2,11/05/2024 08:36:11 AM,11/05/2024 08:46:33 AM,N,1,74,43,1,1.32,11.4,0,0.5,0,0,,1,12.9,2,1,0
2,08/12/2024 03:37:38 PM,08/12/2024 03:45:36 PM,N,1,244,220,1,3.52,15.6,0,0.5,0,3.18,,1,20.28,2,1,0
2,05/16/2024 06:38:47 PM,05/16/2024 06:54:00 PM,N,1,92,171,1,1.75,14.2,2.5,0.5,0,0,,1,18.2,2,1,0
1,01/14/2024 06:59:18 PM,01/14/2024 07:29:38 PM,N,1,74,209,0,9.9,43.6,5.25,1.5,7.5,0,,1,57.85,1,1,2.75
2,07/25/2024 06:11:32 PM,07/25/2024 06:11:59 PM,N,1,75,75,1,0.01,3,2.5,0.5,0,0,,1,7,2,1,0
2,09/25/2024 06:16:35 PM,09/25/2024 06:38:00 PM,N,1,95,197,1,2.99,21.2,2.5,0.5,2.2,0,,1,27.4,1,1,0
1,10/12/2024 03:32:01 PM,10/12/2024 03:58:39 PM,N,1,97,89,0,3.6,25.4,0,1.5,5.35,0,,1,32.25,1,1,0
2,12/21/2024 04:41:05 PM,12/21/2024 04:48:49 PM,N,1,75,166,1,1.55,10,0,0.5,0,0,,1,11.5,2,1,0
2,03/19/2024 03:14:30 PM,03/19/2024 04:05:22 PM,N,1,75,186,2,5.29,42.2,0,0.5,9.29,0,,1,55.74,1,1,2.75
2,08/19/2024 11:12:08 AM,08/19/2024 11:14:31 AM,N,1,75,236,1,0.53,5.1,0,0.5,0,0,,1,9.35,1,1,2.75
1,07/25/2024 05:47:32 PM,07/25/2024 06:00:52 PM,N,1,97,106,1,1.6,11.4,2.5,1.5,0,0,,1,15.4,2,1,0
2,11/01/2024 01:15:05 AM,11/01/2024 01:38:22 AM,N,1,80,263,1,7.68,33.1,1,0.5,7.67,0,,1,46.02,1,1,2.75
2,10/16/2024 11:40:17 PM,10/17/2024 12:13:26 AM,N,1,97,155,1,6.69,35.2,1,0.5,7.54,0,,1,45.24,1,1,0
2,01/01/2024 09:56:00 PM,01/01/2024 10:01:02 PM,N,1,196,95,1,0.88,7.2,1,0.5,1.94,0,,1,11.64,1,1,0
2,10/20/2024 05:27:53 PM,10/20/2024 05:39:55 PM,N,1,74,262,1,2.43,14.2,0,0.5,2,0,,1,20.45,1,1,2.75
2,07/24/2024 11:26:09 AM,07/24/2024 11:36:34 AM,N,1,41,43,1,2.33,13.5,0,0.5,0,0,,1,15,2,1,0
2,05/04/2024 07:29:05 AM,05/04/2024 07:43:34 AM,N,1,74,262,1,2.62,16.3,0,0.5,4.11,0,,1,24.66,1,1,2.75
2,01/11/2024 05:52:36 AM,01/11/2024 06:11:26 AM,N,1,193,68,1,5.34,24.7,1,0.5,0,0,,1,29.95,2,1,2.75
2,12/10/2024 08:57:46 PM,12/10/2024 09:00:26 PM,N,1,75,75,1,0.4,5.1,1,0.5,3,0,,1,10.6,1,1,0
2,09/24/2024 10:57:46 PM,09/24/2024 11:05:07 PM,N,1,74,41,1,1.06,9.3,1,0.5,2.36,0,,1,14.16,1,1,0
2,12/19/2024 05:18:18 PM,12/19/2024 05:29:30 PM,N,1,65,49,1,0.9,11.4,2.5,0.5,3.85,0,,1,19.25,1,1,0
2,02/26/2024 01:37:35 PM,02/26/2024 02:05:18 PM,N,1,259,116,2,8.83,40.1,0,0.5,12.48,0,,1,54.08,1,1,0
2,12/23/2024 12:14:25 PM,12/23/2024 12:23:11 PM,N,1,43,236,1,1.05,10,0,0.5,4.28,0,,1,18.53,1,1,2.75
2,12/17/2024 02:04:43 PM,12/17/2024 03:41:23 PM,N,5,136,91,1,24.73,90,0,0,0,0,,1,91,1,2,0
2,05/30/2024 04:58:52 PM,05/30/2024 05:14:43 PM,N,1,43,142,1,2.21,16.3,2.5,0.5,5.76,0,,1,28.81,1,1,2.75
2,06/11/2024 05:10:44 PM,06/11/2024 05:33:12 PM,N,1,74,238,1,3.22,21.2,2.5,0.5,0,0,,1,27.95,2,1,2.75
2,07/04/2024 02:07:20 PM,07/04/2024 02:19:42 PM,N,1,97,61,2,2.41,14.2,0,0.5,0,0,,1,15.7,2,1,0
2,08/13/2024 04:55:19 PM,08/13/2024 05:05:10 PM,N,1,95,196,1,1.32,10.7,2.5,0.5,3.68,0,,1,18.38,1,1,0
2,04/29/2024 08:59:39 AM,04/29/2024 09:10:06 AM,N,1,74,75,1,1.06,10.7,0,0.5,2.3,0,,0.3,13.8,1,1,0
2,10/09/2024 06:33:44 AM,10/09/2024 06:49:35 AM,N,1,74,262,1,2.82,17,0,0.5,2,0,,1,23.25,1,1,2.75
2,03/08/2024 05:06:33 PM,03/08/2024 05:17:24 PM,N,1,74,236,2,1.63,12.1,2.5,0.5,3.77,0,,1,22.62,1,1,2.75
2,02/15/2024 12:33:18 PM,02/15/2024 01:38:51 PM,N,1,82,82,1,3.14,49.9,0,0.5,0,0,,1,51.4,2,1,0
2,07/09/2024 05:45:01 PM,07/09/2024 05:47:34 PM,N,1,42,41,1,0.46,5.1,2.5,0.5,1.82,0,,1,10.92,1,1,0
2,02/05/2024 06:54:23 AM,02/05/2024 07:06:09 AM,N,1,260,138,1,3.98,19.1,5,0.5,5.12,0,,1,30.72,1,1,0
2,07/15/2024 06:58:58 PM,07/15/2024 07:08:56 PM,N,1,75,24,1,1.69,12.1,2.5,0.5,3.22,0,,1,19.32,1,1,0
2,04/25/2024 08:23:31 AM,04/25/2024 10:54:16 AM,N,1,55,55,1,10.21,119.2,0,0.5,0,0,,1,120.7,2,1,0
2,02/24/2024 02:42:24 PM,02/24/2024 03:03:26 PM,N,1,83,255,1,4.64,24,0,0.5,5.1,0,,1,30.6,1,1,0
1,07/23/2024 03:33:29 PM,07/23/2024 03:58:59 PM,N,1,159,243,1,0,22.5,0,1.5,0,0,,1,24,1,1,0
1,05/20/2024 01:59:57 PM,05/20/2024 02:07:19 PM,N,1,75,41,2,1.3,8.6,0,1.5,0,0,,1,10.1,2,1,0
2,12/02/2024 11:40:34 AM,12/02/2024 11:53:30 AM,N,1,97,97,1,1.16,12.1,0,0.5,0,0,,1,13.6,2,1,0
2,04/29/2024 09:09:29 PM,04/29/2024 09:30:18 PM,N,5,93,148,3,12.11,70,0,0,5,0,,1,78.75,1,2,2.75
2,07/08/2024 08:38:23 PM,07/08/2024 08:50:34 PM,N,1,74,236,1,2.44,14.9,1,0.5,5.04,0,,1,25.19,1,1,2.75
2,01/25/2024 12:43:14 PM,01/25/2024 12:45:51 PM,N,1,24,166,1,0.56,5.1,0,0.5,1.32,0,,1,7.92,1,1,0
2,06/14/2024 08:35:01 AM,06/14/2024 08:36:32 AM,,,193,145,,0.23,15.01,0,0,3.2,0,,1,19.21,,,
2,10/31/2024 04:39:00 PM,10/31/2024 04:56:00 PM,,,75,166,,2.45,20.34,0,0.5,2.18,0,,1,24.02,,,
2,04/22/2024 04:42:35 PM,04/22/2024 04:59:58 PM,N,1,95,102,1,2.64,17.7,2.5,0.5,2,0,,1,23.7,1,1,0
2,05/15/2024 10:50:27 AM,05/15/2024 10:53:51 AM,N,1,236,236,1,0.73,5.8,0,0.5,2.01,0,,1,12.06,1,1,2.75
2,10/03/2024 07:31:49 PM,10/03/2024 07:38:16 PM,N,1,74,75,1,1.1,7.9,2.5,0.5,0,0,,1,11.9,2,1,0
2,10/16/2024 03:32:30 AM,10/16/2024 03:33:18 AM,N,5,92,92,1,0.19,20,0,0,4.2,0,,1,25.2,1,2,0
2,11/13/2024 08:07:41 PM,11/13/2024 08:47:12 PM,N,1,92,70,1,6.94,41.5,1,0.5,0,0,,1,44,2,1,0
2,12/01/2024 03:17:00 PM,12/01/2024 04:00:00 PM,,,7,151,,7.29,39.07,0,0.5,6.5,0,,1,49.82,,,
2,02/02/2024 06:23:44 PM,02/02/2024 06:28:40 PM,N,1,75,75,1,0.72,7.2,2.5,0.5,0,0,,0.3,10.5,2,1,0
1,11/08/2024 10:09:02 AM,11/08/2024 10:15:53 AM,N,1,74,75,1,1.4,8.6,0,1.5,2,0,,1,12.1,1,1,0
2,09/22/2024 05:38:38 PM,09/22/2024 05:45:13 PM,N,1,74,41,1,0.91,7.9,0,0.5,0,0,,1,9.4,2,1,0
2,11/26/2024 08:50:10 PM,11/26/2024 08:54:03 PM,N,1,75,238,1,0.98,7.2,1,0.5,2,0,,1,11.7,1,1,0
2,07/25/2024 11:39:06 AM,07/25/2024 11:54:01 AM,N,1,42,75,1,2.52,16.3,0,0.5,0,0,,1,17.8,1,1,0
2,09/27/2024 12:51:44 PM,09/27/2024 01:09:35 PM,N,1,95,56,1,2.09,17.7,0,0.5,0,0,,1,19.2,2,1,0
2,08/30/2024 01:03:37 PM,08/30/2024 01:10:04 PM,N,1,43,75,1,0.61,7.2,0,0.5,1.74,0,,1,10.44,1,1,0
2,10/08/2024 02:51:29 PM,10/08/2024 02:55:16 PM,N,1,188,62,1,0.68,5.8,0,0.5,1.46,0,,1,8.76,1,1,0
2,01/19/2024 08:08:01 PM,01/19/2024 08:13:11 PM,N,1,7,7,1,0.73,6.5,1,0.5,1.8,0,,1,10.8,1,1,0
2,07/16/2024 09:33:34 AM,07/16/2024 09:59:04 AM,N,1,236,137,1,4.69,24.7,0,0.5,5.79,0,,1,34.74,1,1,2.75
2,02/02/2024 09:26:00 AM,02/02/2024 10:03:00 AM,,,10,265,,"38,650.32",51.11,0,0,0,0,,1,52.11,,,
2,11/18/2024 09:34:51 AM,11/18/2024 09:49:08 AM,N,1,75,238,1,1.83,14.9,0,0.5,0,0,,1,19.15,2,1,2.75
2,11/29/2024 07:22:56 AM,11/29/2024 07:30:19 AM,N,1,260,260,1,1.33,8.6,0,0.5,0,0,,1,10.1,1,1,0
2,05/24/2024 07:07:14 PM,05/24/2024 07:07:22 PM,N,5,95,95,1,0.12,35,0,0,4,0,,1,40,1,2,0
2,06/02/2024 05:38:42 PM,06/02/2024 05:59:45 PM,N,1,74,141,1,3.08,21.2,0,0.5,2,0,,1,27.45,1,1,2.75
2,01/27/2024 02:39:55 PM,01/27/2024 03:00:39 PM,N,1,74,238,1,2.89,20.5,0,0.5,6.19,0,,1,30.94,1,1,2.75
2,07/10/2024 03:46:27 PM,07/10/2024 04:07:38 PM,N,1,43,162,1,3.14,21.2,0,0.5,5.09,0,,1,30.54,1,1,2.75
1,03/05/2024 04:17:43 PM,03/05/2024 04:25:41 PM,N,1,43,236,1,1.2,9.3,5.25,1.5,4,0,,1,20.05,1,1,2.75
2,10/06/2024 09:02:45 PM,10/06/2024 09:13:44 PM,N,1,74,141,1,2.74,14.2,1,0.5,3.89,0,,1,23.34,1,1,2.75
2,12/16/2024 03:11:06 PM,12/16/2024 03:16:15 PM,N,1,43,238,1,0.82,7.2,0,0.5,1.74,0,,1,10.44,1,1,0
2,07/17/2024 03:03:47 PM,07/17/2024 03:13:03 PM,N,1,74,74,1,1.22,10,0,0.5,0,0,,1,11.5,2,1,0
2,07/29/2024 11:35:02 AM,07/29/2024 11:48:30 AM,N,1,74,75,1,1.59,13.5,0,0.5,0,0,,1,15,2,1,0
2,03/29/2024 08:11:25 PM,03/29/2024 08:21:57 PM,N,1,74,166,4,1.91,12.1,1,0.5,0.11,0,,1,14.71,1,1,0
2,12/04/2024 11:36:46 PM,12/04/2024 11:47:17 PM,N,1,74,151,1,2.31,12.8,1,0.5,0.76,0,,1,16.06,1,1,0
2,11/23/2024 02:35:08 AM,11/23/2024 02:38:40 AM,N,1,80,80,5,0.64,5.8,1,0.5,1.66,0,,1,9.96,1,1,0
2,10/03/2024 05:54:15 PM,10/03/2024 06:42:12 PM,N,5,33,132,1,17.51,100,0,0,15,0,,1,116,1,2,0
2,12/11/2024 05:45:50 PM,12/11/2024 05:59:26 PM,N,1,83,138,1,4.1,19.8,7.5,0.5,5.76,0,,1,34.56,1,1,0
2,03/30/2024 03:23:28 PM,03/30/2024 03:36:03 PM,N,1,82,138,1,3.68,19.8,5,0.5,5.26,0,,1,31.56,1,1,0
2,07/17/2024 12:23:52 PM,07/17/2024 12:45:39 PM,N,1,74,162,1,5.92,27.5,0,0.5,3.5,0,,1,35.25,1,1,2.75
2,07/31/2024 07:33:30 PM,07/31/2024 08:09:11 PM,N,1,75,186,1,3.84,31.7,2.5,0.5,7.69,0,,1,46.14,1,1,2.75
2,10/19/2024 05:03:36 PM,10/19/2024 05:09:14 PM,N,1,74,42,1,0.84,7.2,0,0.5,1.74,0,,1,10.44,1,1,0
2,11/28/2024 06:06:16 PM,11/28/2024 06:20:07 PM,N,1,74,151,1,2.33,14.9,0,0.5,3.28,0,,1,19.68,1,1,0
2,02/19/2024 06:13:01 PM,02/19/2024 06:27:40 PM,N,1,166,143,1,2.72,16.3,0,0.5,4.11,0,,1,24.66,1,1,2.75
2,03/24/2024 07:38:21 AM,03/24/2024 08:07:02 AM,N,5,195,155,1,23.03,120,0,0,0,6.94,,1,127.94,2,2,0
2,03/07/2024 01:44:05 PM,03/07/2024 01:53:08 PM,N,1,69,247,1,0.37,9.3,0,0.5,0,0,,1,10.8,2,1,0
2,06/15/2024 03:34:26 PM,06/15/2024 03:52:18 PM,N,1,74,166,1,1.81,16.3,0,0.5,3.56,0,,1,21.36,1,1,0
2,06/27/2024 02:48:14 PM,06/27/2024 02:59:33 PM,N,1,43,239,1,1.87,12.8,0,0.5,3.41,0,,1,20.46,1,1,2.75
2,09/10/2024 12:13:37 PM,09/10/2024 12:25:16 PM,N,1,82,138,1,2.51,14.9,5,0.5,4.28,0,,1,25.68,1,1,0
2,09/26/2024 12:08:27 AM,09/26/2024 12:19:01 AM,N,1,82,157,1,1.62,9,0.5,0.5,0,0,,0.3,10.3,2,1,0
1,08/28/2024 02:49:44 PM,08/28/2024 02:49:48 PM,N,4,93,93,0,0,0,0,1.5,0,0,,1,1.5,3,1,0
2,06/04/2024 09:00:39 PM,06/04/2024 09:12:01 PM,N,1,97,49,1,1.77,12.8,1,0.5,4.59,0,,1,19.89,1,1,0
2,08/14/2024 11:01:20 AM,08/14/2024 11:26:28 AM,N,1,244,236,1,6.51,33.1,0,0.5,7.47,0,,1,44.82,1,1,2.75
2,02/02/2024 05:04:06 PM,02/02/2024 05:20:37 PM,N,1,41,152,3,1.79,15.6,2.5,0.5,3.92,0,,1,23.52,1,1,0
2,09/30/2024 07:46:43 PM,09/30/2024 08:07:04 PM,N,1,140,68,1,2.92,19.1,2.5,0.5,5.12,0,,1,30.72,1,1,2.5
2,03/19/2024 01:21:52 PM,03/19/2024 01:37:40 PM,N,1,65,66,2,1.85,14.9,0,0.5,5,0,,1,21.4,1,1,0
2,12/02/2024 08:46:33 AM,12/02/2024 08:58:21 AM,N,1,74,42,1,1.79,12.8,0,0.5,0,0,,1,14.3,1,1,0
2,06/25/2024 05:46:39 PM,06/25/2024 05:59:56 PM,N,1,134,216,5,3.75,18.4,2.5,0.5,2.6,0,,1,25,1,1,0
2,02/07/2024 05:39:46 PM,02/07/2024 05:46:20 PM,N,1,166,41,1,0.87,7.9,2.5,0.5,0,0,,1,11.9,2,1,0
1,10/08/2024 09:04:50 AM,10/08/2024 09:21:01 AM,N,1,37,198,1,0,19.5,0,1.5,0,0,,1,21,1,1,0
2,08/16/2024 01:54:58 PM,08/16/2024 02:17:53 PM,N,1,75,162,1,3.01,22.6,0,0.5,5.37,0,,1,32.22,1,1,2.75
2,08/27/2024 03:37:34 PM,08/27/2024 03:55:58 PM,N,1,75,74,2,2.2,17,0,0.5,2.78,0,,1,21.28,1,1,0
2,04/04/2024 03:18:51 PM,04/04/2024 03:33:13 PM,N,1,82,138,5,2.52,14.9,5,0.5,2,0,,1,23.4,1,1,0
2,12/18/2024 07:16:37 AM,12/18/2024 07:26:32 AM,N,1,74,41,1,1.33,10.7,0,0.5,0,0,,1,12.2,1,1,0
2,09/18/2024 12:04:33 PM,09/18/2024 12:11:58 PM,N,1,43,263,1,1.31,9.3,0,0.5,2.71,0,,1,16.26,1,1,2.75
1,09/08/2024 04:36:19 PM,09/08/2024 04:48:32 PM,N,1,74,24,0,1.9,12.8,2.5,1.5,0,0,,1,16.8,2,1,0
1,06/21/2024 05:41:16 PM,06/21/2024 06:15:12 PM,N,1,244,158,1,8.4,38,5.25,1.5,8.95,0,,1,53.7,1,1,2.75
1,05/22/2024 05:05:54 PM,05/22/2024 05:21:37 PM,N,1,41,239,1,1.9,15.6,5.25,1.5,4.45,0,,1,26.8,1,1,2.75
2,01/10/2024 03:04:26 PM,01/10/2024 03:19:36 PM,N,1,33,106,1,1.64,14.2,0,0.5,3.14,0,,1,18.84,1,1,0
2,10/15/2024 10:36:44 PM,10/15/2024 10:42:14 PM,N,1,82,129,1,1.02,7.9,1,0.5,2.08,0,,1,12.48,1,1,0
2,01/17/2024 04:43:53 PM,01/17/2024 04:52:10 PM,N,1,41,74,1,1.26,10,2.5,0.5,0,0,,1,14,2,1,0
2,01/09/2024 08:25:43 AM,01/09/2024 08:30:07 AM,N,1,41,41,1,0.61,6.5,0,0.5,1.6,0,,1,9.6,1,1,0
2,07/25/2024 11:11:43 AM,07/25/2024 11:33:56 AM,N,5,75,126,1,5.67,15,0,0,0,0,,1,16,2,2,0
1,11/21/2024 06:53:35 PM,11/21/2024 07:11:34 PM,N,1,82,260,1,2.6,15.6,2.5,1.5,0,0,,1,19.6,2,1,0
1,04/29/2024 12:05:36 PM,04/29/2024 12:11:51 PM,N,1,82,129,1,1,7.9,0,1.5,1,0,,1,10.4,1,1,0
2,06/27/2024 10:18:18 AM,06/27/2024 10:29:20 AM,N,1,43,142,1,2.1,13.5,0,0.5,3.55,0,,1,21.3,1,1,2.75
2,09/06/2024 05:01:27 PM,09/06/2024 05:41:21 PM,N,1,42,232,1,8.25,38.7,2.5,0.5,9.09,0,,1,54.54,1,1,2.75
2,11/13/2024 04:52:31 PM,11/13/2024 05:23:02 PM,N,1,74,244,1,4.17,28.2,2.5,0.5,6.44,0,,1,38.64,1,1,0
2,01/10/2024 07:46:31 AM,01/10/2024 08:03:57 AM,N,1,95,56,1,1.9,17,0,0.5,3.7,0,,1,22.2,1,1,0
2,06/05/2024 02:49:43 PM,06/05/2024 03:00:50 PM,N,1,43,236,1,1.03,11.4,0,0.5,3.91,0,,1,19.56,1,1,2.75
2,05/04/2024 07:47:47 PM,05/04/2024 08:00:36 PM,N,1,234,79,1,1.44,12.8,0,0.5,3.36,0,,1,20.16,1,1,2.5
2,08/27/2024 08:21:08 AM,08/27/2024 08:28:10 AM,N,1,7,193,1,1.21,8.6,0,0.5,3,0,,1,13.1,1,1,0
2,09/14/2024 12:35:57 AM,09/14/2024 12:43:41 AM,N,1,65,25,1,1.02,9.3,1,0.5,5.8,0,,1,17.6,1,1,0
2,09/19/2024 08:20:25 AM,09/19/2024 09:11:40 AM,N,1,42,228,1,14.31,63.2,0,0.5,12.61,6.94,,1,87,1,1,2.75
2,06/19/2024 06:10:24 PM,06/19/2024 06:15:21 PM,N,1,24,238,2,0.81,7.2,2.5,0.5,3.36,0,,1,14.56,1,1,0
2,09/04/2024 04:09:36 PM,09/04/2024 04:09:39 PM,N,5,53,264,1,0,18,0,0,3,0,,1,22,1,2,0
2,12/08/2024 02:42:49 PM,12/08/2024 02:56:29 PM,N,1,92,95,1,4.5,21.9,0,0.5,7.02,0,,1,30.42,1,1,0
2,12/21/2024 12:37:42 PM,12/21/2024 12:50:43 PM,N,1,74,239,1,2.96,16.3,0,0.5,5.14,0,,1,25.69,1,1,2.75
2,12/08/2024 11:07:20 AM,12/08/2024 11:36:52 AM,N,1,42,158,1,7.88,37.3,0,0.5,2,0,,1,43.55,1,1,2.75
1,03/01/2024 04:22:55 PM,03/01/2024 04:28:34 PM,N,1,75,236,0,1,7.9,5.25,1.5,1,0,,1,15.65,1,1,2.75
2,04/10/2024 09:38:48 AM,04/10/2024 09:53:42 AM,N,1,41,238,1,2.42,14.9,0,0.5,3.83,0,,1,22.98,1,1,2.75
2,12/05/2024 07:54:18 AM,12/05/2024 08:08:43 AM,N,1,95,56,1,1.59,14.9,0,0.5,0,0,,1,16.4,2,1,0
2,09/27/2024 07:03:30 PM,09/27/2024 07:16:28 PM,N,1,75,263,1,1.57,13.5,2.5,0.5,3.04,0,,1,23.29,1,1,2.75
2,07/31/2024 12:05:52 PM,07/31/2024 12:20:28 PM,N,1,74,236,1,2.51,15.6,0,0.5,0,0,,1,19.85,2,1,2.75
2,07/10/2024 08:09:55 PM,07/10/2024 08:17:45 PM,N,1,43,262,1,1.56,10,1,0.5,3.05,0,,1,18.3,1,1,2.75
2,07/21/2024 12:49:35 PM,07/21/2024 01:01:29 PM,N,1,95,130,1,2.59,14.9,0,0.5,4.1,0,,1,20.5,1,1,0
2,10/13/2024 05:26:43 PM,10/13/2024 05:40:14 PM,N,1,74,262,1,2.42,14.9,0,0.5,3.83,0,,1,22.98,1,1,2.75
2,09/10/2024 07:32:04 PM,09/10/2024 07:40:32 PM,N,1,75,263,1,1.3,10,2.5,0.5,3.35,0,,1,20.1,1,1,2.75
1,10/26/2024 02:19:37 AM,10/26/2024 02:46:10 AM,N,5,157,228,2,9.7,75,0,0,2,0,,0,77,1,2,0
2,08/08/2024 12:19:14 PM,08/08/2024 12:40:12 PM,N,1,152,43,1,2.05,19.1,0,0.5,4.12,0,,1,24.72,1,1,0
2,02/24/2024 09:08:06 PM,02/24/2024 09:10:26 PM,N,1,75,74,1,0.76,5.1,1,0.5,0,0,,1,7.6,2,1,0
2,12/20/2024 05:33:51 PM,12/20/2024 05:45:25 PM,N,1,82,138,1,3.9,18.4,2.5,0.5,2,0,,1,24.4,1,1,0
2,07/24/2024 10:08:45 AM,07/24/2024 10:21:40 AM,N,1,74,238,1,2.4,14.2,0,0.5,3.69,0,,1,22.14,1,1,2.75
2,12/24/2024 10:33:46 AM,12/24/2024 10:35:01 AM,N,1,264,264,1,0,2.1,0,0.5,0,0,,1,3.6,2,1,0
2,09/16/2024 03:12:58 PM,09/16/2024 03:23:11 PM,N,1,75,151,1,1.32,10.7,0,0.5,3.05,0,,1,15.25,1,1,0
2,02/12/2024 10:13:58 AM,02/12/2024 10:24:55 AM,N,1,74,236,1,1.97,12.1,0,0.5,1,0,,1,17.35,1,1,2.75
2,10/25/2024 10:16:12 AM,10/25/2024 10:41:34 AM,N,1,195,229,1,9.72,40.1,0,0.5,0,6.94,,1,51.29,2,1,2.75
2,08/01/2024 06:22:08 PM,08/01/2024 06:31:38 PM,N,1,82,138,1,3.84,17.7,7.5,0.5,5,0,,1,31.7,1,1,0
2,08/31/2024 04:53:17 PM,08/31/2024 05:07:46 PM,N,1,129,138,1,3.85,20.5,5,0.5,5.4,0,,1,32.4,1,1,0
2,06/05/2024 04:24:32 PM,06/05/2024 04:30:06 PM,N,1,75,75,1,0.81,7.2,2.5,0.5,0,0,,1,11.2,2,1,0
2,11/15/2024 10:24:41 AM,11/15/2024 10:33:25 AM,N,1,42,42,1,0.55,9.3,0,0.5,0,0,,1,10.8,2,1,0
2,09/20/2024 04:33:14 PM,09/20/2024 05:10:18 PM,N,1,75,220,1,8.63,41.5,2.5,0.5,12.17,3.18,,1,60.85,1,1,0
2,11/30/2024 12:23:54 PM,12/01/2024 12:11:21 PM,N,1,41,41,1,0.88,7.2,0,0.5,0,0,,1,8.7,1,1,0
2,01/23/2024 09:31:10 AM,01/23/2024 09:51:56 AM,N,1,74,141,1,3.11,20.5,0,0.5,4.95,0,,1,29.7,1,1,2.75
2,11/12/2024 09:41:50 AM,11/12/2024 09:52:45 AM,N,1,74,75,1,1.45,11.4,0,0.5,2.58,0,,1,15.48,1,1,0
1,10/28/2024 06:41:27 PM,10/28/2024 06:57:07 PM,N,1,20,248,1,4.9,21.2,2.5,1.5,0,0,,1,25.2,2,1,0
2,07/09/2024 07:14:00 AM,07/09/2024 07:37:00 AM,,,75,249,,5.56,38.6,0,0,4.18,0,,1,46.53,,,
2,12/21/2024 04:01:47 PM,12/21/2024 04:11:07 PM,N,1,41,75,1,1.24,10,0,0.5,0,0,,1,11.5,2,1,0
2,11/24/2024 05:03:46 PM,11/24/2024 05:07:59 PM,N,1,41,41,1,0.7,6.5,0,0.5,0,0,,1,8,2,1,0
2,11/24/2024 01:17:54 PM,11/24/2024 01:19:48 PM,N,1,116,116,1,0.34,4.4,0,0.5,1.77,0,,1,7.67,1,1,0
2,09/08/2024 12:53:47 AM,09/08/2024 01:08:52 AM,N,1,93,223,2,10.19,38.7,1,0.5,0,6.94,,1,48.14,1,1,0
2,11/06/2024 09:37:54 PM,11/06/2024 09:38:02 PM,N,5,16,16,1,0,25,0,0,0,0,,1,26,1,2,0
2,04/21/2024 03:04:38 PM,04/21/2024 03:16:25 PM,N,1,41,142,5,2.45,14.2,0,0.5,2,0,,1,20.45,1,1,2.75
1,06/15/2024 04:15:38 PM,06/15/2024 04:21:25 PM,N,1,82,56,1,0.4,5.8,2.5,1.5,0,0,,1,9.8,3,1,0
2,05/12/2024 07:52:15 PM,05/12/2024 08:06:09 PM,N,1,74,151,1,2.35,15.6,0,0.5,2,0,,1,19.1,1,1,0
2,09/22/2024 12:30:21 AM,09/22/2024 12:35:50 AM,N,1,97,189,1,1.01,7.9,1,0.5,2.6,0,,1,13,1,1,0
2,11/07/2024 04:49:04 PM,11/07/2024 05:25:02 PM,N,1,43,87,6,8.39,40.1,2.5,0.5,9.37,0,,1,56.22,1,1,2.75
2,09/20/2024 12:39:21 PM,09/20/2024 12:48:14 PM,N,1,74,42,1,1.39,10,0,0.5,3.45,0,,1,14.95,1,1,0
1,12/01/2024 02:38:42 PM,12/01/2024 03:00:57 PM,N,1,82,129,1,2.4,17,0,1.5,0,0,,1,18.5,2,1,0
2,08/02/2024 06:03:08 PM,08/02/2024 06:17:23 PM,N,1,189,257,1,3.21,17,2.5,0.5,4,0,,1,25,1,1,0
2,06/30/2024 01:59:57 PM,06/30/2024 02:07:46 PM,N,1,41,166,1,1.26,9.3,0,0.5,0,0,,1,10.8,1,1,0
2,06/20/2024 01:40:01 PM,06/20/2024 01:48:42 PM,N,1,41,116,1,2.05,11.4,0,0.5,0,0,,1,12.9,2,1,0
2,01/24/2024 05:03:41 PM,01/24/2024 05:15:51 PM,N,1,82,138,1,3.89,19.1,7.5,0.5,2.81,0,,1,30.91,1,1,0
2,03/15/2024 05:17:02 PM,03/15/2024 05:24:15 PM,N,1,41,41,1,0.91,8.6,2.5,0.5,0,0,,1,12.6,2,1,0
2,05/14/2024 04:07:38 PM,05/14/2024 04:19:57 PM,N,1,74,236,1,2.17,14.2,2.5,0.5,5.24,0,,1,26.19,1,1,2.75
1,06/05/2024 08:26:12 AM,06/05/2024 09:09:38 AM,N,1,62,65,1,0,20.5,0,1.5,0,0,,1,22,1,1,0
2,06/15/2024 08:06:17 PM,06/15/2024 08:24:16 PM,N,1,75,50,1,0,14.9,1,0.5,1,0,,1,21.15,1,1,2.75
2,07/19/2024 01:23:49 PM,07/19/2024 01:33:40 PM,N,1,75,74,6,1.58,11.4,0,0.5,1.29,0,,1,14.19,1,1,0
2,03/27/2024 12:06:40 PM,03/27/2024 12:16:05 PM,N,1,129,138,1,0,9.3,5,0.5,0,0,,1,15.8,2,1,0
1,03/01/2024 08:49:51 PM,03/01/2024 08:54:13 PM,N,1,244,244,3,1,7.2,1,1.5,5,0,,1,14.7,1,1,0
2,10/13/2024 03:49:11 PM,10/13/2024 03:53:17 PM,N,1,75,236,1,0.49,5.8,0,0.5,2.01,0,,1,12.06,1,1,2.75
1,08/16/2024 10:47:02 PM,08/16/2024 10:52:52 PM,N,1,41,42,2,1,7.9,1,1.5,2.05,0,,1,12.45,1,1,0
2,05/09/2024 06:38:33 AM,05/09/2024 06:51:54 AM,N,1,213,252,1,3.15,15.6,0,0.5,0,6.94,,1,24.04,2,1,0
2,04/05/2024 02:17:54 PM,04/05/2024 02:32:24 PM,N,1,65,66,1,1.7,14.2,0,0.5,2,0,,1,17.7,1,1,0
2,08/26/2024 02:05:36 PM,08/26/2024 02:53:55 PM,N,1,92,92,6,3.97,40.1,0,0.5,0,0,,1,41.6,2,1,0
2,11/26/2024 09:10:38 AM,11/26/2024 09:20:40 AM,N,1,95,28,1,2.26,12.8,0,0.5,4.29,0,,1,18.59,1,1,0
2,05/11/2024 08:40:56 PM,05/11/2024 08:44:39 PM,N,1,75,75,1,0.61,5.8,1,0.5,2.49,0,,1,10.79,1,1,0
2,11/08/2024 05:26:30 PM,11/08/2024 05:46:17 PM,N,1,166,262,1,3.34,20.5,2.5,0.5,5.4,0,,1,32.4,1,1,2.5
2,11/07/2024 04:08:40 PM,11/07/2024 04:24:53 PM,N,1,24,142,1,2.65,17,2.5,0.5,4.75,0,,1,28.5,1,1,2.75
2,08/13/2024 08:17:41 PM,08/13/2024 08:32:36 PM,N,1,52,227,1,3.64,18.4,1,0.5,4.18,0,,1,25.08,1,1,0
2,11/15/2024 10:40:56 PM,11/15/2024 10:54:52 PM,N,1,25,228,1,2.7,17,1,0.5,4.88,0,,1,24.38,1,1,0
2,03/27/2024 11:03:37 AM,03/28/2024 10:42:57 AM,N,1,75,143,1,2.76,19.1,0,0.5,0,0,,1,23.35,2,1,2.75
1,03/29/2024 05:34:34 AM,03/29/2024 05:40:23 AM,N,1,74,75,1,1.8,10,1,1.5,3.1,0,,1,15.6,1,1,0
2,10/10/2024 04:53:10 PM,10/10/2024 05:02:20 PM,N,1,43,239,1,1.33,10.7,2.5,0.5,3.49,0,,1,20.94,1,1,2.75
2,05/21/2024 02:07:32 PM,05/21/2024 02:07:39 PM,N,1,193,193,1,0,3,0,0.5,0,0,,1,4.5,3,1,0
2,03/15/2024 09:40:05 PM,03/15/2024 09:51:06 PM,N,1,97,17,2,2.1,12.1,1,0.5,4.38,0,,1,18.98,1,1,0
2,10/17/2024 09:18:50 AM,10/17/2024 09:28:31 AM,N,1,74,166,1,1.35,10.7,0,0.5,2.44,0,,1,14.64,1,1,0
2,11/02/2024 10:55:57 PM,11/02/2024 11:28:15 PM,N,1,255,189,2,4.81,31.7,1,0.5,6.84,0,,1,41.04,1,1,0
2,05/10/2024 12:29:39 PM,05/10/2024 01:08:15 PM,N,1,130,61,1,8.82,44.3,0,0.5,0,0,,1,45.8,2,1,0
2,09/01/2024 01:08:55 PM,09/01/2024 01:25:05 PM,N,1,74,238,1,3.2,18.4,0,0.5,4.53,0,,1,27.18,1,1,2.75
1,05/22/2024 03:24:55 PM,05/22/2024 03:35:27 PM,N,1,75,263,1,1.2,10.7,2.75,1.5,0,0,,1,14.95,2,1,2.75
2,12/12/2024 01:25:23 PM,12/12/2024 02:13:34 PM,N,2,74,132,1,16.94,70,0,0.5,15.69,6.94,,1,94.13,1,1,0
2,09/27/2024 08:02:38 AM,09/27/2024 08:20:01 AM,N,1,74,138,1,6.72,30.3,5,0.5,4.37,6.94,,1,48.11,1,1,0
2,06/12/2024 11:07:42 AM,06/12/2024 11:15:49 AM,N,1,75,74,1,1.23,10,0,0.5,0.01,0,,1,11.51,1,1,0
2,07/07/2024 08:08:23 AM,07/07/2024 08:22:09 AM,N,1,24,243,1,4.74,21.2,0,0.5,2,0,,1,24.7,1,1,0
2,06/01/2024 07:26:17 PM,06/01/2024 08:01:16 PM,N,5,195,90,1,5.91,75,0,0,5,6.94,,1,90.69,1,2,2.75
2,11/29/2024 03:33:07 PM,11/29/2024 03:41:48 PM,N,1,97,97,1,1.59,10.7,0,0.5,2.44,0,,1,14.64,1,1,0
2,01/04/2024 07:03:37 PM,01/04/2024 07:09:39 PM,N,1,75,74,2,1.63,9.3,2.5,0.5,0,0,,1,13.3,2,1,0
2,04/23/2024 02:05:42 PM,04/23/2024 02:26:22 PM,N,1,74,262,1,2.67,19.8,0,0.5,4.81,0,,1,28.86,1,1,2.75
2,01/06/2024 12:35:39 AM,01/06/2024 01:00:24 AM,N,1,36,229,2,7.35,33.1,1,0.5,9.59,0,,1,47.94,1,1,2.75
2,08/28/2024 04:06:00 PM,08/28/2024 04:10:00 PM,,,193,193,,0.94,10.3,0,0,2,0,,1,13.3,,,
2,12/01/2024 05:43:58 PM,12/01/2024 05:51:33 PM,N,1,74,75,1,1.55,10,0,0.5,2.3,0,,1,13.8,1,1,0
2,10/28/2024 10:41:00 AM,10/28/2024 10:47:00 AM,,,7,193,,0.93,13.02,0,0.5,2.9,0,,1,17.42,,,
2,02/05/2024 01:37:05 PM,02/05/2024 01:48:02 PM,N,1,74,152,1,1.54,11.4,0,0.5,2.58,0,,1,15.48,1,1,0
2,01/14/2024 12:53:11 PM,01/14/2024 12:59:05 PM,N,1,166,238,1,1.1,8.6,0,0.5,2,0,,1,12.1,1,1,0
2,08/29/2024 09:08:37 AM,08/29/2024 09:18:13 AM,N,1,82,138,1,2.52,13.5,5,0.5,2,0,,1,22,1,1,0
2,07/20/2024 12:46:58 PM,07/20/2024 12:59:50 PM,N,1,41,75,1,1.96,12.8,0,0.5,0,0,,1,14.3,2,1,0
2,08/05/2024 04:14:52 PM,08/05/2024 05:27:44 PM,N,1,138,92,1,6.14,61.1,7.5,0.5,0,0,,1,71.35,2,1,0
2,05/14/2024 09:55:14 AM,05/14/2024 10:15:35 AM,N,1,134,70,1,5.97,27.5,0,0.5,0,0,,1,29,2,1,0
2,01/02/2024 11:32:39 AM,01/02/2024 11:53:47 AM,N,1,41,230,1,6.31,30.3,0,0.5,0,0,,1,34.55,2,1,2.75
2,03/20/2024 06:55:40 PM,03/20/2024 07:04:02 PM,N,1,82,157,2,1.31,10,2.5,0.5,0,0,,1,14,2,1,0
2,08/11/2024 08:20:54 AM,08/11/2024 08:29:04 AM,N,1,166,74,1,1.9,11.4,0,0.5,2,0,,1,14.9,1,1,0
2,12/08/2024 11:49:54 AM,12/08/2024 11:58:09 AM,N,1,42,75,1,1.92,11.4,0,0.5,0,0,,1,12.9,2,1,0
2,12/07/2024 01:18:53 PM,12/07/2024 01:31:28 PM,N,1,74,238,2,2.66,14.9,0,0.5,0,0,,1,19.15,2,1,2.75
2,09/29/2024 06:31:03 PM,09/29/2024 06:42:55 PM,N,1,74,239,1,3.07,15.6,0,0.5,2.5,0,,1,22.35,1,1,2.75
2,09/09/2024 11:45:59 AM,09/09/2024 12:00:49 PM,N,1,152,48,1,5,24,0,0.5,0,0,,1,28.25,2,1,2.75
2,03/14/2024 05:34:57 PM,03/14/2024 05:54:34 PM,N,1,97,14,1,5.43,26.1,2.5,0.5,0,0,,1,30.1,2,1,0
2,04/27/2024 12:46:05 PM,04/27/2024 12:56:36 PM,N,1,223,138,1,2.24,13.5,5,0.5,3,0,,1,23,1,1,0
2,10/25/2024 04:10:37 PM,10/25/2024 04:25:50 PM,N,1,42,244,1,1.72,14.9,2.5,0.5,0,0,,1,18.9,2,1,0
2,01/02/2024 12:07:45 PM,01/02/2024 01:13:04 PM,N,1,20,213,1,9.42,49.2,0,0.5,2,0,,1,52.7,1,1,0
2,09/18/2024 07:24:00 AM,09/18/2024 07:42:43 AM,N,1,74,42,1,4.36,23.3,0,0.5,0,0,,1,24.8,1,1,0
2,09/09/2024 06:02:47 PM,09/09/2024 06:27:04 PM,N,1,130,38,1,3.85,23.3,2.5,0.5,0,0,,1,27.3,2,1,0
2,12/02/2024 08:14:13 AM,12/02/2024 08:34:49 AM,N,1,74,43,5,1.55,17.7,0,0.5,3.84,0,,1,23.04,1,1,0
2,04/26/2024 10:51:34 PM,04/26/2024 10:58:37 PM,N,1,42,41,6,1.48,10,1,0.5,0,0,,1,12.5,2,1,0
2,04/27/2024 05:33:01 PM,04/27/2024 05:37:33 PM,N,1,75,236,1,0.42,6.5,0,0.5,0,0,,1,10.75,2,1,2.75
1,08/25/2024 01:13:10 AM,08/25/2024 01:32:01 AM,N,1,36,129,1,0,15.6,1,1.5,0,0,,1,18.1,2,1,0
2,07/21/2024 08:54:53 PM,07/21/2024 09:06:47 PM,N,1,65,61,1,1.83,12.8,1,0.5,0,0,,1,15.3,1,1,0
2,03/12/2024 07:50:33 PM,03/12/2024 07:56:48 PM,N,1,33,52,2,1.03,7.2,2.5,0.5,2.24,0,,1,13.44,1,1,0
2,08/28/2024 07:33:45 PM,08/28/2024 07:37:52 PM,N,1,179,179,1,0.43,5.8,2.5,0.5,1.96,0,,1,11.76,1,1,0
2,09/22/2024 08:26:58 PM,09/22/2024 08:36:42 PM,N,1,95,95,1,1.69,10.7,1,0.5,2,0,,1,15.2,1,1,0
2,08/11/2024 10:08:10 PM,08/11/2024 10:20:32 PM,N,5,33,87,1,2.37,45,0,0,2.8,0,,1,51.55,1,2,2.75
1,06/13/2024 10:18:42 AM,06/13/2024 10:24:50 AM,N,1,52,33,1,0.5,7.2,0,1.5,0,0,,1,8.7,2,1,0
2,08/09/2024 08:25:09 PM,08/09/2024 08:41:41 PM,N,1,43,229,1,3.07,17.7,1,0.5,4.59,0,,1,27.54,1,1,2.75
2,04/12/2024 01:56:46 PM,04/12/2024 02:12:42 PM,N,1,74,238,1,2.63,17,0,0.5,3.7,0,,1,22.2,1,1,0
2,05/07/2024 04:52:23 PM,05/07/2024 05:08:20 PM,N,1,164,229,1,1.55,14.9,2.5,0.5,3.21,0,,1,24.61,1,1,2.5
2,04/01/2024 05:27:12 PM,04/01/2024 06:17:16 PM,N,2,74,132,1,17.65,70,5,0.5,18,6.94,,0.3,100.74,1,1,0
1,07/25/2024 07:29:40 AM,07/25/2024 07:34:45 AM,N,1,41,74,1,0.8,7.2,0,1.5,0,0,,1,8.7,2,1,0
2,07/06/2024 03:45:43 PM,07/06/2024 04:01:10 PM,N,1,247,223,1,5.81,26.8,0,0.5,7.05,6.94,,1,42.29,1,1,0
2,09/05/2024 09:28:20 AM,09/05/2024 09:46:20 AM,N,1,74,75,2,1.39,15.6,0,0.5,3,0,,1,20.1,1,1,0
2,02/09/2024 07:50:38 AM,02/09/2024 08:03:58 AM,N,1,95,135,1,2.15,14.2,0,0.5,0,0,,1,15.7,2,1,0
2,11/19/2024 10:25:20 AM,11/19/2024 10:46:38 AM,N,1,7,129,2,3.22,21.2,0,0.5,0,0,,1,22.7,2,1,0
2,05/17/2024 08:19:10 PM,05/17/2024 08:30:56 PM,N,1,43,237,1,2.19,13.5,1,0.5,3.75,0,,1,22.5,1,1,2.75
2,04/08/2024 08:28:39 AM,04/08/2024 08:40:33 AM,N,1,42,247,1,0.43,10,0,0.5,0,0,,1,11.5,1,1,0
2,09/26/2024 11:56:52 AM,09/26/2024 12:08:41 PM,N,1,74,74,1,1.28,11.4,0,0.5,2.58,0,,1,15.48,1,1,0
2,02/17/2024 09:33:50 AM,02/17/2024 09:38:02 AM,N,1,74,75,1,0.98,6.5,0,0.5,2.4,0,,1,10.4,1,1,0
2,11/05/2024 10:37:06 AM,11/05/2024 10:41:01 AM,N,1,152,41,1,0.62,5.8,0,0.5,0,0,,1,7.3,2,1,0
2,11/30/2024 09:31:41 PM,11/30/2024 09:41:02 PM,N,1,95,197,1,1.9,11.4,1,0.5,2.78,0,,1,16.68,1,1,0
2,10/18/2024 07:20:39 PM,10/18/2024 07:47:27 PM,N,1,41,159,1,3.27,24,2.5,0.5,0,0,,1,28,1,1,0
2,08/12/2024 06:20:06 PM,08/12/2024 06:42:24 PM,N,1,75,243,5,7.39,31.7,2.5,0.5,7.14,0,,1,42.84,1,1,0
2,03/26/2024 09:23:19 AM,03/26/2024 09:31:42 AM,N,1,74,41,1,1.31,10,0,0.5,1.72,0,,1,13.22,1,1,0
2,04/22/2024 06:56:03 PM,04/22/2024 06:59:05 PM,N,1,75,75,2,0.42,5.1,2.5,0.5,0,0,,1,9.1,2,1,0
1,10/18/2024 07:17:19 PM,10/18/2024 07:19:47 PM,N,1,75,236,2,0.8,5.1,5.25,1.5,2.95,0,,1,14.8,1,1,2.75
2,10/31/2024 02:12:21 PM,10/31/2024 02:24:25 PM,N,1,134,131,1,3.26,15.6,0,0.5,0,0,,1,17.1,2,1,0
2,07/02/2024 10:11:05 PM,07/02/2024 10:21:32 PM,N,1,260,157,5,1.98,12.1,1,0.5,0,0,,1,14.6,1,1,0
2,08/10/2024 02:37:30 PM,08/10/2024 02:55:06 PM,N,1,41,247,1,1.88,17,0,0.5,0,0,,1,18.5,1,1,0
2,12/13/2024 02:16:49 PM,12/13/2024 02:35:52 PM,N,1,97,17,2,2.47,17.7,0,0.5,3.84,0,,1,23.04,1,1,0
2,01/25/2024 08:54:38 AM,01/26/2024 08:04:15 AM,N,1,116,162,1,6.05,33.1,0,0.5,0,0,,1,37.35,2,1,2.75
2,07/09/2024 05:45:37 PM,07/09/2024 05:59:43 PM,N,1,82,138,1,3.66,17.7,7.5,0.5,5.34,0,,1,32.04,1,1,0
2,05/28/2024 10:30:37 AM,05/28/2024 10:47:06 AM,N,1,41,168,1,2.16,17,0,0.5,0,0,,1,18.5,2,1,0
2,03/09/2024 11:45:52 AM,03/09/2024 11:53:20 AM,N,1,65,189,1,1.77,10.7,0,0.5,0,0,,1,12.2,2,1,0
2,12/15/2024 11:54:32 AM,12/15/2024 12:08:08 PM,N,1,166,142,1,2.22,14.9,0,0.5,5.75,0,,1,24.9,1,1,2.75
2,04/06/2024 11:41:37 PM,04/07/2024 12:09:28 AM,N,1,75,113,1,4.73,28.2,1,0.5,6.69,0,,1,40.14,1,1,2.75
2,10/01/2024 07:42:52 AM,10/01/2024 07:54:04 AM,N,1,166,151,1,1.18,11.4,0,0.5,1.94,0,,1,14.84,1,1,0
2,08/31/2024 03:29:18 AM,08/31/2024 03:44:32 AM,N,1,230,7,1,4.04,20.5,1,0.5,5.1,0,,1,30.6,1,1,2.5
1,11/14/2024 07:09:36 PM,11/14/2024 07:25:55 PM,N,1,65,188,1,3,17.7,2.5,1.5,4.3,0,,1,26,1,1,0
2,03/15/2024 09:10:50 AM,03/15/2024 09:13:32 AM,N,1,74,41,1,0.41,5.1,0,0.5,1.32,0,,1,7.92,1,1,0
2,12/02/2024 08:03:52 PM,12/02/2024 08:07:09 PM,N,1,223,223,4,0.41,5.1,1,0.5,2,0,,1,9.6,1,1,0
2,07/17/2024 09:15:56 AM,07/17/2024 09:25:35 AM,N,1,74,236,1,1.91,11.4,0,0.5,3.13,0,,1,18.78,1,1,2.75
2,06/20/2024 09:19:47 AM,06/20/2024 09:32:02 AM,N,1,74,43,1,1.39,11.4,0,0.5,0,0,,1,12.9,1,1,0
2,09/13/2024 08:29:54 PM,09/13/2024 08:29:56 PM,N,5,95,264,1,0,20,0,0,4.2,0,,1,25.2,1,2,0
2,03/31/2024 02:53:01 AM,03/31/2024 03:01:38 AM,N,1,95,56,1,1.84,11.4,1,0.5,0,0,,1,13.9,2,1,0
1,10/26/2024 10:35:07 AM,10/26/2024 10:48:33 AM,N,1,97,181,2,2.3,13.5,0,1.5,3.75,0,,1,18.75,1,1,0
2,06/27/2024 07:10:35 PM,06/27/2024 07:25:55 PM,N,1,41,262,1,1.94,14.9,2.5,0.5,0,0,,1,21.65,1,1,2.75
2,07/09/2024 06:19:52 PM,07/09/2024 06:33:26 PM,N,1,74,166,1,1.87,13.5,2.5,0.5,3,0,,1,20.5,1,1,0
2,11/07/2024 04:51:03 PM,11/07/2024 04:59:43 PM,N,1,223,179,1,1.48,10.7,2.5,0.5,0,0,,1,14.7,2,1,0
1,09/17/2024 08:44:00 AM,09/17/2024 09:04:55 AM,N,1,74,236,1,2.1,15.6,2.75,1.5,2,0,,1,21.85,1,1,2.75
2,08/29/2024 03:07:52 PM,08/29/2024 03:13:42 PM,N,1,82,129,1,0.54,7.2,0,0.5,1.74,0,,1,10.44,1,1,0
2,01/30/2024 05:13:31 PM,01/30/2024 05:20:46 PM,N,1,75,239,1,1.81,10,2.5,0.5,3.35,0,,1,20.1,1,1,2.75
2,10/27/2024 03:41:16 PM,10/27/2024 04:10:14 PM,N,1,66,161,1,6.84,34.5,0,0.5,7.75,0,,1,46.5,1,1,2.75
2,08/08/2024 06:17:59 PM,08/08/2024 06:32:52 PM,N,1,130,132,1,5.78,24.7,2.5,0.5,5.74,0,,1,34.44,1,1,0
2,11/16/2024 06:03:59 PM,11/16/2024 06:16:27 PM,N,1,74,263,1,2,13.5,0,0.5,3,0,,1,20.75,1,1,2.75
2,09/30/2024 06:03:07 PM,09/30/2024 06:16:19 PM,N,1,7,202,1,2.16,13.5,2.5,0.5,0,0,,1,17.5,2,1,0
2,07/15/2024 10:41:38 PM,07/15/2024 10:53:26 PM,N,1,129,157,1,2.05,12.8,1,0.5,0,0,,1,15.3,2,1,0
2,09/14/2024 03:28:16 AM,09/14/2024 03:36:26 AM,N,1,164,48,1,1.21,10,1,0.5,3,0,,1,18,1,1,2.5
2,12/17/2024 11:50:46 AM,12/17/2024 12:06:26 PM,N,1,75,239,1,2.08,16.3,0,0.5,4.11,0,,1,24.66,1,1,2.75
2,04/28/2024 07:59:34 PM,04/28/2024 08:07:47 PM,N,1,74,75,6,1.56,10,0,0.5,2.3,0,,1,13.8,1,1,0
1,05/22/2024 12:09:20 PM,05/22/2024 12:09:46 PM,N,5,166,166,2,1.7,37,0,0,0,0,,0,37,1,2,0
1,07/17/2024 02:26:01 PM,07/17/2024 02:40:20 PM,N,1,82,173,1,1.4,11.4,0,1.5,0,0,,1,12.9,2,1,0
2,05/27/2024 12:07:38 PM,05/27/2024 12:22:11 PM,N,1,146,186,1,3.92,19.1,0,0.5,15,0,,1,38.35,1,1,2.75
2,04/25/2024 05:45:39 PM,04/25/2024 05:55:10 PM,N,1,210,150,1,1.17,10.7,2.5,0.5,2.94,0,,1,17.64,1,1,0
2,03/10/2024 06:00:22 PM,03/10/2024 06:07:29 PM,N,1,74,236,1,1.92,10.7,0,0.5,2,0,,1,16.95,1,1,2.75
2,02/15/2024 01:03:23 PM,02/15/2024 01:19:39 PM,N,1,43,142,1,2.77,17.7,0,0.5,0.04,0,,1,21.99,1,1,2.75
2,07/28/2024 03:09:54 PM,07/28/2024 03:32:07 PM,N,1,97,225,2,3.33,21.2,0,0.5,0,0,,1,22.7,2,1,0
2,01/16/2024 03:58:26 PM,01/16/2024 04:23:44 PM,N,1,65,256,1,3.63,24.7,0,0.5,0,0,,1,26.2,1,1,0
2,08/23/2024 08:30:27 PM,08/23/2024 08:38:54 PM,N,1,95,134,1,1.45,10,1,0.5,4.08,0,,1,16.58,1,1,0
2,02/01/2024 09:51:52 PM,02/01/2024 10:02:33 PM,N,1,112,17,2,1.77,11.4,1,0.5,2.78,0,,1,16.68,1,1,0
2,10/16/2024 03:30:27 PM,10/16/2024 03:53:02 PM,N,1,244,246,1,7.26,33.8,0,0.5,2,0,,1,40.05,1,1,2.75
2,02/06/2024 06:44:00 PM,02/06/2024 06:53:31 PM,N,1,43,74,1,1.74,11.4,2.5,0.5,0,0,,1,15.4,2,1,0
2,05/23/2024 02:38:57 PM,05/23/2024 02:56:17 PM,N,5,243,143,1,6.63,7,0,0,0,0,,1,10.75,2,2,2.75
2,10/16/2024 04:15:00 PM,10/16/2024 04:27:55 PM,N,1,95,135,1,1.77,14.2,2.5,0.5,1,0,,1,19.2,1,1,0
2,07/29/2024 09:33:33 PM,07/29/2024 09:59:28 PM,N,5,93,48,3,10.51,75,0,0,15.75,0,,1,94.5,1,2,2.75
2,10/12/2024 11:45:38 PM,10/12/2024 11:54:13 PM,N,1,223,7,1,1.09,10,1,0.5,0,0,,1,12.5,2,1,0
2,08/28/2024 11:27:37 AM,08/28/2024 11:45:25 AM,N,1,166,143,1,2.39,17,0,0.5,6.38,0,,1,27.63,1,1,2.75
2,05/04/2024 11:20:17 PM,05/04/2024 11:43:19 PM,N,5,80,80,1,0,45,0,0,0,0,,1,46,1,2,0
2,11/12/2024 12:32:00 PM,11/12/2024 12:57:00 PM,,,66,234,,3.92,25.42,0,0.5,3,0,,1,32.67,,,
1,08/05/2024 02:25:10 PM,08/05/2024 02:54:52 PM,Y,1,196,19,2,10.6,42.9,0,1.5,0,0,,1,44.4,2,1,0
2,02/19/2024 07:03:04 PM,02/19/2024 07:17:15 PM,N,1,130,219,3,6.63,26.1,0,0.5,0,0,,1,27.6,1,1,0
2,02/11/2024 03:28:58 PM,02/11/2024 03:43:54 PM,N,1,74,238,1,3.07,17,0,0.5,3,0,,1,24.25,1,1,2.75
2,10/15/2024 07:03:09 PM,10/15/2024 07:11:50 PM,N,1,75,41,1,1.52,10.7,2.5,0.5,1.3,0,,1,16,1,1,0
2,09/11/2024 06:01:59 PM,09/11/2024 06:10:50 PM,N,1,82,138,1,3.66,16.3,7.5,0.5,0,0,,1,25.3,1,1,0
1,04/30/2024 12:03:08 PM,04/30/2024 12:19:23 PM,N,1,14,14,1,0,24.5,0,1.5,0,0,,1,26,1,1,0
2,05/21/2024 11:54:43 AM,05/21/2024 12:17:37 PM,N,1,43,162,6,2.5,21.2,0,0.5,6.36,0,,1,31.81,1,1,2.75
2,06/09/2024 02:58:08 PM,06/09/2024 03:18:05 PM,N,1,74,238,1,3.06,19.8,0,0.5,4.81,0,,1,28.86,1,1,2.75
2,03/11/2024 11:53:00 AM,03/11/2024 12:09:00 PM,,,166,142,,3.02,18.86,0,0,4.52,0,,1,27.13,,,
2,12/08/2024 10:01:20 PM,12/08/2024 10:05:37 PM,N,1,74,74,1,0.71,6.5,1,0.5,1.8,0,,1,10.8,1,1,0
2,11/08/2024 07:21:45 PM,11/08/2024 07:29:06 PM,N,1,244,116,1,1.31,9.3,2.5,0.5,2.66,0,,1,15.96,1,1,0
2,09/22/2024 09:00:43 PM,09/22/2024 09:11:46 PM,N,1,97,66,1,1.46,10.7,1,0.5,0,0,,1,13.2,1,1,0
2,10/01/2024 05:02:34 PM,10/01/2024 05:12:52 PM,N,1,65,88,1,2.81,14.2,2.5,0.5,0,0,,1,20.95,2,1,2.75
2,09/16/2024 05:36:18 AM,09/16/2024 05:40:29 AM,N,1,74,41,1,0.67,6.5,1,0.5,1.8,0,,1,10.8,1,1,0
2,09/17/2024 06:47:26 PM,09/17/2024 07:19:42 PM,N,1,75,7,1,5.5,31.7,2.5,0.5,7.69,0,,1,46.14,1,1,2.75
2,10/19/2024 04:36:43 PM,10/19/2024 04:44:07 PM,N,1,74,41,1,0.89,8.6,0,0.5,2.02,0,,1,12.12,1,1,0
2,06/06/2024 11:01:43 AM,06/06/2024 11:30:11 AM,N,1,65,131,1,26.71,98.9,0,0.5,0,0,,1,100.4,2,1,0
2,07/20/2024 10:00:29 PM,07/20/2024 10:15:25 PM,N,1,95,258,1,2.69,16.3,1,0.5,0,0,,1,18.8,1,1,0
2,11/19/2024 12:09:47 PM,11/19/2024 12:16:46 PM,N,1,75,74,1,0.99,7.9,0,0.5,0,0,,1,9.4,2,1,0
2,05/23/2024 05:03:02 PM,05/23/2024 05:13:38 PM,N,1,75,263,1,1.42,11.4,2.5,0.5,1,0,,1,19.15,1,1,2.75
2,06/11/2024 06:27:59 PM,06/11/2024 06:28:03 PM,N,1,130,130,1,0,3,2.5,0.5,0,0,,1,7,2,1,0
2,07/17/2024 12:38:05 PM,07/18/2024 12:00:00 AM,N,1,65,55,1,13.26,54.1,0,0.5,0,0,,1,55.6,1,1,0
1,09/08/2024 05:17:07 PM,09/08/2024 05:26:47 PM,Y,1,65,49,2,1.3,9.3,0,1.5,2.15,0,,1,12.95,1,1,0
2,05/21/2024 10:01:26 AM,05/21/2024 10:02:18 AM,N,1,7,7,1,0.25,3.7,0,0.5,0,0,,1,5.2,2,1,0
2,02/11/2024 11:19:00 PM,02/11/2024 11:36:00 PM,,,116,151,,2.42,14.77,0,0,3.15,0,,1,18.92,,,
2,11/22/2024 10:48:56 AM,11/22/2024 11:04:34 AM,N,1,166,43,1,3.2,18.4,0,0.5,0,0,,1,22.65,1,1,2.75
2,06/03/2024 02:56:57 PM,06/03/2024 03:29:39 PM,N,1,24,138,1,8.68,40.8,5,0.5,10.85,6.94,,1,65.09,1,1,0
2,05/17/2024 09:56:00 PM,05/17/2024 10:20:00 PM,,,37,129,,4.98,23.38,0,0,7.16,0,,1,31.54,,,
2,11/13/2024 10:18:47 AM,11/13/2024 10:18:52 AM,N,5,212,212,1,0.01,22,0,0,0,0,,1,23,2,2,0
2,01/29/2024 04:12:10 PM,01/29/2024 04:22:47 PM,N,1,75,263,1,1.24,10.7,2.5,0.5,0,0,,1,17.45,2,1,2.75
2,06/11/2024 06:19:01 PM,06/11/2024 06:33:56 PM,N,1,82,138,1,3.92,19.8,7.5,0.5,2,0,,1,30.8,1,1,0
2,11/18/2024 02:26:18 PM,11/18/2024 02:42:18 PM,N,1,74,166,1,2.08,15.6,0,0.5,3.42,0,,1,20.52,1,1,0
1,09/24/2024 07:37:03 PM,09/24/2024 07:56:39 PM,N,1,244,229,1,8.6,34.5,5.25,1.5,1,0,,1,42.25,1,1,2.75
2,10/14/2024 09:23:33 PM,10/14/2024 09:38:03 PM,N,1,265,9,1,13.91,51.3,1,0.5,0,0,,1,53.8,2,1,0
2,01/10/2024 05:25:15 PM,01/10/2024 05:35:35 PM,N,1,7,179,1,1.13,10.7,2.5,0.5,0,0,,1,14.7,2,1,0
2,11/05/2024 07:43:25 PM,11/05/2024 07:43:34 PM,N,5,92,92,1,0.13,20,0,0,5.25,0,,1,26.25,1,2,0
1,05/25/2024 02:09:35 AM,05/25/2024 02:28:06 AM,N,1,80,66,1,5.8,26.8,1,1.5,2,0,,1,31.3,1,1,0
2,06/28/2024 06:36:33 PM,06/28/2024 06:49:55 PM,N,1,82,70,1,3.07,17,2.5,0.5,0,0,,1,21,1,1,0
2,12/28/2024 11:00:13 PM,12/28/2024 11:11:34 PM,N,1,66,231,1,2.45,14.2,1,0.5,2.92,0,,1,22.37,1,1,2.75
2,09/28/2024 10:34:53 PM,09/28/2024 10:47:51 PM,N,1,95,95,1,1.76,13.5,1,0.5,3.2,0,,1,19.2,1,1,0
2,03/29/2024 01:59:30 PM,03/29/2024 02:02:02 PM,N,1,75,74,1,0.58,5.1,0,0.5,0,0,,1,6.6,2,1,0
1,11/02/2024 10:39:27 AM,11/02/2024 10:48:45 AM,N,1,74,263,2,1.8,11.4,2.75,1.5,2.55,0,,1,18.2,1,1,2.75
2,07/06/2024 02:48:00 AM,07/06/2024 02:57:00 AM,,,25,97,,1.99,13.74,0,0,0.71,0,,1,15.45,,,
2,03/18/2024 09:26:28 AM,03/18/2024 09:36:56 AM,N,1,129,129,1,1.23,10.7,0,0.5,2.44,0,,1,14.64,1,1,0
2,10/06/2024 02:41:00 AM,10/06/2024 03:21:00 AM,,,80,230,,7.19,31.56,0,0,0,0,,1,35.31,,,
2,06/25/2024 10:15:29 AM,06/25/2024 10:31:20 AM,N,5,195,33,1,2.06,15,0,0,3.2,0,,1,19.2,1,2,0
2,12/11/2024 09:41:41 PM,12/11/2024 09:47:50 PM,N,1,65,40,1,1.07,7.9,1,0.5,2.6,0,,1,13,1,1,0
2,09/21/2024 10:07:06 AM,09/21/2024 10:22:13 AM,N,1,41,163,1,2.89,17.7,0,0.5,4.39,0,,1,26.34,1,1,2.75
2,03/09/2024 07:47:39 AM,03/09/2024 07:58:33 AM,N,1,42,74,1,1.83,12.8,0,0.5,0,0,,1,14.3,1,1,0
2,01/17/2024 10:36:38 AM,01/17/2024 11:01:35 AM,N,1,134,193,1,10.69,44.3,0,0.5,9.16,0,,1,54.96,1,1,0
2,06/20/2024 01:33:21 PM,06/20/2024 01:44:36 PM,N,1,82,138,1,3.71,18.4,5,0.5,4.98,0,,1,29.88,1,1,0
2,05/30/2024 08:54:50 PM,05/30/2024 09:03:04 PM,N,1,43,74,1,1.72,10.7,1,0.5,2.64,0,,1,15.84,1,1,0
2,10/01/2024 02:22:07 PM,10/01/2024 02:33:21 PM,N,1,74,42,1,1.16,11.4,0,0.5,0,0,,1,12.9,2,1,0
2,08/27/2024 04:23:25 PM,08/27/2024 04:27:23 PM,N,1,82,82,1,0.92,6.5,2.5,0.5,2.1,0,,1,12.6,1,1,0
2,01/19/2024 07:07:14 AM,01/19/2024 07:18:34 AM,N,1,74,166,1,1.53,12.1,0,0.5,0,0,,1,13.6,2,1,0
2,10/29/2024 07:39:26 AM,10/29/2024 07:55:17 AM,N,1,75,140,1,2.29,15.6,0,0.5,0,0,,1,19.85,2,1,2.75
2,04/25/2024 06:22:21 AM,04/25/2024 06:38:20 AM,N,1,74,140,1,3.53,20.5,0,0.5,2.48,0,,1,27.23,1,1,2.75
2,01/13/2024 10:08:55 PM,01/13/2024 10:26:21 PM,N,1,97,181,1,2.34,16.3,1,0.5,0,0,,1,18.8,2,1,0
2,12/23/2024 11:26:17 PM,12/23/2024 11:44:45 PM,N,1,218,101,1,10.02,39.4,1,0.5,0,0,,1,41.9,2,1,0
1,01/14/2024 04:11:46 PM,01/14/2024 04:31:40 PM,N,1,65,188,2,3.1,18.4,0,1.5,3.98,0,,1,23.88,1,1,0
2,08/25/2024 06:33:59 PM,08/25/2024 06:42:51 PM,N,1,74,236,1,1.9,11.4,0,0.5,3.13,0,,1,18.78,1,1,2.75
2,04/20/2024 10:26:49 AM,04/20/2024 10:41:41 AM,N,1,74,239,1,3.47,18.4,0,0.5,0,0,,0.3,21.95,2,1,2.75
2,02/17/2024 08:38:47 AM,02/17/2024 09:18:26 AM,N,1,7,7,1,0.42,4.4,0,0.5,0,0,,1,5.9,2,1,0
2,10/04/2024 11:47:00 AM,10/04/2024 12:22:47 PM,N,1,43,170,2,5.03,33.8,0,0.5,9.51,0,,1,47.56,1,1,2.75
2,04/08/2024 01:00:57 PM,04/08/2024 01:02:31 PM,N,1,24,41,1,0.23,4.4,0,0.5,0,0,,0.3,5.2,2,1,0
2,11/21/2024 05:22:43 PM,11/21/2024 05:40:58 PM,N,1,97,66,1,1.28,16.3,2.5,0.5,7,0,,1,27.3,1,1,0
2,05/12/2024 08:10:24 AM,05/12/2024 08:48:15 AM,N,5,195,1,3,18.44,160,0,0,34.88,13.38,,1,209.26,1,2,0
2,05/20/2024 11:23:14 PM,05/20/2024 11:33:32 PM,N,1,82,129,1,1.52,12.1,1,0.5,0,0,,1,14.6,1,1,0
2,10/25/2024 09:56:20 AM,10/25/2024 10:20:15 AM,N,1,244,68,2,7.89,35.9,0,0.5,0,0,,1,40.15,2,1,2.75
2,10/03/2024 09:07:26 AM,10/03/2024 09:27:09 AM,N,1,75,138,1,8.13,34.5,5,0.5,9.59,6.94,,1,57.53,1,1,0
2,10/12/2024 05:47:01 PM,10/12/2024 06:09:23 PM,N,1,260,223,1,3.98,23.3,0,0.5,2.08,0,,1,26.88,1,1,0
2,03/14/2024 05:48:39 PM,03/14/2024 06:01:36 PM,N,1,75,263,1,1.65,12.8,2.5,0.5,3.32,0,,1,22.87,1,1,2.75
2,01/14/2024 01:25:57 PM,01/14/2024 01:31:41 PM,N,1,74,75,1,1.48,8.6,0,0.5,1.25,0,,0.3,10.65,1,1,0
2,12/03/2024 09:22:56 AM,12/03/2024 09:40:52 AM,N,1,74,244,1,2.69,17.7,0,0.5,3.84,0,,1,23.04,1,1,0
2,02/28/2024 12:36:47 PM,02/28/2024 01:03:04 PM,N,1,244,237,1,6.32,33.1,0,0.5,7.47,0,,1,44.82,1,1,2.75
2,08/14/2024 10:21:40 PM,08/14/2024 11:00:37 PM,N,1,65,14,1,6.4,38.7,1,0.5,8.24,0,,1,49.44,1,1,0
2,12/03/2024 10:21:56 PM,12/03/2024 10:42:02 PM,N,1,66,113,5,3.86,21.9,1,0.5,5.43,0,,1,32.58,1,1,2.75
2,04/12/2024 07:48:20 PM,04/12/2024 07:54:04 PM,N,1,75,42,1,1.66,9.3,2.5,0.5,2.66,0,,1,15.96,1,1,0
2,05/30/2024 09:35:16 AM,05/30/2024 09:44:13 AM,N,1,75,41,2,1.13,10,0,0.5,2.3,0,,1,13.8,1,1,0
2,03/02/2024 08:56:11 PM,03/02/2024 09:09:21 PM,N,1,260,129,1,1.9,13.5,1,0.5,3.2,0,,1,19.2,1,1,0
2,11/14/2024 07:55:37 PM,11/14/2024 08:08:03 PM,N,1,75,237,1,1.7,13.5,2.5,0.5,5.06,0,,1,25.31,1,1,2.75
2,06/04/2024 07:54:07 PM,06/04/2024 08:04:08 PM,N,1,74,236,1,1.7,11.4,2.5,0.5,3.49,0,,0.3,20.94,1,1,2.75
1,01/09/2024 06:01:18 PM,01/09/2024 06:14:01 PM,N,1,97,52,1,1.7,12.8,2.5,1.5,3.35,0,,1,20.15,1,1,0
2,05/18/2024 12:10:42 PM,05/18/2024 12:30:54 PM,N,1,65,37,1,3.32,20.5,0,0.5,4.4,0,,1,26.4,1,1,0
2,02/19/2024 10:44:09 PM,02/19/2024 10:50:15 PM,N,1,95,95,1,0,7.2,1,0.5,0,0,,1,9.7,2,1,0
2,10/23/2024 06:54:00 AM,10/23/2024 07:29:00 AM,,,129,130,,0,37.43,0,0.5,0,0,,1,38.93,,,
2,06/03/2024 06:07:09 PM,06/03/2024 06:22:21 PM,N,1,166,142,2,2.45,16.3,2.5,0.5,3.5,0,,1,26.55,1,1,2.75
2,09/03/2024 06:21:58 PM,09/03/2024 06:30:13 PM,N,1,74,75,2,1.32,9.3,2.5,0.5,1.06,0,,1,14.36,1,1,0
2,10/26/2024 03:40:48 PM,10/26/2024 04:07:12 PM,N,1,92,134,2,5.68,31.7,0,0.5,0,0,,1,33.2,2,1,0
2,01/26/2024 09:08:47 AM,01/26/2024 09:17:21 AM,N,1,95,95,1,1.17,10,0,0.5,0,0,,1,11.5,2,1,0
1,01/30/2024 06:58:31 PM,01/30/2024 07:20:09 PM,Y,1,244,41,1,4.8,24,2.5,1.5,7,0,,1,35,1,1,0
2,12/21/2024 07:18:31 AM,12/21/2024 07:21:57 AM,N,1,75,74,1,1.34,7.2,0,0.5,2,0,,1,10.7,1,1,0
2,05/15/2024 09:38:00 AM,05/15/2024 10:00:00 AM,,,66,234,,3.66,28.33,0,0,6.32,0,,1,38.4,,,
2,04/08/2024 04:56:02 PM,04/08/2024 05:01:21 PM,N,1,134,134,1,0.69,7.2,2.5,0.5,2.24,0,,1,13.44,1,1,0
2,11/07/2024 10:06:59 AM,11/07/2024 10:16:11 AM,N,1,82,138,1,3.91,17.7,5,0.5,1,0,,1,25.2,1,1,0
2,06/08/2024 05:05:36 PM,06/08/2024 05:14:49 PM,N,1,82,138,5,3.71,17,5,0.5,4.7,0,,1,28.2,1,1,0
2,01/14/2024 09:47:02 PM,01/14/2024 10:05:05 PM,N,1,66,68,1,4.71,24,1,0.5,5.85,0,,1,35.1,1,1,2.75
2,05/01/2024 02:10:15 PM,05/01/2024 02:50:23 PM,N,1,181,41,1,12.22,54.1,0,0.5,0,0,,1,58.35,2,1,2.75
2,02/21/2024 09:34:00 AM,02/21/2024 09:55:00 AM,,,168,74,,2.41,20.46,0,0,0,0,,1,21.46,,,
2,05/22/2024 06:52:18 PM,05/22/2024 07:03:03 PM,N,1,166,42,1,1.97,11.4,2.5,0.5,0,0,,1,15.4,2,1,0
2,05/17/2024 12:44:08 PM,05/17/2024 12:54:32 PM,N,1,166,239,1,2.1,12.1,0,0.5,0,0,,1,16.35,2,1,2.75
2,11/04/2024 10:57:43 PM,11/04/2024 11:04:14 PM,N,1,179,179,1,1.14,7.9,1,0.5,2.08,0,,1,12.48,1,1,0
2,03/04/2024 07:25:21 AM,03/04/2024 07:32:40 AM,N,1,116,42,1,1.46,10,0,0.5,0,0,,1,11.5,2,1,0
2,04/19/2024 03:48:29 PM,04/19/2024 04:14:14 PM,N,1,43,161,1,2.35,22.6,0,0.5,4,0,,1,30.85,1,1,2.75
2,06/12/2024 01:37:32 PM,06/12/2024 01:58:33 PM,N,1,75,75,6,2.32,19.8,0,0.5,1.68,0,,1,25.73,1,1,2.75
2,11/16/2024 01:08:15 PM,11/16/2024 01:16:22 PM,N,1,75,74,5,1.78,10.7,0,0.5,2,0,,1,14.2,1,1,0
2,05/01/2024 03:41:19 PM,05/01/2024 03:51:21 PM,N,1,75,236,1,1.1,10.7,0,0.5,2.99,0,,1,17.94,1,1,2.75
2,05/14/2024 09:22:10 AM,05/14/2024 09:29:07 AM,N,1,41,116,1,1.44,9.3,0,0.5,3.24,0,,1,14.04,1,1,0
2,09/16/2024 02:29:30 PM,09/16/2024 02:35:48 PM,N,1,75,236,1,1.69,9.3,0,0.5,0,0,,1,13.55,2,1,2.75
1,11/12/2024 11:07:51 AM,11/12/2024 11:19:33 AM,N,1,95,121,1,2.1,13.5,0,1.5,0,0,,1,15,2,1,0
2,10/26/2024 11:13:12 PM,10/26/2024 11:21:13 PM,N,1,82,129,2,1.17,9.3,1,0.5,0.2,0,,1,12,1,1,0
2,06/07/2024 03:36:59 PM,06/07/2024 03:52:00 PM,N,1,75,263,1,1.57,14.2,0,0.5,0.88,0,,1,19.33,1,1,2.75
2,04/29/2024 05:46:55 PM,04/29/2024 06:15:43 PM,N,1,82,92,1,6.93,32.4,2.5,0.5,10.92,0,,1,47.32,1,1,0
2,10/29/2024 05:28:10 PM,10/29/2024 05:51:25 PM,N,1,75,229,1,3.72,22.6,2.5,0.5,5.87,0,,1,35.22,1,1,2.75
2,05/16/2024 08:49:22 AM,05/16/2024 08:58:19 AM,N,1,75,24,1,0.93,10,0,0.5,1,0,,1,12.5,1,1,0
2,03/11/2024 09:29:01 AM,03/11/2024 09:38:43 AM,N,1,152,238,1,2.89,14.2,0,0.5,2,0,,1,20.45,1,1,2.75
2,11/11/2024 09:26:05 AM,11/11/2024 09:44:10 AM,N,1,74,140,1,3.95,22.6,0,0.5,5.37,0,,1,32.22,1,1,2.75
2,05/24/2024 09:20:59 AM,05/24/2024 09:38:20 AM,N,1,75,42,1,2.39,17,0,0.5,1,0,,1,19.5,1,1,0
2,11/23/2024 09:35:29 PM,11/23/2024 09:45:45 PM,N,1,74,236,1,2.06,12.1,1,0.5,3,0,,1,20.35,1,1,2.75
2,06/10/2024 06:52:34 PM,06/10/2024 06:58:37 PM,N,1,129,129,1,1.13,7.9,2.5,0.5,1,0,,1,12.9,1,1,0
2,06/27/2024 11:15:29 AM,06/27/2024 11:41:43 AM,N,1,75,237,1,2.7,23.3,0,0.5,0,0,,0.3,26.85,2,1,2.75
2,11/03/2024 11:11:31 AM,11/03/2024 11:17:47 AM,N,1,74,75,1,1.55,9.3,0,0.5,2.16,0,,1,12.96,1,1,0
2,03/02/2024 03:47:53 PM,03/02/2024 03:54:12 PM,N,1,74,41,1,0.9,7.9,0,0.5,0,0,,1,9.4,2,1,0
2,12/23/2024 01:07:54 PM,12/23/2024 01:29:07 PM,N,1,41,237,1,2.36,19.8,0,0.5,4.81,0,,1,28.86,1,1,2.75
2,01/18/2024 09:18:08 PM,01/18/2024 09:32:01 PM,N,1,75,224,1,4.96,22.6,1,0.5,0,0,,1,27.85,2,1,2.75
2,08/28/2024 09:19:21 PM,08/28/2024 09:26:14 PM,N,1,129,83,1,1.02,6.5,0.5,0.5,0,0,,0.3,7.8,2,1,0
2,08/24/2024 06:00:56 PM,08/24/2024 06:36:18 PM,N,2,74,132,3,16.72,70,0,0.5,15.69,6.94,,1,94.13,1,1,0
2,11/22/2024 08:33:32 AM,11/22/2024 08:52:16 AM,,,112,226,,3.79,15.18,0,0.5,0,0,,1,16.68,,,
2,06/04/2024 08:14:51 PM,06/04/2024 08:20:43 PM,N,1,74,41,1,0.8,7.9,1,0.5,2.08,0,,1,12.48,1,1,0
2,04/18/2024 05:08:09 PM,04/18/2024 05:30:21 PM,N,1,75,143,1,3.26,21.2,2.5,0.5,5.59,0,,1,33.54,1,1,2.75
1,09/03/2024 08:47:46 AM,09/03/2024 09:03:11 AM,N,1,74,238,1,2.3,14.2,2.75,1.5,3.65,0,,1,22.1,1,1,2.75
2,09/15/2024 01:03:36 PM,09/15/2024 01:14:47 PM,N,1,74,236,1,2.04,13.5,0,0.5,0,0,,1,17.75,2,1,2.75
2,09/13/2024 10:33:33 PM,09/13/2024 10:42:56 PM,N,1,97,17,1,1.52,10,1,0.5,0,0,,1,12.5,2,1,0
2,09/23/2024 10:58:46 AM,09/23/2024 11:42:53 AM,N,5,65,132,1,20.08,80,0,0,16.2,0,,1,97.2,1,1,0
2,12/12/2024 02:25:35 PM,12/12/2024 02:30:24 PM,N,1,33,33,1,0.34,5.8,0,0.5,1.46,0,,1,8.76,1,1,0
2,02/14/2024 12:42:46 PM,02/14/2024 01:14:14 PM,N,1,190,138,1,12.46,52.7,5,0.5,11.84,0,,1,71.04,1,1,0
2,11/09/2024 01:07:00 PM,11/09/2024 02:24:00 PM,,,71,43,,15.66,72.31,0,0.5,0,0,,1,76.56,,,
2,09/21/2024 08:42:07 PM,09/21/2024 09:46:40 PM,N,1,226,83,1,7.38,59,1,0.5,0,0,,1,61.5,2,1,0
2,05/30/2024 09:37:31 AM,05/30/2024 09:49:21 AM,N,1,74,151,1,2.25,13.5,0,0.5,3,0,,1,18,1,1,0
2,09/12/2024 07:13:29 AM,09/12/2024 07:20:31 AM,N,1,74,74,1,0.74,7.9,0,0.5,0,0,,1,9.4,1,1,0
2,10/15/2024 05:13:51 PM,10/15/2024 05:37:48 PM,N,1,75,237,1,2.46,21.9,2.5,0.5,5.73,0,,1,34.38,1,1,2.75
2,02/12/2024 03:30:36 PM,02/12/2024 03:56:45 PM,N,1,43,158,1,6.48,33.1,0,0.5,7.47,0,,1,44.82,1,1,2.75
2,01/23/2024 03:30:42 PM,01/23/2024 03:52:20 PM,N,1,74,138,1,6.69,31,5,0.5,8.89,6.94,,1,53.33,1,1,0
2,02/29/2024 01:59:19 PM,02/29/2024 02:38:13 PM,N,1,56,82,1,2.38,31.7,0,0.5,0,0,,1,33.2,2,1,0
2,05/07/2024 11:35:53 AM,05/07/2024 12:29:14 PM,N,1,243,236,1,5.45,47.1,0,0.5,15.4,0,,1,66.75,1,1,2.75
2,12/19/2024 02:10:22 PM,12/19/2024 02:39:37 PM,N,1,24,230,1,3.43,26.1,0,0.5,6.07,0,,1,36.42,1,1,2.75
2,07/26/2024 03:38:49 PM,07/26/2024 04:00:18 PM,N,1,74,239,1,2.8,20.5,0,0.5,3.71,0,,1,28.46,1,1,2.75
2,12/06/2024 12:19:03 AM,12/06/2024 12:32:28 AM,N,1,130,219,1,5.25,23.3,1,0.5,0,0,,1,25.8,2,1,0
1,06/04/2024 04:59:09 PM,06/04/2024 05:24:01 PM,N,1,74,140,1,3.2,23.3,5.25,1.5,5,0,,1,35.05,1,1,2.75
2,07/03/2024 09:23:18 PM,07/03/2024 10:01:53 PM,N,5,168,42,1,6.92,11,0,0,0,0,,1,12,2,2,0
2,01/23/2024 08:45:28 PM,01/23/2024 08:55:13 PM,N,1,130,130,1,1.73,11.4,1,0.5,2.78,0,,1,16.68,1,1,0
2,05/04/2024 02:37:00 PM,05/04/2024 02:46:00 PM,,,75,263,,0.95,12.24,0,0,1.55,0,,1,17.54,,,
2,09/24/2024 11:03:39 PM,09/24/2024 11:07:02 PM,N,1,75,75,2,0.73,5.8,1,0.5,2.08,0,,1,10.38,1,1,0
2,09/16/2024 11:01:57 AM,09/16/2024 11:17:49 AM,N,1,97,97,2,1.28,14.2,0,0.5,1,0,,1,16.7,1,1,0
2,12/30/2024 02:05:00 PM,12/30/2024 02:36:00 PM,,,52,225,,"55,951.33",28.63,0,0,0,0,,1,29.63,,,
2,02/15/2024 06:44:07 PM,02/15/2024 06:57:41 PM,N,1,92,53,1,2.78,15.6,2.5,0.5,5.88,0,,1,25.48,1,1,0
2,04/06/2024 12:43:07 PM,04/06/2024 12:51:48 PM,N,1,226,226,1,1.19,10,0,0.5,1,0,,1,12.5,1,1,0
2,01/24/2024 06:10:32 PM,01/24/2024 07:24:27 PM,N,1,66,200,1,19.6,83.5,2.5,0.5,18.05,0,,1,108.3,1,1,2.75
2,09/12/2024 10:59:40 AM,09/12/2024 11:09:22 AM,N,1,74,43,1,1.38,11.4,0,0.5,0,0,,1,12.9,2,1,0
2,04/02/2024 09:54:55 PM,04/02/2024 10:01:05 PM,N,1,166,151,2,1.24,8.6,1,0.5,2.22,0,,1,13.32,1,1,0
2,10/17/2024 04:59:41 PM,10/17/2024 05:11:46 PM,N,1,97,49,1,1.63,12.8,2.5,0.5,5.04,0,,1,21.84,1,1,0
2,08/06/2024 03:08:06 PM,08/06/2024 03:18:39 PM,N,1,74,42,1,1.21,10.7,0,0.5,0,0,,1,12.2,2,1,0
2,03/25/2024 10:31:05 AM,03/25/2024 10:43:50 AM,N,1,236,237,4,1.97,13.5,0,0.5,0,0,,1,17.75,2,1,2.75
2,01/25/2024 12:32:36 PM,01/25/2024 12:41:01 PM,N,1,82,56,1,1.19,9.3,0,0.5,0,0,,1,10.8,2,1,0
2,08/30/2024 12:13:40 AM,08/30/2024 12:17:57 AM,N,1,42,42,1,0.32,5.1,1,0.5,0,0,,1,7.6,4,1,0
2,03/30/2024 02:36:13 PM,03/30/2024 02:56:03 PM,N,1,74,244,2,3.56,21.2,0,0.5,0,0,,1,22.7,1,1,0
2,04/19/2024 05:30:12 PM,04/19/2024 05:41:50 PM,N,1,74,166,1,1.77,12.8,2.5,0.5,3.36,0,,1,20.16,1,1,0
2,01/21/2024 01:16:28 PM,01/21/2024 01:27:19 PM,N,1,75,236,2,1.78,12.1,0,0.5,1.65,0,,1,18,1,1,2.75
2,05/05/2024 01:56:50 PM,05/05/2024 02:13:28 PM,N,1,65,107,1,5.2,24.7,0,0.5,5.79,0,,1,34.74,1,1,2.75
1,06/03/2024 02:20:06 PM,06/03/2024 02:26:05 PM,N,1,62,61,1,0,15.5,0,1.5,0,0,,1,17,1,1,0
1,11/01/2024 04:35:18 PM,11/01/2024 04:44:02 PM,N,1,97,181,2,0.8,9.3,2.5,1.5,0,0,,1,13.3,2,1,0
2,05/31/2024 06:39:46 PM,05/31/2024 07:14:24 PM,N,1,244,141,1,7.88,38,2.5,0.5,8.95,0,,1,53.7,1,1,2.75
2,09/24/2024 03:22:28 PM,09/24/2024 03:39:15 PM,N,1,74,43,1,2.14,16.3,0,0.5,4.11,0,,1,24.66,1,1,2.75
2,07/27/2024 09:07:27 AM,07/27/2024 09:24:47 AM,N,1,74,50,1,5.18,25.4,0,0.5,1,0,,1,30.65,1,1,2.75
2,03/06/2024 05:42:00 PM,03/06/2024 05:47:29 PM,N,1,42,116,1,0.72,7.2,2.5,0.5,0,0,,1,11.2,2,1,0
2,12/21/2024 02:42:23 PM,12/21/2024 02:53:24 PM,N,1,83,138,1,4.18,18.4,5,0.5,4.98,0,,1,29.88,1,1,0
1,07/18/2024 08:19:04 AM,07/18/2024 08:24:49 AM,N,1,166,151,3,1.1,7.9,0,1.5,1.85,0,,1,11.25,1,1,0
2,07/20/2024 11:52:50 PM,07/20/2024 11:59:52 PM,N,1,41,74,1,1.01,8.6,1,0.5,2,0,,1,13.1,1,1,0
2,02/14/2024 05:47:39 PM,02/14/2024 05:51:48 PM,N,1,43,151,1,0.84,6.5,2.5,0.5,0,0,,1,10.5,2,1,0
1,07/16/2024 10:40:48 PM,07/16/2024 11:00:42 PM,N,1,66,114,1,3.2,18.4,3.75,1.5,4.7,0,,1,28.35,1,1,2.75
2,09/18/2024 08:56:59 AM,09/18/2024 09:09:08 AM,N,1,74,43,1,1.39,12.1,0,0.5,2,0,,1,15.6,1,1,0
2,04/08/2024 04:14:24 PM,04/08/2024 04:32:19 PM,N,1,129,95,1,2.36,17,2.5,0.5,0,0,,1,21,2,1,0
2,11/07/2024 07:34:21 AM,11/07/2024 07:42:20 AM,N,1,74,75,2,1.45,10,0,0.5,2.88,0,,1,14.38,1,1,0
2,07/15/2024 10:24:51 PM,07/15/2024 10:39:40 PM,N,1,48,224,1,2.3,15.6,1,0.5,4.12,0,,1,24.72,1,1,2.5
2,08/11/2024 07:05:04 PM,08/11/2024 07:05:16 PM,N,1,82,82,1,0,3,0,0.5,0,0,,1,4.5,2,1,0
2,08/25/2024 09:28:15 PM,08/25/2024 09:35:08 PM,N,1,134,134,1,1.13,8.6,1,0.5,2.22,0,,1,13.32,1,1,0
2,04/08/2024 11:07:03 PM,04/08/2024 11:17:33 PM,N,1,75,141,1,2.32,13.5,1,0.5,0,0,,1,18.75,2,1,2.75
2,02/08/2024 02:14:22 PM,02/08/2024 02:25:52 PM,N,1,43,263,2,1.38,12.1,0,0.5,3.27,0,,1,19.62,1,1,2.75
2,04/25/2024 07:35:55 PM,04/25/2024 07:41:39 PM,N,1,134,135,1,1.03,7.9,2.5,0.5,0,0,,1,11.9,1,1,0
2,04/12/2024 05:50:09 PM,04/12/2024 05:54:20 PM,N,1,75,236,1,0.53,6.5,2.5,0.5,1,0,,1,14.25,1,1,2.75
2,09/16/2024 11:25:43 AM,09/16/2024 11:38:22 AM,N,1,74,152,1,1.82,13.5,0,0.5,0,0,,0.3,14.3,2,1,0
2,09/17/2024 09:41:00 AM,09/17/2024 09:49:00 AM,,,145,193,,1.76,13.66,0,0,1,0,,1,15.66,,,
1,03/27/2024 08:45:12 AM,03/27/2024 09:23:36 AM,N,1,200,161,1,0,39.5,0,1.5,0,3.18,,1,44.18,1,1,0
2,05/05/2024 05:37:36 PM,05/05/2024 06:30:53 PM,N,2,75,132,2,18.78,70,0,0.5,15.69,6.94,,1,94.13,1,1,0
1,07/25/2024 07:41:35 AM,07/25/2024 07:55:14 AM,N,1,166,75,1,2.4,15.6,0,1.5,0,0,,1,17.1,1,1,0
1,07/06/2024 08:08:34 PM,07/06/2024 08:22:02 PM,N,1,129,226,1,2.1,14.9,1,1.5,0,0,,1,17.4,2,1,0
2,02/29/2024 08:35:07 PM,02/29/2024 08:47:58 PM,N,1,75,143,1,3,15.6,1,0.5,1.46,0,,1,22.31,1,1,2.75
2,03/29/2024 12:17:00 AM,03/29/2024 12:36:00 AM,,,255,49,,3.48,18.66,0,0,1.92,0,,1,21.58,,,
2,12/07/2024 08:27:28 PM,12/07/2024 08:45:13 PM,N,1,41,43,1,3.33,19.8,1,0.5,5.01,0,,1,30.06,1,1,2.75
2,11/01/2024 10:37:36 PM,11/01/2024 10:58:18 PM,N,1,82,53,1,7.98,35.9,1,0.5,0,0,,1,38.4,2,1,0
2,12/19/2024 12:54:59 PM,12/19/2024 12:55:39 PM,N,1,41,41,1,0.17,3,0,0.5,0,0,,1,4.5,2,1,0
2,01/16/2024 12:05:02 PM,01/16/2024 12:27:20 PM,N,1,43,233,1,3.82,24,0,0.5,5.65,0,,1,33.9,1,1,2.75
2,05/19/2024 02:15:39 PM,05/19/2024 02:32:06 PM,N,1,74,237,1,2.96,17.7,0,0.5,0,0,,1,21.95,2,1,2.75
1,10/01/2024 05:59:13 PM,10/01/2024 06:27:22 PM,N,1,152,237,1,5.1,25.4,5.25,1.5,0,0,,1,32.15,2,1,2.75
2,12/16/2024 10:50:59 PM,12/16/2024 11:13:38 PM,N,1,97,228,1,3.74,24,1,0.5,5.3,0,,1,31.8,1,1,0
2,03/18/2024 10:13:00 AM,03/18/2024 10:33:00 AM,,,75,161,,4.54,26.73,0,0,6.1,0,,1,36.58,,,
2,10/15/2024 08:35:43 AM,10/15/2024 08:47:42 AM,N,1,74,152,1,1.54,12.1,0,0.5,1,0,,1,14.6,1,1,0
2,09/15/2024 02:12:03 PM,09/15/2024 02:21:25 PM,N,1,247,247,1,0.31,9.3,0,0.5,0,0,,1,10.8,2,1,0
2,09/06/2024 04:39:04 PM,09/06/2024 05:08:39 PM,N,1,66,229,1,6.93,33.8,2.5,0.5,8.11,0,,1,48.66,1,1,2.75
2,09/20/2024 04:08:00 PM,09/20/2024 05:02:00 PM,,,52,138,,12.22,56.42,0,0,5.69,0,,1,63.11,,,
2,04/26/2024 08:56:21 AM,04/26/2024 09:13:31 AM,N,1,74,244,6,4.49,22.6,0,0.5,4.82,0,,1,28.92,1,1,0
1,02/12/2024 03:16:41 PM,02/12/2024 03:20:22 PM,N,1,52,40,1,0.6,5.8,0,1.5,0,0,,1,7.3,3,1,0
2,08/05/2024 02:07:28 PM,08/05/2024 02:14:34 PM,N,1,65,181,2,1.26,9.3,0,0.5,2.16,0,,1,12.96,1,1,0
2,04/12/2024 01:02:06 PM,04/12/2024 01:17:38 PM,N,1,97,49,1,0.95,13.5,0,0.5,3.75,0,,1,18.75,1,1,0
2,02/06/2024 04:31:46 PM,02/06/2024 05:03:56 PM,N,1,75,69,1,3.16,27.5,2.5,0.5,3,0,,1,34.5,1,1,0
2,09/24/2024 06:36:17 PM,09/24/2024 06:36:22 PM,N,5,95,95,1,0,50,0,0,0.05,0,,1,51.05,1,2,0
2,08/09/2024 02:39:44 PM,08/09/2024 02:55:02 PM,N,1,74,140,1,3.31,17.7,0,0.5,3,0,,1,24.95,1,1,2.75
2,06/18/2024 03:43:57 PM,06/18/2024 03:51:30 PM,N,1,75,74,5,1.28,9.3,0,0.5,0,0,,1,10.8,2,1,0
2,10/31/2024 12:07:45 PM,10/31/2024 12:15:28 PM,N,1,244,243,1,0.84,8.6,0,0.5,0,0,,1,10.1,2,1,0
2,03/09/2024 09:29:37 PM,03/09/2024 09:35:45 PM,N,1,74,42,1,0.9,7.9,1,0.5,1.1,0,,1,11.5,1,1,0
2,09/08/2024 07:09:04 PM,09/08/2024 07:17:21 PM,N,1,7,7,1,0.96,8.6,0,0.5,0,0,,1,10.1,1,1,0
1,02/29/2024 07:35:40 PM,02/29/2024 08:15:13 PM,N,1,41,28,1,0,39.5,0,1.5,0,6.94,,1,47.94,1,1,0
2,05/30/2024 02:13:30 PM,05/30/2024 02:19:06 PM,N,1,7,7,1,0.91,7.2,0,0.5,0,0,,1,8.7,2,1,0
2,02/22/2024 07:12:09 PM,02/22/2024 07:26:57 PM,N,1,74,238,1,3.16,17,2.5,0.5,4,0,,1,27.75,1,1,2.75
2,07/27/2024 06:05:08 PM,07/27/2024 06:32:23 PM,N,1,75,33,1,9.74,41.5,0,0.5,9.15,0,,1,54.9,1,1,2.75
2,07/17/2024 10:52:41 PM,07/17/2024 10:57:20 PM,N,1,223,223,1,0.74,6.5,1,0.5,2.25,0,,1,11.25,1,1,0
1,11/17/2024 01:16:05 PM,11/17/2024 01:29:02 PM,N,1,65,61,0,2.2,14.9,0,1.5,2,0,,1,18.4,1,1,0
2,05/08/2024 05:55:25 PM,05/08/2024 05:59:52 PM,N,1,74,74,1,0.45,5.8,2.5,0.5,0,0,,0.3,9.1,2,1,0
2,05/04/2024 01:13:07 PM,05/04/2024 01:42:19 PM,N,1,126,41,1,3.35,26.8,0,0.5,0,0,,1,28.3,2,1,0
2,10/23/2024 08:25:33 PM,10/23/2024 08:40:30 PM,N,1,130,205,1,3.17,17.7,1,0.5,4.04,0,,1,24.24,1,1,0
2,11/10/2024 11:42:08 AM,11/10/2024 11:56:00 AM,N,1,41,263,6,2.83,16.3,0,0.5,2,0,,1,22.55,1,1,2.75
2,07/03/2024 10:57:00 AM,07/03/2024 10:57:00 AM,,,138,138,,0,19.27,0,0,3.95,0,,1,24.22,,,
2,01/23/2024 03:30:17 PM,01/23/2024 03:34:03 PM,N,1,43,151,1,0.87,6.5,0,0.5,2,0,,1,10,1,1,0
2,06/18/2024 01:35:50 PM,06/18/2024 01:44:26 PM,N,1,75,151,1,1.32,10,0,0.5,2.3,0,,1,13.8,1,1,0
2,11/25/2024 09:08:22 PM,11/25/2024 09:11:49 PM,N,1,33,40,1,0.84,5.8,1,0.5,1.66,0,,1,9.96,1,1,0
2,04/11/2024 12:35:16 PM,04/11/2024 12:45:01 PM,N,1,74,141,1,2.46,13.5,0,0.5,3.55,0,,1,21.3,1,1,2.75
2,07/08/2024 09:05:31 AM,07/08/2024 09:23:11 AM,N,1,129,193,1,3.57,19.1,0,0.5,1,0,,1,21.6,1,1,0
2,02/12/2024 03:48:13 PM,02/12/2024 04:00:56 PM,N,1,82,138,5,3.76,19.1,5,0.5,5.12,0,,1,30.72,1,1,0
2,01/09/2024 12:58:58 AM,01/09/2024 01:12:53 AM,N,1,75,235,1,5.71,24,1,0.5,5,0,,1,31.5,1,1,0
2,12/11/2024 11:02:10 AM,12/11/2024 11:14:17 AM,N,1,129,196,1,2.86,14.9,0,0.5,0,0,,1,16.4,2,1,0
2,10/23/2024 12:35:00 PM,10/23/2024 01:05:00 PM,,,7,82,,3.8,25.53,0,0.5,5.41,0,,1,32.44,,,
2,04/06/2024 08:04:18 AM,04/06/2024 08:09:23 AM,N,1,166,166,1,1.05,7.9,0,0.5,1,0,,1,10.4,1,1,0
2,03/14/2024 04:55:28 PM,03/14/2024 05:04:38 PM,N,1,74,74,1,0.81,10,2.5,0.5,0,0,,1,14,2,1,0
2,01/23/2024 09:39:20 AM,01/23/2024 10:52:11 AM,N,1,82,226,2,9.32,63.2,0,0.5,12.94,0,,1,77.64,1,1,0
2,06/12/2024 04:38:55 PM,06/12/2024 04:53:02 PM,N,1,75,74,1,1.5,11.4,2.5,0.5,0,0,,1,15.4,2,1,0
2,11/07/2024 07:36:44 PM,11/07/2024 07:44:38 PM,N,1,75,74,1,1.17,8.6,2.5,0.5,0,0,,1,12.6,2,1,0
2,02/25/2024 08:50:00 PM,02/25/2024 08:55:46 PM,N,1,33,33,1,0.99,7.2,1,0.5,1.94,0,,1,11.64,1,1,0
2,12/10/2024 08:50:17 AM,12/10/2024 09:10:29 AM,N,1,74,151,1,2.34,19.1,0,0.5,4.12,0,,1,24.72,1,1,0
1,08/08/2024 08:47:25 AM,08/08/2024 09:08:55 AM,N,1,74,141,1,3.1,21.2,2.75,1.5,5.05,0,,1,30.5,1,1,2.75
2,12/19/2024 11:50:22 PM,12/20/2024 12:01:57 AM,N,1,95,95,1,1.62,11.4,1,0.5,0,0,,1,13.9,2,1,0
2,09/26/2024 06:58:55 PM,09/26/2024 07:22:03 PM,N,1,75,247,1,4.05,24,2.5,0.5,0,0,,1,28,2,1,0
2,10/29/2024 11:31:16 PM,10/29/2024 11:44:16 PM,N,1,166,142,1,2.79,16.3,1,0.5,4.26,0,,1,25.56,1,1,2.5
1,01/26/2024 07:30:42 AM,01/26/2024 07:40:22 AM,N,1,41,75,1,1.3,10,0,1.5,2.3,0,,1,13.8,1,1,0
2,12/31/2024 03:15:23 PM,12/31/2024 03:26:21 PM,N,1,95,135,1,2.07,12.8,0,0.5,2,0,,1,16.3,1,1,0
1,10/07/2024 06:53:40 PM,10/07/2024 07:11:42 PM,N,1,65,133,3,3.9,20.5,2.5,1.5,4.9,0,,1,29.4,1,1,0
2,12/27/2024 02:53:39 PM,12/27/2024 02:55:19 PM,N,1,166,166,1,0.61,5.1,0,0.5,1.32,0,,1,7.92,1,1,0
2,04/24/2024 03:10:09 PM,04/24/2024 03:18:44 PM,N,1,75,74,1,1.33,10,0,0.5,0,0,,1,11.5,2,1,0
2,03/20/2024 10:52:00 AM,03/20/2024 10:54:42 AM,N,1,74,41,1,0.36,4.4,0,0.5,1.18,0,,1,7.08,1,1,0
2,03/05/2024 08:46:00 AM,03/05/2024 08:57:00 AM,,,74,75,,1.41,13.82,0,0,1.48,0,,1,16.3,,,
2,06/01/2024 03:29:00 PM,06/01/2024 03:46:00 PM,,,17,255,,2.34,20.92,0,0,2.14,0,,1,24.06,,,
1,05/29/2024 08:14:20 AM,05/29/2024 08:17:24 AM,,,166,151,,0.6,5.8,0,0.5,1.1,0,,1,8.4,,,
1,06/28/2024 04:54:31 PM,06/28/2024 04:57:44 PM,N,1,75,75,0,0.7,5.8,2.5,1.5,1.95,0,,1,11.75,1,1,0
2,04/04/2024 07:18:30 AM,04/04/2024 07:37:52 AM,N,1,134,138,1,6.06,26.1,5,0.5,6.52,0,,1,39.12,1,1,0
2,12/30/2024 10:29:59 AM,12/30/2024 10:35:17 AM,N,1,75,236,6,1,7.2,0,0.5,2.29,0,,1,13.74,1,1,2.75
2,07/06/2024 01:22:26 AM,07/06/2024 01:45:53 AM,N,1,36,87,1,6,29.6,1,0.5,6.97,0,,1,41.82,1,1,2.75
2,06/14/2024 04:52:06 PM,06/14/2024 05:10:30 PM,N,1,256,255,1,1.27,16.3,2.5,0.5,0,0,,1,20.3,1,1,0
1,08/19/2024 09:38:26 PM,08/19/2024 09:43:15 PM,N,1,210,210,1,1,7.2,1,1.5,2.9,0,,1,12.6,1,1,0
1,01/30/2024 03:54:52 PM,01/30/2024 04:08:27 PM,N,1,75,42,1,2.3,14.2,0,1.5,3.9,0,,1,19.6,1,1,0
2,01/20/2024 05:38:38 AM,01/20/2024 05:51:09 AM,N,1,260,145,2,2.51,14.9,1,0.5,0,0,,1,17.4,2,1,0
2,12/24/2024 07:41:00 PM,12/24/2024 08:05:00 PM,,,7,138,,7.64,23.21,0,0.5,6.18,0,,1,30.89,,,
2,04/25/2024 08:58:28 AM,04/25/2024 09:17:12 AM,N,1,134,63,1,4.42,21.2,0,0.5,0,0,,1,22.7,2,1,0
2,12/04/2024 08:31:15 AM,12/04/2024 08:52:36 AM,N,1,43,162,1,2.4,19.1,0,0.5,4.67,0,,1,28.02,1,1,2.75
2,10/31/2024 07:38:31 PM,10/31/2024 07:44:53 PM,N,1,75,24,5,1.27,8.6,2.5,0.5,2.52,0,,1,15.12,1,1,0
2,04/02/2024 02:02:36 PM,04/02/2024 02:32:39 PM,N,1,75,138,1,8.53,39.4,5,0.5,10.57,6.94,,1,63.41,1,1,0
2,05/14/2024 02:52:10 PM,05/14/2024 02:56:19 PM,N,1,75,74,1,1.46,7.9,2.5,0.5,2.98,0,,1,14.88,1,1,0
1,02/07/2024 08:26:52 AM,02/07/2024 08:52:25 AM,N,1,131,252,1,0,31.5,0,1.5,0,0,,1,33,1,1,0
2,04/22/2024 01:25:05 AM,04/22/2024 01:31:51 AM,N,1,223,7,1,1.34,8.6,1,0.5,2.22,0,,1,13.32,1,1,0
1,09/04/2024 12:37:54 PM,09/04/2024 12:51:45 PM,N,1,244,74,1,3.5,17,0,1.5,4,0,,1,22.5,1,1,0
2,06/24/2024 12:01:43 AM,06/24/2024 12:31:06 AM,N,5,80,48,2,7.13,70,0,0,0,0,,1,73.75,1,2,2.75
2,02/29/2024 05:53:30 PM,02/29/2024 06:51:38 PM,N,1,92,56,1,7.99,51.3,2.5,0.5,0,0,,1,55.3,2,1,0
2,08/12/2024 05:34:30 AM,08/12/2024 05:51:51 AM,N,1,74,230,1,4.56,22.6,1,0.5,2,0,,1,29.85,1,1,2.75
2,01/08/2024 03:58:30 PM,01/08/2024 04:09:35 PM,N,1,75,24,1,1.43,11.4,0,0.5,0,0,,1,12.9,2,1,0
2,07/31/2024 06:28:34 PM,07/31/2024 06:56:46 PM,N,1,74,142,1,4.3,27.5,2.5,0.5,10.28,0,,1,44.53,1,1,2.75
2,11/20/2024 02:43:14 PM,11/20/2024 02:51:00 PM,N,1,132,10,1,1.56,10,0,0.5,0,0,,1,11.5,2,1,0
2,04/15/2024 09:20:35 AM,04/15/2024 09:40:04 AM,N,1,74,236,1,1.99,17.7,0,0.5,4.39,0,,1,26.34,1,1,2.75
1,04/04/2024 05:37:36 PM,04/04/2024 05:50:28 PM,N,1,42,151,1,1.7,13.5,2.5,1.5,0,0,,1,17.5,2,1,0
1,02/01/2024 06:57:58 AM,02/01/2024 07:03:54 AM,N,1,74,75,1,1.3,7.9,0,1.5,1.88,0,,1,11.28,1,1,0
2,07/14/2024 07:54:30 PM,07/14/2024 08:09:36 PM,N,1,130,139,1,6.13,26.8,0,0.5,8.49,0,,1,36.79,1,1,0
2,04/22/2024 09:28:48 AM,04/22/2024 09:39:28 AM,N,1,74,236,1,1.85,12.1,0,0.5,4.09,0,,1,20.44,1,1,2.75
2,03/09/2024 10:29:19 PM,03/09/2024 10:40:15 PM,N,1,129,226,1,2.03,12.1,1,0.5,2.92,0,,1,17.52,1,1,0
2,09/19/2024 07:28:26 PM,09/19/2024 07:35:26 PM,N,1,236,24,1,1.47,9.3,2.5,0.5,2.66,0,,1,15.96,1,1,0
1,02/07/2024 07:25:30 PM,02/07/2024 07:43:13 PM,N,1,166,168,1,3.7,14.5,1,1.5,0,0,,1,17,3,1,0
1,06/29/2024 12:46:02 PM,06/29/2024 01:06:59 PM,N,1,244,236,1,6.4,28.2,2.75,1.5,6.49,0,,1,38.94,1,1,2.75
2,08/02/2024 03:03:34 PM,08/02/2024 03:19:08 PM,N,1,74,236,1,2.42,16.3,0,0.5,4.11,0,,1,24.66,1,1,2.75
1,02/15/2024 06:06:25 PM,02/15/2024 06:32:52 PM,Y,1,244,208,1,8,32.4,2.5,1.5,10.9,0,,1,47.3,1,1,0
2,03/30/2024 08:42:42 PM,03/30/2024 08:51:03 PM,N,1,82,95,1,1.46,10,1,0.5,2,0,,1,14.5,1,1,0
2,06/26/2024 07:36:43 PM,06/26/2024 07:55:42 PM,N,1,97,61,1,2.92,18.4,2.5,0.5,0,0,,1,22.4,1,1,0
2,12/12/2024 11:40:26 AM,12/12/2024 11:51:39 AM,N,1,75,142,1,2.09,12.8,0,0.5,3.41,0,,1,20.46,1,1,2.75
2,05/29/2024 04:01:31 PM,05/29/2024 04:15:30 PM,N,1,95,134,1,1.2,12.8,2.5,0.5,2,0,,1,18.8,1,1,0
2,12/20/2024 04:04:44 PM,12/20/2024 04:23:51 PM,N,1,65,61,1,1.82,17.7,2.5,0.5,4.34,0,,1,26.04,1,1,0
2,10/25/2024 06:50:10 PM,10/25/2024 06:51:49 PM,N,1,146,179,1,0.37,4.4,2.5,0.5,0,0,,1,8.4,2,1,0
2,03/28/2024 10:41:46 AM,03/28/2024 10:53:05 AM,N,1,74,166,1,1.64,12.1,0,0.5,2.72,0,,1,16.32,1,1,0
2,08/26/2024 12:13:52 PM,08/26/2024 12:29:47 PM,N,1,97,181,1,2.13,15.6,0,0.5,0,0,,1,17.1,2,1,0
2,02/18/2024 10:29:17 AM,02/18/2024 10:41:46 AM,N,1,74,24,1,2.03,13.5,0,0.5,0,0,,1,15,2,1,0
2,11/05/2024 11:52:09 AM,11/05/2024 11:52:12 AM,N,5,130,264,1,0.07,26,0,0,0.01,0,,1,27.01,1,2,0
2,03/26/2024 05:07:00 PM,03/26/2024 05:20:26 PM,N,1,82,138,3,3.82,18.4,7.5,0.5,5.48,0,,1,32.88,1,1,0
2,02/24/2024 05:59:09 PM,02/24/2024 06:09:10 PM,N,1,66,25,1,1.08,10.7,0,0.5,0,0,,1,12.2,2,1,0
2,08/23/2024 05:38:49 PM,08/23/2024 05:52:01 PM,N,1,92,53,2,2.27,14.9,2.5,0.5,2,0,,1,20.9,1,1,0
2,02/16/2024 07:41:45 PM,02/16/2024 07:56:10 PM,N,1,24,42,1,2.34,15.6,2.5,0.5,3.92,0,,1,23.52,1,1,0
2,02/14/2024 10:38:43 AM,02/14/2024 10:49:36 AM,N,1,74,42,1,1.44,12.1,0,0.5,0,0,,0.3,12.9,2,1,0
2,07/18/2024 06:16:25 PM,07/18/2024 06:22:33 PM,N,1,75,41,1,1.06,7.9,2.5,0.5,2.98,0,,1,14.88,1,1,0
2,04/03/2024 09:41:38 PM,04/03/2024 09:50:32 PM,N,1,95,95,1,1.64,11.4,1,0.5,0,0,,1,13.9,1,1,0
2,06/25/2024 04:37:51 PM,06/25/2024 05:15:45 PM,N,1,33,162,1,6.74,41.5,2.5,0.5,9.65,0,,1,57.9,1,1,2.75
2,08/24/2024 11:52:09 AM,08/24/2024 11:52:24 AM,N,1,195,195,1,0,3,0,0.5,0,0,,1,4.5,2,1,0
2,01/25/2024 06:40:14 PM,01/25/2024 06:55:49 PM,N,1,74,244,1,2.51,16.3,2.5,0.5,4.06,0,,1,24.36,1,1,0
2,06/27/2024 02:05:46 PM,06/27/2024 02:20:18 PM,N,1,74,151,1,2.51,15.6,0,0.5,2,0,,1,19.1,1,1,0
2,05/02/2024 04:41:02 PM,05/02/2024 04:57:56 PM,N,1,75,141,2,2.44,17,2.5,0.5,4.75,0,,1,28.5,1,1,2.75
2,07/13/2024 10:39:14 AM,07/13/2024 10:47:45 AM,N,1,74,263,2,1.93,11.4,0,0.5,2,0,,1,17.65,1,1,2.75
2,11/14/2024 08:40:42 AM,11/14/2024 08:52:53 AM,N,1,74,152,2,1.63,12.8,0,0.5,2.86,0,,1,17.16,1,1,0
2,03/01/2024 03:56:12 AM,03/01/2024 03:56:18 AM,N,5,95,264,1,0,9,0,0,0,0,,1,10,1,2,0
2,12/22/2024 09:33:56 AM,12/22/2024 09:38:10 AM,N,1,24,238,5,0.74,6.5,0,0.5,1.6,0,,1,9.6,1,1,0
2,05/20/2024 07:27:20 PM,05/20/2024 07:43:36 PM,N,1,55,55,1,2.59,16.3,2.5,0.5,0,0,,1,20.3,2,1,0
2,06/26/2024 10:12:00 PM,06/26/2024 10:37:54 PM,N,1,66,158,1,5.96,30.3,1,0.5,7.11,0,,1,42.66,1,1,2.75
2,08/06/2024 08:10:08 PM,08/06/2024 08:21:53 PM,N,1,43,141,1,2.09,13.5,1,0.5,2,0,,1,20.75,1,1,2.75
1,05/19/2024 01:20:17 PM,05/19/2024 01:27:42 PM,N,1,166,75,2,1.1,7.9,0,1.5,1.88,0,,1,11.28,1,1,0
2,04/21/2024 10:59:18 AM,04/21/2024 10:59:33 AM,N,1,74,74,1,0.02,3,0,0.5,0,0,,1,4.5,3,1,0
2,08/27/2024 03:43:33 PM,08/27/2024 03:43:36 PM,N,5,16,16,1,0,25,0,0,5.2,0,,1,31.2,1,2,0
2,05/26/2024 01:35:12 PM,05/26/2024 01:37:34 PM,N,1,116,116,1,0.51,4.4,0,0.5,0,0,,1,5.9,2,1,0
2,09/24/2024 01:12:31 PM,09/24/2024 01:32:58 PM,N,1,75,200,1,9.86,40.8,0,0.5,8.46,0,,1,50.76,1,1,0
2,06/01/2024 11:39:15 AM,06/01/2024 11:44:24 AM,N,1,82,160,1,1.18,7.9,0,0.5,0,0,,1,9.4,2,1,0
2,12/28/2024 06:47:14 PM,12/28/2024 06:59:25 PM,N,1,82,129,1,1.66,12.8,1,0.5,0,0,,1,15.3,2,1,0
2,02/21/2024 07:52:31 PM,02/21/2024 08:02:12 PM,N,1,66,65,1,1.35,10.7,2.5,0.5,0,0,,1,14.7,2,1,0
2,09/28/2024 06:36:18 PM,09/28/2024 06:51:24 PM,N,1,42,223,2,4.3,21.2,0,0.5,5.93,6.94,,1,35.57,1,1,0
2,07/30/2024 09:26:59 AM,07/30/2024 09:32:14 AM,N,1,75,236,1,0.66,6.5,0,0.5,0,0,,1,10.75,2,1,2.75
2,05/21/2024 12:09:39 AM,05/21/2024 12:33:52 AM,N,1,66,42,1,12.33,48.5,1,0.5,10.75,0,,1,64.5,1,1,2.75
2,03/26/2024 09:28:07 AM,03/26/2024 09:40:07 AM,N,1,74,152,1,1.55,12.1,0,0.5,1,0,,1,14.6,1,1,0
2,06/13/2024 12:06:47 PM,06/13/2024 12:18:07 PM,N,1,82,138,5,2.53,15.6,5,0.5,0,0,,1,22.1,2,1,0
2,12/05/2024 12:09:06 PM,12/05/2024 12:16:07 PM,N,1,43,263,1,1.17,8.6,0,0.5,2.57,0,,1,15.42,1,1,2.75
1,04/15/2024 06:38:30 PM,04/15/2024 07:01:15 PM,N,1,75,230,1,3.6,23.3,5.25,1.5,3,0,,1,33.05,1,1,2.75
2,07/28/2024 02:09:33 PM,07/28/2024 02:20:43 PM,N,1,74,263,1,2.41,13.5,0,0.5,2.66,0,,1,20.41,1,1,2.75
1,04/21/2024 04:09:29 PM,04/21/2024 04:37:42 PM,N,1,260,73,1,0,29.5,0,1.5,0,0,,1,31,1,1,0
2,07/22/2024 08:49:11 AM,07/22/2024 08:58:16 AM,N,1,74,75,1,1.34,10.7,0,0.5,2.44,0,,1,14.64,1,1,0
2,01/18/2024 05:29:28 PM,01/18/2024 05:42:01 PM,N,1,82,138,1,3.83,17.7,7.5,0.5,4,0,,1,30.7,1,1,0
2,08/29/2024 06:47:33 AM,08/29/2024 06:54:51 AM,N,1,74,75,1,1.39,9.3,0,0.5,0,0,,1,10.8,1,1,0
2,01/14/2024 02:37:30 PM,01/14/2024 02:48:27 PM,N,1,74,263,1,2.25,13.5,0,0.5,4.44,0,,1,22.19,1,1,2.75
2,11/29/2024 04:26:42 PM,11/29/2024 04:32:37 PM,N,1,42,42,1,1.27,8.6,2.5,0.5,0,0,,1,12.6,2,1,0
2,05/09/2024 06:16:41 PM,05/09/2024 06:20:30 PM,N,1,74,74,1,0.24,5.8,2.5,0.5,0,0,,1,9.8,4,1,0
2,06/05/2024 03:34:24 PM,06/05/2024 03:55:43 PM,N,1,74,238,1,2.86,19.8,0,0.5,4.81,0,,1,28.86,1,1,2.75
2,12/21/2024 07:53:00 PM,12/21/2024 08:16:00 PM,,,42,81,,11.49,49,0,0.5,10.1,0,,1,60.6,,,
1,11/22/2024 08:40:18 PM,11/22/2024 08:47:32 PM,N,1,74,42,1,1.1,7.9,1,1.5,2.05,0,,1,12.45,1,1,0
2,04/12/2024 09:34:21 PM,04/12/2024 09:44:24 PM,N,1,75,236,1,1.44,11.4,1,0.5,2.5,0,,1,19.15,1,1,2.75
2,02/23/2024 03:17:29 PM,02/23/2024 03:23:20 PM,N,1,166,166,6,0.8,7.2,0,0.5,2.18,0,,1,10.88,1,1,0
1,01/03/2024 02:04:49 PM,01/03/2024 02:45:51 PM,N,1,7,228,1,0,42.5,0,1.5,0,13.88,,1,57.88,1,1,0
2,09/22/2024 05:08:57 PM,09/22/2024 05:18:41 PM,N,1,75,262,1,1.27,10,0,0.5,0,0,,1,14.25,2,1,2.75
2,05/23/2024 12:26:19 PM,05/23/2024 12:46:41 PM,N,1,43,237,1,2.34,19.1,0,0.5,0,0,,1,23.35,2,1,2.75
1,11/11/2024 10:33:56 AM,11/11/2024 10:49:04 AM,N,1,74,237,1,3,17,2.75,1.5,1,0,,1,22.25,1,1,2.75
2,08/22/2024 08:23:50 PM,08/22/2024 08:29:36 PM,N,1,83,129,1,0.63,7.2,1,0.5,1.94,0,,1,11.64,1,1,0
2,07/25/2024 04:51:47 PM,07/25/2024 05:01:00 PM,N,1,43,262,1,1.2,10,2.5,0.5,0,0,,1,16.75,2,1,2.75
2,08/04/2024 04:53:34 PM,08/04/2024 05:08:22 PM,N,1,74,262,1,3.02,17,0,0.5,4.25,0,,1,25.5,1,1,2.75
2,03/01/2024 08:08:07 AM,03/01/2024 08:18:07 AM,N,1,74,41,1,1.33,10.7,0,0.5,3.05,0,,1,15.25,1,1,0
2,09/26/2024 01:50:53 PM,09/26/2024 02:04:29 PM,N,1,223,83,1,3.41,17.7,0,0.5,0.08,0,,1,19.28,1,1,0
2,12/12/2024 03:24:43 PM,12/12/2024 03:35:42 PM,N,1,74,75,1,1.19,11.4,0,0.5,1.29,0,,1,14.19,1,1,0
2,06/30/2024 10:05:35 PM,06/30/2024 10:05:37 PM,N,5,132,264,5,0,40,0,0,8.2,0,,1,49.2,1,2,0
2,08/13/2024 11:41:03 AM,08/13/2024 11:57:10 AM,N,1,74,151,1,2.68,17,0,0.5,5.55,0,,1,24.05,1,1,0
1,06/11/2024 06:21:59 PM,06/11/2024 06:38:14 PM,N,1,244,262,1,5.8,26.1,5.25,1.5,6.55,0,,1,39.4,1,1,2.75
2,01/16/2024 01:56:58 PM,01/16/2024 02:06:05 PM,N,1,43,262,1,1.14,10,0,0.5,2.85,0,,1,17.1,1,1,2.75
2,02/23/2024 06:18:10 PM,02/23/2024 06:22:19 PM,N,1,82,83,5,0.57,5.8,2.5,0.5,0,0,,1,9.8,2,1,0
2,07/24/2024 11:31:17 PM,07/24/2024 11:41:45 PM,N,1,74,236,1,1.92,12.1,1,0.5,3.47,0,,1,20.82,1,1,2.75
2,02/16/2024 04:05:39 PM,02/16/2024 04:18:10 PM,N,1,130,219,1,4.09,18.4,2.5,0.5,0,0,,1,22.4,2,1,0
2,04/27/2024 05:33:40 AM,04/27/2024 05:41:58 AM,N,5,157,37,2,1.91,14,0,0,3,0,,1,18,1,2,0
2,03/18/2024 11:33:23 AM,03/18/2024 11:53:24 AM,N,1,95,135,1,3.54,21.9,0,0.5,3,0,,1,26.4,1,1,0
2,06/07/2024 03:14:11 PM,06/07/2024 03:15:22 PM,N,1,75,75,1,0.16,3.7,0,0.5,0,0,,0.3,4.5,2,1,0
2,05/30/2024 09:41:18 AM,05/30/2024 09:58:50 AM,N,1,260,95,5,7.72,33.1,0,0.5,6.92,0,,1,41.52,1,1,0
2,09/20/2024 03:49:36 PM,09/20/2024 04:04:07 PM,N,1,95,56,1,2.3,14.9,0,0.5,2.88,0,,1,19.28,1,1,0
2,01/21/2024 05:58:57 PM,01/21/2024 06:06:24 PM,N,1,74,236,1,1.68,10,0,0.5,2.85,0,,1,17.1,1,1,2.75
2,09/18/2024 11:17:29 PM,09/18/2024 11:34:02 PM,N,1,95,179,1,8.34,34.5,1,0.5,0,0,,1,37,2,1,0
2,11/11/2024 04:08:37 PM,11/11/2024 04:31:18 PM,N,1,75,229,1,3.45,21.2,0,0.5,6.36,0,,1,31.81,1,1,2.75
2,06/22/2024 09:37:47 PM,06/22/2024 09:54:32 PM,N,1,181,61,1,0.97,14.2,1,0.5,3.34,0,,1,20.04,1,1,0
1,03/30/2024 06:37:27 PM,03/30/2024 06:44:56 PM,N,1,82,95,1,1.6,10,2.5,1.5,2.8,0,,1,16.8,1,1,0
2,10/02/2024 05:41:11 PM,10/02/2024 05:52:21 PM,N,1,82,138,1,3.77,17.7,7.5,0.5,6.68,0,,1,33.38,1,1,0
2,01/19/2024 02:24:12 PM,01/19/2024 02:35:40 PM,N,1,82,138,5,3.64,17.7,5,0.5,6.05,0,,1,30.25,1,1,0
2,02/01/2024 03:47:46 PM,02/01/2024 05:05:56 PM,N,1,75,181,1,11.7,68.8,0,0.5,21.92,0,,1,94.97,1,1,2.75
2,05/24/2024 11:08:05 AM,05/24/2024 11:26:17 AM,N,1,166,236,5,2.56,18.4,0,0.5,2.26,0,,1,24.91,1,1,2.75
2,05/23/2024 06:28:09 PM,05/23/2024 06:34:39 PM,N,1,75,238,5,1.11,8.6,2.5,0.5,3.84,0,,1,19.19,1,1,2.75
2,06/19/2024 10:29:17 AM,06/19/2024 10:51:57 AM,N,1,41,68,1,7.43,33.1,0,0.5,0,0,,1,37.35,2,1,2.75
2,03/07/2024 08:25:24 PM,03/07/2024 08:27:57 PM,N,1,212,248,2,0.53,5.1,1,0.5,0,0,,1,7.6,2,1,0
2,12/24/2024 05:39:10 PM,12/24/2024 05:53:20 PM,N,1,75,142,1,2.14,15.6,2.5,0.5,4.47,0,,1,26.82,1,1,2.75
1,05/28/2024 07:51:13 AM,05/28/2024 08:17:43 AM,N,1,74,239,1,3.1,20.5,2.75,1.5,4.95,0,,1,29.7,1,1,2.75
2,02/06/2024 06:34:40 PM,02/06/2024 06:40:15 PM,N,1,134,28,1,0.98,7.9,2.5,0.5,2.98,0,,1,14.88,1,1,0
2,04/09/2024 01:34:17 PM,04/09/2024 01:53:51 PM,N,1,74,238,1,2.88,19.8,0,0.5,4.81,0,,1,28.86,1,1,2.75
2,10/13/2024 03:50:56 PM,10/13/2024 03:57:15 PM,N,1,82,260,1,1.69,9.3,0,0.5,0,0,,1,10.8,2,1,0
2,11/19/2024 04:04:57 PM,11/19/2024 04:12:17 PM,N,1,130,215,1,0.89,8.6,2.5,0.5,1,0,,1,13.6,1,1,0
2,04/05/2024 10:37:30 PM,04/05/2024 10:49:15 PM,N,1,74,244,1,2.71,15.6,1,0.5,0,0,,1,18.1,2,1,0
2,05/03/2024 09:50:04 PM,05/03/2024 09:56:47 PM,N,1,75,75,1,0.87,7.9,1,0.5,2.08,0,,1,12.48,1,1,0
2,06/04/2024 03:06:10 PM,06/04/2024 03:18:22 PM,N,1,74,263,1,2.08,12.8,0,0.5,3.41,0,,1,20.46,1,1,2.75
1,03/17/2024 09:46:51 AM,03/17/2024 09:50:05 AM,N,1,17,17,1,0,15.5,0,1.5,0,0,,1,17,1,1,0
2,02/21/2024 07:46:30 AM,02/21/2024 08:08:24 AM,N,1,74,141,1,3.32,21.2,0,0.5,0,0,,1,25.45,2,1,2.75
1,12/08/2024 07:27:49 PM,12/08/2024 07:38:47 PM,N,1,97,33,1,1.5,11.4,0,1.5,0,0,,1,12.9,2,1,0
2,02/01/2024 04:26:12 PM,02/01/2024 04:49:13 PM,N,1,75,162,1,2.19,21.2,2.5,0.5,0,0,,1,27.95,2,1,2.75
2,06/07/2024 05:28:08 PM,06/07/2024 05:59:51 PM,N,1,82,138,1,4.27,28.9,7.5,0.5,11.37,0,,1,49.27,1,1,0
2,03/09/2024 08:40:47 PM,03/09/2024 08:53:53 PM,N,1,166,236,1,2.63,15.6,1,0.5,4.17,0,,1,25.02,1,1,2.75
2,03/18/2024 10:48:39 PM,03/18/2024 11:27:22 PM,N,1,130,188,1,14.22,59,1,0.5,12.3,0,,1,73.8,1,1,0
2,04/09/2024 02:10:00 PM,04/09/2024 02:47:00 PM,,,225,33,,3.49,31.88,0,0,6.48,0,,1,39.36,,,
2,11/04/2024 06:56:10 AM,11/04/2024 07:03:35 AM,N,1,74,43,1,1.47,10,0,0.5,2,0,,1,13.5,1,1,0
1,12/17/2024 03:39:20 PM,12/17/2024 03:45:50 PM,N,1,116,152,1,0.8,7.9,0,1.5,0,0,,1,9.4,2,1,0
1,01/08/2024 11:23:33 AM,01/08/2024 11:32:16 AM,N,1,166,42,1,1.2,8.6,0,1.5,0,0,,1,10.1,2,1,0
2,05/23/2024 06:52:14 PM,05/23/2024 07:11:50 PM,N,1,193,193,1,2.48,17.7,2.5,0.5,0,0,,1,21.7,1,1,0
2,07/16/2024 08:38:25 AM,07/16/2024 08:51:05 AM,N,1,74,236,1,2.43,14.9,0,0.5,3.83,0,,1,22.98,1,1,2.75
1,05/29/2024 06:25:30 PM,05/29/2024 07:02:20 PM,N,1,97,165,2,5.8,34.5,2.5,1.5,15,0,,1,53.5,1,1,0
2,05/02/2024 03:41:27 PM,05/02/2024 03:57:21 PM,N,1,74,75,1,1.6,14.9,0,0.5,3.28,0,,1,19.68,1,1,0
2,05/19/2024 03:30:20 PM,05/19/2024 03:44:44 PM,N,1,82,82,1,1.05,12.8,0,0.5,0,0,,1,14.3,2,1,0
1,10/25/2024 07:52:17 PM,10/25/2024 07:59:36 PM,N,1,97,181,1,0.8,8.6,2.5,1.5,2.5,0,,1,15.1,1,1,0
1,11/08/2024 12:17:10 PM,11/08/2024 01:05:52 PM,N,1,62,7,1,0,31.5,0,1.5,0,0,,1,33,1,1,0
2,12/09/2024 02:40:32 PM,12/09/2024 02:54:59 PM,N,1,74,236,1,2.06,14.9,0,0.5,3.83,0,,1,22.98,1,1,2.75
2,04/17/2024 05:41:56 PM,04/17/2024 06:08:32 PM,N,1,74,142,1,3.55,25.4,2.5,0.5,6.43,0,,1,38.58,1,1,2.75
2,07/18/2024 10:07:19 PM,07/18/2024 10:17:07 PM,N,1,74,141,6,2.92,14.2,1,0.5,2,0,,1,21.45,1,1,2.75
2,01/05/2024 10:32:01 PM,01/05/2024 10:40:48 PM,N,1,74,74,1,1.3,10,1,0.5,0,0,,1,12.5,1,1,0
1,02/04/2024 08:09:03 PM,02/04/2024 08:56:03 PM,N,1,216,55,1,16.8,73.7,1,0.5,0,0,,0,75.2,2,1,0
1,08/28/2024 08:21:06 AM,08/28/2024 08:26:08 AM,N,1,41,166,3,0.8,6.5,0,1.5,2,0,,1,10,1,1,0
2,07/28/2024 09:43:36 PM,07/28/2024 09:55:40 PM,N,5,83,7,1,2.6,15,0,0,4.8,0,,1,20.8,1,2,0
2,11/14/2024 06:37:42 PM,11/14/2024 06:43:48 PM,N,1,75,74,1,1.43,8.6,2.5,0.5,2.52,0,,1,15.12,1,1,0
1,10/12/2024 06:54:38 PM,10/12/2024 07:33:11 PM,N,1,93,55,1,18.9,70.2,2.5,1.5,0,0,,1,74.2,2,1,0
2,07/16/2024 08:34:19 AM,07/16/2024 09:26:40 AM,N,1,130,214,1,24.86,94,0,0.5,23.88,0,,1,119.38,1,1,0
2,11/20/2024 08:30:59 PM,11/20/2024 08:42:29 PM,N,1,75,166,1,1.89,12.8,1,0.5,3.06,0,,1,18.36,1,1,0
1,01/08/2024 10:10:01 AM,01/08/2024 10:31:13 AM,N,1,74,239,1,3.4,19.1,2.75,1.5,4.65,0,,1,28,1,1,2.75
2,04/16/2024 05:36:23 PM,04/16/2024 05:40:49 PM,N,1,166,166,1,0.85,7.2,2.5,0.5,2.24,0,,1,13.44,1,1,0
2,04/12/2024 01:33:39 AM,04/12/2024 01:40:28 AM,N,1,82,129,1,1.4,9.3,1,0.5,0,0,,1,11.8,2,1,0
2,10/26/2024 05:32:07 PM,10/26/2024 05:41:21 PM,N,1,74,75,1,1.79,11.4,0,0.5,2.58,0,,1,15.48,1,1,0
2,01/16/2024 03:36:45 PM,01/16/2024 03:58:20 PM,N,1,75,42,1,3.25,20.5,0,0.5,4.4,0,,1,26.4,1,1,0
2,02/21/2024 09:42:21 AM,02/21/2024 09:55:21 AM,N,1,152,168,1,2.29,14.9,0,0.5,0,0,,1,16.4,2,1,0
2,11/01/2024 02:32:29 AM,11/01/2024 02:46:06 AM,N,1,198,80,1,2.16,14.9,1,0.5,2,0,,1,19.4,1,1,0
2,05/16/2024 08:17:05 AM,05/16/2024 08:38:48 AM,N,1,122,121,1,3.69,21.9,0,0.5,0,0,,1,23.4,2,1,0
2,12/26/2024 01:32:41 PM,12/26/2024 01:43:00 PM,N,1,74,43,1,2.26,12.1,0,0.5,3.27,0,,1,19.62,1,1,2.75
2,03/29/2024 06:33:08 PM,03/29/2024 06:41:56 PM,N,1,75,236,1,1.62,10.7,2.5,0.5,0,0,,1,17.45,2,1,2.75
2,01/07/2024 03:27:24 PM,01/07/2024 03:35:38 PM,N,1,41,42,1,1.33,9.3,0,0.5,0,0,,1,10.8,2,1,0
2,02/20/2024 06:30:13 PM,02/20/2024 06:42:52 PM,N,1,83,138,2,4,18.4,7.5,0.5,5.48,0,,1,32.88,1,1,0
2,08/31/2024 06:37:51 PM,08/31/2024 06:55:51 PM,N,1,93,171,1,4.31,22.6,0,0.5,4.82,0,,1,28.92,1,1,0
2,04/20/2024 05:41:53 PM,04/20/2024 05:55:38 PM,N,1,95,95,1,1.36,13.5,0,0.5,3,0,,1,18,1,1,0
2,05/09/2024 06:22:05 PM,05/09/2024 06:23:46 PM,N,1,166,166,1,0.36,4.4,2.5,0.5,1.26,0,,1,9.66,1,1,0
2,04/08/2024 04:15:32 PM,04/08/2024 04:27:54 PM,N,1,95,56,1,2.14,13.5,2.5,0.5,3.5,0,,1,21,1,1,0
2,02/02/2024 07:42:37 AM,02/02/2024 07:57:42 AM,N,1,42,168,1,1.59,14.9,0,0.5,1,0,,1,17.4,1,1,0
2,12/03/2024 08:42:46 AM,12/03/2024 08:52:06 AM,N,1,74,75,1,1.53,10.7,0,0.5,2.44,0,,1,14.64,1,1,0
2,10/16/2024 03:52:47 PM,10/16/2024 04:07:23 PM,N,1,82,138,1,3.69,19.1,5,0.5,5.12,0,,1,30.72,1,1,0
2,04/10/2024 11:39:34 PM,04/10/2024 11:44:59 PM,N,1,82,260,1,1.02,7.2,1,0.5,0,0,,1,9.7,2,1,0
2,11/05/2024 07:15:30 PM,11/05/2024 07:32:33 PM,N,1,74,4,1,6.98,29.6,0,0.5,0,0,,1,33.6,2,1,2.5
2,07/06/2024 08:42:54 AM,07/06/2024 09:13:36 AM,N,1,195,90,1,10.09,43.6,0,0.5,11.96,0,,1,59.81,1,1,2.75
2,09/16/2024 09:04:04 PM,09/16/2024 09:07:21 PM,N,1,75,74,1,1.35,7.2,1,0.5,2.91,0,,1,12.61,1,1,0
2,10/07/2024 02:23:55 PM,10/07/2024 02:30:34 PM,N,1,74,42,1,1.15,8.6,0,0.5,2.02,0,,1,12.12,1,1,0
2,09/30/2024 09:04:44 AM,09/30/2024 09:16:41 AM,N,1,74,75,1,1.65,12.8,0,0.5,2.86,0,,1,17.16,1,1,0
2,08/26/2024 06:15:01 PM,08/26/2024 06:15:04 PM,N,5,260,264,1,0,40,0,0,10.25,0,,1,51.25,1,2,0
2,11/24/2024 10:25:53 AM,11/24/2024 10:41:04 AM,N,1,25,255,1,4.3,21.2,0,0.5,4.54,0,,1,27.24,1,1,0
2,03/15/2024 06:10:52 PM,03/15/2024 06:19:43 PM,N,1,95,134,1,1.67,10.7,2.5,0.5,2,0,,1,16.7,1,1,0
1,06/10/2024 01:41:35 PM,06/10/2024 02:02:08 PM,N,1,74,237,1,3.2,21.2,2.75,1.5,5.09,0,,1,30.54,1,1,2.75
2,10/11/2024 09:08:54 AM,10/11/2024 09:30:19 AM,N,1,166,161,1,0.46,18.4,0,0.5,2.5,0,,1,25.15,1,1,2.75
2,09/27/2024 09:57:43 PM,09/27/2024 10:08:01 PM,N,1,74,238,1,2.18,12.8,1,0.5,0,0,,1,15.3,2,1,0
2,10/16/2024 10:20:25 PM,10/16/2024 10:35:15 PM,N,1,66,189,1,2.97,17,1,0.5,3.9,0,,1,23.4,1,1,0
2,08/26/2024 08:11:10 PM,08/26/2024 08:20:05 PM,N,1,65,25,1,1.31,10,1,0.5,2.5,0,,1,15,1,1,0
2,10/29/2024 04:56:48 PM,10/29/2024 05:01:29 PM,N,1,74,74,1,0.53,6.5,2.5,0.5,0,0,,0.3,9.8,2,1,0
2,01/13/2024 12:04:15 PM,01/13/2024 12:14:12 PM,N,1,42,236,1,2.84,14.2,0,0.5,3.69,0,,1,22.14,1,1,2.75
2,09/14/2024 02:36:44 AM,09/14/2024 02:45:48 AM,N,1,114,170,1,1.63,10.7,1,0.5,3.14,0,,1,18.84,1,1,2.5
2,01/18/2024 01:25:22 PM,01/18/2024 01:35:27 PM,N,1,129,82,1,1,10,0,0.5,2,0,,1,13.5,1,1,0
2,08/29/2024 12:30:15 PM,08/29/2024 12:57:08 PM,N,1,244,233,1,8.97,38,0,0.5,8.45,0,,1,50.7,1,1,2.75
2,07/18/2024 05:31:46 PM,07/18/2024 05:40:37 PM,N,1,74,41,1,1.38,10,2.5,0.5,2.8,0,,1,16.8,1,1,0
2,03/11/2024 08:29:38 AM,03/11/2024 08:42:07 AM,N,1,75,140,1,2.26,14.2,0,0.5,3.69,0,,1,22.14,1,1,2.75
2,05/20/2024 11:44:00 AM,05/20/2024 11:50:21 AM,N,1,7,179,1,1.17,7.9,0,0.5,0,0,,1,9.4,2,1,0
2,05/14/2024 07:38:29 PM,05/14/2024 07:48:17 PM,N,1,236,239,1,1.76,12.1,2.5,0.5,0,0,,1,18.85,2,1,2.75
2,07/23/2024 10:43:27 AM,07/23/2024 11:43:54 AM,N,1,75,87,1,9.29,59.7,0,0.5,0,0,,1,63.95,2,1,2.75
2,05/13/2024 08:48:31 AM,05/13/2024 09:21:08 AM,N,1,166,170,5,4.79,31.7,0,0.5,8.99,0,,1,44.94,1,1,2.75
2,06/13/2024 09:25:47 AM,06/13/2024 09:33:59 AM,N,1,74,41,1,1.08,9.3,0,0.5,2.16,0,,1,12.96,1,1,0
2,01/26/2024 06:33:43 PM,01/26/2024 06:51:39 PM,N,1,75,116,6,3.6,19.8,2.5,0.5,3,0,,1,26.8,1,1,0
2,06/14/2024 08:17:38 AM,06/14/2024 08:55:46 AM,N,1,130,138,1,0,29.6,5,0.5,7.22,0,,1,43.32,1,1,0
2,07/30/2024 12:47:03 PM,07/30/2024 12:59:21 PM,N,1,95,121,1,2.64,15.6,0,0.5,0,0,,1,17.1,1,1,0
2,12/01/2024 12:41:33 PM,12/01/2024 12:48:58 PM,N,1,75,41,1,1.68,10,0,0.5,1.72,0,,1,13.22,1,1,0
2,10/27/2024 04:30:54 PM,10/27/2024 04:51:13 PM,N,5,134,132,1,6.4,30,0,0,6.2,0,,1,37.2,1,2,0
2,04/06/2024 08:57:13 PM,04/06/2024 09:10:36 PM,N,1,65,195,1,2.2,14.9,1,0.5,3.48,0,,1,20.88,1,1,0
2,07/25/2024 10:21:56 PM,07/25/2024 10:27:53 PM,N,1,7,226,5,1.58,9.3,1,0.5,0,0,,1,11.8,2,1,0
2,04/20/2024 04:22:10 PM,04/20/2024 05:28:50 PM,N,1,130,48,1,14.13,72.3,0,0.5,5,6.94,,1,88.49,1,1,2.75
2,11/05/2024 06:07:46 PM,11/05/2024 06:13:28 PM,N,1,41,24,1,1.08,7.9,0,0.5,1.88,0,,1,11.28,1,1,0
1,06/25/2024 04:16:02 PM,06/25/2024 05:13:03 PM,N,1,233,51,1,0,41.5,0,1.5,0,6.94,,1,49.94,1,1,0
2,10/14/2024 08:01:39 PM,10/14/2024 08:05:40 PM,N,1,28,130,1,0.85,6.5,0,0.5,1.6,0,,1,9.6,1,1,0
2,09/15/2024 04:13:02 AM,09/15/2024 04:29:56 AM,N,1,80,225,1,2.92,17.7,1,0.5,4.04,0,,1,24.24,1,1,0
1,05/16/2024 05:25:13 PM,05/16/2024 05:42:34 PM,N,1,75,42,1,2.3,17.7,2.5,1.5,4.3,0,,1,26,1,1,0
1,07/10/2024 10:10:50 PM,07/10/2024 10:18:07 PM,N,5,93,70,1,1.5,25,0,0,0,0,,0,25,1,2,0
2,09/13/2024 12:17:56 PM,09/13/2024 12:30:58 PM,N,1,95,197,3,1.92,13.5,0,0.5,0,0,,1,15,2,1,0
2,06/03/2024 10:56:46 AM,06/03/2024 11:08:29 AM,N,1,166,238,1,1.8,12.8,0,0.5,0,0,,1,17.05,2,1,2.75
2,09/06/2024 05:26:29 PM,09/06/2024 05:57:40 PM,N,1,75,186,1,4.69,29.6,2.5,0.5,7.27,0,,1,43.62,1,1,2.75
2,12/31/2024 01:09:47 PM,01/01/2025 12:28:05 PM,N,5,65,129,1,10.87,50,0,0,0,0,,1,51,1,2,0
2,04/27/2024 11:24:06 AM,04/27/2024 11:35:56 AM,N,1,130,205,3,3.03,15.6,0,0.5,0,0,,1,17.1,1,1,0
2,10/29/2024 02:50:22 PM,10/29/2024 03:26:00 PM,N,1,75,231,1,8.67,44.3,0,0.5,9.71,0,,1,58.26,1,1,2.75
2,12/20/2024 05:47:00 PM,12/20/2024 06:27:00 PM,,,25,138,,10.82,54.3,0,0.5,11.16,0,,1,66.96,,,
2,10/26/2024 07:20:32 PM,10/26/2024 07:42:24 PM,N,1,97,225,1,3.02,20.5,0,0.5,4.4,0,,1,26.4,1,1,0
1,09/06/2024 12:43:09 PM,09/06/2024 12:52:45 PM,N,1,74,41,1,1.5,10.7,0,1.5,0,0,,1,12.2,2,1,0
2,10/07/2024 05:39:44 AM,10/07/2024 05:42:45 AM,N,5,129,129,2,0,60,0,0,0,0,,1,61,2,2,0
2,06/14/2024 08:44:25 AM,06/14/2024 08:57:23 AM,N,1,74,140,1,3.53,17.7,0,0.5,4.39,0,,1,26.34,1,1,2.75
2,07/11/2024 11:27:17 PM,07/11/2024 11:44:19 PM,N,5,42,69,1,3.09,14,0,0,0,0,,1,15,2,2,0
2,08/08/2024 01:57:55 PM,08/08/2024 02:07:26 PM,N,1,75,238,1,1.08,10.7,0,0.5,0,0,,1,12.2,2,1,0
2,01/17/2024 04:19:12 PM,01/17/2024 04:56:04 PM,N,1,166,138,3,8.2,40.1,7.5,0.5,8,6.94,,1,64.04,1,1,0
2,09/30/2024 07:25:31 PM,09/30/2024 07:29:25 PM,N,1,74,75,1,0.75,6.5,2.5,0.5,0,0,,1,10.5,2,1,0
2,06/04/2024 09:52:00 PM,06/04/2024 10:10:00 PM,,,247,166,,3.41,27.87,0,0,5.67,0,,1,34.54,,,
2,03/10/2024 08:28:11 PM,03/10/2024 08:38:39 PM,N,1,42,166,1,0.05,10,1,0.5,2.5,0,,1,15,1,1,0
2,04/22/2024 09:29:00 AM,04/22/2024 09:35:48 AM,N,1,223,138,1,3.39,15.6,5,0.5,4.42,0,,1,26.52,1,1,0
2,10/10/2024 11:57:50 PM,10/11/2024 12:05:51 AM,N,1,7,226,1,1.61,10.7,1,0.5,3.3,0,,1,16.5,1,1,0
1,10/12/2024 10:12:32 PM,10/12/2024 10:38:17 PM,Y,1,65,80,2,0,20.5,1,1.5,4.6,0,,1,27.6,1,1,0
2,02/22/2024 07:03:37 AM,02/22/2024 07:13:30 AM,N,1,74,75,1,1.34,10.7,0,0.5,2.44,0,,1,14.64,1,1,0
2,07/01/2024 05:09:58 PM,07/01/2024 05:15:52 PM,N,1,74,74,2,0.8,7.2,2.5,0.5,0,0,,1,11.2,2,1,0
2,01/13/2024 06:47:35 PM,01/13/2024 06:51:21 PM,N,1,263,263,5,0.41,5.8,0,0.5,0,0,,1,10.05,2,1,2.75
2,06/07/2024 06:07:35 PM,06/07/2024 06:15:23 PM,N,1,130,215,1,0.7,7.2,2.5,0.5,2.24,0,,1,13.44,1,1,0
2,01/27/2024 10:30:17 AM,01/27/2024 10:50:18 AM,N,1,166,68,1,6.61,30.3,0,0.5,6.91,0,,1,41.46,1,1,2.75
2,02/27/2024 08:34:34 PM,02/27/2024 08:42:41 PM,N,1,75,263,1,1.33,10,1,0.5,3.05,0,,1,18.3,1,1,2.75
2,08/16/2024 01:07:16 AM,08/16/2024 01:12:09 AM,N,1,129,129,1,0.85,7.2,1,0.5,1,0,,1,10.7,1,1,0
2,09/18/2024 07:39:01 AM,09/18/2024 07:42:26 AM,N,1,42,42,1,0.62,5.8,0,0.5,0,0,,1,7.3,1,1,0
2,05/12/2024 05:16:00 PM,05/12/2024 05:53:00 PM,,,244,236,,7.15,44.73,0,0,14.39,0,,1,62.87,,,
2,06/23/2024 06:04:54 AM,06/23/2024 06:14:13 AM,N,1,24,143,1,2.54,13.5,0,0.5,2.25,0,,1,20,1,1,2.75
2,04/01/2024 07:38:03 PM,04/01/2024 07:52:55 PM,N,1,74,239,1,3.52,17.7,2.5,0.5,2,0,,1,26.45,1,1,2.75
2,09/05/2024 10:41:43 AM,09/05/2024 11:05:00 AM,N,1,95,226,4,4.46,26.1,0,0.5,0,0,,1,27.6,2,1,0
2,09/16/2024 05:51:57 PM,09/16/2024 05:58:07 PM,N,1,75,74,1,1.02,7.2,2.5,0.5,0,0,,1,11.2,2,1,0
2,06/26/2024 01:10:43 AM,06/26/2024 01:30:37 AM,N,1,146,170,1,3.28,21.2,1,0.5,0,0,,1,26.45,2,1,2.75
2,02/13/2024 12:33:06 PM,02/13/2024 12:45:41 PM,N,1,244,166,1,2.6,15.6,0,0.5,4.28,0,,1,21.38,1,1,0
2,01/25/2024 05:59:29 PM,01/25/2024 06:14:35 PM,N,1,74,238,1,2.39,15.6,2.5,0.5,1,0,,1,20.6,1,1,0
2,12/17/2024 07:18:18 PM,12/17/2024 07:32:34 PM,N,1,95,138,1,5.32,23.3,7.5,0.5,6.46,0,,1,38.76,1,1,0
2,08/02/2024 08:13:39 AM,08/02/2024 08:22:01 AM,N,1,74,41,1,1.26,10,0,0.5,2.88,0,,1,14.38,1,1,0
2,03/18/2024 07:09:28 PM,03/18/2024 07:21:29 PM,N,1,255,79,2,2.76,14.9,2.5,0.5,5.41,0,,1,27.06,1,1,2.75
2,09/05/2024 09:24:00 AM,09/05/2024 10:15:00 AM,,,181,234,,7.51,39.78,0,0,8.61,0,,1,52.14,,,
2,01/16/2024 07:26:25 PM,01/16/2024 07:30:39 PM,N,1,75,74,1,1.35,7.9,2.5,0.5,2.38,0,,1,14.28,1,1,0
2,08/07/2024 03:19:16 PM,08/07/2024 03:25:53 PM,N,1,74,42,1,1.3,8.6,0,0.5,0,0,,1,10.1,2,1,0
2,03/10/2024 07:36:51 PM,03/10/2024 07:52:59 PM,N,1,74,263,1,2.81,17.7,0,0.5,3.29,0,,1,25.24,1,1,2.75
1,10/23/2024 05:44:49 PM,10/23/2024 06:23:46 PM,N,1,75,28,1,0,38.5,0,1.5,0,6.94,,1,46.94,1,1,0
2,05/08/2024 04:43:48 PM,05/08/2024 04:52:49 PM,N,1,33,40,1,1.46,10,2.5,0.5,4.2,0,,1,18.2,1,1,0
2,04/16/2024 02:31:00 PM,04/16/2024 02:39:00 PM,,,116,166,,0.68,12.24,0,0,2.55,0,,1,15.79,,,
2,02/16/2024 03:59:07 PM,02/16/2024 04:34:33 PM,N,1,75,234,2,3.62,30.3,0,0.5,0,0,,1,34.55,2,1,2.75
2,01/23/2024 07:46:14 PM,01/23/2024 07:54:39 PM,N,1,52,106,1,1.95,10.7,2.5,0.5,2.94,0,,1,17.64,1,1,0
2,07/09/2024 08:21:44 PM,07/09/2024 08:26:53 PM,N,1,95,95,1,0.89,7.2,1,0.5,1.94,0,,1,11.64,1,1,0
2,05/16/2024 06:40:02 PM,05/16/2024 06:51:28 PM,N,1,43,236,1,1.42,11.4,2.5,0.5,3.63,0,,1,21.78,1,1,2.75
2,10/16/2024 09:29:23 AM,10/16/2024 09:40:43 AM,N,1,78,18,1,1.54,12.1,0,0.5,0,0,,1,13.6,1,1,0
1,02/11/2024 07:04:08 PM,02/11/2024 07:21:27 PM,N,1,61,181,1,2.4,16.3,2.5,1.5,4.05,0,,1,24.35,1,1,0
2,04/01/2024 06:54:16 PM,04/01/2024 07:01:01 PM,N,1,75,74,1,1.35,9.3,2.5,0.5,0,0,,1,13.3,2,1,0
1,02/14/2024 04:58:22 AM,02/14/2024 05:19:42 AM,N,1,22,228,1,0,25.5,0,1.5,0,0,,1,27,1,1,0
2,12/18/2024 08:38:06 AM,12/18/2024 08:50:50 AM,N,1,74,43,1,1.37,13.5,0,0.5,2.25,0,,1,17.25,1,1,0
2,09/24/2024 12:45:28 AM,09/24/2024 12:52:52 AM,N,1,82,83,1,1.3,9.3,1,0.5,2.36,0,,1,14.16,1,1,0
2,06/02/2024 12:05:35 PM,06/02/2024 12:09:13 PM,N,1,166,238,2,0.73,6.5,0,0.5,1.6,0,,1,9.6,1,1,0
1,02/10/2024 03:15:22 PM,02/10/2024 03:22:34 PM,N,1,75,236,2,0.9,8.6,2.75,1.5,1.15,0,,1,14,1,1,2.75
2,10/22/2024 08:15:49 AM,10/22/2024 08:47:20 AM,N,1,74,163,1,3.64,28.2,0,0.5,6.49,0,,1,38.94,1,1,2.75
2,03/23/2024 03:45:56 PM,03/23/2024 03:54:35 PM,N,1,43,263,1,1.14,10,0,0.5,2.85,0,,1,17.1,1,1,2.75
2,10/03/2024 06:29:56 AM,10/03/2024 06:40:52 AM,N,1,97,62,1,1.92,12.1,0,0.5,0,0,,1,13.6,1,1,0
2,06/01/2024 10:04:27 AM,06/01/2024 10:10:46 AM,N,1,41,74,1,0.97,8.6,0,0.5,1.52,0,,1,11.62,1,1,0
2,04/18/2024 10:29:20 PM,04/18/2024 10:44:17 PM,N,1,74,142,1,3.63,18.4,1,0.5,4.73,0,,1,28.38,1,1,2.75
2,06/26/2024 10:20:42 AM,06/26/2024 10:23:26 AM,N,1,75,75,1,0.53,5.1,0,0.5,1.65,0,,1,8.25,1,1,0
2,10/06/2024 02:31:21 PM,10/06/2024 02:49:08 PM,N,1,74,141,1,2.72,18.4,0,0.5,4.53,0,,1,27.18,1,1,2.75
2,02/22/2024 09:16:40 AM,02/22/2024 09:29:20 AM,N,1,75,42,5,2.56,14.9,0,0.5,0,0,,1,16.4,2,1,0
2,05/18/2024 03:12:26 AM,05/18/2024 03:36:51 AM,N,1,112,129,1,5.12,26.1,1,0.5,0,0,,1,28.6,2,1,0
2,05/16/2024 05:07:04 PM,05/16/2024 05:24:39 PM,N,1,95,56,1,2.31,17.7,2.5,0.5,2,0,,1,23.7,1,1,0
2,01/17/2024 11:56:03 AM,01/17/2024 12:12:30 PM,N,1,75,243,6,6.86,30.3,0,0.5,0,0,,1,31.8,2,1,0
1,03/31/2024 12:37:49 AM,03/31/2024 12:45:43 AM,N,1,129,129,2,1.2,9.3,0,1.5,0,0,,1,10.8,2,1,0
2,01/12/2024 05:04:12 PM,01/12/2024 05:17:12 PM,N,1,74,75,1,1.72,13.5,2.5,0.5,3.5,0,,1,21,1,1,0
2,05/22/2024 10:05:38 PM,05/22/2024 10:06:22 PM,N,1,97,97,1,0.05,3,1,0.5,0,0,,1,5.5,3,1,0
2,09/18/2024 12:35:00 PM,09/18/2024 01:07:00 PM,,,242,69,,4.87,31.34,0,0,0,0,,1,32.34,,,
2,08/06/2024 10:05:29 AM,08/06/2024 10:34:02 AM,N,1,43,162,1,3.42,26.1,0,0.5,6.07,0,,1,36.42,1,1,2.75
2,01/11/2024 09:41:23 PM,01/11/2024 10:02:55 PM,N,1,74,142,1,3.67,21.2,1,0.5,0,0,,0.3,25.75,2,1,2.75
2,01/26/2024 12:57:06 PM,01/26/2024 01:12:07 PM,N,1,75,162,1,2.31,16.3,0,0.5,4.11,0,,1,24.66,1,1,2.75
1,02/21/2024 01:50:57 PM,02/21/2024 02:11:11 PM,N,1,65,52,1,1.7,18.4,0,1.5,4.95,0,,1,24.85,1,1,0
1,12/19/2024 04:20:32 PM,12/19/2024 04:39:36 PM,N,1,66,25,2,2.4,17.7,2.5,1.5,3,0,,1,24.7,1,1,0
2,09/09/2024 04:28:51 PM,09/09/2024 04:36:12 PM,N,1,244,243,1,2.44,12.8,2.5,0.5,0,0,,1,16.8,2,1,0
2,11/30/2024 11:33:12 AM,11/30/2024 11:42:05 AM,N,1,166,75,1,1.24,10,0,0.5,2.3,0,,1,13.8,1,1,0
2,11/13/2024 04:40:19 PM,11/13/2024 04:41:44 PM,N,1,75,75,1,0.21,3.7,2.5,0.5,1.5,0,,1,9.2,1,1,0
2,02/01/2024 03:25:50 PM,02/01/2024 03:35:26 PM,N,1,82,82,1,1.33,10,0,0.5,0,0,,1,11.5,2,1,0
2,08/30/2024 02:04:14 PM,08/30/2024 02:21:20 PM,N,1,219,205,1,2.47,17,0,0.5,0,0,,1,18.5,2,1,0
2,02/13/2024 12:04:19 AM,02/13/2024 12:09:52 AM,N,5,92,135,1,1.47,14,0,0,3,0,,1,18,1,2,0
2,09/13/2024 06:43:02 PM,09/13/2024 06:51:57 PM,N,1,95,28,1,2.01,11.4,2.5,0.5,0,0,,1,15.4,2,1,0
2,01/27/2024 07:31:10 PM,01/27/2024 07:36:03 PM,N,1,74,42,1,0.01,5.8,0,0.5,0,0,,1,7.3,2,1,0
2,09/06/2024 07:37:59 AM,09/06/2024 07:52:27 AM,N,1,74,140,1,3.64,18.4,0,0.5,4,0,,1,26.65,1,1,2.75
2,11/04/2024 11:05:28 AM,11/04/2024 11:16:50 AM,N,1,43,238,1,1.83,12.1,0,0.5,2.45,0,,1,18.8,1,1,2.75
2,11/19/2024 06:50:47 PM,11/19/2024 07:11:39 PM,N,1,95,258,1,2.54,19.8,2.5,0.5,2,0,,1,25.8,1,1,0
2,01/22/2024 01:04:59 PM,01/22/2024 01:11:43 PM,N,1,41,116,1,1.46,8.6,0,0.5,0,0,,1,10.1,1,1,0
2,02/05/2024 09:05:16 PM,02/05/2024 09:09:02 PM,N,1,75,74,1,1.37,7.2,1,0.5,0,0,,1,9.7,2,1,0
2,06/11/2024 10:14:07 PM,06/11/2024 10:37:17 PM,N,1,93,229,2,8.14,35.2,1,0.5,8.09,0,,1,48.54,1,1,2.75
2,04/16/2024 08:04:17 PM,04/16/2024 08:14:56 PM,N,1,43,141,1,2.17,12.8,1,0.5,0,0,,1,18.05,2,1,2.75
2,06/22/2024 07:34:01 PM,06/22/2024 07:43:28 PM,N,1,74,262,6,2.66,13.5,0,0.5,2.66,0,,1,20.41,1,1,2.75
2,12/15/2024 11:34:01 AM,12/15/2024 11:36:43 AM,N,1,74,168,1,0.49,5.1,0,0.5,1,0,,1,7.6,1,1,0
2,06/10/2024 10:36:45 PM,06/10/2024 10:44:10 PM,N,1,74,75,2,1.46,10,1,0.5,1,0,,1,13.5,1,1,0
2,09/05/2024 02:34:35 PM,09/05/2024 02:45:07 PM,N,1,75,24,1,1.52,11.4,0,0.5,3.22,0,,1,16.12,1,1,0
1,02/02/2024 03:12:22 PM,02/02/2024 03:16:54 PM,N,1,265,265,1,0.7,7.2,0,1.5,0,0,,1,8.7,2,1,0
2,08/31/2024 04:45:21 PM,08/31/2024 05:28:51 PM,N,1,93,79,1,15.49,63.2,0,0.5,13.49,0,,1,80.94,1,1,2.75
2,02/08/2024 11:45:32 AM,02/08/2024 11:51:59 AM,N,1,244,244,1,0.63,7.2,0,0.5,0,0,,1,8.7,2,1,0
2,11/07/2024 06:22:22 PM,11/07/2024 07:03:06 PM,N,1,43,13,2,9.57,47.1,2.5,0.5,10.77,0,,1,64.62,1,1,2.75
2,03/23/2024 01:57:10 AM,03/23/2024 02:20:37 AM,N,1,255,79,1,4.08,23.3,1,0.5,5.71,0,,1,34.26,1,1,2.75
2,11/03/2024 11:30:10 PM,11/03/2024 11:38:22 PM,N,1,92,207,1,4.62,19.8,1,0.5,0,0,,1,22.3,2,1,0
2,10/18/2024 06:45:54 PM,10/18/2024 06:56:12 PM,N,1,41,75,1,1.44,11.4,2.5,0.5,0,0,,1,15.4,2,1,0
2,04/15/2024 12:11:00 PM,04/15/2024 12:51:00 PM,,,33,230,,7.54,36.78,0,0,8.01,0,,1,48.54,,,
1,12/21/2024 09:14:22 PM,12/21/2024 09:36:06 PM,N,1,97,177,2,0,17.7,0,1.5,0,0,,1,19.2,1,1,0
2,12/02/2024 08:37:41 AM,12/02/2024 09:04:13 AM,N,1,74,43,1,2.33,22.6,0,0.5,6.71,0,,1,33.56,1,1,2.75
2,05/16/2024 07:08:01 AM,05/16/2024 07:23:49 AM,N,1,243,20,1,2.82,17.7,0,0.5,0,0,,1,19.2,2,1,0
2,05/07/2024 11:00:56 PM,05/07/2024 11:09:10 PM,N,1,75,263,1,1.44,9.3,1,0.5,1,0,,1,15.55,1,1,2.75
1,12/31/2024 12:36:02 PM,12/31/2024 12:46:24 PM,N,1,43,262,1,1.5,11.4,2.75,1.5,3.1,0,,1,18.75,1,1,2.75
2,09/06/2024 11:05:46 AM,09/06/2024 11:35:15 AM,N,1,166,229,1,5.81,32.4,0,0.5,1.5,0,,1,38.15,1,1,2.75
1,01/02/2024 09:32:48 AM,01/02/2024 09:39:30 AM,N,1,74,75,1,1.2,8.6,0,1.5,2,0,,1,12.1,1,1,0
1,04/24/2024 05:37:39 PM,04/24/2024 05:52:22 PM,N,1,52,133,1,0,23.5,0,1.5,0,0,,1,25,1,1,0
2,11/17/2024 07:02:15 PM,11/17/2024 07:20:09 PM,N,1,25,4,1,5.06,24.7,0,0.5,5.79,0,,1,34.74,1,1,2.75
2,07/10/2024 12:05:31 PM,07/10/2024 12:09:02 PM,N,1,74,41,1,0.36,5.1,0,0.5,0.4,0,,1,7,1,1,0
2,09/26/2024 04:59:28 PM,09/26/2024 05:11:51 PM,N,1,163,141,1,1.2,12.8,2.5,0.5,2,0,,1,21.3,1,1,2.5
2,06/04/2024 09:21:32 AM,06/04/2024 09:23:22 AM,N,5,129,129,1,0.08,15,0,0,0,0,,1,16,1,2,0
2,10/29/2024 10:14:42 PM,10/29/2024 10:26:30 PM,N,1,97,181,1,2.09,13.5,1,0.5,3.2,0,,1,19.2,1,1,0
2,03/21/2024 06:52:57 AM,03/21/2024 07:08:09 AM,N,1,95,121,1,3.08,17.7,0,0.5,3.84,0,,1,23.04,1,1,0
2,07/18/2024 03:45:54 PM,07/18/2024 04:09:13 PM,N,1,144,246,1,3.15,21.9,0,0.5,5.18,0,,1,31.08,1,1,2.5
2,12/08/2024 04:18:27 AM,12/08/2024 04:38:28 AM,N,1,80,79,1,5.63,26.8,1,0.5,4,0,,1,36.05,1,1,2.75
2,04/28/2024 11:23:24 AM,04/28/2024 11:40:36 AM,N,1,82,121,1,9.71,39.4,0,0.5,10.22,0,,1,51.12,1,1,0
2,02/10/2024 06:08:24 PM,02/10/2024 06:11:23 PM,N,1,166,41,6,0.62,5.1,0,0.5,1.32,0,,1,7.92,1,1,0
2,05/18/2024 11:43:42 PM,05/18/2024 11:54:01 PM,N,1,69,42,1,1.81,12.1,1,0.5,0,0,,1,14.6,2,1,0
2,01/24/2024 09:58:49 PM,01/24/2024 10:19:01 PM,N,1,101,82,1,11.24,42.2,1,0.5,0,0,,1,44.7,2,1,0
2,12/03/2024 07:36:04 AM,12/03/2024 07:43:40 AM,N,1,74,75,1,1.42,9.3,0,0.5,2.16,0,,1,12.96,1,1,0
2,04/13/2024 05:06:56 PM,04/13/2024 05:40:35 PM,N,1,130,64,1,10.81,46.4,0,0.5,11.98,0,,1,59.88,1,1,0
2,05/27/2024 06:40:46 PM,05/27/2024 06:50:49 PM,N,1,74,238,1,2.25,13.5,0,0.5,2.86,0,,0.3,17.16,1,1,0
2,02/10/2024 09:42:18 AM,02/10/2024 10:03:09 AM,N,1,95,173,1,4.6,24.7,0,0.5,0,0,,1,26.2,2,1,0
2,04/14/2024 08:52:43 AM,04/14/2024 09:00:41 AM,N,1,179,260,1,2.55,13.5,0,0.5,0,0,,1,15,2,1,0
2,03/01/2024 01:16:00 PM,03/01/2024 01:49:00 PM,,,61,132,,10.39,46.68,0,0,9.54,0,,1,57.22,,,
2,12/31/2024 06:41:59 PM,12/31/2024 06:48:51 PM,N,1,74,75,1,1.43,9.3,2.5,0.5,2,0,,1,15.3,1,1,0
2,07/28/2024 03:01:30 PM,07/28/2024 03:13:49 PM,N,1,129,138,1,3.86,19.1,5,0.5,5.12,0,,1,30.72,1,1,0
1,07/04/2024 01:49:11 PM,07/04/2024 01:53:42 PM,N,1,75,140,0,1.1,7.2,2.75,1.5,2.25,0,,1,13.7,1,1,2.75
2,06/03/2024 11:07:52 PM,06/03/2024 11:18:09 PM,N,1,75,141,1,2.26,13.5,1,0.5,0,0,,1,18.75,2,1,2.75
2,08/18/2024 02:42:15 PM,08/18/2024 02:50:27 PM,N,1,75,239,3,1.72,10.7,0,0.5,0,0,,1,14.95,2,1,2.75
2,12/15/2024 11:52:01 PM,12/15/2024 11:57:53 PM,N,1,166,238,1,1.22,8.6,1,0.5,3.46,0,,1,17.31,1,1,2.75
2,09/21/2024 10:55:00 PM,09/21/2024 10:56:00 PM,,,228,228,,0,17.1,0,0,3,0,,1,21.1,,,
2,11/25/2024 10:13:21 AM,11/25/2024 10:18:46 AM,N,1,42,41,1,0.78,7.9,0,0.5,1.5,0,,1,10.9,1,1,0
2,01/19/2024 08:23:16 AM,01/19/2024 08:24:34 AM,N,1,244,244,1,0.02,3.7,0,0.5,0,0,,1,5.2,2,1,0
2,01/21/2024 12:35:32 AM,01/21/2024 12:46:32 AM,N,1,129,173,2,1.41,11.4,1,0.5,0,0,,1,13.9,2,1,0
2,03/16/2024 10:32:00 AM,03/16/2024 10:49:00 AM,,,42,138,,8.32,28.01,0,0,7.19,6.94,,1,43.14,,,
2,10/29/2024 02:38:02 PM,10/29/2024 02:52:17 PM,N,1,43,236,1,0.95,12.8,0,0.5,0,0,,1,17.05,2,1,2.75
2,09/18/2024 02:38:00 AM,09/18/2024 02:48:00 AM,,,75,262,,1.8,12.64,0,0,0,0,,1,16.39,,,
2,07/21/2024 01:48:32 PM,07/21/2024 01:57:33 PM,N,1,74,42,1,1.19,10,0,0.5,0,0,,1,11.5,2,1,0
2,09/09/2024 02:23:05 PM,09/09/2024 02:33:53 PM,N,1,43,239,1,1.43,12.1,0,0.5,3.27,0,,1,19.62,1,1,2.75
2,03/22/2024 02:48:55 PM,03/22/2024 03:23:29 PM,N,1,41,100,1,5.04,32.4,0,0.5,0,0,,1,36.65,2,1,2.75
1,12/31/2024 09:30:04 PM,12/31/2024 09:48:33 PM,N,1,65,80,1,3.9,21.2,1,1.5,5.9,0,,1,29.6,1,1,0
2,03/13/2024 04:45:31 PM,03/13/2024 05:08:15 PM,N,1,65,181,1,1.76,19.8,2.5,0.5,2,0,,1,25.8,1,1,0
2,07/24/2024 06:11:20 PM,07/24/2024 06:32:03 PM,N,1,244,239,1,5.26,26.8,2.5,0.5,0,0,,1,33.55,1,1,2.75
2,05/13/2024 03:35:37 PM,05/13/2024 03:47:25 PM,N,1,74,166,1,1.82,12.8,2.5,0.5,4.2,0,,1,21,1,1,0
2,05/13/2024 11:32:00 AM,05/13/2024 11:45:05 AM,N,1,260,179,1,2.17,14.2,0,0.5,4.71,0,,1,20.41,1,1,0
2,04/22/2024 08:36:33 AM,04/22/2024 09:14:13 AM,N,1,244,162,1,9.24,46.4,0,0.5,10.13,0,,1,60.78,1,1,2.75
1,10/18/2024 05:34:02 PM,10/18/2024 06:03:34 PM,Y,1,244,236,2,6.3,30.3,5.25,1.5,0,0,,1,37.05,2,1,2.75
2,08/28/2024 01:09:35 PM,08/28/2024 01:28:09 PM,N,1,75,141,2,2.43,18.4,0,0.5,4.53,0,,1,27.18,1,1,2.75
1,04/17/2024 10:12:17 AM,04/17/2024 10:26:37 AM,N,1,95,135,1,2,15.6,0,1.5,0,0,,1,17.1,2,1,0
2,02/28/2024 01:26:26 PM,02/28/2024 01:30:22 PM,N,1,75,75,6,0.77,6.5,0,0.5,0,0,,1,8,2,1,0
2,09/07/2024 09:28:00 AM,09/07/2024 09:42:00 AM,,,243,18,,2.35,20.19,0,0,4.14,0,,1,25.33,,,
1,11/18/2024 03:28:04 PM,11/18/2024 03:33:22 PM,N,1,75,236,1,0.5,6.5,2.75,1.5,2.1,0,,1,12.85,1,1,2.75
2,05/19/2024 01:54:20 AM,05/19/2024 02:00:51 AM,N,1,75,238,1,1.22,8.6,1,0.5,1,0,,1,14.85,1,1,2.75
2,04/03/2024 08:48:48 AM,04/03/2024 08:57:08 AM,N,1,74,166,1,1.39,10,0,0.5,1.5,0,,1,13,1,1,0
2,03/06/2024 05:56:46 PM,03/06/2024 06:02:30 PM,N,1,75,151,1,1.1,7.9,2.5,0.5,1.5,0,,1,13.4,1,1,0
2,09/22/2024 07:35:43 PM,09/22/2024 07:49:07 PM,N,1,74,236,1,2.42,14.9,0,0.5,3.83,0,,1,22.98,1,1,2.75
2,04/26/2024 09:03:09 AM,04/26/2024 09:05:45 AM,N,1,236,75,1,0.58,5.1,0,0.5,1.32,0,,1,7.92,1,1,0
1,05/18/2024 12:17:57 PM,05/18/2024 12:23:33 PM,N,1,42,116,2,0.9,6.5,0,1.5,0,0,,1,8,2,1,0
2,03/13/2024 10:28:59 AM,03/13/2024 10:34:52 AM,N,1,74,75,1,1.3,8.6,0,0.5,0,0,,1,10.1,2,1,0
2,08/09/2024 09:38:26 AM,08/09/2024 09:46:03 AM,N,1,74,75,1,1.39,9.3,0,0.5,2,0,,1,12.8,1,1,0
2,05/14/2024 08:50:40 AM,05/14/2024 09:08:12 AM,N,1,129,7,1,2.51,17,0,0.5,1.85,0,,1,20.35,1,1,0
2,02/16/2024 03:14:29 PM,02/16/2024 03:28:33 PM,N,1,74,166,2,1.75,14.2,0,0.5,3.14,0,,1,18.84,1,1,0
2,10/30/2024 07:14:37 AM,10/30/2024 07:21:24 AM,N,1,236,74,1,1.82,10,0,0.5,0,0,,1,11.5,1,1,0
2,10/30/2024 08:34:43 AM,10/30/2024 08:48:39 AM,N,1,24,43,1,2.34,14.9,0,0.5,3.83,0,,1,22.98,1,1,2.75
2,08/28/2024 11:33:43 PM,08/28/2024 11:58:38 PM,N,1,93,33,1,13.01,51.3,1,0.5,10.76,0,,1,64.56,1,1,0
2,10/07/2024 07:55:00 PM,10/07/2024 08:03:00 PM,,,166,239,,1.66,14.08,0,0,3.47,0,,1,21.3,,,
2,09/21/2024 06:48:01 PM,09/21/2024 07:22:34 PM,N,1,93,256,1,8.71,39.4,0,0.5,12.27,0,,1,53.17,1,1,0
2,12/15/2024 05:20:49 PM,12/15/2024 05:26:08 PM,N,1,152,166,1,0.83,7.2,0,0.5,0,0,,1,8.7,2,1,0
2,09/07/2024 03:14:32 AM,09/07/2024 03:16:08 AM,N,1,260,260,1,0.39,4.4,1,0.5,0,0,,1,6.9,2,1,0
2,07/19/2024 04:29:26 PM,07/19/2024 04:44:55 PM,N,1,74,116,1,1.86,14.9,2.5,0.5,0,0,,0.3,18.2,2,1,0
2,10/10/2024 04:13:24 PM,10/10/2024 04:40:16 PM,N,1,97,25,1,1.43,21.9,2.5,0.5,0,0,,1,25.9,2,1,0
2,12/26/2024 08:36:33 AM,12/26/2024 08:53:55 AM,N,1,74,138,1,6.87,30.3,5,0.5,8.75,6.94,,1,52.49,1,1,0
2,10/23/2024 11:59:59 AM,10/23/2024 12:13:56 PM,N,1,75,262,1,1.92,14.2,0,0.5,0,0,,1,18.45,2,1,2.75
2,05/06/2024 08:35:17 AM,05/06/2024 08:37:49 AM,N,1,41,74,2,0.37,-5.1,0,-0.5,0,0,,-1,-6.6,4,1,0
2,10/21/2024 12:20:12 PM,10/21/2024 12:30:15 PM,N,1,75,262,1,1.15,10.7,0,0.5,1,0,,1,15.95,1,1,2.75
2,01/20/2024 04:07:34 PM,01/20/2024 04:24:28 PM,N,1,166,42,4,2.48,17.7,0,0.5,0,0,,1,19.2,2,1,0
2,10/30/2024 08:39:10 AM,10/30/2024 09:06:14 AM,N,1,74,236,5,2.37,23.3,0,0.5,0.04,0,,1,27.59,1,1,2.75
1,09/13/2024 05:46:47 PM,09/13/2024 06:12:37 PM,N,1,65,14,0,5.6,28.9,2.5,1.5,6.55,0,,1,39.45,1,1,0
2,07/29/2024 05:05:57 PM,07/29/2024 05:23:22 PM,N,1,75,141,2,2.35,17,2.5,0.5,0,0,,1,23.75,2,1,2.75
2,07/10/2024 05:58:05 PM,07/10/2024 06:04:39 PM,N,1,75,42,2,1.43,8.6,2.5,0.5,2.52,0,,1,15.12,1,1,0
1,08/08/2024 06:35:34 PM,08/08/2024 06:40:59 PM,N,1,263,263,2,1.1,7.2,5.25,1.5,3,0,,1,16.95,1,1,2.75
2,01/05/2024 08:55:43 PM,01/05/2024 09:14:45 PM,N,1,25,231,1,3.07,20.5,1,0.5,5.15,0,,1,30.9,1,1,2.75
2,03/03/2024 03:51:14 PM,03/03/2024 03:59:48 PM,N,1,43,263,1,0.94,8.6,0,0.5,1.5,0,,1,14.35,1,1,2.75
2,04/18/2024 11:32:49 AM,04/18/2024 12:08:53 PM,N,1,75,234,2,5.6,35.9,0,0.5,0,0,,1,40.15,2,1,2.75
1,11/06/2024 10:40:17 PM,11/06/2024 10:50:17 PM,N,1,244,41,1,3.1,14.9,1,1.5,3.45,0,,1,20.85,1,1,0
2,07/27/2024 02:42:07 AM,07/27/2024 02:49:57 AM,N,1,210,210,1,1.6,10,1,0.5,0,0,,1,12.5,1,1,0
2,12/20/2024 05:21:37 PM,12/20/2024 05:32:30 PM,N,1,74,238,1,1.87,12.1,2.5,0.5,0,0,,1,16.1,2,1,0
2,03/20/2024 10:05:29 AM,03/20/2024 10:25:06 AM,N,1,42,169,1,3.11,19.8,0,0.5,4.26,0,,1,25.56,1,1,0
2,10/21/2024 05:03:15 PM,10/21/2024 05:14:11 PM,N,1,42,152,2,1.36,11.4,2.5,0.5,0,0,,1,15.4,2,1,0
2,02/28/2024 09:25:40 AM,02/28/2024 09:42:16 AM,N,1,74,262,1,2.56,16.3,0,0.5,4.11,0,,1,24.66,1,1,2.75
2,03/07/2024 12:17:28 PM,03/07/2024 12:32:11 PM,N,1,95,121,1,2.56,16.3,0,0.5,0,0,,1,17.8,1,1,0
1,01/19/2024 11:45:36 AM,01/19/2024 11:47:57 AM,N,1,39,39,1,0,16,0,1.5,0,0,,1,17.5,1,1,0
2,09/11/2024 01:45:35 PM,09/11/2024 02:04:38 PM,N,1,74,75,1,2.02,17.7,0,0.5,3.84,0,,1,23.04,1,1,0
2,11/25/2024 02:32:43 PM,11/25/2024 02:49:18 PM,N,1,97,181,2,2.01,16.3,0,0.5,4.45,0,,1,22.25,1,1,0
2,02/26/2024 08:16:50 PM,02/26/2024 08:24:26 PM,N,1,97,97,1,1.45,10,1,0.5,0,0,,1,12.5,2,1,0
2,10/09/2024 04:45:44 PM,10/09/2024 04:57:28 PM,N,1,95,160,1,1.72,12.8,2.5,0.5,4.2,0,,1,21,1,1,0
2,07/18/2024 03:55:50 PM,07/18/2024 03:55:54 PM,N,1,166,166,1,0,3,0,0.5,0,0,,1,4.5,2,1,0
2,02/12/2024 07:31:38 AM,02/12/2024 07:41:38 AM,N,1,74,75,1,1.37,10.7,0,0.5,1.5,0,,1,13.7,1,1,0
2,06/03/2024 12:51:35 PM,06/03/2024 01:01:41 PM,N,1,41,166,1,1.33,10.7,0,0.5,0,0,,1,12.2,2,1,0
2,01/16/2024 07:01:32 AM,01/16/2024 07:08:25 AM,N,1,243,244,1,1.22,8.6,0,0.5,2.02,0,,1,12.12,1,1,0
2,05/07/2024 08:01:31 PM,05/07/2024 08:17:23 PM,N,1,75,143,1,3.42,19.1,1,0.5,0,0,,1,24.35,1,1,2.75
2,06/29/2024 11:00:41 PM,06/29/2024 11:08:37 PM,N,1,75,75,1,0.74,8.6,1,0.5,0,0,,1,11.1,2,1,0
2,11/24/2024 07:04:31 PM,11/24/2024 07:10:18 PM,N,1,95,95,1,0.93,7.9,0,0.5,1,0,,1,10.4,1,1,0
2,08/16/2024 05:48:40 PM,08/16/2024 06:03:21 PM,N,1,186,230,1,1.29,13.5,2.5,0.5,4,0,,1,24,1,1,2.5
2,01/30/2024 03:09:33 PM,01/30/2024 03:19:25 PM,N,1,129,129,6,0.95,10,0,0.5,0,0,,1,11.5,2,1,0
2,07/26/2024 05:56:23 PM,07/26/2024 06:02:58 PM,N,1,75,236,1,1,7.9,2.5,0.5,2.93,0,,1,17.58,1,1,2.75
2,04/26/2024 05:07:00 PM,04/26/2024 05:19:05 PM,N,1,74,75,1,1.34,12.1,2.5,0.5,0,0,,1,16.1,1,1,0
2,11/18/2024 10:29:33 AM,11/18/2024 10:38:13 AM,N,1,74,75,1,1.48,10,0,0.5,2.3,0,,1,13.8,1,1,0
2,05/31/2024 04:58:13 PM,05/31/2024 05:06:49 PM,N,1,75,263,1,0.97,10,2.5,0.5,4.19,0,,1,20.94,1,1,2.75
1,01/15/2024 06:45:31 PM,01/15/2024 06:51:43 PM,N,1,181,181,1,0.9,7.9,0,1.5,1.85,0,,1,11.25,1,1,0
2,05/28/2024 07:46:43 PM,05/28/2024 07:56:15 PM,N,1,66,25,2,1.59,10.7,2.5,0.5,2.94,0,,1,17.64,1,1,0
1,09/14/2024 12:34:38 PM,09/14/2024 12:50:42 PM,N,1,181,257,1,2.9,17.7,0,1.5,5.75,0,,1,24.95,1,1,0
1,09/11/2024 08:06:20 AM,09/11/2024 08:11:15 AM,N,1,152,152,2,0.7,5.8,0,1.5,0,0,,1,7.3,1,1,0
1,01/16/2024 06:09:58 PM,01/16/2024 06:12:29 PM,N,1,116,116,1,0.3,4.4,2.5,1.5,0,0,,1,8.4,1,1,0
2,04/13/2024 09:18:42 AM,04/13/2024 09:27:27 AM,N,1,65,97,1,1.3,9.3,0,0.5,2.16,0,,1,12.96,1,1,0
2,03/28/2024 09:02:49 AM,03/28/2024 09:07:00 AM,N,1,75,41,1,0.81,6.5,0,0.5,2,0,,1,10,1,1,0
2,04/26/2024 03:38:53 PM,04/26/2024 03:54:13 PM,N,1,7,138,1,3.66,20.5,5,0.5,6.75,0,,1,33.75,1,1,0
2,02/12/2024 06:24:56 PM,02/12/2024 06:34:18 PM,N,1,43,237,1,1.6,10.7,2.5,0.5,4.36,0,,1,21.81,1,1,2.75
2,04/05/2024 10:22:32 AM,04/05/2024 10:30:46 AM,N,1,41,41,1,1.09,10,0,0.5,2.3,0,,1,13.8,1,1,0
2,08/23/2024 11:08:44 AM,08/23/2024 11:16:30 AM,N,1,74,236,1,1.9,10.7,0,0.5,0,0,,1,14.95,2,1,2.75
2,10/20/2024 10:18:15 PM,10/20/2024 10:32:16 PM,N,1,181,33,1,1.71,14.2,1,0.5,0,0,,1,16.7,2,1,0
2,03/30/2024 04:33:37 PM,03/30/2024 04:44:46 PM,N,1,82,129,1,2.86,16.3,0,0.5,2.2,0,,1,20,1,1,0
2,06/23/2024 06:05:57 PM,06/23/2024 06:16:55 PM,N,1,74,263,2,2.42,13.5,0,0.5,3.55,0,,1,21.3,1,1,2.75
1,03/29/2024 03:14:12 PM,03/29/2024 05:01:31 PM,N,1,223,92,1,15.5,98.2,0,1.5,0,0,,1,99.7,2,1,0
2,11/26/2024 06:34:34 PM,11/26/2024 06:55:19 PM,N,1,65,257,1,3.82,21.9,2.5,0.5,5.18,0,,1,31.08,1,1,0
2,04/23/2024 06:51:01 PM,04/23/2024 07:01:19 PM,N,1,74,236,2,1.71,11.4,2.5,0.5,2.72,0,,1,20.87,1,1,2.75
1,03/05/2024 10:18:12 AM,03/05/2024 10:42:13 AM,N,1,74,237,1,3.1,19.8,2.75,1.5,2.41,0,,1,26.46,1,1,2.75
2,03/23/2024 11:14:33 PM,03/23/2024 11:42:07 PM,N,1,166,232,1,8.66,39.4,1,0.5,8.88,0,,1,53.28,1,1,2.5
2,11/26/2024 11:45:54 AM,11/26/2024 12:03:21 PM,N,1,74,138,1,6.55,29.6,5,0.5,8.61,6.94,,1,51.65,1,1,0
2,09/29/2024 03:09:03 PM,09/29/2024 03:18:13 PM,N,1,74,41,2,2.08,11.4,0,0.5,0,0,,1,12.9,2,1,0
2,05/30/2024 01:41:09 PM,05/30/2024 02:06:37 PM,N,1,74,141,1,2.91,22.6,0,0.5,5.37,0,,1,32.22,1,1,2.75
2,09/28/2024 10:46:47 AM,09/28/2024 10:56:52 AM,N,5,33,195,1,1.92,35,0,0,10.8,0,,1,46.8,1,2,0
2,05/16/2024 06:34:37 AM,05/16/2024 06:43:12 AM,N,1,75,140,1,2.16,11.4,0,0.5,3.91,0,,1,19.56,1,1,2.75
2,01/08/2024 09:03:52 AM,01/08/2024 09:09:47 AM,N,1,74,166,1,0.93,7.9,0,0.5,0,0,,1,9.4,1,1,0
2,04/17/2024 10:47:30 PM,04/17/2024 10:55:23 PM,N,1,65,40,1,1.22,9.3,1,0.5,2.36,0,,1,14.16,1,1,0
2,08/06/2024 05:51:55 PM,08/06/2024 06:05:16 PM,,,164,161,,1.07,17.77,0,0.5,3,0,,1,24.77,,,
2,06/30/2024 12:33:55 PM,06/30/2024 12:50:31 PM,N,1,74,238,2,3.03,18.4,0,0.5,4.53,0,,1,27.18,1,1,2.75
2,12/06/2024 05:22:46 PM,12/06/2024 05:37:07 PM,N,1,236,237,1,2,14.9,2.5,0.5,4.33,0,,1,25.98,1,1,2.75
2,01/10/2024 04:17:53 PM,01/10/2024 04:27:13 PM,N,1,82,138,1,3.73,17,7.5,0.5,5,0,,1,31,1,1,0
2,11/28/2024 09:34:12 PM,11/28/2024 09:34:33 PM,N,5,258,258,1,0,25,0,0,3,0,,1,29,1,2,0
2,10/19/2024 06:26:14 PM,10/19/2024 06:39:30 PM,N,1,74,166,1,2.18,14.9,0,0.5,4.1,0,,1,20.5,1,1,0
2,10/04/2024 02:24:18 PM,10/04/2024 02:26:57 PM,N,1,75,74,1,0.69,5.1,0,0.5,1.65,0,,1,8.25,1,1,0
2,04/14/2024 02:17:51 PM,04/14/2024 02:43:30 PM,N,1,82,258,1,4.63,26.8,0,0.5,0,0,,1,28.3,2,1,0
2,03/04/2024 07:50:06 AM,03/04/2024 08:07:01 AM,N,1,75,161,1,2.85,17.7,0,0.5,2.5,0,,1,24.45,1,1,2.75
2,01/19/2024 10:54:33 PM,01/19/2024 10:58:45 PM,N,1,74,75,1,1.52,7.9,1,0.5,0.6,0,,1,11,1,1,0
2,10/10/2024 09:32:08 AM,10/10/2024 09:46:21 AM,N,1,74,75,1,1.4,13.5,0,0.5,3,0,,1,18,1,1,0
1,03/28/2024 12:23:19 PM,03/28/2024 12:35:05 PM,N,1,75,239,2,1.8,12.8,2.75,1.5,1,0,,1,18.05,1,1,2.75
2,01/23/2024 09:09:00 AM,01/23/2024 09:19:22 AM,N,1,74,166,1,1.58,11.4,0,0.5,1,0,,1,13.9,1,1,0
2,12/07/2024 02:30:18 PM,12/07/2024 02:38:43 PM,N,1,129,129,1,2.36,12.8,0,0.5,2.86,0,,1,17.16,1,1,0
2,05/06/2024 01:07:08 PM,05/06/2024 01:15:00 PM,N,1,244,42,2,1.43,10,0,0.5,0,0,,1,11.5,2,1,0
2,01/25/2024 01:17:50 AM,01/25/2024 01:22:29 AM,N,1,197,130,1,0.88,7.2,1,0.5,0,0,,1,9.7,2,1,0
2,05/01/2024 12:57:43 PM,05/01/2024 01:26:52 PM,N,1,75,148,1,7.02,35.2,0,0.5,8,0,,1,47.45,1,1,2.75
2,10/10/2024 07:32:30 AM,10/10/2024 08:22:51 AM,N,1,74,17,1,14.1,66,0,0.5,5,0,,1,75.25,1,1,2.75
2,12/28/2024 11:17:35 AM,12/28/2024 11:24:33 AM,N,1,65,33,1,0.65,7.9,0,0.5,1.88,0,,1,11.28,1,1,0
2,08/04/2024 09:15:00 PM,08/04/2024 09:25:00 PM,,,74,263,,2.03,12.8,0,0,3.21,0,,1,19.76,,,
2,12/27/2024 06:01:18 PM,12/27/2024 06:17:58 PM,N,1,82,138,6,5.3,24.7,7.5,0.5,6.74,0,,1,40.44,1,1,0
2,05/30/2024 08:07:48 AM,05/30/2024 08:18:10 AM,N,1,74,75,1,1.74,11.4,0,0.5,1,0,,1,13.9,1,1,0
2,06/23/2024 09:48:03 AM,06/23/2024 09:52:24 AM,N,1,41,42,1,0.83,7.2,0,0.5,0,0,,1,8.7,2,1,0
2,11/19/2024 06:34:10 PM,11/19/2024 06:42:12 PM,N,1,75,236,1,0.77,8.6,2.5,0.5,0,0,,1,15.35,2,1,2.75
2,12/28/2024 06:00:30 PM,12/28/2024 06:09:57 PM,N,1,75,142,1,2.53,12.8,0,0.5,2,0,,1,19.05,1,1,2.75
2,12/05/2024 08:10:22 PM,12/05/2024 08:32:11 PM,N,1,75,162,1,2.87,21.2,1,0.5,0,0,,1,26.45,1,1,2.75
2,03/29/2024 10:12:07 AM,03/29/2024 10:26:09 AM,N,1,97,62,2,2.49,15.6,0,0.5,0,0,,1,17.1,2,1,0
2,05/28/2024 06:52:14 PM,05/28/2024 07:20:23 PM,N,5,55,33,1,11.58,55,0,0,11.2,0,,1,67.2,1,2,0
2,04/11/2024 04:56:46 PM,04/11/2024 05:00:58 PM,N,1,95,95,1,0.59,5.8,2.5,0.5,0,0,,1,9.8,2,1,0
2,07/22/2024 03:44:21 PM,07/22/2024 04:07:36 PM,N,1,244,43,1,6.68,33.1,0,0.5,7.47,0,,1,44.82,1,1,2.75
2,09/26/2024 03:55:17 PM,09/26/2024 04:02:41 PM,N,1,75,74,1,1.32,9.3,0,0.5,2.7,0,,1,13.5,1,1,0
1,09/15/2024 08:13:50 AM,09/15/2024 08:27:10 AM,N,1,129,70,2,1.6,11.4,0,1.5,0,0,,1,12.9,2,1,0
2,03/05/2024 02:05:42 PM,03/06/2024 01:50:33 PM,N,1,55,55,1,6.36,38,0,0.5,0,0,,1,39.5,2,1,0
2,01/28/2024 03:39:58 PM,01/28/2024 04:08:22 PM,N,1,41,68,1,6.41,33.1,0,0.5,5,0,,1,42.35,1,1,2.75
2,08/30/2024 12:03:25 PM,08/30/2024 12:18:37 PM,N,1,74,141,1,2.74,16.3,0,0.5,4.11,0,,1,24.66,1,1,2.75
2,01/15/2024 01:19:51 PM,01/15/2024 01:19:54 PM,N,1,193,193,1,0,3,0,0.5,0,0,,1,4.5,2,1,0
2,04/29/2024 03:35:03 PM,04/29/2024 03:56:56 PM,N,1,74,244,1,3.11,21.9,0,0.5,4,0,,1,27.4,1,1,0
2,12/19/2024 10:37:09 PM,12/19/2024 11:24:53 PM,N,1,129,14,1,14.7,48,0.5,0.5,0,0,,0.3,49.3,2,1,0
2,02/24/2024 09:25:04 PM,02/24/2024 09:31:58 PM,N,1,66,33,1,1.04,8.6,1,0.5,2.22,0,,1,13.32,1,1,0
2,02/16/2024 01:49:41 PM,02/16/2024 01:49:46 PM,N,5,132,132,1,0.18,35,0,0,5,0,,1,41,1,2,0
2,06/30/2024 12:41:48 PM,06/30/2024 01:02:20 PM,N,1,41,230,2,5.95,28.9,0,0.5,0,0,,1,33.15,2,1,2.75
2,10/23/2024 04:59:07 PM,10/23/2024 05:07:06 PM,N,1,127,243,2,1,8.6,2.5,0.5,0,0,,1,12.6,2,1,0
1,05/24/2024 05:24:15 PM,05/24/2024 05:51:08 PM,N,1,75,161,0,2.9,24.7,5.25,1.5,6.25,0,,1,37.7,1,1,2.75
2,05/30/2024 10:06:43 AM,05/30/2024 10:20:46 AM,N,1,74,236,1,2.5,14.9,0,0.5,1,0,,1,20.15,1,1,2.75
2,05/08/2024 04:10:57 PM,05/08/2024 04:20:59 PM,N,1,75,263,6,1.14,10.7,2.5,0.5,1,0,,1,18.45,1,1,2.75
2,02/12/2024 03:34:28 PM,02/12/2024 04:15:53 PM,N,1,75,136,1,8.48,41.5,0,0.5,10.75,0,,1,53.75,1,1,0
2,08/23/2024 04:27:30 PM,08/23/2024 04:55:29 PM,N,1,41,137,6,6.13,29.6,2.5,0.5,7.27,0,,1,43.62,1,1,2.75
2,03/16/2024 10:16:00 AM,03/16/2024 11:05:00 AM,,,7,265,,21.73,77.44,0,0,15.69,0,,1,94.13,,,
2,09/13/2024 01:34:07 AM,09/13/2024 01:44:24 AM,N,1,82,157,1,2.06,12.1,1,0.5,0,0,,1,14.6,2,1,0
2,08/15/2024 08:00:42 PM,08/15/2024 08:06:03 PM,N,1,7,179,1,0.9,7.2,2.5,0.5,2.24,0,,1,13.44,1,1,0
1,04/02/2024 07:08:18 PM,04/02/2024 07:08:18 PM,Y,99,74,264,0,0,46.85,0,0,0,0,,0,46.85,3,,0
1,01/08/2024 08:21:39 AM,01/08/2024 08:28:59 AM,N,1,41,166,2,1,8.6,0,1.5,2,0,,1,12.1,1,1,0
2,01/08/2024 06:19:42 PM,01/08/2024 06:32:46 PM,N,1,74,238,4,2.39,14.9,2.5,0.5,3.78,0,,1,22.68,1,1,0
2,01/13/2024 08:22:45 AM,01/13/2024 08:50:13 AM,N,1,263,228,1,12.7,51.3,0,0.5,1.67,0,,1,57.22,1,1,2.75
2,01/15/2024 11:49:46 AM,01/15/2024 12:19:01 PM,N,1,7,234,1,5.62,30.3,0,0.5,2,0,,1,36.55,1,1,2.75
2,09/26/2024 09:01:59 AM,09/26/2024 09:28:34 AM,N,1,130,138,1,6.81,31.7,5,0.5,0,0,,1,38.2,1,1,0
2,07/31/2024 10:50:31 AM,07/31/2024 11:03:33 AM,N,1,74,69,1,2.21,14.9,0,0.5,0,0,,0.3,15.7,1,1,0
2,11/15/2024 05:52:35 PM,11/15/2024 06:05:51 PM,N,1,74,75,1,1.74,13.5,2.5,0.5,3.5,0,,1,21,1,1,0
2,07/31/2024 03:34:33 AM,07/31/2024 03:40:44 AM,N,1,75,236,1,1.37,9.3,1,0.5,2.91,0,,1,17.46,1,1,2.75
1,05/13/2024 04:10:22 PM,05/13/2024 04:18:32 PM,,,75,74,,1.4,10,2.5,0.5,2.1,0,,1,16.1,,,
2,03/29/2024 01:55:08 PM,03/29/2024 02:15:36 PM,N,1,65,83,2,7.02,30.3,0,0.5,0,0,,1,31.8,2,1,0
2,10/25/2024 09:07:20 PM,10/25/2024 09:15:39 PM,N,1,75,238,1,1.51,10.7,1,0.5,3.99,0,,1,19.94,1,1,2.75
2,06/25/2024 01:19:51 PM,06/25/2024 01:36:35 PM,N,1,75,161,1,2.17,16.3,0,0.5,4.11,0,,1,24.66,1,1,2.75
2,11/05/2024 03:11:46 PM,11/05/2024 03:31:27 PM,N,1,74,237,1,2.9,19.8,0,0.5,4.81,0,,1,28.86,1,1,2.75
2,02/21/2024 05:05:23 PM,02/21/2024 05:18:56 PM,N,1,43,43,1,2.65,15.6,2.5,0.5,4.47,0,,1,26.82,1,1,2.75
2,07/14/2024 09:04:13 PM,07/14/2024 09:18:44 PM,N,1,210,55,1,3.93,21.2,1,0.5,0,0,,1,23.7,2,1,0
2,06/16/2024 06:09:07 PM,06/16/2024 06:18:03 PM,N,1,17,225,1,1.63,10.7,0,0.5,2.44,0,,1,14.64,1,1,0
2,12/19/2024 05:22:31 PM,12/19/2024 05:30:50 PM,N,1,75,41,1,1.49,10,2.5,0.5,2.8,0,,1,16.8,1,1,0
2,02/14/2024 07:36:17 PM,02/14/2024 07:42:56 PM,N,1,75,74,1,1.39,9.3,2.5,0.5,2.66,0,,1,15.96,1,1,0
2,05/02/2024 09:39:37 PM,05/02/2024 09:58:22 PM,N,1,41,68,1,4.68,23.3,1,0.5,5.71,0,,1,34.26,1,1,2.75
2,12/01/2024 05:10:54 PM,12/01/2024 05:34:13 PM,N,1,75,232,1,8.31,35.2,0,0.5,0,0,,1,39.45,2,1,2.75
2,03/17/2024 11:35:48 PM,03/17/2024 11:46:01 PM,N,1,74,116,1,1.84,12.1,1,0.5,2.92,0,,1,17.52,1,1,0
2,08/04/2024 01:22:33 PM,08/04/2024 01:33:12 PM,N,1,41,74,1,1.62,11.4,0,0.5,0,0,,1,12.9,2,1,0
2,02/15/2024 12:10:00 PM,02/15/2024 12:24:00 PM,,,166,142,,2.63,17.37,0,0,4.22,0,,1,25.34,,,
2,08/29/2024 04:07:21 PM,08/29/2024 04:12:42 PM,N,1,75,74,1,1.3,7.9,2.5,0.5,2.38,0,,1,14.28,1,1,0
2,02/26/2024 07:57:00 AM,02/26/2024 08:15:30 AM,N,1,33,138,1,10.49,40.8,5,0.5,0,0,,1,47.3,2,1,0
2,06/08/2024 11:59:24 AM,06/08/2024 12:19:06 PM,N,1,66,211,1,2.78,19.8,0,0.5,0,0,,1,24.05,2,1,2.75
2,07/23/2024 06:36:38 PM,07/23/2024 06:49:31 PM,N,1,74,151,1,2.69,15.6,2.5,0.5,3.92,0,,1,23.52,1,1,0
2,10/03/2024 07:33:13 PM,10/03/2024 07:39:07 PM,N,1,134,28,1,0.95,7.9,2.5,0.5,2.38,0,,1,14.28,1,1,0
2,04/19/2024 11:58:50 AM,04/19/2024 12:07:31 PM,N,1,74,24,1,1.45,10.7,0,0.5,0,0,,0.3,11.5,2,1,0
2,02/29/2024 01:59:28 PM,02/29/2024 02:09:47 PM,N,1,82,138,2,3.92,18.4,5,0.5,4.98,0,,1,29.88,1,1,0
1,03/06/2024 05:40:15 PM,03/06/2024 05:58:05 PM,N,1,74,43,2,3.2,19.1,5.25,1.5,1.29,0,,1,27.14,1,1,2.75
2,06/29/2024 03:25:29 AM,06/29/2024 03:25:31 AM,N,5,264,264,1,0,44,0,0,11.25,0,,1,56.25,1,2,0
1,12/30/2024 03:53:24 PM,12/30/2024 03:58:59 PM,N,1,41,75,1,1.4,8.6,0,1.5,1.9,0,,1,12,1,1,0
2,10/07/2024 12:39:39 PM,10/07/2024 12:49:10 PM,N,1,74,75,1,1.43,10.7,0,0.5,2.44,0,,1,14.64,1,1,0
2,12/28/2024 12:25:40 PM,12/28/2024 12:25:42 PM,N,5,264,264,0,0.05,45,0,0,0,0,,1,46,1,2,0
2,01/29/2024 05:06:19 PM,01/29/2024 05:21:16 PM,N,1,74,236,1,2.13,14.9,2.5,0.5,4.33,0,,1,25.98,1,1,2.75
2,09/14/2024 07:26:15 AM,09/14/2024 08:08:25 AM,N,5,195,68,2,7.76,90,0,0,18.75,0,,1,112.5,1,2,2.75
2,05/26/2024 10:24:36 PM,05/26/2024 10:34:31 PM,N,1,43,141,1,2.24,12.8,1,0.5,4.51,0,,1,22.56,1,1,2.75
2,04/13/2024 06:09:00 PM,04/13/2024 06:31:00 PM,,,74,151,,3.46,26.53,0,0,5.41,0,,1,32.94,,,
2,08/13/2024 07:18:17 PM,08/13/2024 07:29:19 PM,N,1,43,141,1,1.72,12.1,2.5,0.5,3.77,0,,1,22.62,1,1,2.75
2,08/06/2024 06:53:11 AM,08/06/2024 07:00:17 AM,N,1,74,42,2,1.15,8.6,0,0.5,2.02,0,,1,12.12,1,1,0
2,05/06/2024 08:29:32 AM,05/06/2024 08:42:47 AM,N,1,74,151,1,1.87,14.2,0,0.5,3.14,0,,1,18.84,1,1,0
2,11/04/2024 08:03:24 AM,11/04/2024 08:29:18 AM,N,1,42,48,1,6.07,32.4,0,0.5,0,0,,1,36.65,2,1,2.75
2,01/08/2024 09:36:39 PM,01/08/2024 09:36:52 PM,N,1,193,193,1,0,0,0,0,0,0,,0,0,1,1,0
2,10/30/2024 02:18:51 PM,10/30/2024 02:23:17 PM,N,1,41,42,1,0.84,6.5,0,0.5,0,0,,1,8,2,1,0
1,05/22/2024 01:37:22 PM,05/22/2024 01:44:21 PM,N,1,74,74,1,1.2,8.6,0,1.5,0,0,,1,10.1,2,1,0
2,05/02/2024 07:08:33 AM,05/02/2024 07:16:45 AM,N,1,166,239,5,1.79,11.4,0,0.5,3.91,0,,1,19.56,1,1,2.75
2,12/05/2024 06:00:48 PM,12/05/2024 06:11:43 PM,N,1,43,236,1,1.46,11.4,2.5,0.5,1.82,0,,1,19.97,1,1,2.75
2,12/13/2024 08:46:15 AM,12/13/2024 08:57:04 AM,N,1,74,166,1,1.55,11.4,0,0.5,0,0,,1,12.9,2,1,0
2,09/25/2024 02:22:49 PM,09/25/2024 02:40:49 PM,N,1,196,226,1,3.4,20.5,0,0.5,0,0,,1,22,2,1,0
2,02/03/2024 04:32:27 PM,02/03/2024 04:46:13 PM,N,1,74,263,1,2.36,14.9,0,0.5,0,0,,1,19.15,2,1,2.75
2,09/27/2024 12:02:30 AM,09/27/2024 12:19:58 AM,N,1,75,88,5,8.63,35.2,1,0.5,5,0,,1,45.45,1,1,2.75
2,05/20/2024 06:52:06 AM,05/20/2024 07:00:51 AM,N,1,74,75,1,1.48,10,0,0.5,2.3,0,,1,13.8,1,1,0
2,05/27/2024 03:28:48 PM,05/27/2024 03:33:24 PM,N,1,75,74,1,1.31,7.9,0,0.5,1,0,,1,10.4,1,1,0
2,08/14/2024 08:52:16 AM,08/14/2024 09:01:01 AM,N,1,74,75,1,1.2,10,0,0.5,2.3,0,,1,13.8,1,1,0
2,01/06/2024 07:26:42 PM,01/06/2024 07:31:20 PM,N,1,74,75,1,0.92,7.2,0,0.5,1.74,0,,1,10.44,1,1,0
1,01/28/2024 07:58:46 PM,01/28/2024 08:17:09 PM,N,1,74,242,2,6.3,28.2,0,1.5,0,0,,1,29.7,2,1,0
1,12/31/2024 10:00:07 PM,12/31/2024 10:12:08 PM,N,1,74,244,2,4.4,19.8,1,1.5,0,0,,1,22.3,2,1,0
2,05/22/2024 06:11:10 PM,05/22/2024 06:21:13 PM,N,1,75,141,1,1.72,11.4,2.5,0.5,2.72,0,,1,20.87,1,1,2.75
2,05/19/2024 03:58:28 PM,05/19/2024 04:10:25 PM,N,1,74,166,1,1.67,12.1,0,0.5,2.58,0,,0.3,15.48,1,1,0
2,02/17/2024 10:12:08 PM,02/17/2024 10:25:05 PM,N,1,66,79,1,4.29,19.8,1,0.5,5.01,0,,1,30.06,1,1,2.75
2,03/19/2024 02:20:25 PM,03/19/2024 02:38:42 PM,N,1,42,159,1,2.57,16.3,0,0.5,0,0,,1,17.8,2,1,0
2,04/12/2024 12:31:25 PM,04/12/2024 12:33:06 PM,N,1,41,74,1,0.29,3.7,0,0.5,1,0,,1,6.2,1,1,0
2,09/29/2024 04:40:05 PM,09/29/2024 04:51:28 PM,N,1,74,236,2,2.34,13.5,0,0.5,3.55,0,,1,21.3,1,1,2.75
2,01/08/2024 12:31:03 AM,01/08/2024 12:36:18 AM,N,1,74,41,1,1.13,7.9,1,0.5,0,0,,1,10.4,1,1,0
2,09/29/2024 11:33:08 AM,09/29/2024 11:54:04 AM,N,1,75,137,1,5.34,26.1,0,0.5,7.59,0,,1,37.94,1,1,2.75
1,07/19/2024 07:52:49 AM,07/19/2024 08:02:15 AM,N,1,74,75,1,1.6,10.7,0,1.5,0,0,,1,12.2,2,1,0
2,01/28/2024 05:45:16 PM,01/28/2024 05:49:36 PM,N,1,41,42,1,0.69,6.5,0,0.5,0,0,,1,8,1,1,0
1,12/11/2024 10:26:12 PM,12/11/2024 10:31:17 PM,N,1,33,40,1,1.1,7.2,1,1.5,0,0,,1,9.7,2,1,0
2,06/12/2024 05:45:00 PM,06/12/2024 05:59:00 PM,,,152,143,,4.7,28.95,0,0,6.44,0,,1,39.14,,,
2,02/27/2024 06:12:06 PM,02/27/2024 06:17:19 PM,N,1,95,95,5,0.7,6.5,2.5,0.5,2.1,0,,1,12.6,1,1,0
1,06/17/2024 03:18:13 PM,06/17/2024 03:21:24 PM,N,1,166,166,2,0.4,5.1,0,1.5,3,0,,1,9.6,1,1,0
2,08/29/2024 03:30:19 PM,08/29/2024 03:39:07 PM,N,1,43,263,2,1.27,10,2.5,0.5,0,0,,1,16.75,2,1,2.75
2,10/23/2024 02:48:39 PM,10/23/2024 03:04:02 PM,N,1,75,236,1,0.68,13.5,0,0.5,0,0,,1,17.75,2,1,2.75
2,03/21/2024 09:29:39 PM,03/21/2024 09:34:57 PM,N,1,75,236,1,0,6.5,1,0.5,2.35,0,,1,14.1,1,1,2.75
2,07/15/2024 11:49:50 AM,07/15/2024 11:59:41 AM,N,1,82,138,1,3.87,18.4,5,0.5,4,0,,1,28.9,1,1,0
2,11/30/2024 07:46:10 PM,11/30/2024 08:03:59 PM,N,1,74,78,1,6.22,27.5,0,0.5,0,0,,1,29,1,1,0
2,03/27/2024 03:59:17 PM,03/27/2024 04:48:43 PM,N,1,223,223,1,10.85,57.6,2.5,0.5,12.32,0,,1,73.92,1,1,0
2,03/23/2024 11:00:19 AM,03/23/2024 11:12:46 AM,N,1,74,236,1,2.24,14.2,0,0.5,3.69,0,,1,22.14,1,1,2.75
1,01/11/2024 09:37:55 AM,01/11/2024 10:54:34 AM,N,1,11,100,1,0,49,0,1.5,0,6.94,,1,57.44,1,1,0
2,10/29/2024 06:37:11 AM,10/29/2024 06:46:01 AM,N,1,74,236,1,1.88,10.7,0,0.5,2.54,0,,1,17.49,1,1,2.75
2,01/25/2024 10:30:18 PM,01/25/2024 10:59:59 PM,N,1,181,211,1,3.36,27.5,1,0.5,9.82,0,,1,42.57,1,1,2.75
1,03/29/2024 04:34:15 PM,03/29/2024 04:46:32 PM,N,1,65,181,1,1.6,12.8,2.5,1.5,0,0,,1,16.8,2,1,0
1,05/08/2024 10:07:10 AM,05/08/2024 10:32:24 AM,N,1,74,236,1,2.9,23.3,2.75,1.5,5.5,0,,1,33.05,1,1,2.75
2,01/07/2024 09:14:30 PM,01/07/2024 09:27:41 PM,N,1,129,7,1,1.59,13.5,1,0.5,0,0,,1,16,2,1,0
2,07/03/2024 12:13:54 PM,07/03/2024 12:24:30 PM,N,1,74,43,1,1.42,11.4,0,0.5,2,0,,0.3,14.2,1,1,0
2,04/01/2024 03:44:52 PM,04/01/2024 03:45:59 PM,N,1,134,134,1,0,3.7,0,0.5,0,0,,1,5.2,2,1,0
2,10/09/2024 12:36:00 PM,10/09/2024 12:53:00 PM,,,147,247,,2.08,18.45,0,0.5,0,0,,1,19.95,,,
2,08/14/2024 08:52:48 PM,08/14/2024 08:59:35 PM,N,1,7,7,2,0.81,7.9,1,0.5,2.08,0,,1,12.48,1,1,0
2,04/15/2024 06:13:24 PM,04/15/2024 06:26:54 PM,N,1,166,74,1,1.52,13.5,2.5,0.5,2.1,0,,1,19.6,1,1,0
1,06/09/2024 04:47:04 PM,06/09/2024 04:52:55 PM,N,1,210,108,3,1.1,7.9,2.5,1.5,3,0,,1,14.9,1,1,0
2,02/21/2024 05:34:45 PM,02/21/2024 05:47:44 PM,N,1,92,92,1,1.11,12.1,2.5,0.5,0,0,,1,16.1,2,1,0
2,09/27/2024 09:40:23 AM,09/27/2024 09:43:10 AM,N,1,43,238,1,0.74,5.8,0,0.5,2.51,0,,1,12.56,1,1,2.75
1,04/03/2024 12:02:01 PM,04/03/2024 12:08:39 PM,N,1,75,75,1,0.5,6.5,0,1.5,1.6,0,,1,9.6,1,1,0
2,02/07/2024 06:33:22 PM,02/07/2024 06:57:44 PM,N,1,7,7,1,1.58,20.5,2.5,0.5,0,0,,1,24.5,2,1,0
1,01/01/2024 04:07:04 PM,01/01/2024 04:15:28 PM,N,1,74,238,2,2.1,11.4,2.5,1.5,3.05,0,,1,18.45,1,1,0
2,10/20/2024 04:06:07 PM,10/20/2024 04:11:00 PM,N,1,74,75,1,1,7.2,0,0.5,0,0,,1,8.7,2,1,0
2,06/25/2024 04:51:04 PM,06/25/2024 05:13:17 PM,N,1,82,138,1,4.69,24.7,7.5,0.5,6.74,0,,1,40.44,1,1,0
2,12/16/2024 12:03:22 PM,12/16/2024 12:18:01 PM,N,1,130,191,1,2.99,17,0,0.5,0,0,,1,18.5,2,1,0
2,05/27/2024 03:24:00 AM,05/27/2024 03:38:00 AM,,,244,138,,9.39,31.47,0,0,3.89,6.94,,1,43.3,,,
2,12/21/2024 11:43:44 AM,12/21/2024 11:51:34 AM,N,1,75,74,1,1.59,10,0,0.5,1.15,0,,1,12.65,1,1,0
2,04/23/2024 03:21:22 PM,04/23/2024 03:34:42 PM,N,1,82,138,1,3.8,19.8,5,0.5,0,0,,1,26.3,1,1,0
2,08/25/2024 01:44:49 PM,08/25/2024 01:57:40 PM,N,1,97,17,1,2.07,13.5,0,0.5,3,0,,1,18,1,1,0
2,03/11/2024 09:31:48 PM,03/11/2024 09:39:13 PM,N,1,75,262,1,1.48,9.3,1,0.5,1,0,,1,15.55,1,1,2.75
2,10/01/2024 01:15:28 PM,10/01/2024 01:26:30 PM,N,1,95,134,1,1.73,12.1,0,0.5,0,0,,1,13.6,2,1,0
1,05/19/2024 03:53:23 PM,05/19/2024 04:01:22 PM,N,1,97,49,0,1.2,9.3,0,1.5,2.15,0,,1,12.95,1,1,0
2,08/12/2024 08:37:00 PM,08/12/2024 08:49:29 PM,N,1,74,238,1,3.1,15.6,1,0.5,4.17,0,,1,25.02,1,1,2.75
2,12/25/2024 08:08:16 PM,12/25/2024 08:16:24 PM,N,1,75,43,2,1.54,10.7,1,0.5,3.19,0,,1,19.14,1,1,2.75
2,01/19/2024 08:56:33 PM,01/19/2024 09:07:37 PM,N,1,166,42,2,2.09,12.8,1,0.5,0,0,,1,15.3,2,1,0
2,04/26/2024 09:05:14 PM,04/26/2024 09:11:04 PM,N,1,43,236,1,1.23,7.9,1,0.5,2.63,0,,1,15.78,1,1,2.75
2,01/08/2024 08:58:00 AM,01/08/2024 09:21:00 AM,,,61,97,,2.94,21.69,0,0,0,0,,1,22.69,,,
2,04/21/2024 04:04:44 AM,04/21/2024 04:13:54 AM,N,5,80,226,2,6.81,65,0,0,0,0,,1,66,2,2,0
2,09/15/2024 04:26:39 PM,09/15/2024 04:36:25 PM,N,1,130,10,1,2.05,12.1,0,0.5,2,0,,1,15.6,1,1,0
2,06/26/2024 01:05:28 PM,06/26/2024 01:17:16 PM,N,1,74,42,1,2.69,14.9,0,0.5,0,0,,1,16.4,2,1,0
2,03/28/2024 08:05:18 PM,03/28/2024 08:14:10 PM,N,1,82,157,1,1.15,10,1,0.5,3.12,0,,1,15.62,1,1,0
1,09/26/2024 10:04:08 AM,09/26/2024 10:32:30 AM,N,1,55,76,1,0,38.5,0,1.5,0,0,,1,40,1,1,0
2,04/21/2024 09:25:11 PM,04/21/2024 09:32:15 PM,N,1,74,152,1,1.43,9.3,1,0.5,0,0,,1,11.8,1,1,0
2,04/16/2024 10:16:57 PM,04/16/2024 10:54:38 PM,N,1,223,48,5,7.08,35.2,1,0.5,0,0,,1,40.45,1,1,2.75
2,07/19/2024 01:09:01 PM,07/19/2024 01:32:46 PM,N,1,166,170,1,5.15,26.8,0,0.5,6.21,0,,1,37.26,1,1,2.75
2,08/22/2024 02:46:32 PM,08/22/2024 03:51:31 PM,N,1,43,262,1,4.48,51.3,0,0.5,11.11,0,,1,66.66,1,1,2.75
1,02/21/2024 05:49:00 AM,02/21/2024 07:01:06 AM,N,1,159,55,1,0,65.5,0,1.5,0,6.94,,1,73.94,1,1,0
2,12/31/2024 04:13:00 PM,12/31/2024 04:14:00 PM,,,166,166,,0.34,14.16,0,0.5,3.13,0,,1,18.79,,,
2,01/22/2024 07:47:24 AM,01/22/2024 07:56:19 AM,N,1,166,238,1,1.33,10.7,0,0.5,2.99,0,,1,17.94,1,1,2.75
1,09/11/2024 04:27:10 PM,09/11/2024 04:38:56 PM,N,1,95,95,1,1.1,12.1,2.5,1.5,3.2,0,,1,19.3,1,1,0
2,11/13/2024 04:11:27 PM,11/13/2024 04:23:54 PM,N,1,130,10,1,1.73,12.8,2.5,0.5,0,0,,1,16.8,1,1,0
2,10/05/2024 04:03:26 PM,10/05/2024 04:20:51 PM,N,1,218,205,1,1.99,17,0,0.5,0,0,,1,18.5,2,1,0
2,05/14/2024 10:55:06 AM,05/14/2024 11:05:01 AM,N,1,263,41,5,1.96,12.1,0,0.5,0,0,,1,13.6,1,1,0
2,10/06/2024 11:34:37 AM,10/06/2024 11:38:35 AM,N,1,74,75,1,0.82,6.5,0,0.5,0,0,,1,8,2,1,0
2,08/24/2024 09:18:45 PM,08/24/2024 09:23:40 PM,N,1,95,95,1,0.6,6.5,1,0.5,0,0,,1,9,2,1,0
2,02/07/2024 06:15:25 PM,02/07/2024 06:22:16 PM,N,1,75,74,1,1.45,9.3,2.5,0.5,2.66,0,,1,15.96,1,1,0
2,09/11/2024 07:41:01 PM,09/11/2024 07:49:26 PM,N,1,43,238,1,1.19,10,2.5,0.5,2,0,,1,16,1,1,0
2,08/01/2024 07:59:33 PM,08/01/2024 08:03:13 PM,N,1,65,97,1,0.47,5.8,1,0.5,2.49,0,,1,10.79,1,1,0
2,05/24/2024 04:17:42 PM,05/24/2024 04:31:41 PM,N,1,97,97,2,1.22,13.5,2.5,0.5,0,0,,1,17.5,1,1,0
2,09/04/2024 08:46:18 AM,09/04/2024 09:03:05 AM,N,1,74,43,1,1.56,15.6,0,0.5,5.13,0,,1,22.23,1,1,0
2,04/28/2024 05:02:44 PM,04/28/2024 05:09:36 PM,N,1,97,181,1,0.88,8.6,0,0.5,2.02,0,,1,12.12,1,1,0
2,01/14/2024 04:59:56 PM,01/15/2024 04:09:37 PM,N,1,75,74,1,1.67,10.7,0,0.5,3.66,0,,1,15.86,1,1,0
2,09/23/2024 02:43:24 PM,09/23/2024 02:52:13 PM,N,1,193,7,1,1.52,10,0,0.5,2.88,0,,1,14.38,1,1,0
2,05/08/2024 12:08:00 AM,05/08/2024 12:23:00 AM,,,112,141,,5.27,23.45,0,0.5,2,0,,1,29.45,,,
2,07/23/2024 07:16:20 PM,07/23/2024 07:40:44 PM,N,1,75,144,1,7.49,33.8,2.5,0.5,8.11,0,,1,48.66,1,1,2.75
2,11/26/2024 05:43:06 PM,11/26/2024 05:59:59 PM,N,1,75,239,1,2.42,17.7,2.5,0.5,2,0,,1,26.45,1,1,2.75
2,02/26/2024 07:44:22 PM,02/26/2024 08:00:31 PM,N,1,65,66,1,1.62,14.9,2.5,0.5,0,0,,1,18.9,2,1,0
2,10/30/2024 08:39:43 PM,10/30/2024 08:50:06 PM,N,1,74,41,6,1.35,10.7,1,0.5,0,0,,1,13.2,1,1,0
2,02/01/2024 01:57:11 PM,02/01/2024 02:12:08 PM,N,1,75,239,1,2.47,15.6,0,0.5,0,0,,1,19.85,2,1,2.75
2,12/18/2024 09:04:19 PM,12/18/2024 09:13:15 PM,N,1,166,41,5,1.14,9.3,1,0.5,2.36,0,,1,14.16,1,1,0
2,11/16/2024 09:00:57 PM,11/16/2024 09:06:12 PM,N,1,130,197,2,1.17,7.9,1,0.5,1,0,,1,11.4,1,1,0
2,04/23/2024 08:46:23 AM,04/23/2024 08:48:55 AM,N,1,41,41,1,0.63,5.1,0,0.5,1.65,0,,1,8.25,1,1,0
2,04/25/2024 12:57:51 PM,04/25/2024 01:22:24 PM,N,1,43,43,1,1.97,21.2,0,0.5,5.09,0,,1,30.54,1,1,2.75
2,02/10/2024 07:46:17 PM,02/10/2024 07:47:33 PM,N,1,75,75,1,0.54,4.4,0,0.5,1.48,0,,1,7.38,1,1,0
2,12/06/2024 07:29:00 AM,12/06/2024 07:50:00 AM,,,41,142,,3.07,21.85,0,0.5,3.92,0,,1,30.02,,,
2,09/07/2024 04:32:03 PM,09/07/2024 04:37:46 PM,N,1,41,41,2,0.9,7.9,0,0.5,1.88,0,,1,11.28,1,1,0
2,06/07/2024 05:31:54 PM,06/07/2024 06:28:59 PM,N,1,129,132,1,11.24,59,2.5,0.5,12.6,0,,1,75.6,1,1,0
2,09/22/2024 11:04:19 PM,09/22/2024 11:11:11 PM,N,1,166,75,1,1.52,9.3,1,0.5,1,0,,1,12.8,1,1,0
2,05/27/2024 11:20:13 PM,05/27/2024 11:30:58 PM,N,1,82,129,1,1.44,10.7,1,0.5,0,0,,1,13.2,2,1,0
2,05/11/2024 11:27:51 AM,05/11/2024 11:44:04 AM,N,1,166,239,1,2.3,17,0,0.5,0,0,,1,21.25,2,1,2.75
2,09/27/2024 10:07:50 AM,09/27/2024 10:18:02 AM,N,1,82,138,1,3.79,18.4,5,0.5,2,0,,1,26.9,1,1,0
2,02/25/2024 10:38:30 AM,02/25/2024 10:49:44 AM,N,1,74,243,1,4.29,19.8,0,0.5,3,0,,1,24.3,1,1,0
2,07/16/2024 04:22:21 PM,07/16/2024 04:28:00 PM,N,1,43,236,1,0.82,7.2,2.5,0.5,2.79,0,,1,16.74,1,1,2.75
2,04/04/2024 09:08:52 AM,04/04/2024 09:21:50 AM,N,1,74,166,2,2.15,13.5,0,0.5,2.25,0,,1,17.25,1,1,0
1,08/18/2024 07:19:02 AM,08/18/2024 07:24:16 AM,N,1,82,260,1,0.4,5.8,0,1.5,0,0,,1,7.3,3,1,0
1,01/11/2024 11:33:00 AM,01/11/2024 11:42:23 AM,N,1,74,263,1,1.9,10.7,2.75,1.5,2.95,0,,1,17.9,1,1,2.75
2,05/17/2024 02:32:27 PM,05/17/2024 02:38:27 PM,N,1,41,74,1,0.73,7.2,0,0.5,1.74,0,,1,10.44,1,1,0
1,11/29/2024 04:54:59 PM,11/29/2024 05:08:18 PM,N,1,74,151,2,1.7,14.2,2.5,1.5,3.6,0,,1,21.8,1,1,0
2,07/08/2024 08:18:21 PM,07/08/2024 08:37:34 PM,N,1,130,191,3,4.14,21.9,1,0.5,4.88,0,,1,29.28,1,1,0
2,10/03/2024 10:25:11 PM,10/03/2024 10:33:27 PM,N,1,97,106,1,1.43,10,1,0.5,2.5,0,,1,15,1,1,0
2,09/05/2024 05:23:37 PM,09/05/2024 05:36:42 PM,N,1,74,238,1,2.44,14.9,2.5,0.5,4.33,0,,1,25.98,1,1,2.75
2,09/24/2024 04:48:21 PM,09/24/2024 05:03:36 PM,N,1,92,9,1,3.5,17.7,2.5,0.5,4.34,0,,1,26.04,1,1,0
2,12/29/2024 02:29:46 PM,12/29/2024 02:39:05 PM,N,1,129,138,1,0,9.3,5,0.5,3.16,0,,1,18.96,1,1,0
2,10/17/2024 10:06:46 AM,10/17/2024 10:28:04 AM,N,1,166,166,1,2.64,20.5,0,0.5,5.5,0,,1,27.5,1,1,0
2,06/06/2024 09:41:09 AM,06/06/2024 09:49:09 AM,N,1,75,41,1,1.26,10,0,0.5,2.3,0,,1,13.8,1,1,0
2,03/11/2024 11:31:26 AM,03/11/2024 11:36:51 AM,N,1,95,95,1,0.75,7.2,0,0.5,0,0,,1,8.7,2,1,0
2,12/11/2024 11:07:00 AM,12/11/2024 11:23:38 AM,N,1,75,142,1,2.4,17,0,0.5,4.25,0,,1,25.5,1,1,2.75
2,11/08/2024 05:19:17 PM,11/08/2024 05:38:42 PM,N,1,74,141,1,3.19,20.5,2.5,0.5,6.81,0,,1,34.06,1,1,2.75
2,04/09/2024 07:11:29 PM,04/09/2024 07:26:02 PM,N,1,65,79,1,4.6,21.9,2.5,0.5,5.73,0,,1,34.38,1,1,2.75
2,03/07/2024 12:47:32 PM,03/07/2024 01:04:11 PM,N,1,25,231,1,4.75,25.4,0,0.5,5.93,0,,1,35.58,1,1,2.75
2,05/05/2024 12:58:12 PM,05/05/2024 01:18:02 PM,N,5,65,195,1,2.58,30,0,0,9.3,0,,1,40.3,1,2,0
2,04/23/2024 03:47:00 AM,04/23/2024 04:18:00 AM,,,92,132,,12.8,36.47,0,0,0,0,,1,37.47,,,
2,10/03/2024 12:24:59 PM,10/03/2024 12:37:15 PM,N,1,74,236,1,2.27,14.2,0,0.5,3.69,0,,1,22.14,1,1,2.75
2,03/28/2024 08:42:44 PM,03/28/2024 09:06:00 PM,N,1,75,68,1,4.46,24.7,1,0.5,5.39,0,,1,35.34,1,1,2.75
2,08/03/2024 08:47:40 AM,08/03/2024 08:56:16 AM,N,1,152,166,1,1.41,10.7,0,0.5,0,0,,1,12.2,2,1,0
2,03/21/2024 08:13:01 AM,03/21/2024 08:22:35 AM,N,1,7,138,1,3.41,17,5,0.5,2,0,,1,25.5,1,1,0
2,02/29/2024 12:56:35 PM,02/29/2024 12:58:42 PM,N,1,129,83,1,0.18,4.4,0,0.5,0,0,,1,5.9,2,1,0
1,08/04/2024 05:07:06 AM,08/04/2024 05:08:04 AM,N,5,80,80,2,1.7,0,0,0,0,0,,0,0,2,2,0
2,06/06/2024 10:59:11 PM,06/06/2024 11:28:51 PM,N,5,66,68,1,5.6,45,0,0,0.98,0,,1,49.73,1,2,2.75
2,10/04/2024 03:03:37 PM,10/04/2024 03:13:30 PM,N,1,75,24,1,1.31,10.7,0,0.5,0,0,,1,12.2,2,1,0
2,01/17/2024 06:00:51 PM,01/17/2024 06:16:07 PM,N,1,42,166,1,1.87,14.9,2.5,0.5,3.78,0,,1,22.68,1,1,0
2,10/30/2024 03:15:57 PM,10/30/2024 03:33:03 PM,N,1,7,145,1,2.72,17.7,0,0.5,0,6.94,,1,26.14,2,1,0
1,11/22/2024 05:56:30 PM,11/22/2024 06:22:27 PM,N,1,75,170,1,4.7,23.3,5.25,1.5,6.01,0,,1,36.06,1,1,2.75
2,02/27/2024 06:31:23 PM,02/27/2024 06:40:33 PM,N,1,134,135,1,1.57,10,2.5,0.5,2.8,0,,1,16.8,1,1,0
2,10/28/2024 11:20:07 PM,10/28/2024 11:25:11 PM,N,1,210,150,1,0.89,7.2,1,0.5,0,0,,1,9.7,1,1,0
2,12/05/2024 04:04:26 PM,12/05/2024 04:18:51 PM,N,1,41,244,1,2.32,11.4,2.5,0.5,3.08,0,,1,18.48,1,1,0
1,04/11/2024 04:43:42 PM,04/11/2024 04:51:37 PM,,,75,239,,1.6,10,2.5,0.5,3.35,0,,1,20.1,,,
2,10/31/2024 09:27:47 PM,10/31/2024 09:41:55 PM,N,1,74,262,2,2.72,16.3,1,0.5,3,0,,1,24.55,1,1,2.75
2,07/03/2024 08:11:25 PM,07/03/2024 08:17:32 PM,N,1,116,244,2,1.11,8.6,1,0.5,3.33,0,,1,14.43,1,1,0
2,06/11/2024 12:52:27 PM,06/11/2024 01:13:39 PM,N,1,74,141,1,3.3,21.9,0,0.5,0,0,,1,26.15,2,1,2.75
2,02/02/2024 11:19:32 AM,02/02/2024 11:37:50 AM,N,1,92,175,2,5.6,26.8,0,0.5,0,0,,1,28.3,1,1,0
2,07/10/2024 09:36:42 PM,07/10/2024 09:53:35 PM,N,1,74,243,1,4.49,21.9,1,0.5,4.88,0,,1,29.28,1,1,0
2,10/09/2024 08:30:25 AM,10/09/2024 08:43:11 AM,N,1,244,238,1,4.37,21.2,0,0.5,5.09,0,,1,30.54,1,1,2.75
2,05/20/2024 01:05:00 PM,05/20/2024 01:19:33 PM,N,1,75,238,1,2.08,14.9,0,0.5,3.83,0,,1,22.98,1,1,2.75
2,06/03/2024 06:31:50 PM,06/03/2024 06:35:15 PM,N,1,95,95,1,0.52,5.8,2.5,0.5,0,0,,1,9.8,2,1,0
2,12/23/2024 12:34:20 AM,12/23/2024 12:55:55 AM,N,1,97,85,1,2.08,17.7,1,0.5,0,0,,1,20.2,1,1,0
2,04/24/2024 11:45:18 PM,04/24/2024 11:56:16 PM,N,1,260,7,1,3.19,17,1,0.5,3.9,0,,1,23.4,1,1,0
1,06/19/2024 03:07:46 PM,06/19/2024 03:28:21 PM,N,1,74,238,1,2.7,19.8,2.75,1.5,4.8,0,,1,28.85,1,1,2.75
2,12/02/2024 06:45:01 AM,12/02/2024 06:52:44 AM,N,1,74,41,2,1.35,9.3,0,0.5,2.16,0,,1,12.96,1,1,0
2,03/22/2024 03:22:34 PM,03/22/2024 03:30:05 PM,N,1,82,56,1,1.01,8.6,0,0.5,0,0,,1,10.1,2,1,0
2,09/22/2024 08:28:14 AM,09/22/2024 08:33:52 AM,N,1,166,238,1,1.28,8.6,0,0.5,0,0,,1,10.1,2,1,0
2,12/10/2024 11:46:26 AM,12/10/2024 12:01:41 PM,N,1,74,236,1,2.27,15.6,0,0.5,3.97,0,,1,23.82,1,1,2.75
2,08/31/2024 02:16:39 AM,08/31/2024 02:21:12 AM,N,1,93,92,1,1.06,7.2,1,0.5,0,0,,1,9.7,2,1,0
2,03/31/2024 01:23:17 PM,03/31/2024 01:35:24 PM,N,1,42,24,1,2.05,14.2,0,0.5,0,0,,1,15.7,2,1,0
2,05/02/2024 04:17:17 PM,05/02/2024 04:22:50 PM,N,1,82,129,1,0.56,6.5,2.5,0.5,2.62,0,,1,13.12,1,1,0
2,12/22/2024 03:37:10 PM,12/22/2024 03:48:57 PM,N,1,74,239,1,3.17,15.6,0,0.5,3.97,0,,1,23.82,1,1,2.75
2,10/10/2024 04:58:30 PM,10/10/2024 05:04:57 PM,N,1,43,236,1,0.76,-7.9,-2.5,-0.5,0,0,,-1,-14.65,3,1,-2.75
1,09/14/2024 07:57:36 AM,09/14/2024 08:07:39 AM,N,1,24,239,2,1.9,11.4,2.75,1.5,3.1,0,,1,18.75,1,1,2.75
2,11/27/2024 08:44:19 PM,11/27/2024 08:53:23 PM,N,1,33,106,1,1.73,10.7,1,0.5,0,0,,1,13.2,2,1,0
2,10/19/2024 08:38:18 AM,10/19/2024 08:38:27 AM,N,5,138,138,1,0,84,5,0,27.38,0,,1,118.63,1,2,0
2,05/19/2024 11:50:38 AM,05/19/2024 11:54:16 AM,N,1,75,236,1,0.39,5.8,0,0.5,1.46,0,,1,8.76,1,1,0
1,05/01/2024 06:47:15 AM,05/01/2024 06:59:49 AM,N,1,74,166,1,1.9,12.1,0,1.5,1,0,,1,14.6,1,1,0
2,04/11/2024 04:15:22 PM,04/11/2024 04:25:19 PM,N,1,82,138,2,3.74,17,7.5,0.5,3.9,0,,1,29.9,1,1,0
2,10/25/2024 11:21:43 AM,10/25/2024 11:31:22 AM,N,1,75,74,6,1.46,11.4,0,0.5,0,0,,1,12.9,2,1,0
2,10/04/2024 10:15:00 AM,10/04/2024 10:35:00 AM,,,75,69,,3.85,24.32,0,0,0,0,,1,25.32,,,
2,09/05/2024 12:06:49 AM,09/05/2024 12:34:16 AM,N,1,93,231,5,14.14,56.2,1,0.5,12.29,0,,1,73.74,1,1,2.75
2,09/30/2024 11:31:49 AM,09/30/2024 12:01:36 PM,N,1,75,4,1,6.98,35.9,0,0.5,8.03,0,,1,48.18,1,1,2.75
2,08/20/2024 11:25:54 PM,08/20/2024 11:34:41 PM,N,1,65,40,5,1.47,10,1,0.5,2.5,0,,1,15,1,1,0
2,12/11/2024 05:28:09 PM,12/11/2024 05:46:26 PM,N,1,43,140,1,2.3,17,2.5,0.5,4.75,0,,1,28.5,1,1,2.75
2,07/13/2024 05:44:09 PM,07/13/2024 05:52:38 PM,N,1,166,116,1,1.61,10.7,0,0.5,0,0,,1,12.2,2,1,0
2,11/07/2024 10:49:42 AM,11/07/2024 11:42:47 AM,N,1,65,161,1,7.65,53.4,0,0.5,5,0,,1,62.65,1,1,2.75
1,06/24/2024 07:08:25 AM,06/24/2024 07:40:48 AM,N,1,61,231,1,0,26.5,0,1.5,0,6.94,,1,34.94,1,1,0
2,05/15/2024 12:07:20 AM,05/15/2024 12:22:15 AM,N,1,95,260,1,7.12,29.6,1,0.5,6.42,0,,1,38.52,1,1,0
2,06/09/2024 06:49:48 PM,06/09/2024 07:07:26 PM,N,1,74,116,1,0,14.9,0,0.5,3.6,0,,1,20,1,1,0
2,02/08/2024 08:25:00 PM,02/08/2024 08:38:00 PM,,,179,129,,3.15,20.16,0,0,1,0,,1,22.16,,,
2,04/27/2024 08:38:05 PM,04/27/2024 09:02:17 PM,N,1,75,234,1,4.31,24.7,1,0.5,5.99,0,,1,35.94,1,1,2.75
2,10/13/2024 05:29:16 PM,10/13/2024 05:41:51 PM,N,1,74,263,1,2.29,14.2,0,0.5,3.69,0,,1,22.14,1,1,2.75
2,08/16/2024 09:09:34 PM,08/16/2024 09:13:58 PM,N,1,75,238,1,1.06,7.2,1,0.5,1.94,0,,1,11.64,1,1,0
2,06/24/2024 07:21:11 PM,06/24/2024 07:33:44 PM,N,1,74,75,1,1.76,12.8,2.5,0.5,2.52,0,,1,19.32,1,1,0
2,06/07/2024 03:37:26 PM,06/07/2024 04:05:00 PM,N,1,74,247,1,2.76,24.7,0,0.5,0,0,,1,26.2,2,1,0
2,03/28/2024 03:07:22 PM,03/28/2024 03:27:48 PM,N,1,41,263,1,2.69,19.1,0,0.5,5.84,0,,1,29.19,1,1,2.75
2,09/17/2024 08:16:46 AM,09/17/2024 08:31:21 AM,N,1,74,262,1,2.41,14.9,0,0.5,3.83,0,,1,22.98,1,1,2.75
2,04/18/2024 03:17:34 PM,04/18/2024 03:21:38 PM,N,1,75,263,1,1.04,8.6,0,0.5,2.57,0,,1,15.42,1,1,2.75
2,02/13/2024 09:03:02 PM,02/13/2024 09:10:55 PM,N,1,75,262,2,1.31,10,1,0.5,3.05,0,,1,18.3,1,1,2.75
2,04/16/2024 10:27:00 AM,04/16/2024 10:45:00 AM,,,166,142,,2.87,19.56,0,0,2.28,0,,1,25.59,,,
2,11/13/2024 08:36:33 AM,11/13/2024 08:48:26 AM,N,1,74,152,1,1.61,12.8,0,0.5,0,0,,1,14.3,1,1,0
2,12/23/2024 06:41:45 AM,12/23/2024 06:54:50 AM,N,1,74,236,1,2.52,14.9,0,0.5,3.83,0,,1,22.98,1,1,2.75
2,02/20/2024 12:34:37 PM,02/20/2024 01:09:29 PM,,,260,180,,6.57,33.43,0,0,0,0,,1,34.43,,,
2,06/09/2024 02:39:36 PM,06/09/2024 03:46:04 PM,N,1,74,93,1,17.93,80.7,0,0.5,0,0,,1,82.2,2,1,0
2,08/28/2024 03:38:25 PM,08/28/2024 03:47:44 PM,N,1,93,138,1,3.69,15.6,5,0.5,4.42,0,,1,26.52,1,1,0
2,09/05/2024 08:36:56 AM,09/05/2024 08:53:10 AM,N,1,74,166,1,1.86,15.6,0,0.5,0,0,,1,17.1,1,1,0
2,02/12/2024 05:55:24 PM,02/12/2024 06:02:13 PM,N,1,33,40,1,1.19,8.6,2.5,0.5,2.52,0,,1,15.12,1,1,0
2,11/17/2024 03:30:23 PM,11/17/2024 03:30:44 PM,N,5,134,134,1,0,35,0,0,0,0,,1,36,1,2,0
2,02/02/2024 11:47:18 PM,02/03/2024 12:11:42 AM,N,1,66,234,1,5.67,30.3,1,0.5,7.11,0,,1,42.66,1,1,2.75
2,04/25/2024 05:15:51 PM,04/25/2024 05:58:43 PM,N,1,7,233,1,3.86,35.2,2.5,0.5,0,0,,1,41.95,2,1,2.75
2,06/26/2024 02:08:13 PM,06/26/2024 03:07:30 PM,N,5,217,132,1,15.2,80,0,0,16.2,0,,1,97.2,1,2,0
2,06/04/2024 07:02:51 PM,06/04/2024 07:14:14 PM,N,1,74,263,1,2.68,14.2,2.5,0.5,3,0,,1,23.95,1,1,2.75
2,11/09/2024 07:12:57 PM,11/09/2024 07:16:35 PM,N,1,82,82,1,0.56,5.8,0,0.5,1.46,0,,1,8.76,1,1,0
2,10/02/2024 09:34:44 AM,10/02/2024 10:05:29 AM,N,5,65,186,1,5.03,40,0,0,8.75,0,,1,52.5,1,2,2.75
2,05/11/2024 03:44:20 PM,05/11/2024 03:54:29 PM,N,1,124,76,1,3.13,14.9,0,0.5,0,0,,1,16.4,1,1,0
2,11/18/2024 12:30:54 AM,11/18/2024 12:39:12 AM,N,1,74,151,1,1.89,11.4,1,0.5,2.78,0,,1,16.68,1,1,0
1,10/11/2024 07:08:28 PM,10/11/2024 07:29:06 PM,N,1,166,50,1,3.6,20.5,5.25,1.5,3,0,,1,30.25,1,1,2.75
2,09/09/2024 03:09:26 PM,09/09/2024 03:31:33 PM,N,1,66,211,1,3.3,23.3,0,0.5,5.51,0,,1,33.06,1,1,2.75
2,11/08/2024 10:59:52 PM,11/08/2024 11:06:37 PM,N,1,74,75,5,1.53,9.3,1,0.5,2.36,0,,1,14.16,1,1,0
2,07/16/2024 01:10:28 PM,07/16/2024 01:32:15 PM,N,1,34,211,1,5.47,27.5,0,0.5,9.52,0,,1,41.27,1,1,2.75
2,04/27/2024 09:23:43 PM,04/27/2024 09:39:00 PM,N,1,83,160,1,2.87,15.6,1,0.5,0,0,,1,18.1,2,1,0
2,08/05/2024 08:09:42 PM,08/05/2024 08:27:50 PM,N,1,97,188,2,3.2,19.8,1,0.5,3,0,,1,25.3,1,1,0
2,11/04/2024 02:42:36 PM,11/04/2024 02:58:54 PM,N,1,95,258,2,2.54,17,0,0.5,0,0,,1,18.5,2,1,0
2,11/23/2024 10:55:36 PM,11/23/2024 11:05:16 PM,N,1,66,34,1,1.4,11.4,1,0.5,2,0,,1,15.9,1,1,0
2,03/25/2024 08:25:10 AM,03/25/2024 08:32:09 AM,N,1,74,74,1,0.74,7.9,0,0.5,1.88,0,,1,11.28,1,1,0
2,09/07/2024 11:48:50 AM,09/07/2024 12:06:39 PM,N,1,43,237,1,2.7,18.4,0,0.5,3.4,0,,1,26.05,1,1,2.75
2,05/13/2024 04:56:41 PM,05/13/2024 05:35:36 PM,N,1,65,217,1,3.03,28.2,2.5,0.5,0,0,,1,32.2,2,1,0
2,11/24/2024 04:10:00 PM,11/24/2024 05:09:00 PM,,,33,132,,13.63,80.05,0,0.5,16.31,0,,1,97.86,,,
1,07/12/2024 05:59:33 PM,07/12/2024 06:20:07 PM,N,1,75,48,0,5.2,26.8,5.25,1.5,2,0,,1,35.55,1,1,2.75
2,05/07/2024 12:31:32 PM,05/07/2024 01:05:14 PM,N,1,74,141,1,3.23,29.6,0,0.5,10.16,0,,1,44.01,1,1,2.75
2,06/23/2024 06:10:27 PM,06/23/2024 06:33:43 PM,N,1,97,14,1,6.06,30.3,0,0.5,0,0,,1,31.8,2,1,0
2,07/30/2024 05:31:22 PM,07/30/2024 05:38:16 PM,N,1,166,238,1,1.33,10,2.5,0.5,0,0,,1,16.5,2,1,2.5
2,07/31/2024 05:33:38 PM,07/31/2024 05:44:11 PM,N,1,82,70,2,2.97,14.9,2.5,0.5,0,0,,1,18.9,2,1,0
2,07/24/2024 08:52:03 PM,07/24/2024 08:58:18 PM,N,1,75,74,2,1.35,8.6,1,0.5,1,0,,1,12.1,1,1,0
2,12/21/2024 06:39:40 PM,12/21/2024 06:53:31 PM,N,1,74,166,1,1.8,14.2,0,0.5,0,0,,1,15.7,1,1,0
2,12/12/2024 12:54:58 AM,12/12/2024 12:57:54 AM,N,1,223,223,1,0.6,5.1,1,0.5,4.6,0,,1,12.2,1,1,0
2,06/16/2024 07:44:48 PM,06/16/2024 07:53:40 PM,N,1,129,138,1,2.32,12.8,5,0.5,3.86,0,,1,23.16,1,1,0
2,12/14/2024 11:28:05 PM,12/14/2024 11:30:08 PM,N,1,24,151,1,0.37,4.4,1,0.5,0,0,,1,6.9,2,1,0
2,01/03/2024 05:23:12 PM,01/03/2024 05:33:12 PM,N,1,116,166,1,1.68,12.1,2.5,0.5,1,0,,1,17.1,1,1,0
2,02/05/2024 12:46:24 PM,02/05/2024 01:00:58 PM,N,5,116,43,1,3.9,20,0,0,5.25,0,,1,26.25,1,2,0
2,05/22/2024 11:22:56 AM,05/22/2024 11:42:34 AM,N,1,74,237,2,2.74,19.1,0,0.5,2.34,0,,1,25.69,1,1,2.75
1,10/01/2024 10:41:48 AM,10/01/2024 10:51:35 AM,N,1,74,75,1,1.5,11.4,0,1.5,2,0,,1,14.9,1,1,0
2,03/16/2024 10:52:21 PM,03/16/2024 10:56:43 PM,N,1,129,260,2,0.47,5.8,1,0.5,0,0,,1,8.3,2,1,0
2,04/09/2024 10:13:07 PM,04/09/2024 10:22:56 PM,N,1,66,65,1,1.43,10.7,1,0.5,2.64,0,,1,15.84,1,1,0
2,07/09/2024 08:57:47 PM,07/09/2024 09:07:48 PM,N,1,74,152,1,1.66,11.4,1,0.5,0,0,,1,13.9,2,1,0
2,09/16/2024 11:50:42 AM,09/16/2024 11:58:50 AM,N,1,75,41,1,1.48,10,0,0.5,0,0,,1,11.5,2,1,0
2,02/26/2024 01:56:25 AM,02/26/2024 02:03:18 AM,N,1,75,41,1,1.77,10,1,0.5,3.12,0,,1,15.62,1,1,0
2,03/27/2024 10:53:35 AM,03/27/2024 11:22:03 AM,N,1,75,170,1,3.16,24.7,0,0.5,4.34,0,,1,33.29,1,1,2.75
2,08/04/2024 01:11:26 PM,08/04/2024 01:12:41 PM,N,1,166,166,1,0.39,4.4,0,0.5,1.08,0,,1,6.98,1,1,0
2,04/08/2024 08:17:51 PM,04/08/2024 08:35:13 PM,N,1,166,69,2,3.35,19.8,1,0.5,3.7,0,,1,26,1,1,0
2,02/13/2024 06:23:00 PM,02/13/2024 06:37:00 PM,,,35,225,,2.43,16.42,0,0,0,0,,1,17.42,,,
2,03/27/2024 09:27:04 AM,03/27/2024 09:44:06 AM,N,1,129,260,2,1.39,10.7,0,0.5,0,0,,1,12.2,2,1,0
1,10/22/2024 12:36:41 PM,10/22/2024 01:03:58 PM,N,1,181,36,1,0,22.5,0,1.5,0,0,,1,24,1,1,0
2,12/23/2024 10:24:56 PM,12/23/2024 10:25:40 PM,N,1,74,74,1,0.06,3,1,0.5,0,0,,1,5.5,2,1,0
2,09/17/2024 08:16:51 AM,09/17/2024 08:26:00 AM,N,1,74,43,1,2.17,12.1,0,0.5,3.91,0,,0.3,19.56,1,1,2.75
2,05/12/2024 08:43:25 PM,05/12/2024 08:56:24 PM,N,1,74,152,1,1.87,13.5,1,0.5,0,0,,1,16,2,1,0
2,10/02/2024 05:21:05 PM,10/02/2024 05:29:06 PM,N,1,75,75,1,1.26,9.3,2.5,0.5,2.66,0,,1,15.96,1,1,0
2,05/14/2024 04:33:50 PM,05/14/2024 05:02:43 PM,N,1,74,232,1,7.49,32.4,2.5,0.5,7.83,0,,1,46.98,1,1,2.75
2,09/24/2024 10:50:15 PM,09/24/2024 10:57:41 PM,N,1,66,25,2,1.53,10,1,0.5,2.5,0,,1,15,1,1,0
2,02/09/2024 03:27:01 PM,02/09/2024 03:34:40 PM,N,1,166,42,1,1.09,8.6,0,0.5,0,0,,0.3,9.4,2,1,0
2,05/21/2024 11:05:52 PM,05/21/2024 11:12:12 PM,N,1,75,262,1,1.27,8.6,1,0.5,2.77,0,,1,16.62,1,1,2.75
2,10/04/2024 01:33:53 PM,10/04/2024 01:46:02 PM,N,1,74,24,1,2.09,13.5,0,0.5,0,0,,1,15,2,1,0
2,05/28/2024 06:26:27 PM,05/28/2024 06:47:15 PM,N,1,74,140,1,3.36,21.2,2.5,0.5,5.59,0,,1,33.54,1,1,2.75
2,04/18/2024 04:42:27 PM,04/18/2024 04:54:44 PM,N,1,166,238,2,2.07,13.5,2.5,0.5,0,0,,1,20.25,2,1,2.75
2,12/06/2024 08:55:47 AM,12/06/2024 09:09:21 AM,N,1,74,238,1,2.73,15.6,0,0.5,0,0,,1,19.85,2,1,2.75
2,03/27/2024 08:23:32 AM,03/27/2024 08:33:25 AM,N,1,41,238,1,1.32,11.4,0,0.5,2.58,0,,1,15.48,1,1,0
2,03/17/2024 10:55:30 PM,03/17/2024 10:59:46 PM,N,5,129,129,1,0.02,-15,0,0,0,0,,-1,-16,4,2,0
2,11/25/2024 05:59:00 PM,11/25/2024 06:04:00 PM,,,193,193,,0.91,11.66,0,0.5,2.37,0,,1,15.53,,,
2,08/04/2024 09:54:26 AM,08/04/2024 09:59:39 AM,N,5,92,92,1,0.77,10,0,0,2.2,0,,1,13.2,1,2,0
2,10/06/2024 04:33:06 PM,10/06/2024 04:44:27 PM,N,1,74,151,1,2.37,13.5,0,0.5,3,0,,1,18,1,1,0
2,05/18/2024 07:31:59 AM,05/18/2024 07:50:54 AM,N,1,74,138,1,6.73,30.3,5,0.5,4,6.94,,1,47.74,1,1,0
2,05/01/2024 09:09:48 AM,05/01/2024 09:19:43 AM,N,1,74,166,1,1.71,10.7,0,0.5,2.44,0,,1,14.64,1,1,0
2,01/15/2024 07:32:03 PM,01/15/2024 07:44:52 PM,N,1,74,237,4,3.09,16.3,0,0.5,3.08,0,,1,23.63,1,1,2.75
2,04/23/2024 06:03:30 PM,04/23/2024 06:11:22 PM,N,1,260,260,1,0.96,8.6,2.5,0.5,2.52,0,,1,15.12,1,1,0
2,06/01/2024 05:30:37 PM,06/01/2024 05:59:32 PM,N,1,82,216,1,5.44,31,0,0.5,0,0,,1,32.5,1,1,0
2,08/04/2024 05:19:42 PM,08/04/2024 05:48:05 PM,N,1,193,79,1,6.31,31.7,0,0.5,7.19,0,,1,43.14,1,1,2.75
1,05/08/2024 03:30:26 PM,05/08/2024 03:41:17 PM,N,1,65,189,0,1.2,11.4,0,1.5,2,0,,1,14.9,1,1,0
2,11/08/2024 07:00:04 PM,11/08/2024 07:06:03 PM,N,1,43,236,1,0.95,7.9,2.5,0.5,1,0,,1,15.65,1,1,2.75
1,04/28/2024 02:32:57 PM,04/28/2024 03:00:51 PM,N,1,89,177,1,0,21.5,0,1.5,0,0,,1,23,1,1,0
1,11/08/2024 11:38:20 PM,11/08/2024 11:43:16 PM,N,1,75,74,1,0,5.8,1,1.5,0,0,,1,8.3,1,1,0
2,03/10/2024 03:16:59 PM,03/10/2024 03:35:29 PM,N,1,75,116,2,0.01,15.6,0,0.5,2.56,0,,1,19.66,1,1,0
2,03/07/2024 08:36:09 AM,03/07/2024 08:47:53 AM,N,1,74,151,1,1.95,13.5,0,0.5,3,0,,1,18,1,1,0
2,06/25/2024 10:05:53 PM,06/25/2024 10:43:38 PM,N,1,82,82,1,4.39,33.1,1,0.5,0,0,,1,35.6,2,1,0
2,09/21/2024 02:39:23 AM,09/21/2024 02:42:20 AM,N,1,47,167,1,0.5,5.1,1,0.5,0,0,,1,7.6,2,1,0
2,04/01/2024 08:56:50 AM,04/01/2024 09:03:42 AM,N,1,75,236,2,0.83,7.9,0,0.5,3.04,0,,1,15.19,1,1,2.75
2,02/01/2024 08:21:39 PM,02/01/2024 08:40:53 PM,N,1,166,141,1,3.4,20.5,1,0.5,5.15,0,,1,30.9,1,1,2.75
1,11/21/2024 04:18:07 PM,11/21/2024 05:03:34 PM,N,1,65,114,0,3.6,35.9,5.25,1.5,8.5,0,,1,51.15,1,1,2.75
2,02/29/2024 05:33:50 PM,02/29/2024 05:44:37 PM,N,1,236,43,1,1.58,12.1,2.5,0.5,3.77,0,,1,22.62,1,1,2.75
2,12/19/2024 01:40:53 PM,12/19/2024 01:56:35 PM,N,1,75,140,1,1.8,15.6,0,0.5,4.96,0,,1,24.81,1,1,2.75
2,04/28/2024 11:05:14 AM,04/28/2024 11:23:35 AM,N,1,74,43,1,3.79,21.2,0,0.5,6.36,0,,1,31.81,1,1,2.75
2,04/16/2024 09:01:23 AM,04/16/2024 09:08:42 AM,N,1,42,42,1,1.23,9.3,0,0.5,0,0,,1,10.8,2,1,0
2,11/27/2024 05:13:00 PM,11/27/2024 05:18:00 PM,,,193,193,,1.01,11.02,0,0.5,2.25,0,,1,14.77,,,
2,01/02/2024 08:05:37 AM,01/02/2024 08:24:08 AM,N,1,41,243,1,4.75,23.3,0,0.5,2,0,,1,26.8,1,1,0
2,03/21/2024 04:38:18 AM,03/21/2024 04:46:06 AM,N,1,82,129,1,3,14.2,1,0.5,3.34,0,,1,20.04,1,1,0
2,10/17/2024 11:00:18 PM,10/17/2024 11:24:04 PM,N,1,74,3,1,8.28,36.6,1,0.5,0,0,,1,39.1,2,1,0
2,12/04/2024 05:38:11 PM,12/04/2024 05:47:19 PM,N,1,75,236,1,1.39,10,2.5,0.5,0,0,,1,16.75,2,1,2.75
1,09/07/2024 05:33:06 PM,09/07/2024 05:42:11 PM,N,1,74,75,1,1.9,11.4,0,1.5,2.55,0,,1,15.45,1,1,0
2,08/01/2024 07:38:52 PM,08/01/2024 07:43:01 PM,N,1,33,52,2,0.96,6.5,2.5,0.5,2.1,0,,1,12.6,1,1,0
2,01/29/2024 07:51:09 PM,01/29/2024 08:00:44 PM,N,1,43,262,1,2.13,12.1,2.5,0.5,3.77,0,,1,22.62,1,1,2.75
2,10/30/2024 03:14:20 PM,10/30/2024 03:53:07 PM,N,1,244,233,2,9.38,45,0,0.5,9.85,0,,1,59.1,1,1,2.75
2,10/21/2024 09:25:45 AM,10/21/2024 09:38:02 AM,N,1,74,236,1,2.04,13.5,0,0.5,3.55,0,,1,21.3,1,1,2.75
1,05/13/2024 07:29:00 PM,05/13/2024 07:36:17 PM,N,1,74,41,2,1.4,9.3,2.5,1.5,2.66,0,,1,15.96,1,1,0
1,04/24/2024 01:08:11 PM,04/24/2024 01:11:30 PM,N,1,75,74,1,1,6.5,0,1.5,0,0,,1,8,2,1,0
2,01/03/2024 10:37:19 PM,01/03/2024 10:51:58 PM,N,1,130,205,2,3.77,18.4,1,0.5,0,0,,1,20.9,1,1,0
2,11/28/2024 02:57:40 PM,11/28/2024 03:08:18 PM,N,1,74,236,1,2.1,12.1,0,0.5,3.27,0,,1,19.62,1,1,2.75
2,09/01/2024 06:17:59 PM,09/01/2024 06:33:16 PM,N,1,74,159,6,2.99,17,0,0.5,0,0,,1,18.5,2,1,0
2,04/04/2024 10:42:39 AM,04/04/2024 10:51:54 AM,N,1,43,239,1,2.01,11.4,0,0.5,1.56,0,,1,17.21,1,1,2.75
2,11/25/2024 05:48:12 PM,11/25/2024 05:51:05 PM,N,1,43,236,1,0.53,5.1,2.5,0.5,2.5,0,,1,14.35,1,1,2.75
2,12/04/2024 11:01:43 PM,12/04/2024 11:06:20 PM,N,1,134,28,1,1.37,7.9,1,0.5,0,0,,1,10.4,2,1,0
2,09/18/2024 10:24:05 PM,09/18/2024 10:55:29 PM,N,5,95,223,1,7.45,45,0,0,4,0,,1,50,1,2,0
2,02/16/2024 10:03:37 AM,02/16/2024 10:08:10 AM,N,1,42,116,1,0.51,6.5,0,0.5,0,0,,1,8,2,1,0
2,03/07/2024 02:22:42 PM,03/07/2024 02:59:21 PM,N,1,215,86,1,9.17,44.3,0,0.5,0,0,,1,45.8,2,1,0
2,10/13/2024 07:08:07 PM,10/13/2024 07:18:24 PM,N,1,95,196,1,1,10.7,0,0.5,1,0,,1,13.2,1,1,0
2,12/25/2024 05:12:00 PM,12/25/2024 05:28:00 PM,,,135,198,,5.82,26.26,0,0.5,0,0,,1,27.76,,,
2,09/22/2024 01:22:00 PM,09/22/2024 01:25:27 PM,N,1,159,69,1,0.52,5.8,0,0.5,3,0,,1,10.3,1,1,0
1,01/05/2024 06:26:33 PM,01/05/2024 06:38:51 PM,N,1,65,181,1,0.9,9.3,2.5,1.5,2.65,0,,1,15.95,1,1,0
2,07/16/2024 05:14:32 PM,07/16/2024 05:29:57 PM,N,1,95,102,1,1.62,15.6,2.5,0.5,3.92,0,,1,23.52,1,1,0
2,06/27/2024 04:34:55 PM,06/27/2024 04:55:57 PM,N,1,74,244,1,2.77,19.8,2.5,0.5,0,0,,0.3,23.1,2,1,0
2,08/16/2024 10:09:12 PM,08/16/2024 10:37:53 PM,N,1,95,17,1,8.03,36.6,1,0.5,7.82,0,,1,46.92,1,1,0
1,09/20/2024 07:05:46 AM,09/20/2024 08:02:01 AM,N,1,177,141,1,0,50.5,0,1.5,0,0,,1,52,1,1,0
2,10/05/2024 11:59:46 PM,10/06/2024 12:16:04 AM,N,1,112,49,1,4.15,21.2,1,0.5,4.74,0,,1,28.44,1,1,0
2,07/02/2024 09:51:00 AM,07/02/2024 10:00:00 AM,,,74,24,,1.78,14.15,0,0,1,0,,1,16.15,,,
2,11/05/2024 07:13:43 PM,11/05/2024 07:25:18 PM,N,1,75,142,1,2.74,14.2,0,0.5,3.69,0,,1,22.14,1,1,2.75
2,12/05/2024 05:42:59 PM,12/05/2024 05:49:02 PM,N,1,75,41,1,1.41,8.6,2.5,0.5,0,0,,1,12.6,2,1,0
2,03/22/2024 08:38:57 PM,03/22/2024 09:23:02 PM,N,5,260,82,1,7.24,25,0,0,0,0,,1,26,2,2,0
2,06/12/2024 11:43:36 AM,06/12/2024 12:04:32 PM,N,1,74,142,1,3.4,21.2,0,0.5,0,0,,1,25.45,2,1,2.75
2,05/20/2024 12:31:27 PM,05/20/2024 12:46:49 PM,N,1,43,246,1,4.65,21.9,0,0.5,5.23,0,,1,31.38,1,1,2.75
2,12/17/2024 03:08:59 PM,12/17/2024 03:19:18 PM,N,1,74,42,1,1.1,10,0,0.5,0,0,,1,11.5,2,1,0
2,04/03/2024 01:44:54 PM,04/03/2024 01:49:10 PM,N,1,75,236,1,0.47,5.8,0,0.5,2.01,0,,1,12.06,1,1,2.75
2,03/10/2024 08:27:44 PM,03/10/2024 08:29:50 PM,N,1,92,92,2,0.26,4.4,1,0.5,0,0,,1,6.9,2,1,0
2,05/25/2024 11:55:33 AM,05/25/2024 12:07:54 PM,N,1,74,166,1,2.13,14.2,0,0.5,3.14,0,,1,18.84,1,1,0
2,09/11/2024 12:14:21 PM,09/11/2024 12:19:20 PM,N,1,42,41,1,0.61,6.5,0,0.5,0,0,,1,8,1,1,0
2,05/19/2024 08:16:29 PM,05/19/2024 08:24:01 PM,N,1,130,28,1,1.93,11.4,0,0.5,2.58,0,,1,15.48,1,1,0
2,05/15/2024 06:42:04 AM,05/15/2024 06:56:55 AM,N,1,74,141,1,0.47,13.5,0,0.5,6,0,,1,23.75,1,1,2.75
2,02/07/2024 09:29:17 AM,02/07/2024 09:38:19 AM,N,1,74,166,6,1.54,10.7,0,0.5,2.44,0,,1,14.64,1,1,0
1,01/30/2024 12:59:10 PM,01/30/2024 01:40:43 PM,N,1,41,170,1,0,26.5,0,1.5,0,0,,1,28,1,1,0
2,12/06/2024 02:09:10 PM,12/06/2024 03:51:56 PM,N,1,92,92,2,7.41,81.4,0,0.5,0,0,,1,82.9,2,1,0
2,10/07/2024 12:44:35 PM,10/07/2024 01:06:53 PM,N,1,74,159,1,1.94,15.6,0,0.5,0,0,,1,17.1,2,1,0
2,11/09/2024 08:13:00 AM,11/09/2024 08:27:00 AM,,,41,142,,3.39,20.01,0,0.5,4.85,0,,1,29.11,,,
2,10/25/2024 01:16:25 AM,10/25/2024 01:25:02 AM,N,5,82,157,1,1.79,20,0,0,4.2,0,,1,25.2,1,2,0
1,08/19/2024 06:30:18 PM,08/19/2024 06:37:23 PM,,,43,239,,1.8,10,2.5,0.5,3.35,0,,1,20.1,,,
2,09/07/2024 07:12:00 PM,09/07/2024 07:33:00 PM,,,41,167,,3.6,31.67,0,0,3.22,0,,1,35.89,,,
2,07/04/2024 03:46:21 PM,07/04/2024 03:50:57 PM,N,5,130,215,1,0.79,9,0,0,2,0,,1,12,1,2,0
2,04/11/2024 01:53:45 PM,04/11/2024 02:05:50 PM,N,1,166,75,1,2.16,13.5,0,0.5,3,0,,1,18,1,1,0
2,09/11/2024 06:42:53 PM,09/11/2024 07:37:30 PM,N,1,75,13,1,10.23,53.4,2.5,0.5,0,0,,1,60.15,1,1,2.75
1,08/10/2024 02:37:56 PM,08/10/2024 03:10:23 PM,N,1,193,61,1,0,26.5,0,1.5,0,0,,1,28,1,1,0
2,11/09/2024 10:22:41 AM,11/09/2024 10:49:37 AM,N,1,116,237,1,6.42,31,0,0.5,0,0,,1,35.25,2,1,2.75
2,11/18/2024 08:05:00 PM,11/18/2024 08:28:14 PM,N,1,166,90,1,6.37,31.7,2.5,0.5,5,0,,1,43.45,1,1,2.75
2,03/20/2024 10:55:43 PM,03/20/2024 11:15:11 PM,N,1,7,142,1,4.49,22.6,1,0.5,3,0,,1,30.85,1,1,2.75
2,02/22/2024 07:33:58 AM,02/22/2024 07:43:05 AM,N,1,74,75,1,1.71,10.7,0,0.5,2.44,0,,1,14.64,1,1,0
1,04/24/2024 06:56:30 AM,04/24/2024 07:03:44 AM,N,1,74,43,1,1.4,9.3,0,1.5,2.15,0,,1,12.95,1,1,0
2,04/21/2024 07:31:00 AM,04/21/2024 07:46:00 AM,,,116,138,,8.69,32.16,0,0,7.92,6.94,,1,48.02,,,
2,10/12/2024 10:16:28 AM,10/12/2024 10:28:27 AM,N,1,41,239,1,2.23,13.5,0,0.5,3,0,,1,20.75,1,1,2.75
1,09/10/2024 11:45:09 AM,09/10/2024 12:21:31 PM,N,1,42,66,1,0,37.5,0,1.5,0,0,,1,39,1,1,0
2,07/18/2024 02:41:47 PM,07/18/2024 03:03:08 PM,N,1,74,138,1,6.66,30.3,5,0.5,8.75,6.94,,1,52.49,1,1,0
2,12/13/2024 07:11:12 PM,12/13/2024 07:23:03 PM,N,1,74,151,1,2.18,13.5,2.5,0.5,3.5,0,,1,21,1,1,0
2,01/22/2024 01:35:22 PM,01/22/2024 01:42:31 PM,N,1,75,236,1,0.71,7.9,0,0.5,1,0,,1,10.4,1,1,0
2,08/15/2024 04:37:20 PM,08/15/2024 04:55:33 PM,N,1,74,263,1,2.6,18.4,2.5,0.5,5.03,0,,1,30.18,1,1,2.75
2,05/19/2024 08:34:58 PM,05/19/2024 08:42:03 PM,N,1,43,41,1,1.29,9.3,1,0.5,0,0,,1,11.8,2,1,0
2,04/20/2024 11:56:30 AM,04/20/2024 11:56:33 AM,N,5,61,61,1,0,24,0,0,5,0,,1,30,1,2,0
2,04/28/2024 12:34:09 AM,04/28/2024 12:34:12 AM,N,5,80,264,4,0,20,0,0,2,0,,1,23,1,2,0
2,04/08/2024 01:50:25 AM,04/08/2024 02:10:51 AM,N,1,82,130,1,7.64,33.1,1,0.5,0,0,,1,35.6,2,1,0
2,03/18/2024 05:14:20 PM,03/18/2024 05:16:12 PM,N,1,166,166,1,0.16,3.7,2.5,0.5,0,0,,1,7.7,1,1,0
2,12/12/2024 11:35:15 AM,12/12/2024 11:44:41 AM,N,1,41,238,1,1.74,11.4,0,0.5,0,0,,1,12.9,2,1,0
2,03/21/2024 11:47:13 AM,03/21/2024 11:53:51 AM,N,1,75,74,1,1.41,9.3,0,0.5,2.16,0,,1,12.96,1,1,0
2,08/29/2024 08:07:26 AM,08/29/2024 08:20:06 AM,N,1,74,238,1,2.18,14.2,0,0.5,3.92,0,,1,19.62,1,1,0
2,05/29/2024 09:13:08 AM,05/29/2024 09:29:36 AM,N,1,95,73,1,4.96,23.3,0,0.5,0,0,,1,24.8,2,1,0
1,08/25/2024 08:58:32 PM,08/25/2024 09:00:28 PM,N,1,74,74,1,0.1,3.7,1,1.5,0,0,,1,6.2,2,1,0
2,12/18/2024 07:33:10 AM,12/18/2024 08:04:43 AM,N,1,244,7,1,7.31,35.9,0,0.5,5,6.94,,1,49.34,1,1,0
2,04/14/2024 06:47:58 PM,04/14/2024 07:06:56 PM,N,1,66,256,1,3.41,21.2,0,0.5,4,0,,1,26.7,1,1,0
1,07/29/2024 07:36:25 PM,07/29/2024 07:43:19 PM,N,1,75,239,1,1.9,10.7,5.25,1.5,2.97,0,,1,20.42,1,1,2.75
2,10/01/2024 03:28:34 PM,10/01/2024 03:58:44 PM,N,1,244,7,1,8.79,40.8,0,0.5,0,6.94,,1,49.24,2,1,0
2,11/27/2024 07:32:20 PM,11/27/2024 07:39:04 PM,N,1,43,151,1,1.15,8.6,2.5,0.5,0,0,,1,12.6,2,1,0
1,03/06/2024 05:49:24 PM,03/06/2024 05:56:12 PM,N,1,55,29,1,1.3,9.3,2.5,1.5,2.65,0,,1,15.95,1,1,0
2,08/18/2024 05:10:12 PM,08/18/2024 05:26:46 PM,N,1,166,48,1,5.1,24,0,0.5,0,0,,1,28.25,1,1,2.75
2,11/14/2024 08:38:41 AM,11/14/2024 08:52:33 AM,N,1,74,152,1,1.98,14.2,0,0.5,1.57,0,,1,17.27,1,1,0
2,02/23/2024 09:07:51 AM,02/23/2024 09:19:40 AM,N,1,146,260,1,2.01,12.8,0,0.5,0,0,,1,14.3,2,1,0
1,03/06/2024 02:12:32 PM,03/06/2024 02:19:29 PM,N,1,41,166,1,1.1,7.9,0,1.5,2.35,0,,1,11.75,1,1,0
2,10/17/2024 12:01:11 PM,10/17/2024 12:09:01 PM,N,1,179,138,1,3.8,17,5,0.5,4.7,0,,1,28.2,1,1,0
2,05/14/2024 06:25:18 PM,05/14/2024 06:32:41 PM,N,1,75,41,2,1.42,9.3,2.5,0.5,0,0,,1,13.3,2,1,0
2,08/27/2024 12:30:06 AM,08/27/2024 12:55:55 AM,N,1,93,236,1,13.09,51.3,1,0.5,5,6.94,,1,65.74,1,1,0
2,06/21/2024 05:38:43 PM,06/21/2024 05:57:49 PM,N,1,97,66,2,1.89,14.2,2.5,0.5,0,0,,1,18.2,2,1,0
2,03/03/2024 06:57:01 PM,03/03/2024 07:09:50 PM,N,1,74,238,1,3.03,15.6,0,0.5,4.79,0,,0.3,23.94,1,1,2.75
2,09/19/2024 06:39:39 PM,09/19/2024 06:51:58 PM,N,1,82,138,1,3.75,17,7.5,0.5,0,0,,1,26,1,1,0
2,07/08/2024 01:48:48 PM,07/08/2024 02:04:42 PM,N,1,83,173,1,1.65,14.2,0,0.5,0,0,,1,15.7,2,1,0
2,06/13/2024 09:43:57 AM,06/13/2024 10:20:26 AM,N,1,244,237,1,6.37,36.6,0,0.5,0,0,,1,40.85,2,1,2.75
2,11/11/2024 01:55:43 AM,11/11/2024 02:11:19 AM,N,1,129,173,1,2.01,15.6,1,0.5,0,0,,1,18.1,1,1,0
2,04/15/2024 04:40:54 PM,04/15/2024 04:45:57 PM,N,1,75,75,6,0.47,6.5,2.5,0.5,2.62,0,,1,13.12,1,1,0
2,05/05/2024 11:31:36 PM,05/05/2024 11:36:39 PM,N,1,69,159,2,1.07,7.9,1,0.5,0,0,,1,10.4,2,1,0
2,02/08/2024 08:07:06 PM,02/08/2024 08:12:06 PM,N,1,75,24,1,1.25,7.9,1,0.5,2.08,0,,1,12.48,1,1,0
2,12/25/2024 09:59:36 PM,12/25/2024 10:58:28 PM,N,1,256,230,5,6.54,52.7,1,0.5,11.59,0,,1,69.54,1,1,2.75
2,01/22/2024 11:48:00 AM,01/22/2024 11:58:00 AM,,,75,166,,1.7,12.13,0,0,2.63,0,,1,15.76,,,
1,12/21/2024 04:00:52 PM,12/21/2024 04:28:27 PM,N,1,239,193,1,0,23.5,0,1.5,0,0,,1,25,1,1,0
2,12/01/2024 11:35:25 AM,12/01/2024 11:47:43 AM,N,1,97,61,2,2.2,14.2,0,0.5,1,0,,1,16.7,1,1,0
2,10/20/2024 11:03:08 AM,10/20/2024 11:12:59 AM,N,1,82,129,2,1.14,10,0,0.5,1.5,0,,1,13,1,1,0
1,03/20/2024 10:31:32 AM,03/20/2024 10:33:51 AM,N,1,116,116,1,0.6,5.1,0,1.5,2,0,,1,8.6,1,1,0
2,07/15/2024 09:31:00 PM,07/15/2024 09:52:00 PM,,,71,76,,3.27,13.64,0,0,0,0,,1,14.64,,,
2,08/14/2024 09:45:24 AM,08/14/2024 09:57:55 AM,N,1,42,166,6,2.51,14.9,0,0.5,0,0,,1,16.4,2,1,0
2,03/27/2024 03:34:41 PM,03/27/2024 03:41:38 PM,N,1,75,74,1,1.33,9.3,0,0.5,2.16,0,,1,12.96,1,1,0
2,03/18/2024 02:21:39 PM,03/18/2024 02:47:54 PM,N,1,112,7,1,3.74,24.7,0,0.5,5.24,0,,1,31.44,1,1,0
1,05/14/2024 06:26:44 AM,05/14/2024 06:54:31 AM,N,1,200,48,1,0,40.5,0,1.5,0,3.18,,1,45.18,1,1,0
2,12/02/2024 06:43:17 PM,12/02/2024 06:57:50 PM,N,1,74,151,2,2.35,14.9,2.5,0.5,4.72,0,,1,23.62,1,1,0
2,04/03/2024 05:03:15 PM,04/03/2024 05:14:35 PM,N,1,166,74,1,1.57,12.1,2.5,0.5,0,0,,1,16.1,1,1,0
2,05/09/2024 08:24:56 AM,05/09/2024 08:30:11 AM,N,1,75,74,1,0.84,7.2,0,0.5,0,0,,1,8.7,1,1,0
2,05/25/2024 12:21:16 PM,05/25/2024 12:32:40 PM,N,1,65,181,1,1.45,12.1,0,0.5,0,0,,1,13.6,2,1,0
2,10/17/2024 11:12:03 PM,10/17/2024 11:14:27 PM,N,1,42,42,1,0.47,5.1,1,0.5,1,0,,1,8.6,1,1,0
2,11/05/2024 11:22:27 AM,11/05/2024 11:37:42 AM,N,1,41,244,1,2.81,17,0,0.5,3.7,0,,1,22.2,1,1,0
2,02/11/2024 01:54:56 PM,02/11/2024 02:04:36 PM,N,1,74,42,1,1.67,11.4,0,0.5,0,0,,1,12.9,2,1,0
2,10/02/2024 03:38:15 PM,10/02/2024 03:41:03 PM,N,1,24,151,1,0.48,5.1,0,0.5,0,0,,1,6.6,2,1,0
1,02/29/2024 05:42:10 PM,02/29/2024 06:15:15 PM,N,1,223,95,1,6.8,35.2,2.5,1.5,5,0,,1,44.2,1,1,0
2,02/25/2024 03:28:15 PM,02/25/2024 03:43:34 PM,N,1,97,189,1,2.11,15.6,0,0.5,2.56,0,,1,19.66,1,1,0
2,10/18/2024 05:33:35 PM,10/18/2024 05:47:25 PM,N,1,82,102,1,2.4,15.6,2.5,0.5,0,0,,1,19.6,2,1,0
1,11/17/2024 12:31:49 PM,11/17/2024 12:53:01 PM,N,1,82,129,1,1.6,14.9,0,1.5,0,0,,1,16.4,2,1,0
2,12/05/2024 06:09:10 PM,12/05/2024 06:20:11 PM,N,1,75,166,2,1.87,12.8,2.5,0.5,0,0,,1,16.8,2,1,0
2,06/20/2024 03:07:40 PM,06/20/2024 03:07:42 PM,N,1,134,264,1,0,3,0,0.5,0,0,,1,4.5,1,1,0
2,03/01/2024 02:59:26 PM,03/01/2024 03:25:29 PM,N,1,74,143,1,4.21,25.4,0,0.5,1.45,0,,0.3,30.4,1,1,2.75
2,05/19/2024 01:19:51 PM,05/19/2024 01:42:08 PM,N,1,223,119,5,6.36,28.9,0,0.5,7.47,6.94,,1,44.81,1,1,0
2,06/04/2024 06:26:04 PM,06/04/2024 06:29:50 PM,N,1,75,75,1,0.57,5.8,2.5,0.5,1.96,0,,1,11.76,1,1,0
2,07/30/2024 11:23:12 AM,07/30/2024 11:38:19 AM,N,1,166,142,1,2.82,17.7,0,0.5,0,0,,1,21.95,2,1,2.75
2,02/16/2024 05:45:50 PM,02/16/2024 05:52:54 PM,N,1,75,74,1,1.4,9.3,2.5,0.5,2.66,0,,1,15.96,1,1,0
2,08/04/2024 12:51:06 AM,08/04/2024 01:00:32 AM,N,1,74,166,1,1.72,11.4,1,0.5,2.78,0,,1,16.68,1,1,0
2,05/01/2024 11:20:33 AM,05/01/2024 11:52:42 AM,N,1,43,48,1,3.67,28.9,0,0.5,5,0,,1,38.15,1,1,2.75
2,09/04/2024 05:42:16 PM,09/04/2024 05:50:32 PM,N,1,95,95,1,0.93,8.6,2.5,0.5,2.52,0,,1,15.12,1,1,0
2,09/05/2024 10:41:56 AM,09/05/2024 10:58:25 AM,N,1,75,161,1,2.13,16.3,0,0.5,1.45,0,,1,22,1,1,2.75
2,06/27/2024 12:10:05 AM,06/27/2024 12:19:07 AM,N,1,82,82,1,1.31,10,1,0.5,0,0,,1,12.5,2,1,0
2,05/26/2024 03:30:47 AM,05/26/2024 03:38:02 AM,N,5,157,226,1,2.61,25,0,0,0,0,,1,26,1,2,0
2,03/13/2024 08:00:01 PM,03/13/2024 08:09:29 PM,N,1,130,197,1,1.6,11.4,2.5,0.5,2,0,,1,17.4,1,1,0
2,08/10/2024 04:01:17 PM,08/10/2024 04:13:06 PM,N,1,74,24,1,2.02,12.8,0,0.5,0,0,,1,14.3,2,1,0
2,01/15/2024 08:45:07 AM,01/15/2024 08:48:18 AM,N,1,191,191,1,0.72,5.8,0,0.5,0,0,,1,7.3,2,1,0
2,01/14/2024 09:08:21 AM,01/14/2024 09:17:53 AM,N,1,95,135,1,2.22,12.1,0,0.5,0,0,,1,13.6,2,1,0
2,09/25/2024 11:44:52 AM,09/25/2024 11:54:21 AM,N,1,43,75,1,0.61,9.3,0,0.5,0,0,,1,10.8,2,1,0
2,07/15/2024 04:13:07 PM,07/15/2024 04:30:47 PM,N,1,43,161,1,2.29,17,2.5,0.5,4.75,0,,1,28.5,1,1,2.75
2,05/06/2024 08:00:03 AM,05/06/2024 08:19:36 AM,N,1,265,205,1,4.32,22.6,0,0.5,0,0,,1,24.1,2,1,0
2,04/18/2024 05:50:34 PM,04/18/2024 05:56:13 PM,N,1,74,42,1,1.13,7.9,2.5,0.5,2.38,0,,1,14.28,1,1,0
2,09/04/2024 06:26:00 PM,09/04/2024 06:32:09 PM,N,1,129,129,1,1.45,9.3,2.5,0.5,0,0,,1,13.3,2,1,0
2,03/20/2024 05:46:04 PM,03/20/2024 05:54:49 PM,N,1,43,237,1,1.8,10.7,2.5,0.5,3.49,0,,1,20.94,1,1,2.75
2,09/12/2024 08:53:31 PM,09/12/2024 09:05:36 PM,N,1,161,233,1,1.1,12.1,1,0.5,4.28,0,,1,21.38,1,1,2.5
2,11/05/2024 03:35:19 PM,11/05/2024 03:40:18 PM,N,1,74,75,1,0,5.8,0,0.5,1.46,0,,1,8.76,1,1,0
2,09/04/2024 09:59:20 PM,09/04/2024 10:53:24 PM,N,5,93,265,2,26.18,175,0,0,36.59,6.94,,1,219.53,1,1,0
2,09/08/2024 09:29:03 PM,09/08/2024 09:34:03 PM,N,1,166,151,1,0.76,7.2,1,0.5,1.94,0,,1,11.64,1,1,0
2,01/22/2024 04:14:57 PM,01/22/2024 04:47:22 PM,N,1,43,202,1,6.42,33.1,2.5,0.5,9.96,0,,1,49.81,1,1,2.75
2,05/11/2024 09:56:13 AM,05/11/2024 10:13:29 AM,N,1,43,162,1,3.28,18.4,0,0.5,4.53,0,,1,27.18,1,1,2.75
2,04/03/2024 02:30:48 PM,04/03/2024 02:44:59 PM,N,1,74,166,1,1.65,13.5,0,0.5,3.75,0,,1,18.75,1,1,0
2,03/16/2024 11:15:20 AM,03/16/2024 11:20:03 AM,N,1,43,236,1,0.73,6.5,0,0.5,2.15,0,,1,12.9,1,1,2.75
2,04/09/2024 11:37:03 AM,04/09/2024 11:46:13 AM,N,1,74,152,1,1.26,10,0,0.5,1,0,,1,12.5,1,1,0
2,10/26/2024 11:47:35 PM,10/26/2024 11:53:00 PM,N,1,95,102,1,1.4,8.6,1,0.5,2.22,0,,1,13.32,1,1,0
2,05/06/2024 08:49:37 PM,05/06/2024 09:00:27 PM,N,1,130,28,2,1.62,11.4,1,0.5,0,0,,1,13.9,2,1,0
2,12/30/2024 05:56:57 PM,12/30/2024 06:09:21 PM,N,1,95,134,1,1.76,12.8,2.5,0.5,0,0,,1,16.8,2,1,0
2,09/17/2024 02:07:16 PM,09/17/2024 02:19:39 PM,N,1,74,42,1,1.03,10.7,0,0.5,0.12,0,,1,12.32,1,1,0
2,01/22/2024 08:16:05 AM,01/22/2024 08:38:47 AM,N,1,74,236,1,2.11,20.5,0,0.5,4.95,0,,1,29.7,1,1,2.75
2,11/09/2024 02:41:11 PM,11/09/2024 03:01:39 PM,N,1,95,16,1,8.95,36.6,0,0.5,7.62,0,,1,45.72,1,1,0
2,03/06/2024 10:05:56 AM,03/06/2024 10:31:01 AM,N,1,220,78,1,3.98,24,0,0.5,0,0,,1,25.5,2,1,0
1,03/24/2024 12:39:53 AM,03/24/2024 12:47:01 AM,N,1,260,226,1,1.3,9.3,1,1.5,2.2,0,,1,14,1,1,0
2,04/13/2024 06:32:36 PM,04/13/2024 06:46:50 PM,N,1,74,262,1,2.95,16.3,0,0.5,4.11,0,,1,24.66,1,1,2.75
2,11/05/2024 11:46:11 PM,11/05/2024 11:57:21 PM,N,1,129,173,1,1.57,12.1,1,0.5,2,0,,1,16.6,1,1,0
2,05/27/2024 07:36:36 PM,05/27/2024 07:46:12 PM,N,1,74,263,6,2.07,12.1,0,0.5,3.27,0,,1,19.62,1,1,2.75
2,04/12/2024 11:04:05 AM,04/12/2024 11:09:18 AM,N,1,152,166,1,0.77,7.2,0,0.5,2.61,0,,1,11.31,1,1,0
1,02/15/2024 10:51:01 AM,02/15/2024 10:55:51 AM,N,1,130,215,0,0.7,6.5,0,1.5,2.35,0,,1,10.35,1,1,0
2,12/29/2024 01:33:25 PM,12/29/2024 01:42:27 PM,N,1,74,263,1,2.26,12.1,0,0.5,3.27,0,,1,19.62,1,1,2.75
2,06/28/2024 01:13:58 AM,06/28/2024 01:24:42 AM,N,1,130,28,1,1.72,12.1,1,0.5,2.92,0,,1,17.52,1,1,0
2,08/22/2024 03:54:31 PM,08/22/2024 03:55:26 PM,N,2,43,75,1,0.07,70,5,0.5,0,0,,1,76.5,3,1,0
2,02/09/2024 08:02:20 PM,02/09/2024 08:08:49 PM,N,1,166,151,1,1.13,8.6,1,0.5,0,0,,1,11.1,2,1,0
2,06/06/2024 04:04:38 PM,06/06/2024 04:20:32 PM,N,1,7,260,1,2.91,18.4,2.5,0.5,0,0,,1,22.4,1,1,0
2,06/17/2024 07:51:06 AM,06/17/2024 08:05:40 AM,N,1,74,236,1,1.62,14.2,0,0.5,0,0,,1,15.7,2,1,0
2,03/22/2024 03:33:35 PM,03/22/2024 03:41:26 PM,N,1,41,42,1,0.57,8.6,0,0.5,0,0,,1,10.1,2,1,0
2,04/17/2024 07:06:36 PM,04/17/2024 07:11:46 PM,N,1,75,74,1,1.33,7.9,2.5,0.5,1,0,,1,12.9,1,1,0
2,01/07/2024 01:42:14 PM,01/07/2024 01:50:56 PM,N,1,97,181,1,1.23,10,0,0.5,2.88,0,,1,14.38,1,1,0
2,04/11/2024 07:25:04 AM,04/11/2024 07:36:36 AM,N,1,75,42,1,2.19,14.2,0,0.5,0,0,,0.3,15,2,1,0
2,07/16/2024 08:18:00 AM,07/16/2024 08:29:14 AM,N,1,74,75,1,1.21,11.4,0,0.5,1.5,0,,1,14.4,1,1,0
2,08/25/2024 12:16:41 AM,08/25/2024 12:24:53 AM,N,1,82,70,2,4.26,18.4,1,0.5,4.18,0,,1,25.08,1,1,0
2,08/31/2024 03:34:33 PM,08/31/2024 04:07:16 PM,N,1,93,164,1,9.89,42.9,0,0.5,0,6.94,,1,54.09,2,1,2.75
2,04/30/2024 10:18:59 AM,04/30/2024 10:25:38 AM,N,1,75,236,1,0.67,7.2,0,0.5,0,0,,1,11.45,2,1,2.75
2,06/24/2024 10:12:18 AM,06/24/2024 10:15:13 AM,N,1,75,74,1,0.82,5.8,0,0.5,1.46,0,,1,8.76,1,1,0
2,03/09/2024 07:59:28 PM,03/09/2024 08:05:52 PM,N,1,74,74,1,1.1,8.6,1,0.5,2.78,0,,1,13.88,1,1,0
2,07/02/2024 01:33:11 PM,07/02/2024 02:03:39 PM,N,1,74,234,1,5.04,30.3,0,0.5,6.91,0,,1,41.46,1,1,2.75
2,02/24/2024 02:55:26 PM,02/24/2024 03:06:29 PM,N,1,129,129,6,2.46,13.5,0,0.5,0,0,,1,15,2,1,0
2,02/21/2024 05:33:30 AM,02/21/2024 05:48:37 AM,N,1,74,230,1,4.45,21.2,1,0.5,1.55,0,,1,28,1,1,2.75
2,05/14/2024 06:12:31 PM,05/14/2024 06:20:33 PM,N,1,74,75,1,0.92,9.3,2.5,0.5,0,0,,1,13.3,1,1,0
2,08/06/2024 09:21:30 AM,08/06/2024 09:28:10 AM,N,1,75,74,1,1.37,8.6,0,0.5,2.02,0,,1,12.12,1,1,0
1,11/28/2024 03:42:46 PM,11/28/2024 03:43:16 PM,Y,5,265,265,1,5.1,81,0,0,16.15,0,,0,97.15,1,2,0
2,04/14/2024 06:35:28 PM,04/14/2024 06:52:59 PM,N,1,41,138,1,6.91,29.6,5,0.5,5,6.94,,1,48.04,1,1,0
2,08/13/2024 04:04:11 PM,08/13/2024 04:10:58 PM,N,1,75,74,1,1.27,9.3,2.5,0.5,2.66,0,,1,15.96,1,1,0
1,04/11/2024 07:25:53 PM,04/11/2024 07:28:39 PM,N,1,43,151,1,0.7,5.8,2.5,1.5,1,0,,1,10.8,1,1,0
2,01/22/2024 08:55:17 PM,01/22/2024 08:59:24 PM,N,5,97,97,0,0,50,0,0,0,0,,1,51,1,2,0
2,05/08/2024 05:42:38 PM,05/08/2024 07:13:33 PM,N,1,33,132,1,27.19,115,2.5,0.5,15,0,,1,134,1,1,0
2,06/07/2024 04:43:16 PM,06/07/2024 04:57:24 PM,N,1,65,189,1,1.01,12.8,2.5,0.5,3.36,0,,1,20.16,1,1,0
2,02/24/2024 06:13:44 PM,02/24/2024 06:35:12 PM,N,1,65,181,1,1.74,17.7,0,0.5,3.84,0,,1,23.04,1,1,0
2,05/19/2024 08:49:30 PM,05/19/2024 08:59:17 PM,N,1,130,135,3,3.43,16.3,1,0.5,0,0,,1,18.8,2,1,0
2,03/03/2024 06:47:02 PM,03/03/2024 07:37:53 PM,N,1,95,107,1,16.16,69.5,0,0.5,0,6.94,,1,80.69,2,1,2.75
1,06/07/2024 07:17:55 AM,06/07/2024 07:37:42 AM,N,1,74,65,1,0,35.5,0,1.5,0,0,,1,37,1,1,0
2,11/09/2024 10:08:03 PM,11/09/2024 10:18:46 PM,N,1,129,129,1,1.3,11.4,1,0.5,4.17,0,,1,18.07,1,1,0
2,04/06/2024 09:27:49 AM,04/06/2024 09:28:47 AM,N,1,42,42,1,0.32,3.7,0,0.5,0,0,,1,5.2,2,1,0
2,05/06/2024 05:55:44 AM,05/06/2024 06:17:34 AM,N,1,82,258,1,0,17.7,1,0.5,0,0,,1,20.2,2,1,0
2,12/10/2024 01:26:40 PM,12/10/2024 01:37:24 PM,N,1,97,181,1,1.18,11.4,0,0.5,0,0,,1,12.9,2,1,0
2,12/11/2024 02:36:44 PM,12/11/2024 03:04:07 PM,N,1,75,141,1,2.22,23.3,0,0.5,3,0,,1,30.55,1,1,2.75
2,12/04/2024 09:10:32 AM,12/04/2024 09:25:29 AM,N,1,130,132,1,3.74,19.1,0,0.5,5.15,0,,1,25.75,1,1,0
2,08/04/2024 01:26:38 AM,08/04/2024 01:35:27 AM,N,1,74,116,1,2.12,11.4,1,0.5,0,0,,1,13.9,2,1,0
2,06/17/2024 09:48:01 AM,06/17/2024 09:58:46 AM,N,1,74,236,1,1.89,12.1,0,0.5,3.27,0,,1,19.62,1,1,2.75
1,05/02/2024 09:08:49 AM,05/02/2024 09:15:11 AM,N,1,74,41,1,0.8,7.2,0,1.5,2.15,0,,1,10.85,1,1,0
1,09/19/2024 05:24:42 PM,09/19/2024 05:39:31 PM,N,1,43,48,1,3.1,17,5.25,1.5,5,0,,1,28.75,1,1,2.75
2,04/05/2024 03:22:46 PM,04/05/2024 03:39:38 PM,N,1,17,188,1,1.8,16.3,0,0.5,4.45,0,,1,22.25,1,1,0
2,10/04/2024 10:55:30 PM,10/04/2024 11:02:26 PM,N,1,148,79,1,0.79,7.9,1,0.5,2.58,0,,1,15.48,1,1,2.5
2,06/18/2024 03:32:44 PM,06/18/2024 03:45:19 PM,N,1,75,166,1,2.23,14.2,0,0.5,3,0,,1,18.7,1,1,0
2,03/17/2024 11:05:36 AM,03/17/2024 11:17:44 AM,N,1,74,236,1,1.97,12.8,0,0.5,2,0,,0.3,18.35,1,1,2.75
1,11/24/2024 03:29:39 PM,11/24/2024 03:37:30 PM,N,1,65,49,1,1.1,9.3,0,1.5,2.7,0,,1,13.5,1,1,0
2,06/14/2024 10:59:53 PM,06/14/2024 11:12:49 PM,N,1,260,7,1,2.24,14.2,1,0.5,2,0,,1,18.7,1,1,0
2,06/08/2024 12:36:35 AM,06/08/2024 12:46:41 AM,N,1,41,75,6,1.87,11.4,1,0.5,2.78,0,,1,16.68,1,1,0
2,05/28/2024 09:26:58 AM,05/28/2024 09:50:43 AM,N,1,74,75,1,1.04,19.8,0,0.5,4.26,0,,1,25.56,1,1,0
2,11/15/2024 09:59:47 AM,11/15/2024 10:08:59 AM,N,1,74,141,1,3.39,15.6,0,0.5,2.2,0,,1,22.05,1,1,2.75
2,12/09/2024 09:00:00 PM,12/09/2024 09:29:51 PM,N,1,75,256,1,9.43,42.9,1,0.5,9.63,0,,1,57.78,1,1,2.75
2,05/21/2024 02:06:17 PM,05/21/2024 02:06:41 PM,N,1,193,193,2,0,3,0,0.5,0,0,,1,4.5,2,1,0
2,05/17/2024 12:34:59 AM,05/17/2024 12:35:02 AM,N,5,74,74,1,0,22,0,0,0,0,,1,23,1,2,0
2,01/02/2024 07:34:28 AM,01/02/2024 07:38:31 AM,N,1,152,166,1,1.32,7.9,0,0.5,1,0,,1,10.4,1,1,0
2,09/21/2024 11:57:57 AM,09/21/2024 12:05:28 PM,N,1,41,24,1,0.89,8.6,0,0.5,0,0,,1,10.1,1,1,0
2,01/06/2024 09:56:48 AM,01/06/2024 10:02:07 AM,N,1,74,75,1,1.19,7.9,0,0.5,1.41,0,,1,10.81,1,1,0
2,05/11/2024 12:04:35 PM,05/11/2024 12:07:46 PM,N,1,41,42,1,0.61,5.8,0,0.5,0,0,,1,7.3,2,1,0
2,05/07/2024 07:41:02 PM,05/07/2024 07:56:24 PM,N,1,41,239,6,2.8,16.3,2.5,0.5,3.46,0,,1,26.51,1,1,2.75
2,08/29/2024 12:46:54 AM,08/29/2024 12:51:09 AM,N,1,75,75,1,0.55,5.8,1,0.5,1.66,0,,1,9.96,1,1,0
2,03/22/2024 05:05:55 PM,03/22/2024 05:32:37 PM,N,1,74,142,1,3.36,25.4,2.5,0.5,4,0,,1,36.15,1,1,2.75
2,04/03/2024 12:45:14 PM,04/03/2024 12:48:52 PM,N,1,42,42,1,0.69,5.8,0,0.5,0,0,,1,7.3,2,1,0
2,12/19/2024 07:10:58 PM,12/19/2024 07:15:34 PM,N,1,43,238,1,0.71,6.5,2.5,0.5,0,0,,1,10.5,1,1,0
2,03/08/2024 10:57:18 AM,03/08/2024 10:59:50 AM,N,1,41,43,2,0.46,5.1,0,0.5,0,0,,1,6.6,2,1,0
2,12/08/2024 03:37:28 PM,12/08/2024 03:51:05 PM,N,1,74,262,1,2.66,16.3,0,0.5,4.11,0,,1,24.66,1,1,2.75
2,09/25/2024 09:43:23 AM,09/25/2024 09:54:54 AM,N,1,74,152,1,1.41,12.1,0,0.5,2.72,0,,1,16.32,1,1,0
2,12/22/2024 12:42:00 PM,12/22/2024 01:00:00 PM,,,65,138,,10.35,34.91,0,0.5,7.28,0,,1,43.69,,,
2,03/19/2024 08:07:15 PM,03/19/2024 08:13:14 PM,N,1,74,74,1,0.94,7.9,1,0.5,3.12,0,,1,13.52,1,1,0
2,05/06/2024 05:45:24 PM,05/06/2024 05:49:00 PM,N,1,42,42,1,0.85,6.5,2.5,0.5,0,0,,1,10.5,2,1,0
2,03/15/2024 09:34:58 AM,03/15/2024 09:45:04 AM,N,1,95,135,2,2.14,12.8,0,0.5,4.29,0,,1,18.59,1,1,0
2,12/20/2024 11:38:02 AM,12/20/2024 11:52:58 AM,N,1,75,263,1,1.97,14.2,0,0.5,3.69,0,,1,22.14,1,1,2.75
1,06/02/2024 04:03:38 AM,06/02/2024 04:28:03 AM,N,1,37,164,1,6,28.9,3.75,1.5,6.8,0,,1,40.95,1,1,2.75
2,05/24/2024 02:00:19 PM,05/24/2024 02:39:15 PM,N,1,244,112,1,12.72,54.1,0,0.5,10,6.94,,1,75.29,1,1,2.75
2,09/27/2024 02:56:56 PM,09/27/2024 03:09:27 PM,N,1,166,239,1,1.82,13.5,0,0.5,3.55,0,,1,21.3,1,1,2.75
2,02/24/2024 10:45:56 AM,02/24/2024 11:01:28 AM,N,1,82,226,2,2.23,15.6,0,0.5,3.42,0,,1,20.52,1,1,0
2,08/08/2024 06:09:15 PM,08/08/2024 06:16:13 PM,N,1,74,43,1,1,8.6,2.5,0.5,0,0,,1,12.6,2,1,0
2,03/14/2024 06:32:08 PM,03/14/2024 06:41:05 PM,N,1,75,237,1,1.48,10.7,2.5,0.5,3.49,0,,1,20.94,1,1,2.75
2,12/17/2024 05:47:16 PM,12/17/2024 05:58:29 PM,N,1,43,262,1,1.53,12.1,2.5,0.5,1,0,,1,19.85,1,1,2.75
2,03/22/2024 05:45:36 PM,03/22/2024 05:52:18 PM,N,1,43,74,1,1.54,9.3,2.5,0.5,0,0,,1,13.3,2,1,0
1,05/26/2024 08:50:35 PM,05/26/2024 09:02:25 PM,N,1,97,97,1,1.4,12.1,1,1.5,2.9,0,,1,17.5,1,1,0
2,02/27/2024 04:27:37 PM,02/27/2024 04:36:42 PM,N,1,75,263,2,1.16,10,2.5,0.5,3.35,0,,1,20.1,1,1,2.75
2,02/26/2024 06:06:00 PM,02/26/2024 06:18:30 PM,N,1,7,202,1,2.2,12.8,2.5,0.5,0,0,,1,16.8,2,1,0
2,06/20/2024 08:58:54 PM,06/20/2024 08:59:35 PM,N,1,129,129,1,0.04,3,1,0.5,0,0,,1,5.5,3,1,0
2,07/14/2024 06:56:06 PM,07/14/2024 07:25:30 PM,N,1,7,146,1,4.86,28.9,0,0.5,0,0,,1,30.4,2,1,0
1,04/11/2024 10:18:34 PM,04/11/2024 10:24:41 PM,N,1,65,40,1,0,7.2,1,1.5,2.4,0,,1,12.1,1,1,0
1,01/02/2024 01:37:30 PM,01/02/2024 01:44:08 PM,N,1,52,33,1,0,15.5,0,1.5,0,0,,1,17,1,1,0
2,05/26/2024 07:18:00 PM,05/26/2024 07:32:54 PM,N,1,82,57,1,2.2,14.9,0,0.5,0,0,,1,16.4,2,1,0
2,07/26/2024 05:37:43 PM,07/26/2024 05:58:06 PM,N,1,166,141,1,3.71,21.2,2.5,0.5,4.19,0,,1,32.14,1,1,2.75
2,04/21/2024 03:58:01 PM,04/21/2024 04:08:33 PM,N,1,74,75,1,1.59,11.4,0,0.5,0,0,,1,12.9,2,1,0
1,08/01/2024 07:03:22 AM,08/01/2024 07:13:09 AM,N,1,82,260,0,1.9,12.1,0,1.5,0,0,,1,13.6,3,1,0
2,04/01/2024 02:03:05 PM,04/01/2024 02:09:06 PM,N,1,75,238,1,1.1,8.6,0,0.5,3.86,0,,1,16.71,1,1,2.75
2,04/20/2024 01:13:21 AM,04/20/2024 01:25:48 AM,N,1,25,61,1,3.01,15.6,1,0.5,3.62,0,,1,21.72,1,1,0
1,03/18/2024 04:43:20 PM,03/18/2024 05:04:26 PM,N,1,244,41,1,3.2,21.2,2.5,1.5,0,0,,1,25.2,2,1,0
2,11/24/2024 02:22:33 AM,11/24/2024 02:36:08 AM,N,1,80,255,5,2.63,14.9,1,0.5,3.13,0,,1,20.53,1,1,0
2,12/31/2024 08:28:24 PM,12/31/2024 08:31:35 PM,N,1,75,236,1,0.83,5.8,1,0.5,0,0,,1,11.05,1,1,2.75
2,11/20/2024 10:17:16 AM,11/20/2024 10:51:09 AM,N,1,74,107,1,6.78,35.9,0,0.5,5,0,,1,45.15,1,1,2.75
2,08/05/2024 03:57:25 PM,08/05/2024 04:06:38 PM,N,1,95,135,2,1.64,10.7,0,0.5,3.05,0,,1,15.25,1,1,0
2,01/04/2024 06:09:04 PM,01/04/2024 06:32:38 PM,N,1,41,142,1,3.18,22.6,2.5,0.5,5,0,,1,34.35,1,1,2.75
2,06/19/2024 11:32:42 PM,06/19/2024 11:51:36 PM,N,1,129,73,1,8.52,35.2,1,0.5,0,0,,1,37.7,2,1,0
2,01/07/2024 12:26:22 AM,01/07/2024 12:36:13 AM,N,1,127,127,1,1.75,12.1,1,0.5,0,0,,1,14.6,2,1,0
1,05/16/2024 06:11:05 AM,05/16/2024 06:20:01 AM,N,1,129,138,1,3.7,17,5,1.5,1,0,,1,24.5,1,1,0
2,11/24/2024 04:52:17 PM,11/24/2024 05:05:49 PM,N,1,82,138,1,3.8,19.8,5,0.5,3,0,,1,29.3,1,1,0
1,01/25/2024 10:17:11 AM,01/25/2024 10:40:18 AM,N,1,97,181,0,2.2,20.5,0,1.5,0,0,,1,22,2,1,0
2,02/08/2024 11:01:55 PM,02/08/2024 11:11:30 PM,N,1,75,142,1,0,9.3,1,0.5,2.91,0,,1,17.46,1,1,2.75
2,08/05/2024 12:41:15 PM,08/05/2024 01:09:54 PM,N,1,166,113,1,8.34,39.4,0,0.5,3.35,0,,1,47,1,1,2.75
2,02/19/2024 03:53:36 AM,02/19/2024 04:23:29 AM,N,1,129,228,1,13.28,53.4,1,0.5,0,0,,1,55.9,2,1,0
2,01/07/2024 01:31:09 PM,01/07/2024 01:53:28 PM,N,1,181,107,1,0,18.4,0,0.5,3.4,0,,1,26.05,1,1,2.75
2,10/21/2024 04:45:17 PM,10/21/2024 04:45:51 PM,N,1,43,43,1,0,3,2.5,0.5,0,0,,1,7,2,1,0
2,06/07/2024 09:43:16 AM,06/07/2024 09:50:23 AM,N,1,97,49,1,0.95,8.6,0,0.5,0,0,,1,10.1,2,1,0
2,08/03/2024 11:06:29 PM,08/03/2024 11:11:52 PM,N,1,74,41,1,0.89,7.2,1,0.5,1,0,,1,10.7,1,1,0
2,09/12/2024 11:43:33 AM,09/12/2024 11:49:18 AM,N,1,75,262,1,1.1,7.9,0,0.5,1.82,0,,1,13.97,1,1,2.75
2,04/20/2024 02:09:48 PM,04/20/2024 02:13:29 PM,N,1,75,74,1,0.85,6.5,0,0.5,1.6,0,,1,9.6,1,1,0
2,09/11/2024 03:24:27 PM,09/11/2024 03:49:53 PM,N,1,95,130,5,3.95,24.7,0,0.5,2,0,,1,28.2,1,1,0
1,12/06/2024 09:43:18 AM,12/06/2024 09:54:22 AM,N,1,260,138,0,4.1,18.4,5,1.5,2,0,,1,26.9,1,1,0
1,06/08/2024 03:17:44 PM,06/08/2024 03:20:18 PM,N,1,82,82,1,5.6,3.7,0,1.5,0,0,,1,5.2,3,1,0
1,05/16/2024 06:46:09 PM,05/16/2024 06:56:22 PM,N,1,75,239,2,1.7,11.4,5.25,1.5,3.6,0,,1,21.75,1,1,2.75
2,08/26/2024 02:23:37 PM,08/26/2024 02:42:51 PM,N,1,74,236,1,2.36,18.4,0,0.5,5.66,0,,1,28.31,1,1,2.75
2,06/01/2024 06:42:00 PM,06/01/2024 06:58:55 PM,N,1,74,142,1,3.45,19.1,0,0.5,4.67,0,,1,28.02,1,1,2.75
2,11/18/2024 12:55:36 AM,11/18/2024 01:04:41 AM,N,1,82,129,1,1.01,10,1,0.5,0,0,,1,12.5,1,1,0
1,10/28/2024 11:07:11 AM,10/28/2024 11:21:52 AM,Y,1,134,95,1,1.9,14.9,0,1.5,0,0,,1,16.4,2,1,0
2,05/29/2024 07:05:54 PM,05/29/2024 07:25:53 PM,N,1,74,142,1,3.87,21.2,2.5,0.5,0,0,,1,27.95,2,1,2.75
2,05/06/2024 11:07:34 AM,05/06/2024 11:36:59 AM,N,1,166,229,1,4.32,28.2,0,0.5,6.49,0,,1,38.94,1,1,2.75
2,06/11/2024 02:06:28 PM,06/11/2024 02:32:14 PM,N,1,74,143,2,3.94,24.7,0,0.5,5.79,0,,1,34.74,1,1,2.75
2,02/25/2024 10:45:45 PM,02/25/2024 11:05:55 PM,N,1,33,62,1,7.04,29.6,1,0.5,6.42,0,,1,38.52,1,1,0
2,07/17/2024 06:28:36 PM,07/17/2024 06:44:24 PM,N,1,74,238,1,0,13.5,2.5,0.5,4.05,0,,1,24.3,1,1,2.75
2,05/21/2024 12:06:20 PM,05/21/2024 12:18:21 PM,N,1,74,43,1,1.37,12.8,0,0.5,0,0,,0.3,13.6,2,1,0
2,08/26/2024 11:43:52 AM,08/26/2024 11:55:52 AM,N,1,193,7,1,1.74,12.8,0,0.5,1,0,,1,15.3,1,1,0
2,11/12/2024 06:44:07 PM,11/12/2024 07:01:43 PM,N,1,75,142,1,3.12,18.4,2.5,0.5,5.03,0,,1,30.18,1,1,2.75
2,06/06/2024 08:19:07 AM,06/06/2024 08:46:11 AM,N,1,55,39,1,8.41,35.9,0,0.5,0,0,,1,37.4,2,1,0
2,02/12/2024 11:24:57 AM,02/12/2024 11:25:05 AM,N,5,97,97,1,0.03,15,0,0,0,0,,1,16,1,2,0
2,02/06/2024 12:17:04 AM,02/06/2024 12:26:51 AM,N,1,83,129,1,1.45,10.7,1,0.5,0,0,,1,13.2,2,1,0
2,11/12/2024 09:43:42 PM,11/12/2024 09:47:23 PM,N,1,33,40,1,0.81,6.5,1,0.5,1.8,0,,1,10.8,1,1,0
2,04/30/2024 10:06:54 AM,04/30/2024 10:21:46 AM,N,1,74,166,3,1.76,14.2,0,0.5,3.14,0,,1,18.84,1,1,0
2,05/27/2024 10:32:37 PM,05/27/2024 10:38:57 PM,N,1,74,236,1,1.63,9.3,1,0.5,2.91,0,,1,17.46,1,1,2.75
2,10/09/2024 04:17:41 PM,10/09/2024 04:30:39 PM,N,1,166,238,1,1.71,13.5,2.5,0.5,6.08,0,,1,26.33,1,1,2.75
2,06/28/2024 12:45:03 PM,06/28/2024 01:04:18 PM,N,1,82,129,1,1.66,17,0,0.5,1.5,0,,1,20,1,1,0
2,01/07/2024 08:27:43 AM,01/07/2024 08:31:13 AM,N,1,166,166,1,0.76,5.8,0,0.5,1.5,0,,1,8.8,1,1,0
2,12/23/2024 06:28:26 PM,12/23/2024 06:39:41 PM,N,1,95,28,1,2.1,12.8,2.5,0.5,0,0,,1,16.8,2,1,0
2,12/06/2024 11:05:59 AM,12/06/2024 11:20:25 AM,N,5,75,263,1,1.78,7,0,0,0,0,,1,10.75,2,2,2.75
1,02/09/2024 05:45:19 AM,02/09/2024 05:59:48 AM,N,1,92,260,0,6.6,28.2,1,1.5,0,0,,1,30.7,2,1,0
2,12/14/2024 10:26:39 PM,12/14/2024 10:33:15 PM,N,1,7,179,1,1,7.9,1,0.5,2.08,0,,1,12.48,1,1,0
1,05/26/2024 06:56:01 AM,05/26/2024 07:21:06 AM,N,1,195,210,1,13.4,52,0,1.5,0,0,,1,53.5,2,1,0
2,11/21/2024 11:50:38 AM,11/21/2024 12:12:03 PM,N,1,244,166,1,5.77,28.9,0,0.5,0,0,,1,30.4,1,1,0
2,05/13/2024 12:08:40 PM,05/13/2024 12:09:19 PM,N,1,74,74,2,0,3,0,0.5,0,0,,1,4.5,2,1,0
2,03/11/2024 09:29:20 PM,03/11/2024 09:41:15 PM,N,1,74,263,1,2.65,14.9,1,0.5,1,0,,1,21.15,1,1,2.75
2,11/16/2024 05:26:33 PM,11/16/2024 05:44:43 PM,N,1,74,262,1,1.51,17,0,0.5,4.25,0,,1,25.5,1,1,2.75
2,06/28/2024 08:37:02 PM,06/28/2024 08:44:28 PM,N,1,166,238,2,1.32,10,1,0.5,3.05,0,,1,18.3,1,1,2.75
2,04/17/2024 04:48:32 PM,04/17/2024 04:53:22 PM,N,1,75,236,1,0.8,6.5,2.5,0.5,0,0,,1,13.25,2,1,2.75
2,05/23/2024 10:08:25 PM,05/23/2024 10:17:40 PM,N,1,260,157,1,1.62,10.7,1,0.5,0,0,,1,13.2,2,1,0
2,05/30/2024 06:39:22 PM,05/30/2024 06:57:11 PM,N,1,74,238,1,2.87,18.4,2.5,0.5,0,0,,1,25.15,2,1,2.75
2,10/19/2024 11:40:26 PM,10/19/2024 11:47:42 PM,N,1,25,49,2,1.29,9.3,1,0.5,3.54,0,,1,15.34,1,1,0
2,07/09/2024 09:41:26 AM,07/10/2024 12:00:00 AM,N,5,97,49,1,0.05,45,0,0,0,0,,1,46,1,2,0
2,02/16/2024 02:38:29 PM,02/16/2024 02:48:33 PM,N,1,97,181,1,0.64,10,0,0.5,2.3,0,,1,13.8,1,1,0
1,09/13/2024 02:51:43 PM,09/13/2024 03:33:39 PM,N,1,66,237,0,8.3,42.9,2.75,1.5,5,0,,1,52.15,1,1,2.75
2,04/29/2024 03:24:29 PM,04/29/2024 03:33:30 PM,N,1,74,75,1,1.3,10,0,0.5,0,0,,1,11.5,2,1,0
2,05/10/2024 09:02:31 PM,05/10/2024 09:08:06 PM,N,1,43,263,1,0.78,7.2,1,0.5,2.42,0,,1,12.12,1,1,0
2,07/16/2024 09:16:00 AM,07/16/2024 09:46:00 AM,,,69,174,,6.81,33.96,0,0,0,0,,1,34.96,,,
2,03/20/2024 07:21:33 AM,03/20/2024 07:28:24 AM,N,1,41,74,1,0.82,7.9,0,0.5,0,0,,1,9.4,1,1,0
2,01/12/2024 08:08:11 AM,01/12/2024 08:18:28 AM,N,1,74,74,1,1.12,10.7,0,0.5,0,0,,1,12.2,1,1,0
1,09/17/2024 06:49:47 PM,09/17/2024 07:04:17 PM,N,1,244,238,1,4.5,21.2,5.25,1.5,5.55,0,,1,33.5,1,1,2.75
2,08/21/2024 09:27:22 AM,08/21/2024 09:37:05 AM,N,1,75,42,1,2.2,12.1,0,0.5,3.4,0,,1,17,1,1,0
2,02/28/2024 11:09:26 AM,02/28/2024 11:28:53 AM,N,1,74,236,1,2.41,18.4,0,0.5,4.53,0,,1,27.18,1,1,2.75
2,06/22/2024 11:02:10 AM,06/22/2024 11:08:01 AM,N,1,75,74,2,0.92,7.2,0,0.5,1.74,0,,1,10.44,1,1,0
2,11/10/2024 03:35:08 PM,11/10/2024 03:50:36 PM,N,1,74,116,1,2.21,15.6,0,0.5,1.5,0,,1,18.6,1,1,0
2,03/19/2024 07:52:55 AM,03/19/2024 08:03:22 AM,N,1,74,43,1,1.4,10.7,0,0.5,3.66,0,,1,15.86,1,1,0
2,06/18/2024 03:29:52 PM,06/18/2024 03:39:55 PM,N,1,82,260,1,1.3,11.4,0,0.5,0,0,,1,12.9,2,1,0
2,06/08/2024 03:14:33 PM,06/08/2024 03:33:28 PM,N,1,74,151,2,2.55,19.1,0,0.5,0,0,,1,20.6,2,1,0
2,03/12/2024 06:08:20 PM,03/12/2024 06:14:04 PM,N,1,236,236,1,0.91,7.9,2.5,0.5,2.93,0,,1,17.58,1,1,2.75
2,01/30/2024 04:12:31 PM,01/30/2024 04:30:31 PM,N,1,244,263,1,6.56,28.2,2.5,0.5,6,0,,1,40.95,1,1,2.75
2,06/07/2024 07:32:58 PM,06/07/2024 07:39:57 PM,N,1,74,42,5,1.06,8.6,2.5,0.5,0,0,,1,12.6,2,1,0
2,04/04/2024 04:09:38 PM,04/04/2024 04:13:37 PM,N,1,75,151,1,0.94,6.5,2.5,0.5,2.62,0,,1,13.12,1,1,0
2,03/10/2024 06:08:13 PM,03/10/2024 06:10:49 PM,N,1,83,260,1,0.5,5.1,0,0.5,0,0,,1,6.6,2,1,0
2,05/29/2024 10:35:49 AM,05/29/2024 10:39:30 AM,N,1,223,223,1,0.46,5.8,0,0.5,1.46,0,,1,8.76,1,1,0
2,06/15/2024 05:55:46 PM,06/15/2024 06:03:22 PM,N,1,41,41,5,0.8,8.6,0,0.5,0,0,,1,10.1,2,1,0
2,06/06/2024 02:37:53 PM,06/06/2024 02:53:22 PM,N,1,24,75,1,1.73,14.9,0,0.5,3.28,0,,1,19.68,1,1,0
2,03/26/2024 12:14:00 AM,03/26/2024 12:37:00 AM,,,92,238,,11.62,47.03,0,0,11.54,6.94,,1,69.26,,,
1,05/31/2024 01:44:44 PM,05/31/2024 02:02:08 PM,N,1,159,264,1,5.7,24,0,1.5,0,0,,1,25.5,2,1,0
2,10/07/2024 04:30:03 PM,10/07/2024 04:41:39 PM,N,1,74,151,1,1.72,12.1,2.5,0.5,2,0,,1,18.1,1,1,0
2,06/08/2024 07:37:49 PM,06/08/2024 08:01:02 PM,N,1,74,238,1,3.04,21.9,0,0.5,5.23,0,,1,31.38,1,1,2.75
1,04/04/2024 05:12:50 AM,04/04/2024 05:38:13 AM,N,1,242,197,1,0,39.5,0,1.5,0,6.94,,1,47.94,1,1,0
2,05/19/2024 08:50:49 AM,05/19/2024 08:54:01 AM,N,1,41,24,1,0.63,5.8,0,0.5,1.5,0,,1,8.8,1,1,0
2,12/19/2024 08:07:12 PM,12/19/2024 08:43:27 PM,N,1,97,22,1,8.46,42.2,1,0.5,0,0,,1,44.7,2,1,0
1,11/15/2024 10:56:16 AM,11/15/2024 11:30:42 AM,N,1,82,76,1,0,30.5,0,1.5,0,0,,1,32,1,1,0
2,01/16/2024 10:40:34 AM,01/16/2024 10:46:16 AM,N,1,74,75,1,1.39,7.9,0,0.5,1.88,0,,1,11.28,1,1,0
2,11/22/2024 10:44:25 AM,11/22/2024 10:54:15 AM,N,1,75,151,1,1.51,11.4,0,0.5,0,0,,1,12.9,2,1,0
2,05/21/2024 04:54:58 PM,05/21/2024 04:55:04 PM,N,5,138,138,1,0,26.7,5,0,8.49,0,,1,42.44,1,2,0
2,12/20/2024 04:12:38 PM,12/20/2024 04:19:29 PM,N,1,166,238,1,1.09,8.6,2.5,0.5,0,0,,1,15.35,2,1,2.75
2,11/23/2024 12:26:30 PM,11/23/2024 12:40:15 PM,N,1,74,237,2,2.83,16.3,0,0.5,4.11,0,,1,24.66,1,1,2.75
2,03/26/2024 08:45:00 AM,03/26/2024 09:17:00 AM,,,42,249,,8.12,49.95,0,0,9.67,0,,1,63.37,,,
2,07/03/2024 04:38:39 PM,07/03/2024 04:39:42 PM,N,1,95,95,1,0.18,3,2.5,0.5,0,0,,1,7,2,1,0
2,05/03/2024 05:09:38 PM,05/03/2024 05:16:50 PM,N,1,181,257,2,1.19,9.3,2.5,0.5,0,0,,1,13.3,1,1,0
2,03/30/2024 06:25:35 PM,03/30/2024 06:32:19 PM,N,1,74,75,1,1.26,8.6,0,0.5,0,0,,1,10.1,2,1,0
2,03/05/2024 07:05:53 PM,03/05/2024 07:17:10 PM,N,1,24,42,1,1.73,12.8,2.5,0.5,2.52,0,,1,19.32,1,1,0
2,11/14/2024 05:29:22 PM,11/14/2024 05:49:10 PM,N,1,74,237,1,2.76,19.1,2.5,0.5,5.17,0,,1,31.02,1,1,2.75
2,04/13/2024 09:32:37 PM,04/13/2024 09:57:09 PM,N,1,66,229,1,6.75,33.8,1,0.5,3,0,,1,42.05,1,1,2.75
2,02/22/2024 09:16:29 PM,02/22/2024 09:28:17 PM,N,1,166,42,1,1.97,12.8,1,0.5,0,0,,1,15.3,2,1,0
2,12/30/2024 03:05:19 PM,12/30/2024 03:36:31 PM,N,1,33,186,1,6.94,36.6,0,0.5,8.17,0,,1,49.02,1,1,2.75
2,05/27/2024 03:50:47 PM,05/27/2024 04:00:02 PM,N,1,74,236,1,2.07,12.1,0,0.5,3.27,0,,1,19.62,1,1,2.75
2,12/05/2024 07:01:01 AM,12/05/2024 07:06:15 AM,N,1,152,42,1,1.07,7.9,0,0.5,0,0,,1,9.4,1,1,0
2,05/06/2024 01:22:36 PM,05/06/2024 01:43:23 PM,N,1,97,225,1,2.6,19.8,0,0.5,4.26,0,,1,25.56,1,1,0
2,02/27/2024 06:07:50 PM,02/27/2024 06:17:19 PM,N,1,244,116,1,1.47,10.7,2.5,0.5,0,0,,1,14.7,2,1,0
2,08/18/2024 01:35:48 AM,08/18/2024 01:52:32 AM,N,1,83,82,1,2.46,17,1,0.5,0,0,,1,19.5,2,1,0
1,04/18/2024 10:40:07 PM,04/18/2024 10:51:33 PM,Y,1,66,13,2,2.5,14.2,3.75,1.5,5.8,0,,1,25.25,1,1,2.75
1,03/21/2024 09:33:02 PM,03/21/2024 09:40:47 PM,N,1,33,54,2,1.2,8.6,1,1.5,3.3,0,,1,14.4,1,1,0
2,03/25/2024 12:01:22 PM,03/25/2024 12:08:22 PM,N,1,43,166,6,1.72,10,0,0.5,0,0,,1,11.5,2,1,0
2,01/11/2024 11:10:26 AM,01/11/2024 11:18:04 AM,N,1,42,244,1,1.47,10,0,0.5,2.3,0,,1,13.8,1,1,0
2,04/06/2024 11:15:32 AM,04/06/2024 11:24:32 AM,N,1,97,181,2,1.25,10.7,0,0.5,2.44,0,,1,14.64,1,1,0
2,12/22/2024 06:57:28 PM,12/22/2024 07:07:42 PM,N,1,95,28,1,2.29,13.5,0,0.5,3,0,,1,18,1,1,0
2,08/24/2024 02:48:45 AM,08/24/2024 02:55:22 AM,N,1,112,112,1,1.04,8.6,1,0.5,2.22,0,,1,13.32,1,1,0
2,11/26/2024 09:22:50 PM,11/26/2024 09:32:18 PM,N,1,236,151,1,1.56,11.4,1,0.5,2.78,0,,1,16.68,1,1,0
2,07/25/2024 04:26:31 PM,07/25/2024 04:42:23 PM,N,1,43,163,1,1.97,15.6,2.5,0.5,3.35,0,,1,25.7,1,1,2.75
2,12/02/2024 09:06:36 PM,12/02/2024 09:14:45 PM,N,1,75,238,1,1.64,10.7,1,0.5,3.99,0,,1,19.94,1,1,2.75
2,07/29/2024 07:47:39 AM,07/29/2024 07:58:29 AM,N,1,74,42,2,1.59,12.1,0,0.5,3,0,,1,16.6,1,1,0
2,11/06/2024 10:40:04 AM,11/06/2024 10:51:33 AM,N,1,74,166,1,2.11,12.8,0,0.5,2.86,0,,1,17.16,1,1,0
2,01/16/2024 02:49:48 PM,01/16/2024 02:56:02 PM,N,1,75,74,1,1.34,8.6,0,0.5,1.52,0,,1,11.62,1,1,0
2,04/23/2024 02:04:05 AM,04/23/2024 02:08:06 AM,N,1,129,129,1,0.71,6.5,1,0.5,0,0,,1,9,2,1,0
2,02/01/2024 11:27:36 AM,02/01/2024 11:58:57 AM,N,1,52,140,1,7.68,40.1,0,0.5,5,0,,1,49.35,1,1,2.75
2,07/03/2024 05:03:44 PM,07/03/2024 05:27:34 PM,N,1,74,264,1,5.42,28.2,2.5,0.5,7.83,6.94,,1,46.97,1,1,0
2,06/18/2024 02:53:19 PM,06/18/2024 03:29:10 PM,N,1,75,107,1,4.69,33.1,0,0.5,9.34,0,,1,46.69,1,1,2.75
2,12/18/2024 06:41:57 PM,12/18/2024 07:15:57 PM,N,1,166,68,1,5.8,33.1,2.5,0.5,5,0,,1,44.85,1,1,2.75
2,06/05/2024 03:09:43 PM,06/05/2024 03:23:26 PM,N,1,43,238,6,1.29,13.5,0,0.5,1.8,0,,1,19.55,1,1,2.75
2,06/21/2024 01:35:04 PM,06/21/2024 02:23:14 PM,N,1,97,262,1,8.88,52,0,0.5,11.25,0,,1,67.5,1,1,2.75
2,04/17/2024 01:08:07 PM,04/17/2024 01:27:04 PM,N,1,74,140,1,4.33,22.6,0,0.5,5.37,0,,1,32.22,1,1,2.75
1,06/05/2024 06:08:10 PM,06/05/2024 06:18:56 PM,N,1,74,75,2,1.4,10,2.5,1.5,2.8,0,,1,16.8,1,1,0
2,08/08/2024 04:07:19 PM,08/08/2024 04:16:53 PM,N,1,82,138,2,3.64,17,7.5,0.5,0,0,,1,26,2,1,0
2,04/15/2024 08:29:03 AM,04/15/2024 08:42:48 AM,N,1,95,56,1,2.1,14.9,0,0.5,0,0,,1,16.4,2,1,0
1,12/14/2024 06:19:58 PM,12/14/2024 06:40:11 PM,N,1,166,142,2,2.4,17,2.75,1.5,0,0,,1,21.25,2,1,2.75
2,07/01/2024 11:06:53 PM,07/01/2024 11:15:53 PM,N,1,74,42,1,1.67,11.4,1,0.5,0,0,,1,13.9,2,1,0
2,08/01/2024 03:21:57 PM,08/01/2024 03:28:35 PM,N,1,43,238,1,1.27,8.6,0,0.5,1.93,0,,1,14.78,1,1,2.75
2,07/01/2024 06:28:07 AM,07/01/2024 06:28:52 AM,N,1,179,179,1,0.02,3,0,0.5,0,0,,1,4.5,3,1,0
2,02/01/2024 12:49:13 PM,02/01/2024 01:04:16 PM,N,1,95,160,1,2.38,16.3,0,0.5,3.56,0,,1,21.36,1,1,0
2,04/17/2024 05:04:08 PM,04/17/2024 05:07:51 PM,N,1,75,41,1,0.87,6.5,2.5,0.5,0,0,,1,10.5,2,1,0
2,05/07/2024 09:52:46 PM,05/07/2024 10:01:27 PM,N,1,74,75,1,1.84,10.7,1,0.5,1.98,0,,1,15.18,1,1,0
2,03/21/2024 03:29:52 PM,03/21/2024 03:51:55 PM,N,1,95,121,1,2.07,19.8,0,0.5,0,0,,1,21.3,2,1,0
2,08/06/2024 08:13:12 AM,08/06/2024 08:29:47 AM,N,1,95,196,1,1.82,15.6,0,0.5,5,0,,1,22.1,1,1,0
2,08/13/2024 10:21:52 AM,08/13/2024 10:43:22 AM,N,1,43,224,1,5.02,26.1,0,0.5,6.07,0,,1,36.42,1,1,2.75
2,06/13/2024 10:38:37 PM,06/13/2024 10:53:02 PM,N,1,66,256,1,3.29,17.7,1,0.5,5.05,0,,1,25.25,1,1,0
2,03/18/2024 01:03:10 PM,03/18/2024 01:18:07 PM,N,5,116,43,1,3.84,20,0,0,5.25,0,,1,26.25,1,2,0
1,07/23/2024 08:10:19 AM,07/23/2024 08:26:11 AM,N,1,74,263,1,2.1,15.6,2.75,1.5,3,0,,1,22.85,1,1,2.75
2,06/07/2024 09:18:12 PM,06/07/2024 09:25:52 PM,N,1,66,25,1,1.69,10,1,0.5,2.5,0,,1,15,1,1,0
2,03/01/2024 07:50:14 AM,03/01/2024 08:00:07 AM,N,1,74,43,1,1.4,10.7,0,0.5,2.5,0,,1,14.7,1,1,0
2,07/25/2024 04:55:23 PM,07/25/2024 05:02:08 PM,N,1,75,74,1,1.45,9.3,2.5,0.5,2.66,0,,1,15.96,1,1,0
2,11/27/2024 04:16:50 PM,11/27/2024 04:24:02 PM,N,1,74,75,1,1.5,9.3,2.5,0.5,2.66,0,,1,15.96,1,1,0
2,04/23/2024 12:01:21 AM,04/23/2024 12:09:32 AM,N,1,97,65,1,0.61,8.6,1,0.5,0,0,,1,11.1,2,1,0
1,08/14/2024 05:49:08 PM,08/14/2024 06:24:35 PM,N,1,202,244,1,0,30.5,0,1.5,0,6.94,,1,38.94,1,1,0
2,05/19/2024 08:00:00 PM,05/19/2024 08:09:00 PM,,,74,263,,"41,021.08",16.13,0,0,0,0,,1,19.88,,,
2,05/31/2024 11:24:04 PM,05/31/2024 11:41:04 PM,N,1,41,168,1,2.78,18.4,1,0.5,0.08,0,,1,20.98,1,1,0
2,04/14/2024 03:24:00 PM,04/14/2024 03:32:00 PM,,,41,42,,1.44,12.24,0,0,3.18,0,,1,16.42,,,
1,01/30/2024 12:26:05 PM,01/30/2024 12:43:14 PM,N,1,74,244,1,4.9,24,0,1.5,0,0,,1,25.5,2,1,0
1,12/14/2024 05:42:54 PM,12/14/2024 05:53:24 PM,N,1,65,79,1,3.2,14.9,2.75,1.5,4,0,,1,23.15,1,1,2.75
2,10/08/2024 07:54:11 PM,10/08/2024 08:03:11 PM,N,1,43,262,1,1.58,10,2.5,0.5,3,0,,1,19.75,1,1,2.75
2,04/22/2024 03:23:09 PM,04/22/2024 03:47:44 PM,N,1,247,238,1,3.62,24,0,0.5,0,0,,1,28.25,2,1,2.75
2,05/03/2024 03:35:43 PM,05/03/2024 03:55:05 PM,N,1,74,237,1,2.46,19.1,0,0.5,0,0,,0.3,22.65,2,1,2.75
2,05/21/2024 08:21:38 PM,05/21/2024 08:21:41 PM,N,5,138,138,1,0,20,5,0,0,0,,1,27.25,1,2,0
2,07/06/2024 09:33:39 AM,07/06/2024 09:52:30 AM,N,1,195,13,1,4.36,23.3,0,0.5,0,6.94,,1,34.49,2,1,2.75
2,11/27/2024 09:05:51 AM,11/27/2024 09:12:38 AM,N,1,74,75,1,1.2,8.6,0,0.5,2.02,0,,1,12.12,1,1,0
2,04/18/2024 11:57:41 PM,04/18/2024 11:58:22 PM,N,1,95,95,1,0.07,3,1,0.5,0,0,,1,5.5,2,1,0
1,10/21/2024 05:21:50 PM,10/21/2024 05:37:06 PM,N,1,74,262,1,2.6,16.3,5.25,1.5,4.6,0,,1,27.65,1,1,2.75
2,12/03/2024 07:11:25 PM,12/03/2024 07:20:48 PM,N,1,97,181,1,1.61,11.4,2.5,0.5,3.85,0,,1,19.25,1,1,0
2,05/09/2024 04:41:01 PM,05/09/2024 05:06:26 PM,N,1,75,42,1,2.3,22.6,2.5,0.5,2.6,0,,1,29.2,1,1,0
2,05/08/2024 05:12:19 PM,05/08/2024 05:25:11 PM,N,1,95,95,1,1.68,12.8,2.5,0.5,0,0,,1,16.8,2,1,0
2,06/14/2024 11:47:00 PM,06/14/2024 11:53:00 PM,,,41,75,,1.3,15.28,0,0,3.16,0,,1,19.44,,,
1,06/07/2024 05:48:25 PM,06/07/2024 05:49:28 PM,N,4,210,210,1,0,3,2.5,1.5,8,0,,1,15,1,1,0
1,10/13/2024 12:07:42 PM,10/13/2024 12:22:24 PM,N,1,75,141,0,1.9,14.9,2.75,1.5,0,0,,1,19.15,2,1,2.75
2,06/06/2024 12:32:50 PM,06/06/2024 12:55:54 PM,N,1,97,17,1,2.16,19.8,0,0.5,0,0,,1,21.3,1,1,0
2,06/06/2024 11:38:47 AM,06/06/2024 11:48:13 AM,N,1,74,43,1,1.8,11.4,0,0.5,0,0,,0.3,12.2,2,1,0
2,01/11/2024 11:09:03 AM,01/11/2024 11:23:06 AM,N,1,166,236,2,2.56,15.6,0,0.5,3.97,0,,1,23.82,1,1,2.75
2,10/23/2024 10:25:23 AM,10/23/2024 10:29:17 AM,N,1,166,166,1,0.37,5.8,0,0.5,1.46,0,,1,8.76,1,1,0
2,03/02/2024 08:37:56 AM,03/02/2024 08:45:47 AM,N,1,74,236,1,1.68,10.7,0,0.5,0,0,,1,14.95,2,1,2.75
2,08/26/2024 08:03:51 PM,08/26/2024 08:21:10 PM,N,1,95,216,1,3.11,18.4,2.5,0.5,4.48,0,,1,26.88,1,1,0
2,05/30/2024 12:00:39 PM,05/30/2024 12:06:44 PM,N,1,41,42,1,1.05,7.9,0,0.5,0,0,,1,9.4,2,1,0
2,03/06/2024 05:41:19 PM,03/06/2024 06:03:39 PM,N,1,95,121,1,2.64,20.5,2.5,0.5,0,0,,1,24.5,2,1,0
2,09/29/2024 11:01:52 PM,09/29/2024 11:08:17 PM,N,1,95,95,1,1.12,8.6,1,0.5,0,0,,1,11.1,2,1,0
2,09/11/2024 08:34:56 PM,09/11/2024 09:00:39 PM,N,1,166,170,3,5.21,28.2,1,0.5,6.69,0,,1,40.14,1,1,2.75
2,10/28/2024 03:03:28 PM,10/28/2024 03:23:11 PM,N,1,166,142,1,2.44,18.4,0,0.5,0,0,,1,22.65,2,1,2.75
2,05/26/2024 12:35:40 PM,05/26/2024 12:46:27 PM,N,1,24,239,1,2,12.8,0,0.5,1,0,,1,18.05,1,1,2.75
1,07/13/2024 03:29:20 PM,07/13/2024 03:41:44 PM,N,1,166,42,1,1.5,12.8,0,1.5,0,0,,1,14.3,2,1,0
1,11/05/2024 01:54:51 PM,11/05/2024 02:11:24 PM,N,1,74,140,1,3.3,17,2.75,1.5,4.25,0,,1,25.5,1,1,2.75
2,07/03/2024 01:33:29 PM,07/03/2024 01:44:33 PM,N,1,41,75,1,2.03,12.8,0,0.5,2.86,0,,1,17.16,1,1,0
2,03/20/2024 05:34:53 PM,03/20/2024 05:43:57 PM,N,1,74,75,1,1.46,10.7,2.5,0.5,2.94,0,,1,17.64,1,1,0
2,11/28/2024 08:25:20 PM,11/28/2024 08:25:24 PM,N,5,244,244,1,0,10,0,0,0,0,,1,11,1,2,0
2,11/15/2024 09:01:15 AM,11/15/2024 09:24:14 AM,N,1,74,140,1,3.47,22.6,0,0.5,5.37,0,,1,32.22,1,1,2.75
2,04/24/2024 10:12:01 AM,04/24/2024 10:28:09 AM,N,1,41,244,1,3.83,20.5,0,0.5,3,0,,1,25,1,1,0
2,07/06/2024 12:33:59 AM,07/06/2024 12:42:20 AM,N,1,130,197,1,2.35,12.1,1,0.5,4.38,0,,1,18.98,1,1,0
2,08/01/2024 09:02:10 AM,08/01/2024 09:09:14 AM,N,1,74,43,1,1.34,9.3,0,0.5,2.16,0,,1,12.96,1,1,0
2,05/05/2024 07:29:00 PM,05/05/2024 07:30:19 PM,N,1,166,41,1,0.13,3.7,0,0.5,0,0,,1,5.2,2,1,0
2,03/12/2024 04:34:34 PM,03/12/2024 04:44:12 PM,N,1,236,263,1,1.4,10.7,2.5,0.5,3.49,0,,1,20.94,1,1,2.75
2,12/27/2024 08:49:30 PM,12/27/2024 08:57:53 PM,N,1,75,238,1,1.57,10,1,0.5,3.81,0,,1,19.06,1,1,2.75
2,01/12/2024 04:06:24 PM,01/12/2024 04:19:12 PM,N,1,83,138,1,3.7,19.1,7.5,0.5,2,0,,1,30.1,1,1,0
2,12/04/2024 02:10:26 PM,12/04/2024 02:19:38 PM,N,1,7,146,1,1.27,10,0,0.5,3.88,0,,1,15.38,1,1,0
2,02/01/2024 11:21:51 PM,02/01/2024 11:28:40 PM,N,1,74,41,1,1.52,9.3,1,0.5,2.36,0,,1,14.16,1,1,0
2,04/08/2024 08:07:12 AM,04/08/2024 08:17:41 AM,N,1,43,238,3,1.21,11.4,0,0.5,2.35,0,,1,18,1,1,2.75
2,08/21/2024 01:27:55 AM,08/21/2024 01:49:05 AM,N,1,134,129,1,6.71,30.3,1,0.5,9.84,0,,1,42.64,1,1,0
2,07/01/2024 11:40:51 AM,07/01/2024 11:49:16 AM,N,1,43,166,1,1.86,11.4,0,0.5,2.58,0,,1,15.48,1,1,0
1,06/12/2024 12:15:35 PM,06/12/2024 12:32:38 PM,N,1,29,165,1,0,20.5,0,1.5,0,0,,1,22,1,1,0
1,09/19/2024 11:27:47 AM,09/19/2024 11:49:34 AM,N,1,135,82,1,0,23.5,0,1.5,0,0,,1,25,1,1,0
1,02/19/2024 08:24:04 PM,02/19/2024 08:30:06 PM,N,1,97,49,3,1.1,7.9,1,1.5,2.6,0,,1,13,1,1,0
2,07/19/2024 07:59:09 PM,07/19/2024 08:01:53 PM,N,1,74,74,1,0.2,4.4,2.5,0.5,0,0,,1,8.4,2,1,0
2,08/23/2024 02:00:32 PM,08/23/2024 02:08:06 PM,N,1,75,74,1,0,7.9,0,0.5,0,0,,1,9.4,2,1,0
2,05/07/2024 07:50:41 PM,05/07/2024 07:55:51 PM,N,1,74,263,1,1.11,7.9,2.5,0.5,2.93,0,,1,17.58,1,1,2.75
2,07/10/2024 11:14:00 AM,07/10/2024 11:25:18 AM,N,1,82,82,1,1.26,11.4,0,0.5,0,0,,1,12.9,2,1,0
2,05/18/2024 01:12:26 PM,05/18/2024 01:20:33 PM,N,1,65,34,1,0.9,9.3,0,0.5,0,0,,1,10.8,2,1,0
2,03/07/2024 05:24:50 PM,03/07/2024 05:54:55 PM,N,1,130,124,1,8.86,38.7,2.5,0.5,0,0,,1,42.7,2,1,0
2,05/20/2024 09:39:36 AM,05/20/2024 10:01:43 AM,N,1,74,238,2,2.54,20.5,0,0.5,4,0,,1,28.75,1,1,2.75
2,12/25/2024 07:46:04 PM,12/25/2024 08:04:34 PM,N,1,166,161,1,4.63,24,0,0.5,2,0,,1,30.25,1,1,2.75
2,12/18/2024 06:36:00 AM,12/18/2024 06:50:11 AM,N,1,74,162,1,3.97,18.4,0,0.5,4.53,0,,1,27.18,1,1,2.75
2,11/11/2024 08:36:55 PM,11/11/2024 08:47:21 PM,N,1,74,238,1,2.56,13.5,1,0.5,3.61,0,,0.3,21.66,1,1,2.75
2,11/18/2024 08:48:00 AM,11/18/2024 09:33:00 AM,,,17,132,,11.31,43.25,0,0.5,8.21,0,,1,52.96,,,
2,01/08/2024 10:37:39 AM,01/08/2024 11:02:01 AM,N,1,196,226,1,4.71,26.8,0,0.5,3,0,,1,31.3,1,1,0
2,03/06/2024 02:20:43 PM,03/06/2024 02:24:51 PM,N,1,74,41,1,0.61,6.5,0,0.5,0,0,,1,8,2,1,0
2,09/09/2024 03:40:00 PM,09/09/2024 03:51:00 PM,,,244,74,,3.44,19.04,0,0,1.95,0,,1,21.99,,,
2,03/10/2024 05:19:11 PM,03/10/2024 05:27:55 PM,N,1,130,197,1,2.05,12.1,0,0.5,3.4,0,,1,17,1,1,0
2,06/29/2024 02:09:36 AM,06/29/2024 02:09:44 AM,N,5,112,112,2,0.01,35,0,0,7.2,0,,1,43.2,1,2,0
2,09/18/2024 12:43:50 PM,09/18/2024 12:58:08 PM,N,1,92,53,2,2.32,14.9,0,0.5,5.88,0,,1,22.28,1,1,0
1,05/25/2024 07:23:26 PM,05/25/2024 07:36:17 PM,N,1,74,263,0,2.4,14.9,5.25,1.5,4.3,0,,1,25.95,1,1,2.75
2,07/05/2024 09:17:15 AM,07/05/2024 09:27:31 AM,N,1,166,142,1,2.34,13.5,0,0.5,2.8,0,,1,20.55,1,1,2.75
2,05/07/2024 02:28:45 PM,05/07/2024 02:51:59 PM,N,1,74,262,5,3.09,21.9,0,0.5,3,0,,1,29.15,1,1,2.75
2,05/07/2024 05:02:10 PM,05/07/2024 05:08:35 PM,N,1,95,95,1,0.9,7.9,2.5,0.5,0,0,,1,11.9,2,1,0
2,07/01/2024 08:58:43 PM,07/01/2024 09:07:32 PM,N,1,75,236,5,1.42,10,1,0.5,3.81,0,,1,19.06,1,1,2.75
2,01/28/2024 03:55:02 PM,01/28/2024 04:09:20 PM,N,1,83,226,6,1.79,12.8,0,0.5,0,0,,1,14.3,2,1,0
2,12/05/2024 09:30:25 AM,12/05/2024 09:37:37 AM,N,1,41,42,1,1.07,9.3,0,0.5,2,0,,1,12.8,1,1,0
2,12/20/2024 05:33:58 AM,12/20/2024 05:55:55 AM,N,1,95,258,1,2.77,21.9,1,0.5,4.88,0,,1,29.28,1,1,0
2,10/09/2024 07:58:52 PM,10/09/2024 08:05:39 PM,N,1,75,24,1,1.46,9.3,1,0.5,3.54,0,,1,15.34,1,1,0
2,10/29/2024 09:24:52 AM,10/29/2024 09:36:08 AM,N,1,74,75,1,1.53,12.1,0,0.5,2,0,,1,15.6,1,1,0
1,02/17/2024 01:07:08 PM,02/17/2024 01:23:52 PM,N,1,95,132,1,7.1,29.6,0,1.5,6.2,0,,1,37.3,1,1,0
2,10/22/2024 05:27:42 PM,10/22/2024 05:59:25 PM,N,1,166,234,2,6.68,35.9,2.5,0.5,8.53,0,,1,51.18,1,1,2.75
2,08/25/2024 12:07:45 AM,08/25/2024 12:21:22 AM,N,1,74,238,1,2.88,16.3,1,0.5,1.5,0,,1,23.05,1,1,2.75
2,05/02/2024 06:04:05 PM,05/02/2024 06:25:33 PM,N,1,74,75,2,3.2,21.2,2.5,0.5,5.04,0,,1,30.24,1,1,0
2,07/29/2024 09:36:44 AM,07/29/2024 09:46:01 AM,N,1,74,236,2,2.4,12.1,0,0.5,3.27,0,,1,19.62,1,1,2.75
2,08/31/2024 09:31:16 AM,08/31/2024 09:49:49 AM,N,1,263,186,1,3.95,21.9,0,0.5,5.23,0,,1,31.38,1,1,2.75
2,01/15/2024 02:32:09 AM,01/15/2024 02:33:41 AM,N,1,243,243,1,0,3,1,0.5,0,0,,1,5.5,3,1,0
2,12/15/2024 07:38:50 PM,12/15/2024 07:52:13 PM,N,1,74,263,3,2.4,14.9,0,0.5,3.83,0,,1,22.98,1,1,2.75
2,05/01/2024 09:30:50 AM,05/01/2024 09:43:47 AM,N,1,74,236,1,2.11,13.5,0,0.5,3.55,0,,1,21.3,1,1,2.75
2,05/28/2024 04:08:03 PM,05/28/2024 04:24:07 PM,N,1,74,151,1,2.14,14.9,2.5,0.5,0,0,,1,18.9,2,1,0
2,04/01/2024 05:56:03 PM,04/01/2024 06:05:09 PM,N,1,43,141,1,1.77,10.7,2.5,0.5,3.49,0,,1,20.94,1,1,2.75
2,01/21/2024 02:54:52 PM,01/21/2024 03:01:45 PM,N,1,75,239,1,1.74,10,0,0.5,2.85,0,,1,17.1,1,1,2.75
2,06/22/2024 01:22:21 AM,06/22/2024 01:37:49 AM,N,1,7,41,5,5.29,24,1,0.5,5.5,6.94,,1,38.94,1,1,0
2,07/22/2024 04:23:13 PM,07/22/2024 04:35:23 PM,N,1,43,163,1,2.1,13.5,2.5,0.5,1.42,0,,1,21.67,1,1,2.75
2,09/06/2024 04:06:02 AM,09/06/2024 04:23:21 AM,N,1,226,70,1,3.76,21.2,1,0.5,0,0,,1,23.7,2,1,0
2,10/20/2024 08:47:48 PM,10/20/2024 08:53:36 PM,N,1,74,41,1,0.91,7.9,1,0.5,2.08,0,,1,12.48,1,1,0
2,06/03/2024 01:48:34 PM,06/03/2024 01:52:41 PM,N,1,7,179,1,0.72,5.8,0,0.5,0,0,,1,7.3,2,1,0
2,10/29/2024 03:23:50 PM,10/29/2024 03:48:18 PM,N,1,74,239,1,3.34,23.3,0,0.5,0,0,,1,27.55,2,1,2.75
2,05/16/2024 06:24:18 PM,05/16/2024 06:32:42 PM,N,1,82,157,1,1.51,10.7,2.5,0.5,0,0,,1,14.7,2,1,0
2,04/08/2024 07:43:56 AM,04/08/2024 07:49:52 AM,N,5,134,197,1,1.29,35,0,0,0,0,,1,36,1,2,0
2,11/24/2024 06:58:10 PM,11/24/2024 07:08:25 PM,N,1,74,166,1,1.79,11.4,0,0.5,1.94,0,,1,14.84,1,1,0
2,01/09/2024 09:19:00 AM,01/09/2024 09:50:00 AM,,,65,161,,1.39,31.7,0,0,5.32,0,,1,40.77,,,
2,07/15/2024 10:35:49 PM,07/15/2024 10:50:21 PM,N,1,130,122,1,2.87,16.3,1,0.5,4.7,0,,1,23.5,1,1,0
2,03/08/2024 05:13:53 PM,03/08/2024 05:21:08 PM,N,1,75,74,1,0.99,8.6,2.5,0.5,0,0,,1,12.6,2,1,0
2,07/24/2024 12:31:56 AM,07/24/2024 12:35:01 AM,N,1,82,83,1,0.34,5.1,1,0.5,0,0,,1,7.6,3,1,0
1,11/14/2024 02:33:25 PM,11/14/2024 03:34:36 PM,N,1,66,48,1,6.3,51.3,2.75,1.5,11.1,0,,1,66.65,1,1,2.75
1,03/07/2024 04:40:15 PM,03/07/2024 04:57:22 PM,N,1,74,223,1,4,19.8,2.5,1.5,6.1,6.94,,1,36.84,1,1,0
2,07/19/2024 06:28:47 PM,07/19/2024 06:38:35 PM,N,1,82,173,1,1.09,10,2.5,0.5,0,0,,1,14,2,1,0
2,10/08/2024 06:48:59 AM,10/08/2024 06:57:53 AM,N,1,74,41,1,1.28,10,0,0.5,2.3,0,,1,13.8,1,1,0
1,06/10/2024 09:54:20 PM,06/10/2024 10:06:41 PM,N,1,66,231,2,2.4,14.9,3.75,1.5,4.03,0,,1,24.18,1,1,2.75
1,11/14/2024 08:36:32 PM,11/14/2024 08:40:07 PM,N,1,75,151,1,0.8,6.5,1,1.5,2,0,,1,11,1,1,0
2,05/11/2024 09:16:24 PM,05/11/2024 09:16:27 PM,N,5,193,264,1,0.06,20,0,0,0,0,,1,21,1,2,0
2,09/01/2024 01:16:12 AM,09/01/2024 01:22:34 AM,N,5,93,226,2,5.42,50.05,0,0,5,0,,1,56.05,1,2,0
1,03/31/2024 12:49:31 AM,03/31/2024 01:06:36 AM,N,1,83,173,1,2.3,14.9,1,0.5,0,0,,0,16.4,2,1,0
2,12/05/2024 10:34:43 PM,12/05/2024 11:03:17 PM,N,1,134,173,1,5.71,33.8,1,0.5,10.89,0,,1,47.19,1,1,0
2,06/13/2024 03:10:40 PM,06/13/2024 03:17:39 PM,N,1,7,7,1,0.47,7.9,0,0.5,0,0,,1,9.4,2,1,0
2,07/23/2024 01:40:58 PM,07/23/2024 01:46:26 PM,N,1,43,236,1,0.87,7.2,0,0.5,0.75,0,,1,12.2,1,1,2.75
2,01/14/2024 12:12:00 PM,01/14/2024 12:20:00 PM,,,181,25,,1.56,11.58,0,0,2.52,0,,1,15.1,,,
2,08/07/2024 05:57:29 PM,08/07/2024 05:57:32 PM,N,5,92,264,1,0,55,0,0,11.2,0,,1,67.2,1,2,0
2,01/29/2024 07:40:03 AM,01/29/2024 07:52:57 AM,N,1,74,75,1,1.39,12.8,0,0.5,2.86,0,,1,17.16,1,1,0
2,07/11/2024 05:58:07 PM,07/11/2024 06:12:30 PM,N,1,41,162,1,3.31,17.7,2.5,0.5,2,0,,1,26.45,1,1,2.75
2,08/29/2024 08:39:00 AM,08/29/2024 08:53:12 AM,N,1,74,238,1,2.4,15.6,0,0.5,3.42,0,,1,20.52,1,1,0
1,12/03/2024 05:30:18 AM,12/03/2024 05:40:26 AM,N,1,74,141,1,3.4,15.6,3.75,1.5,4.15,0,,1,25,1,1,2.75
2,03/05/2024 02:50:02 PM,03/05/2024 02:56:19 PM,N,1,82,83,1,0.88,7.9,0,0.5,0,0,,1,9.4,2,1,0
1,07/12/2024 12:53:36 AM,07/12/2024 12:53:39 AM,N,1,83,83,1,0,3,1,1.5,10,0,,1,15.5,1,1,0
2,05/15/2024 09:43:49 AM,05/15/2024 10:01:46 AM,N,1,74,237,1,2.73,17.7,0,0.5,4.39,0,,1,26.34,1,1,2.75
2,09/13/2024 03:52:30 PM,09/13/2024 04:03:48 PM,N,1,74,236,1,1.72,12.1,0,0.5,3.27,0,,1,19.62,1,1,2.75
1,09/26/2024 04:51:10 PM,09/26/2024 05:42:41 PM,N,1,33,108,1,0,38.5,0,1.5,0,0,,1,40,1,1,0
2,04/08/2024 05:19:33 PM,04/08/2024 05:33:12 PM,N,1,97,189,2,1.16,12.8,2.5,0.5,2,0,,1,18.8,1,1,0
2,07/26/2024 08:56:13 AM,07/26/2024 09:09:32 AM,N,1,74,166,1,1.9,13.5,0,0.5,3,0,,1,18,1,1,0
1,05/11/2024 12:38:39 AM,05/11/2024 12:56:31 AM,N,1,255,79,1,3.8,19.8,3.75,1.5,5,0,,1,30.05,1,1,2.75
2,12/23/2024 02:37:33 PM,12/23/2024 03:04:53 PM,N,1,43,246,1,5.14,30.3,0,0.5,8.64,0,,1,43.19,1,1,2.75
2,01/23/2024 12:38:00 PM,01/23/2024 01:23:00 PM,,,33,77,,6.97,37.29,0,0,0,0,,1,38.29,,,
2,02/22/2024 08:13:00 AM,02/22/2024 08:20:00 AM,,,75,75,,1.14,13.82,0,0,0,0,,1,14.82,,,
2,08/05/2024 12:27:55 AM,08/05/2024 12:37:35 AM,N,1,74,229,1,4.8,20.5,1,0.5,0,0,,1,25.75,1,1,2.75
2,10/11/2024 09:43:48 AM,10/11/2024 10:01:17 AM,N,1,74,236,1,2.35,17,0,0.5,4.25,0,,1,25.5,1,1,2.75
2,08/09/2024 12:18:58 PM,08/09/2024 12:24:21 PM,N,1,134,134,1,0.57,6.5,0,0.5,0,0,,1,8,1,1,0
2,01/31/2024 08:13:00 AM,01/31/2024 08:48:00 AM,,,17,132,,10.53,46.59,0,0,9.52,0,,1,57.11,,,
2,04/11/2024 06:33:33 AM,04/11/2024 06:48:23 AM,N,1,74,140,1,3.44,18.4,0,0.5,2.72,0,,1,25.37,1,1,2.75
2,11/25/2024 04:15:20 PM,11/25/2024 04:50:56 PM,N,1,82,138,1,3.1,30.3,7.5,0.5,7.86,0,,1,47.16,1,1,0
2,04/17/2024 03:19:00 PM,04/17/2024 03:30:00 PM,,,74,166,,1.46,12.38,0,0,2.58,0,,1,15.96,,,
2,06/26/2024 08:15:32 AM,06/26/2024 08:23:49 AM,N,1,74,75,1,1.3,9.3,0,0.5,2.16,0,,1,12.96,1,1,0
2,07/10/2024 07:46:25 AM,07/10/2024 08:00:54 AM,N,1,74,24,2,2.22,15.6,0,0.5,0,0,,1,17.1,2,1,0
1,12/21/2024 03:48:22 PM,12/21/2024 03:52:00 PM,N,1,166,238,1,0.7,4.55,2.75,1.5,0,0,,1,8.8,1,1,2.75
2,06/07/2024 02:55:05 PM,06/07/2024 02:57:28 PM,N,5,166,24,1,2.48,25,0,0,5.2,0,,1,31.2,1,2,0
2,06/01/2024 08:30:44 AM,06/01/2024 08:52:05 AM,N,1,75,31,1,8.92,36.6,0,0.5,7.62,0,,1,45.72,1,1,0
2,05/05/2024 03:21:29 PM,05/05/2024 03:27:13 PM,N,1,49,97,1,0.9,7.2,0,0.5,1.74,0,,1,10.44,1,1,0
1,03/21/2024 11:44:58 AM,03/21/2024 12:13:33 PM,N,1,198,124,1,0,26.5,0,1.5,0,0,,1,28,1,1,0
2,06/07/2024 09:27:58 PM,06/07/2024 09:51:43 PM,N,5,95,145,1,10.49,80,0,0,0,0,,1,81,1,2,0
2,11/07/2024 03:46:38 PM,11/07/2024 03:59:29 PM,N,1,75,263,2,1.63,12.8,0,0.5,3.41,0,,1,20.46,1,1,2.75
1,08/08/2024 03:22:33 PM,08/08/2024 03:38:03 PM,N,1,74,236,1,2,15.6,2.75,1.5,3.95,0,,1,23.8,1,1,2.75
2,10/03/2024 10:27:40 AM,10/03/2024 10:33:24 AM,N,1,43,236,1,1.06,7.9,0,0.5,0,0,,1,12.15,2,1,2.75
2,10/24/2024 06:29:35 PM,10/24/2024 06:39:26 PM,N,1,82,138,1,3.6,16.3,7.5,0.5,1,0,,1,26.3,1,1,0
2,03/09/2024 05:37:37 PM,03/09/2024 05:51:17 PM,N,1,7,223,1,1.8,13.5,0,0.5,0,0,,1,15,2,1,0
2,06/08/2024 09:22:35 AM,06/08/2024 09:30:27 AM,N,1,179,194,1,2.47,13.5,0,0.5,4.39,6.94,,1,26.33,1,1,0
1,05/06/2024 01:58:43 PM,05/06/2024 02:10:48 PM,N,1,65,49,0,1.7,12.8,0,1.5,2.85,0,,1,17.15,1,1,0
2,03/30/2024 11:48:47 PM,03/30/2024 11:57:34 PM,N,1,82,173,1,1.22,10,1,0.5,0,0,,1,12.5,2,1,0
2,08/26/2024 05:07:05 PM,08/26/2024 05:16:58 PM,N,1,74,236,1,1.76,11.4,2.5,0.5,3.63,0,,1,21.78,1,1,2.75
1,06/28/2024 06:24:18 AM,06/28/2024 07:06:14 AM,N,1,60,80,1,0,37.5,0,1.5,0,6.94,,1,45.94,1,1,0
2,05/07/2024 12:06:44 PM,05/07/2024 12:26:31 PM,N,1,75,237,1,2.01,17.7,0,0.5,4.39,0,,1,26.34,1,1,2.75
2,06/11/2024 09:59:01 AM,06/11/2024 09:59:04 AM,N,5,97,97,1,0.08,45,0,0,0,0,,1,46,1,2,0
2,03/15/2024 07:37:21 AM,03/15/2024 07:49:29 AM,N,1,43,75,5,1,11.4,0,0.5,0,0,,1,12.9,1,1,0
2,11/26/2024 08:57:21 PM,11/26/2024 09:21:54 PM,N,1,66,164,1,7.9,35.2,1,0.5,8.09,0,,1,48.54,1,1,2.75
2,01/10/2024 10:02:59 AM,01/10/2024 10:15:15 AM,N,1,74,69,1,2.47,14.9,0,0.5,3.28,0,,1,19.68,1,1,0
2,03/22/2024 04:06:24 PM,03/22/2024 04:36:12 PM,N,1,97,62,1,2.43,24.7,2.5,0.5,5.74,0,,1,34.44,1,1,0
2,04/09/2024 08:43:37 PM,04/09/2024 08:56:01 PM,N,1,41,247,1,2.48,14.9,1,0.5,0,0,,1,17.4,2,1,0
2,06/20/2024 12:45:11 PM,06/20/2024 01:01:00 PM,N,1,41,75,1,2.83,17,0,0.5,0,0,,1,18.5,2,1,0
2,04/06/2024 07:01:31 AM,04/06/2024 07:07:47 AM,N,1,70,223,2,1.86,10,0,0.5,0,0,,1,11.5,2,1,0
2,05/12/2024 11:23:08 AM,05/12/2024 11:36:13 AM,N,1,260,138,1,4.08,19.8,5,0.5,5.26,0,,1,31.56,1,1,0
2,09/25/2024 06:06:35 PM,09/25/2024 06:10:25 PM,N,1,196,95,1,0.59,5.8,2.5,0.5,1.2,0,,1,11,1,1,0
2,12/18/2024 09:52:26 AM,12/18/2024 10:22:35 AM,N,1,244,238,1,6.13,31.7,0,0.5,0,0,,1,35.95,1,1,2.75
2,12/26/2024 07:58:25 PM,12/26/2024 08:08:20 PM,N,1,7,7,1,0.9,10,2.5,0.5,0,0,,1,14,2,1,0
2,04/17/2024 12:20:31 PM,04/17/2024 12:30:43 PM,N,1,74,42,1,1.29,11.4,0,0.5,0,0,,1,12.9,2,1,0
2,03/16/2024 10:19:09 AM,03/16/2024 10:26:55 AM,N,1,74,236,1,1.75,10,0,0.5,2.85,0,,1,17.1,1,1,2.75
2,05/06/2024 06:18:22 PM,05/06/2024 06:36:39 PM,N,1,24,43,1,1.9,17.7,2.5,0.5,4.89,0,,1,29.34,1,1,2.75
2,09/11/2024 06:36:36 PM,09/11/2024 07:06:50 PM,N,1,74,244,2,3.77,27.5,2.5,0.5,6.3,0,,1,37.8,1,1,0
2,05/02/2024 09:39:09 AM,05/02/2024 09:40:32 AM,N,1,42,42,1,0.29,3.7,0,0.5,0,0,,1,5.2,4,1,0
2,04/05/2024 05:18:26 PM,04/05/2024 05:42:31 PM,N,1,74,116,1,2.05,21.2,2.5,0.5,0,0,,1,25.2,2,1,0
1,03/11/2024 05:48:45 PM,03/11/2024 05:56:07 PM,N,1,74,41,1,0.9,7.9,2.5,1.5,2.35,0,,1,14.25,1,1,0
2,08/29/2024 05:59:18 PM,08/29/2024 06:02:26 PM,N,1,43,236,1,1.01,6.5,2.5,0.5,2.65,0,,1,15.9,1,1,2.75
2,01/09/2024 04:03:14 PM,01/09/2024 04:23:03 PM,N,1,260,173,1,2.38,18.4,2.5,0.5,0,0,,1,22.4,2,1,0
2,07/19/2024 09:46:16 PM,07/19/2024 10:09:28 PM,N,1,247,161,1,7.1,31.7,1,0.5,7.39,0,,1,44.34,1,1,2.75
2,01/31/2024 03:32:41 PM,01/31/2024 03:59:35 PM,N,1,43,141,1,2.27,22.6,0,0.5,2.68,0,,1,29.53,1,1,2.75
1,10/28/2024 08:37:15 AM,10/28/2024 08:53:00 AM,N,1,74,116,1,2.5,16.3,0,1.5,2.67,0,,1,20.47,1,1,0
2,05/07/2024 07:08:34 AM,05/07/2024 07:17:36 AM,N,1,75,151,1,1.69,11.4,0,0.5,0,0,,1,12.9,1,1,0
2,10/10/2024 03:48:04 PM,10/10/2024 03:59:42 PM,N,1,82,138,1,2.49,14.2,5,0.5,4.14,0,,1,24.84,1,1,0
2,04/04/2024 07:04:20 AM,04/04/2024 08:49:57 AM,N,1,55,55,1,13.97,91.2,0,0.5,0,0,,1,92.7,2,1,0
2,12/08/2024 06:41:16 PM,12/08/2024 06:59:30 PM,N,1,74,141,1,3.51,19.8,0,0.5,4.67,0,,0.3,28.02,1,1,2.75
2,07/24/2024 02:59:49 PM,07/24/2024 03:15:27 PM,N,1,43,151,1,1.55,14.9,0,0.5,3.28,0,,1,19.68,1,1,0
2,11/30/2024 11:11:18 AM,11/30/2024 11:27:54 AM,N,1,74,262,1,2.93,17.7,0,0.5,3.25,0,,1,25.2,1,1,2.75
2,03/09/2024 02:39:57 PM,03/09/2024 02:50:16 PM,N,1,166,238,1,1.8,12.1,0,0.5,2.45,0,,1,18.8,1,1,2.75
1,08/13/2024 11:21:56 PM,08/13/2024 11:33:44 PM,N,1,66,25,2,0,10.7,1,1.5,2.6,0,,1,15.8,1,1,0
2,06/21/2024 08:11:05 AM,06/21/2024 08:20:53 AM,N,1,74,236,1,1.91,11.4,0,0.5,2,0,,1,17.65,1,1,2.75
2,03/27/2024 09:00:55 AM,03/27/2024 09:04:17 AM,N,1,75,43,2,0.53,5.8,0,0.5,0,0,,1,7.3,2,1,0
2,01/11/2024 08:44:56 AM,01/11/2024 08:58:32 AM,N,1,74,43,1,1.37,13.5,0,0.5,3,0,,1,18,1,1,0
2,06/13/2024 12:01:14 AM,06/13/2024 12:06:56 AM,N,1,74,41,1,1,7.9,1,0.5,1.08,0,,1,11.48,1,1,0
2,01/08/2024 08:56:01 AM,01/08/2024 09:04:03 AM,N,1,74,42,1,1.13,9.3,0,0.5,3.24,0,,1,14.04,1,1,0
2,05/15/2024 08:27:05 PM,05/15/2024 08:35:19 PM,N,1,260,157,2,1.47,9.3,1,0.5,2.36,0,,1,14.16,1,1,0
2,07/09/2024 08:50:40 AM,07/09/2024 08:50:43 AM,N,5,92,264,1,0,27,0,0,0.01,0,,1,28.01,1,2,0
2,05/07/2024 12:35:54 PM,05/07/2024 12:41:25 PM,N,1,74,41,1,0.58,6.5,0,0.5,0,0,,1,8,2,1,0
2,03/07/2024 06:16:50 PM,03/07/2024 06:34:20 PM,N,1,83,138,1,3.88,21.9,7.5,0.5,6.18,0,,1,37.08,1,1,0
2,12/11/2024 02:38:28 PM,12/11/2024 02:49:27 PM,N,1,43,236,1,0.92,11.4,0,0.5,0,0,,1,15.65,2,1,2.75
2,12/14/2024 10:44:45 PM,12/14/2024 10:54:18 PM,N,1,260,146,1,1.95,11.4,1,0.5,2.78,0,,1,16.68,1,1,0
1,07/25/2024 09:34:32 AM,07/25/2024 10:22:35 AM,N,1,188,261,1,0,27.5,0,1.5,0,0,,1,29,1,1,0
2,04/13/2024 09:54:23 AM,04/13/2024 10:14:43 AM,N,1,65,177,2,4,22.6,0,0.5,6.02,0,,1,30.12,1,1,0
2,08/22/2024 05:07:08 PM,08/22/2024 05:11:03 PM,,,193,193,,0.84,11.02,0,0.5,2,0,,1,14.52,,,
2,08/06/2024 05:51:19 AM,08/06/2024 06:00:44 AM,N,1,74,152,1,1.75,11.4,1,0.5,0,0,,1,13.9,2,1,0
2,06/05/2024 12:20:47 PM,06/05/2024 12:32:49 PM,N,1,74,166,1,1.58,12.8,0,0.5,1,0,,1,15.3,1,1,0
2,07/19/2024 03:40:48 PM,07/19/2024 04:00:58 PM,N,1,41,243,1,4.85,23.3,0,0.5,4.96,0,,1,29.76,1,1,0
2,02/14/2024 11:58:46 AM,02/14/2024 12:13:02 PM,N,1,43,236,1,1.27,13.5,0,0.5,3.55,0,,1,21.3,1,1,2.75
2,07/25/2024 11:12:13 AM,07/25/2024 11:17:52 AM,N,1,41,166,1,1.15,7.9,0,0.5,0,0,,1,9.4,1,1,0
2,03/31/2024 07:42:54 PM,03/31/2024 07:52:55 PM,N,1,130,95,1,3.81,17.7,0,0.5,3.84,0,,1,23.04,1,1,0
2,08/15/2024 09:36:33 PM,08/15/2024 09:58:56 PM,N,1,130,7,1,10.1,41.5,1,0.5,0,0,,1,44,2,1,0
2,04/16/2024 02:24:19 PM,04/16/2024 02:38:08 PM,N,1,166,116,1,1.72,13.5,0,0.5,2,0,,1,17,1,1,0
2,12/23/2024 07:26:58 PM,12/23/2024 07:39:13 PM,N,1,260,157,1,1.83,12.8,2.5,0.5,0,0,,1,16.8,2,1,0
2,04/01/2024 08:19:36 AM,04/01/2024 08:32:54 AM,N,1,41,74,1,1.29,13.5,0,0.5,0,0,,1,15,2,1,0
2,07/24/2024 03:34:11 PM,07/24/2024 04:08:08 PM,N,1,95,10,1,4.77,33.1,0,0.5,0,0,,1,34.6,2,1,0
2,03/01/2024 05:50:26 PM,03/01/2024 06:04:04 PM,N,1,166,116,1,2.18,13.5,2.5,0.5,3,0,,1,20.5,1,1,0
2,03/17/2024 11:34:06 AM,03/17/2024 11:43:16 AM,N,1,74,236,1,1.8,11.4,0,0.5,3.13,0,,1,18.78,1,1,2.75
1,10/31/2024 03:04:29 PM,10/31/2024 03:20:55 PM,,,74,152,,1.3,14.9,0,0.5,2.46,0,,1,18.86,,,
2,04/09/2024 06:05:11 PM,04/09/2024 06:29:47 PM,N,1,7,263,1,6.09,28.9,2.5,0.5,8.52,6.94,,1,51.11,1,1,2.75
2,12/27/2024 07:18:29 PM,12/27/2024 07:24:11 PM,N,1,43,238,1,1.1,7.2,2.5,0.5,0,0,,1,11.2,2,1,0
2,06/30/2024 04:36:38 PM,06/30/2024 04:41:54 PM,N,1,42,41,1,0.81,7.2,0,0.5,1,0,,1,9.7,1,1,0
2,10/01/2024 10:10:11 AM,10/01/2024 10:13:51 AM,N,1,43,43,1,0.64,5.8,0,0.5,3.02,0,,1,13.07,1,1,2.75
2,04/12/2024 01:24:05 PM,04/12/2024 01:31:26 PM,N,1,74,75,1,1.4,9.3,0,0.5,2.16,0,,1,12.96,1,1,0
2,05/13/2024 10:34:09 AM,05/13/2024 10:49:48 AM,N,1,74,237,1,2.77,16.3,0,0.5,4.11,0,,1,24.66,1,1,2.75
2,06/30/2024 10:09:16 PM,06/30/2024 10:29:07 PM,N,1,82,56,2,2.96,18.4,1,0.5,0,0,,1,20.9,2,1,0
2,01/19/2024 06:34:54 AM,01/19/2024 06:45:31 AM,N,1,74,238,1,2.59,13.5,0,0.5,0,0,,1,17.75,2,1,2.75
2,01/10/2024 09:23:00 AM,01/10/2024 09:27:00 AM,,,7,193,,0.76,10.3,0,0,2.26,0,,1,13.56,,,
1,12/12/2024 09:04:02 PM,12/12/2024 09:16:03 PM,N,1,49,225,1,0,17.5,0,1.5,0,0,,1,19,1,1,0
2,03/13/2024 10:21:20 AM,03/13/2024 10:45:16 AM,N,1,75,162,1,2.95,22.6,0,0.5,1,0,,1,27.85,1,1,2.75
2,05/11/2024 08:35:57 PM,05/11/2024 09:09:08 PM,N,1,129,15,1,7.35,40.1,1,0.5,5,0,,1,47.6,1,1,0
2,09/18/2024 11:37:54 AM,09/18/2024 11:38:36 AM,N,5,264,264,1,0,13,0,0,0,0,,1,14,1,2,0
2,07/06/2024 03:57:15 PM,07/06/2024 04:15:57 PM,N,1,82,160,1,3.6,19.1,0,0.5,10,0,,1,30.6,1,1,0
2,11/07/2024 09:47:10 PM,11/07/2024 10:10:09 PM,N,5,130,145,1,11.86,70,0,0,7,6.94,,1,84.94,1,2,0
1,09/28/2024 12:03:06 PM,09/28/2024 12:22:51 PM,N,1,74,239,1,3.4,19.1,2.75,1.5,4.65,0,,1,28,1,1,2.75
2,02/18/2024 08:37:00 PM,02/18/2024 08:50:00 PM,,,49,181,,2.42,13.24,0,0,0,0,,1,14.24,,,
2,10/11/2024 02:57:14 PM,10/11/2024 03:11:16 PM,N,1,82,138,1,3.76,17.7,5,0.5,4.84,0,,1,29.04,1,1,0
2,07/03/2024 04:38:32 PM,07/03/2024 04:43:18 PM,N,1,75,41,1,0.98,7.2,2.5,0.5,1.68,0,,1,12.88,1,1,0
2,04/16/2024 09:05:34 AM,04/16/2024 09:10:27 AM,N,1,95,196,1,0.99,7.2,0,0.5,0,0,,1,8.7,2,1,0
2,03/11/2024 05:48:41 PM,03/11/2024 05:53:15 PM,N,1,75,74,1,1.46,8.6,2.5,0.5,3.15,0,,1,15.75,1,1,0
2,08/17/2024 11:59:23 AM,08/17/2024 12:01:11 PM,N,1,166,166,1,0.49,5.1,0,0.5,0,0,,0.3,5.9,2,1,0
2,05/30/2024 02:51:02 PM,05/30/2024 03:22:01 PM,N,1,97,85,1,3.51,26.8,0,0.5,7.08,0,,1,35.38,1,1,0
2,10/08/2024 06:11:52 PM,10/08/2024 06:21:46 PM,N,1,75,151,1,1.36,10.7,2.5,0.5,2.94,0,,1,17.64,1,1,0
1,07/11/2024 10:48:07 AM,07/11/2024 11:02:23 AM,N,1,225,188,1,0,17.5,0,1.5,0,0,,1,19,1,1,0
2,11/16/2024 11:08:38 PM,11/16/2024 11:22:00 PM,N,1,7,82,2,3.02,17.7,1,0.5,4.04,0,,1,24.24,1,1,0
2,10/22/2024 06:49:07 AM,10/22/2024 06:54:16 AM,N,1,74,166,2,1,7.2,0,0.5,0,0,,1,8.7,2,1,0
2,03/26/2024 03:46:55 PM,03/26/2024 04:41:56 PM,N,1,75,132,1,17.87,74.4,0,0.5,8.28,6.94,,1,91.12,1,1,0
2,11/08/2024 07:42:03 AM,11/08/2024 08:07:46 AM,N,1,41,75,1,1.84,21.9,0,0.5,0,0,,1,23.4,1,1,0
2,08/29/2024 03:49:54 PM,08/29/2024 03:56:52 PM,N,1,120,74,1,3.45,14.9,0,0.5,0,0,,1,16.4,1,1,0
2,05/17/2024 04:50:49 PM,05/17/2024 05:05:13 PM,N,1,95,95,3,1.52,13.5,2.5,0.5,3.5,0,,1,21,1,1,0
2,11/12/2024 01:01:36 PM,11/12/2024 01:01:36 PM,N,1,264,264,1,0,3,0,0.5,0,0,,1,4.5,2,1,0
2,03/22/2024 01:32:49 PM,03/22/2024 01:33:06 PM,N,1,83,83,1,0,3,0,0.5,0,0,,1,4.5,2,1,0
1,04/19/2024 01:39:17 PM,04/19/2024 01:46:20 PM,N,1,33,66,1,0.8,7.9,0,1.5,1.85,0,,1,11.25,1,1,0
2,09/28/2024 11:39:28 PM,09/28/2024 11:48:36 PM,N,1,181,181,1,1.48,10.7,1,0.5,2.64,0,,1,15.84,1,1,0
2,06/14/2024 07:44:43 AM,06/14/2024 07:48:26 AM,N,1,244,244,1,0.71,6.5,0,0.5,0,0,,1,8,2,1,0
2,04/06/2024 06:26:06 PM,04/06/2024 06:32:27 PM,N,1,41,238,1,1.11,7.2,0,0.5,3.44,0,,1,14.89,1,1,2.75
2,04/25/2024 05:10:17 PM,04/25/2024 05:56:21 PM,N,1,43,234,1,4.08,38.7,2.5,0.5,9.09,0,,1,54.54,1,1,2.75
2,03/17/2024 11:55:39 AM,03/17/2024 11:58:32 AM,N,1,75,236,2,1.03,6.5,0,0.5,2.15,0,,1,12.9,1,1,2.75
2,05/11/2024 09:27:16 AM,05/11/2024 09:33:47 AM,N,1,166,238,1,1.12,8.6,0,0.5,3.21,0,,1,16.06,1,1,2.75
2,04/20/2024 07:15:45 PM,04/20/2024 07:25:23 PM,N,1,95,135,1,1.89,12.1,0,0.5,2.72,0,,1,16.32,1,1,0
2,08/22/2024 09:17:10 PM,08/22/2024 09:33:18 PM,N,1,75,243,1,5.38,24,1,0.5,6.62,0,,1,33.12,1,1,0
2,10/06/2024 04:37:51 PM,10/06/2024 04:42:35 PM,N,1,75,41,1,1.11,7.2,0,0.5,1.74,0,,1,10.44,1,1,0
1,12/08/2024 01:38:25 AM,12/08/2024 01:41:32 AM,N,1,52,40,2,0.7,5.8,1,1.5,1.65,0,,1,9.95,1,1,0
2,07/19/2024 06:32:08 PM,07/19/2024 06:35:45 PM,N,5,95,102,1,0.98,20,0,0,2,0,,1,23,1,2,0
2,04/18/2024 11:09:58 AM,04/18/2024 11:19:43 AM,N,1,74,152,1,1.46,10.7,0,0.5,3.66,0,,1,15.86,1,1,0
2,01/08/2024 11:32:36 AM,01/08/2024 11:51:08 AM,N,5,159,212,1,2.92,15,0,0,0,0,,1,16,2,2,0
2,06/11/2024 08:29:54 PM,06/11/2024 08:29:57 PM,N,5,74,264,1,0,10,0,0,2.2,0,,1,13.2,1,2,0
1,04/13/2024 05:25:58 PM,04/13/2024 05:26:30 PM,N,5,106,106,1,0,0,0,0,0,0,,0,0,3,2,0
2,12/26/2024 06:53:16 PM,12/26/2024 07:02:49 PM,N,1,130,215,2,2.13,12.1,2.5,0.5,3.22,0,,1,19.32,1,1,0
2,01/31/2024 02:25:00 PM,01/31/2024 02:46:03 PM,N,1,43,262,1,1.74,19.1,0,0.5,1,0,,1,24.35,1,1,2.75
2,03/01/2024 01:27:43 PM,03/01/2024 01:31:15 PM,N,1,7,7,1,0.37,5.1,0,0.5,0,0,,1,6.6,2,1,0
2,10/24/2024 05:22:43 PM,10/24/2024 05:31:49 PM,N,1,74,41,1,1.28,10,2.5,0.5,0,0,,1,14,2,1,0
2,11/11/2024 06:07:26 PM,11/11/2024 06:27:03 PM,N,1,244,151,1,5.27,26.8,0,0.5,6.21,0,,1,37.26,1,1,2.75
2,07/22/2024 10:35:01 PM,07/22/2024 10:46:53 PM,N,1,74,244,1,2.75,14.9,1,0.5,3.48,0,,1,20.88,1,1,0
2,09/30/2024 06:41:00 PM,09/30/2024 06:50:00 PM,,,223,129,,1.76,13.52,0,0,2.1,0,,1,16.62,,,
2,09/01/2024 04:14:57 PM,09/01/2024 04:37:34 PM,N,1,66,255,1,5.37,28.9,0,0.5,6.08,0,,1,36.48,1,1,0
2,01/25/2024 06:24:44 PM,01/25/2024 06:34:09 PM,N,1,75,238,1,1.58,10.7,2.5,0.5,3.49,0,,1,20.94,1,1,2.75
1,12/19/2024 02:32:14 PM,12/19/2024 02:44:06 PM,N,1,181,181,1,0,16.5,0,1.5,0,0,,1,18,1,1,0
2,12/03/2024 05:51:19 PM,12/03/2024 06:05:39 PM,N,1,83,129,2,0.9,12.8,2.5,0.5,3.36,0,,1,20.16,1,1,0
2,05/28/2024 09:53:32 AM,05/28/2024 09:56:49 AM,N,1,166,166,1,0.46,5.8,0,0.5,1.82,0,,1,9.12,1,1,0
2,02/14/2024 05:59:51 PM,02/14/2024 06:40:14 PM,N,1,43,112,1,5.79,35.9,2.5,0.5,6,0,,1,48.65,1,1,2.75
1,01/30/2024 10:32:59 AM,01/30/2024 10:33:47 AM,Y,1,145,145,1,0,3,0,1.5,1.52,0,,1,6.02,1,1,0
2,10/21/2024 02:33:22 PM,10/21/2024 02:33:25 PM,N,5,82,82,1,0,12,0,0,0,0,,1,13,1,2,0
2,06/07/2024 11:08:00 AM,06/07/2024 11:17:09 AM,N,1,82,138,1,3.74,16.3,0,0.5,2.67,0,,1,20.47,1,1,0
2,03/26/2024 04:20:52 PM,03/26/2024 04:45:42 PM,N,1,43,229,1,2.94,23.3,2.5,0.5,6.01,0,,1,36.06,1,1,2.75
2,07/28/2024 03:06:39 AM,07/28/2024 03:13:23 AM,N,1,95,135,1,1.14,8.6,1,0.5,1,0,,1,12.1,1,1,0
2,12/02/2024 07:20:25 PM,12/02/2024 07:26:14 PM,N,1,95,95,1,0.99,7.9,2.5,0.5,2.38,0,,1,14.28,1,1,0
2,06/22/2024 07:52:53 PM,06/22/2024 08:13:18 PM,N,1,116,208,1,8.64,35.2,0,0.5,0,0,,1,36.7,2,1,0
2,12/04/2024 02:26:33 PM,12/04/2024 02:37:32 PM,N,1,236,151,5,1.33,11.4,0,0.5,0,0,,1,12.9,2,1,0
2,09/04/2024 03:43:17 PM,09/04/2024 04:06:57 PM,N,1,74,138,1,6.46,28.9,5,0.5,0,6.94,,1,42.34,1,1,0
2,06/17/2024 06:26:20 PM,06/17/2024 06:29:09 PM,N,1,166,116,1,0.91,5.8,2.5,0.5,0,0,,1,9.8,2,1,0
2,09/03/2024 03:10:00 PM,09/03/2024 03:20:00 PM,,,75,263,,1.54,12.8,0,0,2,0,,1,18.55,,,
2,11/27/2024 03:09:50 PM,11/27/2024 03:18:57 PM,N,1,166,166,1,0.75,9.3,0,0.5,0,0,,1,10.8,2,1,0
2,05/29/2024 09:44:01 AM,05/29/2024 09:57:19 AM,N,1,43,142,1,2.5,14.9,0,0.5,3.83,0,,1,22.98,1,1,2.75
2,11/28/2024 11:13:46 PM,11/28/2024 11:21:28 PM,N,1,41,24,1,1.3,10,1,0.5,2.5,0,,1,15,1,1,0
2,02/24/2024 07:44:15 AM,02/24/2024 07:49:22 AM,N,1,130,197,1,0.96,7.9,0,0.5,4,0,,1,13.4,1,1,0
2,12/02/2024 09:15:20 AM,12/02/2024 09:56:37 AM,N,1,74,236,1,2.36,32.4,0,0.5,2,0,,1,38.65,1,1,2.75
2,02/03/2024 05:56:25 PM,02/04/2024 05:50:57 PM,N,1,24,41,1,0.92,9.3,0,0.5,0,0,,0.3,10.1,2,1,0
2,08/04/2024 02:56:55 PM,08/04/2024 03:10:42 PM,N,1,74,116,1,2.26,14.9,0,0.5,3.28,0,,1,19.68,1,1,0
2,02/21/2024 05:56:57 PM,02/21/2024 06:23:38 PM,N,1,244,137,1,9.91,40.8,2.5,0.5,9.51,0,,1,57.06,1,1,2.75
2,07/15/2024 12:44:55 PM,07/15/2024 12:50:34 PM,N,1,95,95,1,0.64,7.2,0,0.5,1,0,,1,9.7,1,1,0
2,11/13/2024 12:42:32 PM,11/13/2024 12:48:18 PM,N,1,74,168,1,1.39,8.6,0,0.5,2.02,0,,1,12.12,1,1,0
2,06/28/2024 07:03:28 AM,06/28/2024 07:13:41 AM,N,1,74,236,1,2.39,12.8,0,0.5,3.41,0,,1,20.46,1,1,2.75
2,03/17/2024 05:00:12 PM,03/17/2024 05:19:46 PM,N,1,129,92,2,5.88,28.2,0,0.5,7.42,0,,1,37.12,1,1,0
1,03/15/2024 03:35:34 PM,03/15/2024 03:51:38 PM,N,1,166,142,0,2.7,17,2.75,1.5,0,0,,1,21.25,2,1,2.75
2,02/06/2024 10:17:28 AM,02/06/2024 10:21:42 AM,N,1,74,41,1,0.83,6.5,0,0.5,1.6,0,,1,9.6,1,1,0
2,04/29/2024 12:19:18 AM,04/29/2024 12:22:39 AM,N,1,82,129,1,0.43,5.1,1,0.5,1.52,0,,1,9.12,1,1,0
2,12/19/2024 05:54:29 PM,12/19/2024 06:09:35 PM,N,1,95,197,1,1.9,14.9,2.5,0.5,1.89,0,,1,20.79,1,1,0
2,04/11/2024 12:31:48 PM,04/11/2024 12:37:57 PM,N,1,41,42,1,0.95,7.9,0,0.5,1,0,,1,10.4,1,1,0
2,06/02/2024 03:23:39 PM,06/02/2024 03:34:40 PM,N,1,74,69,1,2.11,12.8,0,0.5,0,0,,0.3,13.6,2,1,0
2,09/02/2024 03:42:14 PM,09/02/2024 03:51:12 PM,N,1,41,152,1,1.42,10.7,0,0.5,2,0,,1,14.2,1,1,0
2,08/25/2024 02:00:50 AM,08/25/2024 02:05:30 AM,N,1,79,107,1,0.86,7.2,1,0.5,1,0,,1,13.2,1,1,2.5
2,12/12/2024 06:22:51 PM,12/12/2024 06:38:39 PM,N,1,82,138,5,3.68,18.4,7.5,0.5,5.48,0,,1,32.88,1,1,0
2,05/02/2024 03:17:14 AM,05/02/2024 03:24:21 AM,N,1,134,197,1,1.65,10,1,0.5,0.88,0,,1,13.38,1,1,0
2,11/23/2024 02:51:45 PM,11/23/2024 03:01:42 PM,N,1,166,239,1,1.61,12.1,0,0.5,3.27,0,,1,19.62,1,1,2.75
2,09/02/2024 08:32:36 PM,09/02/2024 08:44:40 PM,N,1,74,263,1,2.52,14.9,1,0.5,2,0,,1,22.15,1,1,2.75
2,06/06/2024 03:46:01 PM,06/06/2024 04:14:23 PM,N,1,43,162,1,2.62,24,0,0.5,5.65,0,,1,33.9,1,1,2.75
2,01/18/2024 02:24:11 PM,01/18/2024 02:37:27 PM,N,1,43,238,1,1.66,13.5,0,0.5,3.55,0,,1,21.3,1,1,2.75
2,12/19/2024 07:54:22 AM,12/19/2024 07:56:28 AM,N,1,74,74,1,0.34,4.4,0,0.5,0,0,,1,5.9,2,1,0
2,12/13/2024 10:28:29 PM,12/13/2024 10:37:50 PM,N,5,66,66,1,3.41,33,0,0,6.8,0,,1,40.8,1,2,0
2,06/19/2024 09:09:47 PM,06/19/2024 09:35:55 PM,N,1,247,170,1,7.85,36.6,1,0.5,8.37,0,,1,50.22,1,1,2.75
1,03/10/2024 03:48:26 PM,03/10/2024 04:07:17 PM,N,1,65,188,2,3.1,19.8,0,1.5,5.3,0,,1,26.6,1,1,0
2,11/08/2024 08:08:16 AM,11/08/2024 08:26:57 AM,N,1,74,140,1,3.72,21.9,0,0.5,0,0,,1,26.15,1,1,2.75
2,12/04/2024 09:53:56 PM,12/04/2024 10:06:33 PM,N,1,95,197,1,2.11,14.2,1,0.5,3.34,0,,1,20.04,1,1,0
2,04/25/2024 06:23:33 PM,04/25/2024 06:48:11 PM,N,1,244,236,1,6.66,33.1,2.5,0.5,7.97,0,,1,47.82,1,1,2.75
2,01/26/2024 06:35:01 PM,01/26/2024 06:40:36 PM,N,1,75,238,1,1.08,7.9,2.5,0.5,2.38,0,,1,14.28,1,1,0
2,09/15/2024 01:52:58 AM,09/15/2024 02:31:24 AM,N,1,97,98,5,15.73,66.7,1,0.5,0,0,,1,69.2,1,1,0
2,11/25/2024 05:51:10 PM,11/25/2024 05:58:41 PM,N,1,75,74,1,1.41,9.3,2.5,0.5,2.66,0,,1,15.96,1,1,0
2,09/17/2024 05:27:02 PM,09/17/2024 05:37:22 PM,N,1,75,41,1,1.87,11.4,2.5,0.5,3.08,0,,1,18.48,1,1,0
2,08/03/2024 03:44:51 PM,08/03/2024 03:48:55 PM,N,1,41,75,1,0.9,6.5,0,0.5,2,0,,1,10,1,1,0
2,09/07/2024 10:20:20 PM,09/07/2024 10:32:10 PM,N,1,83,70,1,3.62,17.7,1,0.5,0,0,,1,20.2,2,1,0
2,09/13/2024 10:52:20 AM,09/13/2024 11:11:17 AM,N,1,41,167,1,2.91,19.1,0,0.5,0,0,,1,20.6,1,1,0
2,06/11/2024 10:41:05 PM,06/11/2024 10:47:04 PM,N,1,93,70,2,1.76,10,6,0.5,3.5,0,,1,21,1,1,0
2,03/06/2024 12:38:41 PM,03/06/2024 12:58:31 PM,N,1,75,262,1,2.31,18.4,0,0.5,4.53,0,,1,27.18,1,1,2.75
2,05/06/2024 05:29:39 PM,05/06/2024 05:53:11 PM,N,1,43,4,6,5.54,27.5,2.5,0.5,6.85,0,,1,41.1,1,1,2.75
2,03/01/2024 07:15:54 PM,03/01/2024 07:26:45 PM,N,1,74,75,1,1.52,11.4,2.5,0.5,3.85,0,,1,19.25,1,1,0
1,04/14/2024 11:20:47 AM,04/14/2024 11:23:39 AM,N,1,17,17,1,0.1,4.4,0,1.5,0,0,,1,5.9,4,1,0
2,03/04/2024 11:12:47 PM,03/04/2024 11:21:33 PM,N,1,75,141,1,2.28,12.1,1,0.5,0,0,,1,17.35,2,1,2.75
2,06/04/2024 09:55:07 AM,06/04/2024 09:59:15 AM,N,1,134,135,1,1.14,7.2,0,0.5,0,0,,1,8.7,2,1,0
2,05/23/2024 04:09:35 PM,05/23/2024 04:16:08 PM,N,1,75,74,1,1.3,8.6,2.5,0.5,2,0,,1,14.6,1,1,0
2,09/23/2024 03:09:33 PM,09/23/2024 03:22:13 PM,N,1,74,75,1,1.45,12.8,0,0.5,2.86,0,,1,17.16,1,1,0
1,01/13/2024 02:23:52 AM,01/13/2024 02:34:09 AM,N,1,129,129,1,1.2,9.3,1,1.5,0,0,,1,11.8,2,1,0
2,04/28/2024 06:20:00 PM,04/28/2024 06:27:32 PM,N,1,130,130,1,0.91,7.9,0,0.5,0,0,,1,9.4,2,1,0
1,07/12/2024 05:12:59 PM,07/12/2024 05:47:31 PM,N,1,65,89,1,3.9,30.3,2.5,1.5,0,0,,1,34.3,2,1,0
2,11/24/2024 04:45:26 PM,11/24/2024 05:04:04 PM,N,1,41,262,1,2.97,19.1,0,0.5,4.67,0,,1,28.02,1,1,2.75
2,04/07/2024 11:43:35 AM,04/07/2024 11:52:48 AM,N,1,33,106,1,1.57,10.7,0,0.5,3.05,0,,1,15.25,1,1,0
2,01/28/2024 02:18:36 PM,01/28/2024 02:46:51 PM,,,7,230,,3.3,27.05,0,0,6.16,0,,1,36.96,,,
1,08/05/2024 01:25:56 PM,08/05/2024 01:30:00 PM,N,1,75,236,2,0.6,6.5,2.75,1.5,2.65,0,,1,13.4,1,1,2.75
2,05/24/2024 12:14:13 AM,05/24/2024 12:25:21 AM,N,1,82,7,1,1.85,12.8,1,0.5,0,0,,1,15.3,2,1,0
2,01/04/2024 07:31:24 AM,01/04/2024 07:51:36 AM,N,1,74,246,1,6.34,28.9,0,0.5,0,0,,1,33.15,1,1,2.75
1,12/24/2024 04:47:47 PM,12/24/2024 05:15:26 PM,N,1,42,78,1,0,23.5,0,1.5,0,0,,1,25,1,1,0
2,04/25/2024 05:39:41 PM,04/25/2024 06:00:06 PM,N,1,75,43,1,0,17,2.5,0.5,4,0,,1,27.75,1,1,2.75
2,02/15/2024 03:37:00 AM,02/15/2024 04:02:00 AM,,,134,138,,0.02,24.54,0,0,2,0,,1,27.54,,,
2,01/06/2024 01:15:09 PM,01/06/2024 01:32:01 PM,N,5,33,161,1,6.97,45,0,0,5,0,,1,53.75,1,2,2.75
2,11/22/2024 10:08:57 AM,11/22/2024 10:18:15 AM,N,1,43,239,1,1.72,10.7,0,0.5,3.74,0,,1,18.69,1,1,2.75
2,02/01/2024 07:12:27 PM,02/01/2024 07:24:42 PM,N,1,223,83,1,2.27,14.9,2.5,0.5,1,0,,1,19.9,1,1,0
2,08/04/2024 07:54:00 AM,08/04/2024 08:01:57 AM,N,1,74,42,1,1.25,10,0,0.5,2.3,0,,1,13.8,1,1,0
2,06/22/2024 02:53:45 PM,06/22/2024 03:03:05 PM,N,1,95,95,1,1.21,10.7,0,0.5,0,0,,1,12.2,2,1,0
2,02/22/2024 05:03:44 PM,02/22/2024 05:15:30 PM,N,1,7,223,1,1.2,12.1,2.5,0.5,3.22,0,,1,19.32,1,1,0
2,10/25/2024 04:38:23 PM,10/25/2024 04:58:50 PM,N,1,130,219,1,2.95,19.1,2.5,0.5,4.62,0,,1,27.72,1,1,0
2,09/23/2024 03:19:01 PM,09/23/2024 03:45:21 PM,N,1,43,140,1,2.52,21.9,0,0.5,0,0,,1,26.15,2,1,2.75
2,07/13/2024 09:29:00 PM,07/13/2024 10:30:00 PM,,,61,42,,15.28,70.77,0,0,5.18,0,,1,79.7,,,
2,11/01/2024 11:11:40 AM,11/01/2024 11:11:45 AM,N,5,82,82,1,0.26,24,0,0,0,0,,1,25,1,2,0
2,12/18/2024 08:09:05 AM,12/18/2024 08:24:50 AM,N,1,74,75,1,1.43,14.2,0,0.5,3.14,0,,1,18.84,1,1,0
2,07/09/2024 09:47:29 AM,07/09/2024 10:01:41 AM,N,1,74,236,1,1.6,14.2,0,0.5,0,0,,1,18.45,2,1,2.75
1,02/07/2024 07:56:31 PM,02/07/2024 08:07:44 PM,N,1,74,42,1,1.4,11.4,2.5,1.5,0,0,,1,15.4,4,1,0
2,07/03/2024 09:43:52 AM,07/03/2024 09:53:43 AM,N,1,74,75,2,1.39,10.7,0,0.5,2.44,0,,1,14.64,1,1,0
2,10/31/2024 05:40:24 PM,10/31/2024 05:48:39 PM,N,1,43,238,1,0.99,8.6,2.5,0.5,3.07,0,,1,18.42,1,1,2.75
2,06/22/2024 07:17:00 PM,06/22/2024 07:27:00 PM,,,42,166,,1.52,15.37,0,0,2,0,,1,18.37,,,
1,11/19/2024 07:56:57 AM,11/19/2024 08:08:36 AM,N,1,74,152,0,1.7,12.8,0,1.5,2.85,0,,1,17.15,1,1,0
2,07/08/2024 05:57:22 PM,07/08/2024 05:59:24 PM,N,1,75,75,5,0.59,5.1,2.5,0.5,1,0,,1,10.1,1,1,0
2,05/15/2024 03:40:27 PM,05/15/2024 03:56:53 PM,N,1,236,140,1,1.96,15.6,0,0.5,2,0,,1,21.85,1,1,2.75
2,07/20/2024 02:51:35 PM,07/20/2024 03:02:29 PM,N,1,74,236,6,2.51,14.2,0,0.5,1,0,,1,19.45,1,1,2.75
2,10/05/2024 10:46:34 PM,10/05/2024 11:24:21 PM,N,1,247,68,2,8.45,44.3,1,0.5,9.91,0,,1,59.46,1,1,2.75
2,05/10/2024 05:14:41 PM,05/10/2024 05:24:14 PM,N,1,65,66,1,1.11,10.7,2.5,0.5,2.94,0,,1,17.64,1,1,0
2,02/04/2024 01:59:05 AM,02/04/2024 02:14:35 AM,N,1,255,198,1,3.37,17.7,1,0.5,0,0,,1,20.2,2,1,0
2,06/03/2024 08:59:35 PM,06/03/2024 09:06:37 PM,N,1,25,33,1,0.95,7.9,1,0.5,2.08,0,,1,12.48,1,1,0
2,11/29/2024 04:53:34 PM,11/29/2024 05:05:01 PM,N,1,74,166,1,1.81,12.8,2.5,0.5,3.36,0,,1,20.16,1,1,0
2,08/10/2024 06:35:17 PM,08/10/2024 06:51:42 PM,N,1,74,238,1,3.31,18.4,0,0.5,4.53,0,,1,27.18,1,1,2.75
2,05/14/2024 07:03:45 PM,05/14/2024 07:19:30 PM,N,1,43,239,1,2.37,16.3,2.5,0.5,0,0,,1,23.05,2,1,2.75
2,10/21/2024 05:21:31 PM,10/21/2024 05:29:30 PM,N,1,243,244,1,1.25,10,2.5,0.5,0,0,,1,14,2,1,0
2,10/10/2024 07:01:22 PM,10/10/2024 07:12:48 PM,N,1,75,263,1,1.57,12.1,2.5,0.5,2,0,,1,20.85,1,1,2.75
2,10/06/2024 01:58:19 AM,10/06/2024 02:04:14 AM,N,1,75,74,1,0,6.5,1,0.5,1.8,0,,1,10.8,1,1,0
2,05/18/2024 01:04:51 PM,05/18/2024 01:12:06 PM,N,1,41,238,1,1.33,9.3,0,0.5,2,0,,1,12.8,1,1,0
2,05/03/2024 01:31:24 PM,05/03/2024 01:38:20 PM,N,1,74,74,1,0.59,7.9,0,0.5,0,0,,1,9.4,2,1,0
2,09/15/2024 10:28:10 AM,09/15/2024 10:40:08 AM,N,1,74,43,1,2.59,14.9,0,0.5,0,0,,1,19.15,2,1,2.75
2,09/01/2024 01:15:04 PM,09/01/2024 01:30:12 PM,N,1,82,146,1,2.58,17,0,0.5,3.7,0,,1,22.2,1,1,0
2,03/25/2024 12:28:35 PM,03/25/2024 12:41:32 PM,N,1,74,238,1,2.43,14.2,0,0.5,3.14,0,,1,18.84,1,1,0
2,03/15/2024 03:49:04 PM,03/15/2024 03:55:53 PM,N,1,43,262,1,1.05,8.6,0,0.5,1,0,,1,13.85,1,1,2.75
2,12/11/2024 01:28:01 AM,12/11/2024 01:35:58 AM,N,1,75,166,1,2.18,11.4,1,0.5,0,0,,1,13.9,1,1,0
2,06/09/2024 05:46:08 PM,06/09/2024 05:46:12 PM,N,5,56,56,1,0,23,0,0,4.8,0,,1,28.8,1,2,0
2,01/27/2024 11:03:37 AM,01/27/2024 11:16:30 AM,N,1,74,236,1,2.07,13.5,0,0.5,2,0,,1,19.75,1,1,2.75
2,11/29/2024 06:57:35 PM,11/29/2024 07:09:03 PM,N,1,74,24,1,1.61,12.1,2.5,0.5,2.42,0,,1,18.52,1,1,0
2,12/08/2024 12:17:16 AM,12/08/2024 12:30:48 AM,N,1,159,119,1,2.17,14.9,1,0.5,0,0,,1,17.4,2,1,0
2,08/16/2024 09:12:00 PM,08/16/2024 09:18:00 PM,,,75,262,,1.62,12.8,0,0,3.21,0,,1,19.76,,,
2,06/21/2024 03:35:41 PM,06/21/2024 03:50:45 PM,N,1,82,138,1,3.63,18.4,5,0.5,2,0,,1,26.9,1,1,0
2,03/29/2024 09:03:56 AM,03/29/2024 09:11:45 AM,N,1,74,75,1,1.39,9.3,0,0.5,2.16,0,,1,12.96,1,1,0
2,11/30/2024 12:35:23 PM,11/30/2024 12:43:09 PM,N,1,74,75,1,1.5,10,0,0.5,2.88,0,,1,14.38,1,1,0
2,12/27/2024 01:11:52 PM,12/27/2024 01:20:40 PM,N,1,74,263,1,1.71,10.7,0,0.5,2.44,0,,1,14.64,1,1,0
2,09/01/2024 10:03:08 PM,09/01/2024 10:03:42 PM,N,1,93,93,1,0.16,3,1,0.5,0,0,,1,5.5,2,1,0
2,08/12/2024 01:21:30 PM,08/12/2024 01:28:54 PM,N,1,97,97,2,0.71,7.9,0,0.5,1.88,0,,1,11.28,1,1,0
2,01/03/2024 09:18:02 PM,01/03/2024 09:24:25 PM,N,1,75,238,1,1.34,9.3,1,0.5,2.12,0,,1,13.92,1,1,0
2,11/10/2024 10:38:19 PM,11/10/2024 10:49:57 PM,N,1,74,237,1,2.53,14.9,1,0.5,4.03,0,,1,24.18,1,1,2.75
2,07/09/2024 09:05:34 AM,07/09/2024 09:16:59 AM,N,1,74,75,1,1.27,11.4,0,0.5,3,0,,1,15.9,1,1,0
2,01/27/2024 06:07:54 PM,01/27/2024 06:26:39 PM,N,5,42,136,1,4.83,20,0,0,0,0,,1,21,2,2,0
2,12/11/2024 02:34:07 PM,12/11/2024 02:54:33 PM,N,1,75,262,1,1.57,17.7,0,0.5,1.54,0,,1,23.49,1,1,2.75
2,11/24/2024 12:27:22 AM,11/24/2024 12:35:12 AM,N,1,116,166,1,1.63,10,1,0.5,0.08,0,,1,12.58,1,1,0
2,02/16/2024 08:14:31 AM,02/16/2024 08:36:08 AM,N,1,166,43,2,2.1,19.8,0,0.5,0,0,,1,21.3,2,1,0
2,09/12/2024 05:02:37 PM,09/12/2024 05:12:40 PM,N,1,7,223,1,1.19,10.7,2.5,0.5,2.94,0,,1,17.64,1,1,0
2,10/26/2024 12:03:57 AM,10/26/2024 12:03:59 AM,N,5,247,264,0,0.12,40,0,0,3,0,,1,44,1,2,0
1,10/25/2024 08:14:58 PM,10/25/2024 08:22:12 PM,N,1,74,75,1,0.9,8.6,1,1.5,0,0,,1,11.1,2,1,0
2,01/22/2024 11:35:00 AM,01/22/2024 12:00:00 PM,,,82,256,,5.51,26.25,0,0,0,0,,1,27.25,,,
1,05/02/2024 05:02:33 PM,05/02/2024 05:10:06 PM,N,1,82,260,1,0.9,7.9,2.5,1.5,2.35,0,,1,14.25,1,1,0
2,07/24/2024 01:37:33 PM,07/24/2024 02:02:58 PM,N,1,74,43,1,1.44,21.2,0,0.5,4.54,0,,1,27.24,1,1,0
2,01/03/2024 05:59:30 PM,01/03/2024 06:09:39 PM,N,1,97,49,1,1.39,10,2.5,0.5,2.8,0,,1,16.8,1,1,0
1,08/26/2024 12:55:08 PM,08/26/2024 01:00:26 PM,N,1,179,146,1,1,7.2,0,1.5,0,0,,1,8.7,2,1,0
2,10/14/2024 05:11:17 PM,10/14/2024 05:27:50 PM,N,1,74,237,1,2.65,17.7,0,0.5,4.39,0,,1,26.34,1,1,2.75
1,05/13/2024 05:31:41 PM,05/13/2024 05:45:16 PM,N,1,74,236,1,2,14.2,5.25,1.5,3.14,0,,1,24.09,1,1,2.75
2,05/29/2024 10:57:23 AM,05/29/2024 10:57:27 AM,N,1,95,264,5,0,-3,0,-0.5,0,0,,-1,-4.5,4,1,0
2,11/21/2024 06:25:58 PM,11/21/2024 06:37:45 PM,N,1,196,160,2,2.26,12.8,2.5,0.5,0,0,,1,16.8,2,1,0
2,03/07/2024 12:55:07 PM,03/07/2024 12:57:54 PM,N,1,166,166,1,0.52,5.1,0,0.5,1.32,0,,1,7.92,1,1,0
2,03/16/2024 02:54:07 PM,03/16/2024 03:17:49 PM,N,1,97,13,1,4.43,24.7,0,0.5,5.79,0,,1,34.74,1,1,2.75
2,12/07/2024 02:12:45 PM,12/07/2024 02:24:09 PM,N,1,74,74,1,1.24,11.4,0,0.5,0,0,,1,12.9,2,1,0
2,03/20/2024 09:49:51 AM,03/20/2024 09:54:40 AM,N,1,116,116,1,0.58,6.5,0,0.5,2.4,0,,1,10.4,1,1,0
1,01/18/2024 05:18:23 PM,01/18/2024 05:51:38 PM,N,1,75,68,1,5.9,31,5.25,1.5,7.55,0,,1,45.3,1,1,2.75
2,08/02/2024 04:06:38 PM,08/02/2024 04:17:36 PM,N,1,43,238,1,1.21,11.4,2.5,0.5,3.63,0,,1,21.78,1,1,2.75
1,07/21/2024 09:26:06 AM,07/21/2024 10:16:32 AM,N,1,195,71,4,8.7,49.2,0,1.5,0,0,,1,50.7,2,1,0
2,09/27/2024 05:57:29 PM,09/27/2024 06:32:55 PM,N,1,166,138,2,7.32,38.7,7.5,0.5,10.93,6.94,,1,65.57,1,1,0
2,06/27/2024 04:16:00 PM,06/27/2024 04:29:00 PM,,,155,85,,2.6,20.63,0,0,2.11,0,,1,23.74,,,
2,07/12/2024 08:12:31 AM,07/12/2024 08:32:50 AM,N,1,74,237,1,3.07,19.8,0,0.5,2,0,,1,26.05,1,1,2.75
1,05/06/2024 08:00:33 PM,05/06/2024 08:19:55 PM,N,1,97,255,1,4,21.9,1,1.5,0,0,,1,24.4,2,1,0
2,03/20/2024 09:27:55 AM,03/20/2024 09:47:05 AM,N,1,179,147,1,4.89,24,0,0.5,25,0,,1,50.5,1,1,0
2,05/29/2024 03:46:23 AM,05/29/2024 03:55:13 AM,N,1,129,138,1,3.64,17,6,0.5,2,0,,1,26.5,1,1,0
2,01/20/2024 09:07:05 PM,01/20/2024 09:31:42 PM,N,1,166,125,1,6.97,33.1,1,0.5,0,0,,1,38.35,2,1,2.75
2,10/25/2024 02:08:33 PM,10/25/2024 02:40:07 PM,N,1,65,138,1,10.49,46.4,5,0.5,10.58,0,,1,63.48,1,1,0
2,09/05/2024 10:10:30 AM,09/05/2024 10:24:21 AM,N,1,43,237,1,1.78,13.5,0,0.5,3.55,0,,1,21.3,1,1,2.75
2,11/29/2024 03:26:03 PM,11/29/2024 03:36:23 PM,N,1,97,49,2,1.19,10.7,0,0.5,3.05,0,,1,15.25,1,1,0
2,08/07/2024 07:29:10 PM,08/07/2024 07:33:48 PM,N,1,75,43,1,1.06,7.2,2.5,0.5,4.18,0,,1,18.13,1,1,2.75
2,05/18/2024 04:53:27 AM,05/18/2024 04:56:38 AM,N,1,75,74,1,0.95,6.5,1,0.5,0,0,,1,9,2,1,0
2,02/22/2024 02:25:02 PM,02/22/2024 02:27:12 PM,N,1,75,41,1,0.55,5.1,0,0.5,1.32,0,,1,7.92,1,1,0
2,01/15/2024 11:16:30 AM,01/15/2024 11:32:03 AM,N,1,95,252,2,5.9,25.4,0,0.5,0,0,,1,26.9,2,1,0
2,09/23/2024 09:00:56 PM,09/23/2024 09:11:48 PM,N,1,129,129,1,0.9,10.7,1,0.5,1.98,0,,1,15.18,1,1,0
1,01/26/2024 09:31:50 AM,01/26/2024 09:42:46 AM,N,1,74,236,2,1.7,10.7,2.75,1.5,0,0,,1,14.95,2,1,2.75
2,02/28/2024 09:33:35 PM,02/28/2024 09:39:54 PM,N,1,82,82,2,0.7,7.2,1,0.5,0,0,,1,9.7,2,1,0
1,03/22/2024 11:13:03 AM,03/22/2024 11:33:48 AM,N,1,41,243,1,4.1,24,0,1.5,5.1,0,,1,30.6,1,1,0
2,02/14/2024 03:00:51 PM,02/14/2024 03:22:31 PM,N,5,82,92,1,4.22,28,0,0,0,0,,1,29,2,1,0
2,08/15/2024 10:08:00 AM,08/15/2024 10:29:00 AM,,,25,231,,3.12,20.9,0,0,2,0,,1,26.65,,,
1,12/03/2024 06:15:57 PM,12/03/2024 06:26:23 PM,N,1,43,239,1,1.9,10.7,5.25,1.5,5.2,0,,1,22.65,1,1,2.75
2,04/24/2024 12:33:49 PM,04/24/2024 12:39:24 PM,N,1,95,95,1,0.86,7.9,0,0.5,0,0,,1,9.4,2,1,0
2,11/16/2024 06:35:36 PM,11/16/2024 06:47:36 PM,N,1,74,166,1,1.34,12.1,0,0.5,0.08,0,,1,13.68,1,1,0
1,06/13/2024 02:27:06 PM,06/13/2024 02:37:20 PM,N,1,116,244,1,0,15.5,0,1.5,0,0,,1,17,1,1,0
2,02/17/2024 09:57:58 PM,02/17/2024 10:16:09 PM,N,1,75,143,2,3.34,19.8,1,0.5,1,0,,1,26.05,1,1,2.75
2,06/04/2024 01:46:51 PM,06/04/2024 01:51:43 PM,N,1,43,43,1,0.7,6.5,0,0.5,0,0,,1,10.75,2,1,2.75
1,06/06/2024 08:00:58 PM,06/06/2024 08:08:05 PM,N,1,95,135,1,2,10.7,2.5,1.5,0,0,,1,14.7,2,1,0
2,05/14/2024 03:02:56 PM,05/14/2024 03:25:15 PM,N,1,95,121,5,2.84,21.2,0,0.5,4.54,0,,1,27.24,1,1,0
2,10/19/2024 02:59:06 PM,10/19/2024 03:09:42 PM,N,1,82,82,1,1.19,10.7,0,0.5,3.05,0,,1,15.25,1,1,0
2,01/19/2024 08:16:16 PM,01/19/2024 08:30:17 PM,N,1,75,137,6,5.11,23.3,1,0.5,5.71,0,,1,34.26,1,1,2.75
2,04/01/2024 01:26:37 PM,04/01/2024 01:40:25 PM,N,1,244,74,1,4.05,19.8,0,0.5,5.32,0,,1,26.62,1,1,0
2,07/04/2024 01:16:22 PM,07/04/2024 01:24:59 PM,N,1,41,41,1,0.99,9.3,0,0.5,0,0,,1,10.8,2,1,0
2,01/22/2024 11:14:35 AM,01/22/2024 11:20:41 AM,N,1,95,95,1,1.29,8.6,0,0.5,0,0,,1,10.1,2,1,0
1,02/28/2024 08:54:17 PM,02/28/2024 09:12:48 PM,N,1,244,236,1,6,28.2,3.75,1.5,6.65,0,,1,40.1,1,1,2.75
2,05/01/2024 06:16:20 PM,05/01/2024 06:47:09 PM,N,1,66,85,1,5.98,32.4,2.5,0.5,7.28,0,,1,43.68,1,1,0
2,11/05/2024 11:24:00 AM,11/05/2024 11:36:00 AM,,,35,36,,2.43,17.96,0,0.5,0,0,,1,19.46,,,
2,11/20/2024 12:20:35 PM,11/20/2024 12:31:28 PM,N,1,75,262,1,1.38,11.4,0,0.5,0,0,,1,15.65,2,1,2.75
1,03/31/2024 01:36:32 PM,03/31/2024 01:48:35 PM,N,1,74,263,1,2.1,12.1,2.75,1.5,2.94,0,,1,19.29,1,1,2.75
2,08/26/2024 09:15:57 AM,08/26/2024 09:59:57 AM,N,1,43,217,1,9.54,49.2,0,0.5,0,0,,1,53.45,2,1,2.75
2,05/02/2024 05:33:19 PM,05/02/2024 05:47:32 PM,N,1,83,138,1,3.6,17,7.5,0.5,3.15,0,,1,29.15,1,1,0
2,11/28/2024 01:40:13 PM,11/28/2024 01:56:51 PM,N,1,74,239,2,3.21,18.4,0,0.5,0,0,,1,22.65,2,1,2.75
2,06/30/2024 01:59:19 PM,06/30/2024 02:20:29 PM,N,1,75,138,2,9.03,38,5,0.5,5,6.94,,1,56.44,1,1,0
2,08/14/2024 05:18:33 PM,08/14/2024 05:33:57 PM,N,1,82,138,1,3.9,20.5,7.5,0.5,5.9,0,,1,35.4,1,1,0
2,09/17/2024 06:57:55 PM,09/17/2024 07:18:16 PM,N,1,82,160,1,3.53,21.2,2.5,0.5,6.3,0,,1,31.5,1,1,0
2,08/05/2024 08:48:46 AM,08/05/2024 09:03:23 AM,N,1,74,166,1,2.19,14.9,0,0.5,2.46,0,,1,18.86,1,1,0
2,03/01/2024 08:06:08 AM,03/01/2024 08:23:18 AM,N,1,74,166,2,2.1,17,0,0.5,3.7,0,,1,22.2,1,1,0
2,05/09/2024 07:25:00 PM,05/09/2024 07:38:00 PM,,,149,89,,2.74,16.47,0,0,0.85,0,,1,18.32,,,
2,07/31/2024 11:23:51 AM,07/31/2024 11:37:01 AM,N,1,166,74,1,1.66,13.5,0,0.5,3,0,,1,18,1,1,0
2,01/11/2024 02:10:05 PM,01/11/2024 02:22:58 PM,N,1,75,236,1,1.69,13.5,0,0.5,5.32,0,,1,23.07,1,1,2.75
2,04/01/2024 04:34:12 PM,04/01/2024 04:44:25 PM,N,1,260,226,6,1.12,10.7,2.5,0.5,0,0,,1,14.7,2,1,0
2,01/12/2024 02:03:39 PM,01/12/2024 02:29:50 PM,N,1,244,200,1,6.77,35.2,0,0.5,7.98,3.18,,1,47.86,1,1,0
2,01/29/2024 10:08:48 PM,01/29/2024 10:14:31 PM,N,1,95,95,1,0.88,7.2,1,0.5,0,0,,1,9.7,2,1,0
1,08/17/2024 12:18:03 PM,08/17/2024 12:20:50 PM,N,1,41,24,1,0.3,5.1,0,1.5,1.95,0,,1,8.55,1,1,0
2,05/03/2024 11:44:40 AM,05/03/2024 11:52:28 AM,N,1,82,157,1,1.28,9.3,0,0.5,0,0,,1,10.8,2,1,0
2,09/30/2024 06:58:47 AM,09/30/2024 07:17:18 AM,N,1,130,132,1,5.06,23.3,0,0.5,4.96,0,,1,29.76,1,1,0
2,01/03/2024 02:57:38 PM,01/03/2024 03:11:26 PM,N,1,260,223,1,3.06,17.7,0,0.5,0,0,,1,19.2,2,1,0
2,10/27/2024 03:32:54 PM,10/27/2024 03:48:01 PM,N,1,74,116,1,2.25,15.6,0,0.5,2.5,0,,1,19.6,1,1,0
2,01/25/2024 04:53:57 PM,01/25/2024 04:59:43 PM,N,1,65,97,2,0.92,7.9,2.5,0.5,2.38,0,,1,14.28,1,1,0
2,10/16/2024 10:10:48 PM,10/16/2024 10:16:00 PM,N,1,179,179,1,0.99,7.2,1,0.5,1.94,0,,1,11.64,1,1,0
2,08/13/2024 02:18:06 PM,08/13/2024 02:25:46 PM,N,1,74,75,1,1.29,9.3,0,0.5,0,0,,1,10.8,1,1,0
2,10/10/2024 01:50:00 AM,10/10/2024 02:05:00 AM,,,42,48,,4.57,26.53,0,0,5.96,0,,1,36.24,,,
2,07/19/2024 12:09:04 PM,07/19/2024 12:36:47 PM,N,1,74,162,1,3.88,26.1,0,0.5,7.59,0,,1,37.94,1,1,2.75
2,08/31/2024 03:46:54 PM,08/31/2024 03:53:25 PM,N,1,75,43,1,1.4,8.6,0,0.5,2,0,,1,14.85,1,1,2.75
2,05/24/2024 05:29:03 PM,05/24/2024 06:36:06 PM,N,1,65,89,1,3.71,52,2.5,0.5,5.6,0,,1,61.6,1,1,0
2,03/15/2024 08:58:47 AM,03/15/2024 09:10:41 AM,N,1,74,74,1,1.12,12.1,0,0.5,0,0,,1,13.6,1,1,0
2,10/24/2024 08:39:33 PM,10/24/2024 08:46:52 PM,N,1,74,75,1,1.37,9.3,1,0.5,1,0,,1,12.8,1,1,0
2,09/15/2024 02:52:17 PM,09/15/2024 03:04:48 PM,N,1,65,49,1,1.78,13.5,0,0.5,3,0,,1,18,1,1,0
2,12/08/2024 03:45:09 PM,12/08/2024 04:09:11 PM,N,1,43,140,1,3.26,22.6,0,0.5,0,0,,1,26.85,2,1,2.75
2,10/01/2024 09:14:46 PM,10/01/2024 09:26:12 PM,N,1,42,42,6,0.92,10,1,0.5,0,0,,1,12.5,2,1,0
2,09/19/2024 05:16:36 PM,09/19/2024 05:27:09 PM,N,1,82,138,1,3.77,17.7,7.5,0.5,5.34,0,,1,32.04,1,1,0
2,08/19/2024 08:14:10 PM,08/19/2024 08:24:03 PM,N,1,95,56,1,1.51,11.4,1,0.5,2,0,,1,15.9,1,1,0
1,08/15/2024 03:20:35 PM,08/15/2024 03:40:30 PM,N,1,75,151,1,2.2,18.4,0,1.5,0,0,,1,19.9,1,1,0
2,11/27/2024 08:40:39 AM,11/27/2024 08:45:53 AM,N,1,41,42,1,0.81,7.2,0,0.5,1.74,0,,1,10.44,1,1,0
2,03/10/2024 08:55:58 AM,03/10/2024 09:06:06 AM,N,1,244,41,1,2.03,12.8,0,0.5,0,0,,1,14.3,2,1,0
2,07/14/2024 11:45:52 AM,07/14/2024 12:07:51 PM,N,1,33,234,1,4.03,22.6,0,0.5,5.37,0,,1,32.22,1,1,2.75
2,03/31/2024 07:02:30 PM,03/31/2024 07:09:56 PM,N,1,74,75,1,1.78,10.7,0,0.5,2.44,0,,1,14.64,1,1,0
2,09/09/2024 07:28:12 AM,09/09/2024 07:46:39 AM,N,1,74,244,2,4.43,22.6,0,0.5,4.82,0,,1,28.92,1,1,0
2,06/29/2024 07:18:49 PM,06/29/2024 07:26:56 PM,N,1,43,263,1,1.5,10,0,0.5,2.85,0,,1,17.1,1,1,2.75
2,08/19/2024 04:36:20 PM,08/19/2024 04:48:47 PM,N,1,43,143,2,2.32,14.2,2.5,0.5,3.77,0,,1,24.72,1,1,2.75
2,06/20/2024 04:08:15 PM,06/20/2024 04:26:09 PM,N,1,74,152,2,1.88,17,2.5,0.5,0,0,,1,21,2,1,0
1,09/02/2024 06:57:40 PM,09/02/2024 07:04:52 PM,N,1,74,75,1,1.5,8.6,0,1.5,2,0,,1,12.1,1,1,0
2,08/24/2024 10:47:16 PM,08/24/2024 10:55:35 PM,N,1,102,95,1,1.64,11.4,1,0.5,0,0,,1,13.9,2,1,0
2,05/13/2024 03:18:37 PM,05/13/2024 03:27:04 PM,N,1,7,7,1,1,9.3,0,0.5,2.16,0,,1,12.96,1,1,0
2,02/23/2024 08:37:56 AM,02/23/2024 08:50:58 AM,N,1,75,237,1,1.98,14.2,0,0.5,3.69,0,,1,22.14,1,1,2.75
2,07/10/2024 06:08:06 PM,07/10/2024 06:11:59 PM,N,1,41,41,2,0.53,5.8,2.5,0.5,0,0,,1,9.8,2,1,0
2,12/24/2024 06:08:55 PM,12/24/2024 06:15:38 PM,,,193,7,,0.97,13.57,0,0.5,4,0,,1,19.07,,,
2,03/08/2024 05:07:27 PM,03/08/2024 05:24:59 PM,N,1,82,138,1,3.69,19.8,7.5,0.5,3,0,,1,31.8,1,1,0
2,01/30/2024 03:07:20 PM,01/30/2024 03:23:37 PM,N,1,65,189,2,1.65,14.9,0,0.5,4.1,0,,1,20.5,1,1,0
2,03/03/2024 03:54:20 PM,03/03/2024 04:16:34 PM,N,1,97,71,1,4.37,23.3,0,0.5,0,0,,1,24.8,2,1,0
1,07/13/2024 10:07:26 PM,07/13/2024 10:35:06 PM,N,1,97,107,1,6.2,32.4,3.75,1.5,7.5,0,,1,45.15,1,1,2.75
2,04/18/2024 02:26:11 PM,04/18/2024 02:52:39 PM,N,1,75,137,2,5.43,27.5,0,0.5,6.35,0,,1,38.1,1,1,2.75
2,09/30/2024 05:57:08 PM,09/30/2024 06:00:23 PM,N,1,82,83,1,0.4,5.1,2.5,0.5,1.82,0,,1,10.92,1,1,0
2,07/18/2024 08:38:04 AM,07/18/2024 08:46:08 AM,N,1,43,263,1,1.32,10,0,0.5,2.85,0,,1,17.1,1,1,2.75
1,03/26/2024 06:09:56 PM,03/26/2024 06:32:55 PM,N,1,25,17,1,2,16.3,2.5,1.5,6.05,0,,1,26.35,1,1,0
2,06/02/2024 06:44:29 AM,06/02/2024 07:09:19 AM,N,5,198,163,1,6.6,65,0,0,5.08,0,,1,73.83,1,2,2.75
2,05/04/2024 03:03:09 AM,05/04/2024 03:14:29 AM,N,5,80,145,1,7.53,60,0,0,12.2,0,,1,73.2,1,2,0
2,12/27/2024 02:06:58 PM,12/27/2024 02:19:40 PM,N,1,95,95,1,1.92,13.5,0,0.5,0,0,,1,15,2,1,0
2,02/19/2024 01:59:10 PM,02/19/2024 02:04:58 PM,N,1,75,236,1,0.84,7.9,0,0.5,3.64,0,,1,15.79,1,1,2.75
2,03/29/2024 01:10:06 PM,03/29/2024 01:42:10 PM,N,1,74,220,1,7.26,37.3,0,0.5,7.76,0,,1,46.56,1,1,0
2,10/15/2024 08:33:05 AM,10/15/2024 08:47:32 AM,N,1,74,151,2,2.37,14.9,0,0.5,0,0,,1,16.4,2,1,0
2,05/18/2024 02:52:34 PM,05/18/2024 03:21:14 PM,N,1,41,220,1,7.06,35.2,0,0.5,0,0,,1,36.7,2,1,0
2,08/24/2024 12:38:07 PM,08/24/2024 12:47:39 PM,N,1,43,238,1,1.78,11.4,0,0.5,0.01,0,,1,15.66,1,1,2.75
2,03/13/2024 04:25:54 AM,03/13/2024 05:01:08 AM,N,1,129,146,2,12.26,54.1,1,0.5,0,6.94,,1,66.04,2,1,2.5
1,07/15/2024 07:02:54 PM,07/15/2024 07:09:11 PM,N,1,75,238,1,1.3,9.3,5.25,1.5,2,0,,1,18.05,1,1,2.75
2,10/02/2024 01:14:53 AM,10/02/2024 01:22:44 AM,N,1,74,42,1,1.55,10.7,1,0.5,2.64,0,,1,15.84,1,1,0
2,11/22/2024 08:51:16 PM,11/22/2024 08:55:06 PM,N,1,55,55,1,0.74,6.5,1,0.5,0,0,,1,9,2,1,0
2,07/18/2024 06:53:54 PM,07/18/2024 07:01:27 PM,N,1,33,181,1,1.59,9.3,2.5,0.5,2.66,0,,1,15.96,1,1,0
2,04/25/2024 03:40:26 PM,04/25/2024 03:48:41 PM,N,1,95,95,1,0.87,9.3,0,0.5,2.16,0,,1,12.96,1,1,0
2,08/06/2024 05:17:40 PM,08/06/2024 05:29:09 PM,N,1,74,263,1,2.27,13.5,2.5,0.5,2,0,,1,22.25,1,1,2.75
2,02/11/2024 02:38:20 PM,02/11/2024 02:47:58 PM,N,1,166,43,1,1.7,11.4,0,0.5,3.22,0,,1,16.12,1,1,0
2,10/06/2024 08:49:01 PM,10/06/2024 09:08:12 PM,N,1,65,233,1,6.69,30.3,1,0.5,7.11,0,,1,42.66,1,1,2.75
2,03/31/2024 12:11:14 AM,03/31/2024 12:30:00 AM,N,1,181,61,5,2.7,17.7,1,0.5,0,0,,1,20.2,1,1,0
2,08/27/2024 05:31:12 AM,08/27/2024 05:47:43 AM,,,75,244,,5.51,11.4,0,0.5,2,0,,1,14.9,,,
2,08/28/2024 02:03:54 AM,08/28/2024 02:08:15 AM,N,1,41,42,1,0.93,7.2,1,0.5,0,0,,1,9.7,2,1,0
1,04/25/2024 06:24:11 AM,04/25/2024 06:33:21 AM,N,1,74,166,1,1.5,11.4,0,1.5,0,0,,1,12.9,2,1,0
2,05/29/2024 09:35:28 AM,05/29/2024 09:55:33 AM,N,1,42,237,1,3.61,21.2,0,0.5,2,0,,1,27.45,1,1,2.75
1,03/12/2024 10:57:58 PM,03/12/2024 11:03:18 PM,N,1,65,52,2,0,6.5,1,1.5,2.25,0,,1,11.25,1,1,0
2,12/12/2024 03:23:25 PM,12/12/2024 03:23:30 PM,N,5,93,93,1,0.03,300,0,0,0,0,,1,301,2,2,0
2,10/10/2024 09:05:59 PM,10/10/2024 09:18:36 PM,N,1,166,143,1,2.14,14.2,1,0.5,0,0,,1,19.45,2,1,2.75
2,06/01/2024 06:56:12 PM,06/01/2024 07:02:21 PM,N,1,43,75,2,1.02,7.9,0,0.5,1.88,0,,1,11.28,1,1,0
2,01/11/2024 02:11:00 PM,01/11/2024 02:17:00 PM,,,244,244,,0.55,15,0,0,0,0,,1,16,,,
2,04/01/2024 02:33:16 PM,04/01/2024 02:45:06 PM,N,1,43,237,1,1.6,12.1,0,0.5,0,0,,1,16.35,2,1,2.75
2,07/14/2024 01:56:03 PM,07/14/2024 02:14:36 PM,N,1,74,238,1,2.72,19.1,0,0.5,0,0,,1,23.35,2,1,2.75
2,09/01/2024 07:40:21 AM,09/01/2024 07:48:59 AM,N,1,7,179,1,1.38,10,0,0.5,2.3,0,,1,13.8,1,1,0
2,05/11/2024 12:31:23 PM,05/11/2024 12:43:05 PM,N,1,166,239,2,1.78,12.8,0,0.5,3.41,0,,1,20.46,1,1,2.75
2,12/07/2024 04:01:30 PM,12/07/2024 04:02:36 PM,N,5,56,56,2,0,2,0,0,0,0,,1,3,2,2,0
2,06/02/2024 09:40:18 PM,06/02/2024 09:43:02 PM,N,1,75,74,1,0.88,5.8,1,0.5,0,0,,1,8.3,1,1,0
2,05/04/2024 02:04:20 PM,05/04/2024 02:11:00 PM,N,1,83,223,1,2.31,11.4,0,0.5,2.58,0,,1,15.48,1,1,0
2,10/02/2024 04:42:36 PM,10/02/2024 04:54:51 PM,N,1,130,130,1,2.02,12.8,2.5,0.5,0,0,,1,16.8,2,1,0
2,07/25/2024 07:49:27 PM,07/25/2024 08:21:20 PM,N,1,75,192,1,11.77,47.8,2.5,0.5,0.66,6.94,,1,59.4,1,1,0
2,01/11/2024 01:30:19 PM,01/11/2024 01:49:06 PM,N,1,244,75,1,5.4,25.4,0,0.5,5.38,0,,1,32.28,1,1,0
2,06/12/2024 07:33:32 PM,06/12/2024 07:42:36 PM,N,1,197,10,1,2.47,13.5,2.5,0.5,3.5,0,,1,21,1,1,0
2,04/12/2024 10:26:02 AM,04/12/2024 10:32:14 AM,N,1,74,75,1,1.33,8.6,0,0.5,2.02,0,,1,12.12,1,1,0
2,04/01/2024 05:27:37 PM,04/01/2024 05:43:20 PM,N,1,74,238,2,2.83,17,2.5,0.5,2,0,,1,25.75,1,1,2.75
2,12/13/2024 02:24:15 PM,12/13/2024 02:34:24 PM,N,1,74,75,1,0.71,10,0,0.5,2.3,0,,1,13.8,1,1,0
2,11/26/2024 05:23:00 PM,11/26/2024 05:37:00 PM,,,42,166,,1.39,16.23,0,0.5,3.19,0,,1,20.92,,,
2,09/08/2024 06:21:13 PM,09/08/2024 06:59:42 PM,N,1,93,138,1,7.54,41.5,5,0.5,9.6,0,,1,57.6,1,1,0
2,03/14/2024 11:26:02 AM,03/14/2024 11:37:55 AM,N,1,75,152,2,2.47,14.2,0,0.5,3.14,0,,1,18.84,1,1,0
1,06/07/2024 06:03:33 PM,06/07/2024 06:20:05 PM,N,1,75,116,1,2.8,15.6,2.5,1.5,3.9,0,,1,23.5,1,1,0
2,08/24/2024 06:03:44 PM,08/24/2024 06:15:35 PM,N,1,95,102,1,1.91,13.5,0,0.5,0,0,,1,15,2,1,0
2,01/24/2024 07:53:07 PM,01/24/2024 07:58:40 PM,N,1,74,74,1,1.12,7.9,2.5,0.5,2.38,0,,1,14.28,1,1,0
2,08/06/2024 10:09:18 AM,08/06/2024 10:24:31 AM,N,1,75,151,1,1.94,15.6,0,0.5,0,0,,1,17.1,2,1,0
1,06/29/2024 03:15:58 PM,06/29/2024 03:35:51 PM,N,1,244,238,1,4.8,24,2.75,1.5,5.65,0,,1,33.9,1,1,2.75
2,03/30/2024 03:48:23 PM,03/30/2024 04:01:35 PM,N,1,95,192,3,2.62,15.6,0,0.5,0,0,,1,17.1,2,1,0
2,11/29/2024 06:33:26 PM,11/29/2024 06:40:31 PM,N,1,74,41,1,1.25,9.3,2.5,0.5,2.66,0,,1,15.96,1,1,0
2,11/20/2024 08:23:43 PM,11/20/2024 08:32:15 PM,N,1,130,216,1,2.2,12.1,2.5,0.5,0.9,0,,1,17,1,1,0
2,12/11/2024 11:17:19 AM,12/11/2024 11:38:56 AM,N,1,129,121,1,8.65,36.6,0,0.5,1,0,,1,39.1,1,1,0
2,12/31/2024 07:39:13 PM,12/31/2024 07:46:26 PM,N,1,75,263,5,1.64,9.3,2.5,0.5,3.21,0,,1,19.26,1,1,2.75
2,10/27/2024 10:22:24 PM,10/27/2024 10:22:26 PM,N,5,95,95,1,0,12,0,0,0,0,,1,13,1,2,0
2,03/27/2024 09:30:49 AM,03/27/2024 09:40:16 AM,N,1,74,75,6,1.39,10.7,0,0.5,1.25,0,,1,13.45,1,1,0
2,03/30/2024 11:20:00 AM,03/30/2024 11:52:00 AM,,,17,76,,5.33,26.27,0,0,0,0,,1,27.27,,,
1,05/15/2024 10:09:31 AM,05/15/2024 10:37:36 AM,N,1,244,236,1,6.5,34.5,2.75,1.5,3,0,,1,41.75,1,1,2.75
2,06/16/2024 02:45:35 PM,06/16/2024 03:02:49 PM,N,1,95,82,2,2.62,17.7,0,0.5,0,0,,1,19.2,1,1,0
2,07/17/2024 06:15:53 PM,07/17/2024 06:29:50 PM,N,1,82,138,1,3.68,18.4,7.5,0.5,0,0,,1,27.4,1,1,0
2,05/29/2024 04:28:49 PM,05/29/2024 04:54:39 PM,N,1,74,239,1,3.44,24,2.5,0.5,3,0,,0.3,33.05,1,1,2.75
2,11/22/2024 06:25:03 PM,11/22/2024 06:31:56 PM,N,1,75,74,6,1.26,8.6,2.5,0.5,1,0,,1,13.6,1,1,0
1,10/27/2024 03:25:52 PM,10/27/2024 03:37:55 PM,N,1,74,24,1,2.1,13.5,0,1.5,3,0,,1,18,1,1,0
2,12/21/2024 02:40:15 AM,12/21/2024 02:54:19 AM,N,1,95,223,1,7.33,30.3,1,0.5,8.2,0,,1,41,1,1,0
2,07/25/2024 08:31:34 AM,07/25/2024 08:44:06 AM,N,1,74,152,2,1.54,12.8,0,0.5,1.43,0,,1,15.73,1,1,0
2,08/19/2024 09:19:25 PM,08/19/2024 09:23:37 PM,N,1,75,236,1,1.06,7.2,1,0.5,2.49,0,,1,14.94,1,1,2.75
2,11/20/2024 09:39:25 AM,11/20/2024 09:54:05 AM,N,1,74,238,1,2.2,14.2,0,0.5,3.14,0,,1,18.84,1,1,0
2,08/08/2024 11:40:21 AM,08/08/2024 11:57:17 AM,N,1,74,138,1,6.67,28.2,5,0.5,5,6.94,,1,46.64,1,1,0
2,07/24/2024 08:12:44 AM,07/24/2024 08:23:06 AM,N,1,74,236,1,2.19,12.8,0,0.5,4.26,0,,1,21.31,1,1,2.75
2,03/02/2024 07:26:00 PM,03/02/2024 08:07:00 PM,,,166,132,,17.06,71.86,0,0,15.96,6.94,,1,95.76,,,
1,01/12/2024 10:03:40 AM,01/12/2024 10:27:55 AM,N,1,74,234,1,5.8,28.2,2.75,1.5,1,0,,1,33.45,1,1,2.75
2,12/30/2024 11:26:39 AM,12/30/2024 11:41:37 AM,N,1,74,116,1,1.82,14.2,0,0.5,0,0,,1,15.7,2,1,0
2,11/27/2024 10:59:58 PM,11/27/2024 11:08:16 PM,N,1,20,174,1,1.61,10.7,1,0.5,0,0,,1,13.2,2,1,0
2,12/03/2024 10:05:38 AM,12/03/2024 10:15:25 AM,N,1,74,263,1,1.86,11.4,0,0.5,3.13,0,,1,18.78,1,1,2.75
2,10/06/2024 05:55:16 PM,10/06/2024 06:15:51 PM,N,1,66,181,1,2.74,19.8,0,0.5,4.26,0,,1,25.56,1,1,0
2,10/16/2024 02:17:00 PM,10/16/2024 02:26:52 PM,N,1,82,138,1,3.8,17.7,5,0.5,4.84,0,,1,29.04,1,1,0
2,02/09/2024 04:59:16 PM,02/09/2024 05:03:36 PM,N,1,41,41,1,0.75,6.5,2.5,0.5,0,0,,1,10.5,2,1,0
1,09/15/2024 09:44:41 AM,09/15/2024 10:09:06 AM,N,1,195,49,3,5.6,27.5,0,1.5,0,0,,1,29,2,1,0
2,12/21/2024 05:20:33 PM,12/21/2024 05:49:26 PM,N,1,260,95,2,4.04,28.2,0,0.5,0,0,,1,29.7,2,1,0
2,04/03/2024 02:53:39 PM,04/03/2024 03:28:08 PM,N,1,75,138,1,8.22,39.4,5,0.5,10.57,6.94,,1,63.41,1,1,0
2,05/06/2024 10:47:24 PM,05/06/2024 10:59:56 PM,N,1,196,82,1,1.8,13.5,1,0.5,0,0,,1,16,1,1,0
2,07/01/2024 09:46:25 AM,07/01/2024 09:51:37 AM,N,1,75,263,1,1.02,7.9,0,0.5,2.43,0,,1,14.58,1,1,2.75
2,07/03/2024 05:06:18 PM,07/03/2024 05:11:11 PM,N,1,43,151,1,0.81,7.2,2.5,0.5,2.24,0,,1,13.44,1,1,0
2,12/14/2024 02:09:42 AM,12/14/2024 02:21:23 AM,N,5,36,225,2,2.17,35.05,0,0,0.8,0,,1,36.85,1,2,0
2,05/11/2024 02:25:30 PM,05/11/2024 02:43:45 PM,N,1,95,216,2,3.95,21.2,0,0.5,0,0,,1,22.7,2,1,0
2,12/03/2024 04:58:06 PM,12/03/2024 05:09:45 PM,N,1,82,70,1,3,16.3,2.5,0.5,0,0,,1,20.3,2,1,0
1,09/04/2024 07:56:45 AM,09/04/2024 08:21:09 AM,N,1,69,236,1,0,26.5,0,1.5,0,6.94,,1,34.94,1,1,0
2,07/03/2024 07:43:09 PM,07/03/2024 08:03:42 PM,N,1,82,93,1,4.88,24.7,2.5,0.5,5.74,0,,1,34.44,1,1,0
2,08/25/2024 08:41:45 PM,08/25/2024 08:57:24 PM,N,1,41,263,1,2.97,17.7,1,0.5,4,0,,1,26.95,1,1,2.75
2,04/27/2024 12:42:31 PM,04/27/2024 12:55:30 PM,N,1,42,263,1,3.26,16.3,0,0.5,0,0,,1,20.55,2,1,2.75
2,04/17/2024 07:08:25 AM,04/17/2024 07:12:54 AM,N,1,74,74,1,0.71,6.5,0,0.5,1.6,0,,1,9.6,1,1,0
2,07/03/2024 09:48:05 AM,07/03/2024 09:56:22 AM,N,1,42,119,1,1.63,10,0,0.5,0,0,,1,11.5,2,1,0
2,06/04/2024 06:52:55 PM,06/04/2024 07:01:00 PM,N,1,260,129,1,1.33,9.3,2.5,0.5,2.66,0,,1,15.96,1,1,0
2,10/30/2024 02:05:24 PM,10/30/2024 02:26:57 PM,N,1,166,235,1,5.76,26.8,0,0.5,0,0,,1,28.3,2,1,0
2,02/07/2024 03:53:58 PM,02/07/2024 04:05:27 PM,N,1,75,236,6,1.47,11.4,0,0.5,0,0,,1,15.65,2,1,2.75
2,05/08/2024 09:48:15 AM,05/08/2024 09:53:02 AM,N,1,74,41,1,0.75,6.5,0,0.5,1.6,0,,1,9.6,1,1,0
2,07/29/2024 07:45:54 AM,07/29/2024 07:55:41 AM,N,1,7,138,1,3.68,17.7,5,0.5,4.84,0,,1,29.04,1,1,0
2,10/09/2024 01:15:23 PM,10/09/2024 01:21:25 PM,N,1,75,74,1,1.3,8.6,0,0.5,2.02,0,,1,12.12,1,1,0
2,08/12/2024 08:14:40 AM,08/12/2024 08:29:17 AM,N,1,74,262,1,2.39,15.6,0,0.5,2,0,,1,21.85,1,1,2.75
2,10/29/2024 04:06:55 PM,10/29/2024 04:31:26 PM,N,1,74,239,1,3.28,23.3,2.5,0.5,2,0,,1,32.05,1,1,2.75
2,10/14/2024 03:24:17 PM,10/14/2024 03:51:46 PM,N,1,75,135,1,11.56,47.1,0,0.5,0,6.94,,1,55.54,2,1,0
2,10/29/2024 09:39:54 AM,10/29/2024 09:48:04 AM,N,1,74,75,1,0.88,8.6,0,0.5,2.02,0,,1,12.12,1,1,0
2,04/05/2024 08:52:29 AM,04/05/2024 09:03:13 AM,N,1,74,75,5,1.37,11.4,0,0.5,0,0,,1,12.9,2,1,0
2,04/05/2024 10:11:28 AM,04/05/2024 10:17:31 AM,N,1,41,42,1,1.12,8.6,0,0.5,0,0,,1,10.1,1,1,0
2,04/12/2024 03:11:00 PM,04/12/2024 03:21:00 PM,,,166,43,,1.46,17.6,0,0,2.72,0,,1,21.32,,,
1,02/29/2024 08:19:56 PM,02/29/2024 08:24:20 PM,N,1,75,75,1,0.6,6.5,1,1.5,1.8,0,,1,10.8,1,1,0
2,04/14/2024 01:51:40 PM,04/14/2024 01:54:48 PM,N,1,41,41,1,0.53,5.8,0,0.5,4,0,,1,11.3,1,1,0
2,03/11/2024 08:24:39 PM,03/11/2024 08:34:17 PM,N,1,74,166,4,2.07,12.8,1,0.5,0,0,,1,15.3,2,1,0
1,08/15/2024 12:27:11 PM,08/15/2024 12:28:21 PM,N,5,220,220,1,0,25,0,0,0,0,,0,25,2,2,0
2,10/11/2024 12:12:32 PM,10/11/2024 12:41:39 PM,N,1,244,237,1,6.97,35.9,0,0.5,7,0,,1,47.15,1,1,2.75
2,12/02/2024 01:52:48 PM,12/02/2024 02:10:10 PM,N,1,95,135,3,1.92,14.2,0,0.5,1.5,0,,1,17.2,1,1,0
2,06/13/2024 06:07:31 PM,06/13/2024 06:28:42 PM,N,1,74,236,1,0.24,17,2.5,0.5,3,0,,1,26.75,1,1,2.75
2,05/02/2024 03:17:29 PM,05/02/2024 03:32:15 PM,N,1,75,238,1,1.52,14.9,0,0.5,4.79,0,,1,23.94,1,1,2.75
2,05/14/2024 06:59:26 PM,05/14/2024 07:15:59 PM,N,1,74,263,1,2.27,16.3,2.5,0.5,4.61,0,,1,27.66,1,1,2.75
2,11/26/2024 06:21:18 AM,11/26/2024 06:27:30 AM,N,1,74,75,1,1.53,8.6,0,0.5,1,0,,1,11.1,1,1,0
2,03/01/2024 03:06:46 PM,03/01/2024 03:15:11 PM,N,1,75,74,6,1.34,10,0,0.5,2.3,0,,1,13.8,1,1,0
2,03/09/2024 02:23:40 PM,03/09/2024 02:38:00 PM,N,1,166,75,1,2.26,14.9,0,0.5,4.1,0,,1,20.5,1,1,0
1,11/04/2024 01:02:21 PM,11/04/2024 01:33:36 PM,N,1,74,162,1,3,26.8,2.75,1.5,0,0,,1,31.05,1,1,2.75
2,02/09/2024 01:25:54 AM,02/09/2024 01:31:03 AM,N,1,24,166,1,1.01,7.9,1,0.5,1.6,0,,1,12,1,1,0
2,07/05/2024 08:46:31 AM,07/05/2024 08:57:01 AM,N,1,74,166,1,1.9,12.1,0,0.5,2.72,0,,1,16.32,1,1,0
2,11/03/2024 03:00:48 PM,11/03/2024 03:07:18 PM,N,1,74,75,1,0.92,7.9,0,0.5,1.88,0,,1,11.28,1,1,0
2,02/02/2024 08:18:00 AM,02/02/2024 09:14:00 AM,,,61,137,,7.06,39.11,0,0,0,0,,1,42.86,,,
2,09/28/2024 10:56:54 AM,09/28/2024 11:13:06 AM,N,1,74,140,1,2.98,17.7,0,0.5,4.39,0,,1,26.34,1,1,2.75
2,07/24/2024 02:18:09 PM,07/24/2024 02:41:57 PM,N,1,75,170,1,3.72,24,0,0.5,5.65,0,,1,33.9,1,1,2.75
2,09/29/2024 01:00:25 PM,09/29/2024 01:08:35 PM,N,1,7,226,1,1.1,9.3,0,0.5,0,0,,1,10.8,2,1,0
2,01/05/2024 06:59:37 AM,01/05/2024 07:04:54 AM,N,1,74,74,1,0.69,6.5,0,0.5,1.2,0,,1,9.2,1,1,0
2,12/11/2024 02:50:44 PM,12/11/2024 03:00:53 PM,,,259,20,,4.14,19.09,0,0.5,0,0,,1,20.59,,,
2,05/11/2024 11:29:04 AM,05/11/2024 11:40:03 AM,N,1,74,116,1,2.01,12.1,0,0.5,2.72,0,,1,16.32,1,1,0
2,05/31/2024 05:40:10 PM,05/31/2024 06:15:23 PM,N,1,166,162,1,5.69,35.2,2.5,0.5,0,0,,1,41.95,2,1,2.75
2,01/28/2024 01:01:26 AM,01/28/2024 01:08:02 AM,N,1,97,49,1,1.25,8.6,1,0.5,2.22,0,,1,13.32,1,1,0
1,02/25/2024 03:14:27 PM,02/25/2024 03:19:45 PM,N,1,41,41,1,1,7.9,0,1.5,2.35,0,,1,11.75,1,1,0
2,04/22/2024 05:15:43 PM,04/22/2024 05:35:51 PM,N,1,166,263,1,2.92,20.5,2.5,0.5,8.18,0,,1,35.43,1,1,2.75
2,01/19/2024 11:14:28 PM,01/19/2024 11:21:16 PM,N,1,95,95,1,1.06,7.9,1,0.5,2.08,0,,1,12.48,1,1,0
2,05/25/2024 01:00:22 AM,05/25/2024 01:13:28 AM,N,1,74,179,3,3.98,19.8,1,0.5,0,6.94,,1,29.24,2,1,0
1,09/18/2024 02:58:57 PM,09/18/2024 03:49:39 PM,N,1,74,132,1,17.7,72.3,0,1.5,16.15,6.94,,1,96.89,1,1,0
2,10/16/2024 01:50:56 PM,10/16/2024 01:58:18 PM,N,1,75,74,1,1.52,9.3,0,0.5,2.16,0,,1,12.96,1,1,0
2,06/02/2024 03:54:41 PM,06/02/2024 04:02:53 PM,N,1,41,42,1,1.66,10.7,0,0.5,0,0,,1,12.2,2,1,0
2,04/23/2024 11:47:01 AM,04/23/2024 12:07:38 PM,N,1,74,250,1,6.34,28.9,0,0.5,0,0,,1,30.4,2,1,0
2,03/14/2024 07:44:18 AM,03/14/2024 08:13:16 AM,N,1,75,231,1,7.62,36.6,0,0.5,4,0,,1,44.85,1,1,2.75
2,09/05/2024 04:46:56 PM,09/05/2024 04:58:32 PM,N,1,82,138,1,3.85,18.4,7.5,0.5,0,0,,1,27.4,2,1,0
2,02/04/2024 06:47:18 PM,02/04/2024 06:58:30 PM,N,1,75,229,1,3.72,17.7,0,0.5,2,0,,1,23.95,1,1,2.75
2,08/04/2024 04:47:23 PM,08/04/2024 05:02:28 PM,N,1,260,138,2,4.02,21.2,5,0.5,5.54,0,,1,33.24,1,1,0
2,08/21/2024 05:49:39 PM,08/21/2024 05:54:29 PM,N,1,75,74,1,1.21,7.9,2.5,0.5,2,0,,1,13.9,1,1,0
2,07/29/2024 08:21:07 AM,07/29/2024 08:49:05 AM,N,1,75,74,1,1.57,24,0,0.5,0,0,,1,25.5,2,1,0
2,07/14/2024 01:42:37 PM,07/14/2024 02:01:02 PM,N,1,74,239,1,3.71,20.5,0,0.5,4.95,0,,1,29.7,1,1,2.75
2,03/03/2024 02:01:01 PM,03/03/2024 02:26:13 PM,N,1,20,127,1,2.95,23.3,0,0.5,4.96,0,,1,29.76,1,1,0
2,11/09/2024 05:44:49 PM,11/09/2024 06:37:26 PM,N,1,97,42,2,12.01,56.2,0,0.5,12.09,0,,1,72.54,1,1,2.75
2,03/12/2024 02:23:04 PM,03/12/2024 02:42:03 PM,N,5,7,260,1,2.02,20,0,0,0,0,,1,21,2,2,0
2,10/04/2024 08:27:38 AM,10/04/2024 08:31:35 AM,N,1,74,75,1,0.87,6.5,0,0.5,1,0,,1,9,1,1,0
1,09/19/2024 11:04:53 AM,09/19/2024 11:26:03 AM,N,1,74,237,1,2.4,19.8,2.75,1.5,4,0,,1,28.05,1,1,2.75
2,03/26/2024 07:18:11 PM,03/26/2024 07:44:40 PM,N,1,97,62,1,3,24,2.5,0.5,0,0,,1,28,2,1,0
1,10/13/2024 04:08:08 PM,10/13/2024 04:23:06 PM,N,1,82,82,1,1.4,11.4,2.5,1.5,0,0,,1,15.4,2,1,0
2,10/01/2024 10:07:18 AM,10/01/2024 10:26:25 AM,N,1,74,239,1,3.01,19.1,0,0.5,7,0,,1,30.35,1,1,2.75
1,09/16/2024 10:15:31 PM,09/16/2024 10:28:49 PM,N,1,93,95,1,4.4,21.2,1,1.5,0,0,,1,23.7,1,1,0
2,09/19/2024 05:26:01 PM,09/19/2024 05:42:05 PM,N,1,166,236,1,2.47,17,2.5,0.5,4.75,0,,1,28.5,1,1,2.75
2,05/27/2024 06:29:27 PM,05/27/2024 06:39:26 PM,N,1,74,75,1,1.52,11.4,0,0.5,2.58,0,,1,15.48,1,1,0
2,06/20/2024 09:00:36 AM,06/20/2024 09:32:33 AM,N,1,41,232,1,10.01,45,0,0.5,0.08,0,,1,49.33,1,1,2.75
1,08/22/2024 10:25:02 AM,08/22/2024 10:33:12 AM,N,1,43,238,1,1.5,10,0,1.5,0,0,,1,11.5,2,1,0
2,01/15/2024 03:11:03 PM,01/15/2024 03:11:14 PM,N,1,193,193,1,0,3,0,0.5,0.08,0,,1,4.58,1,1,0
2,05/23/2024 07:50:46 PM,05/23/2024 08:17:59 PM,N,1,75,170,2,3.54,25.4,2.5,0.5,6.43,0,,1,38.58,1,1,2.75
2,11/18/2024 05:38:06 PM,11/18/2024 05:47:11 PM,N,1,74,236,1,1.72,11.4,2.5,0.5,3.85,0,,1,19.25,1,1,0
2,07/29/2024 10:05:53 PM,07/29/2024 10:25:34 PM,N,1,101,82,1,11.07,42.2,1,0.5,0,0,,1,44.7,2,1,0
2,10/09/2024 02:44:04 PM,10/09/2024 02:44:07 PM,N,5,16,264,2,0,20,0,0,4.2,0,,1,25.2,1,2,0
2,10/07/2024 08:05:16 PM,10/07/2024 08:34:31 PM,N,1,244,249,2,8.72,40.8,1,0.5,9.21,0,,1,55.26,1,1,2.75
2,05/16/2024 06:28:04 AM,05/16/2024 06:37:10 AM,N,1,74,42,1,1.16,10,0,0.5,2.3,0,,1,13.8,1,1,0
2,01/13/2024 06:30:04 PM,01/13/2024 06:38:04 PM,N,1,74,41,3,1.26,9.3,0,0.5,2.16,0,,1,12.96,1,1,0
2,08/19/2024 02:03:01 PM,08/19/2024 02:19:21 PM,N,1,74,138,1,6.7,27.5,5,0.5,8.19,6.94,,1,49.13,1,1,0
1,08/03/2024 06:38:00 PM,08/03/2024 07:25:11 PM,N,1,85,216,1,0,29.5,0,1.5,0,0,,1,31,1,1,0
2,05/16/2024 12:33:43 PM,05/16/2024 12:50:43 PM,N,1,75,143,1,2.68,17.7,0,0.5,6.58,0,,1,28.53,1,1,2.75
1,01/26/2024 06:57:40 PM,01/26/2024 07:13:28 PM,N,1,65,61,1,2,13.5,2.5,1.5,0,0,,1,17.5,2,1,0
2,12/12/2024 05:12:51 PM,12/12/2024 05:16:21 PM,N,1,41,41,1,0.44,5.8,2.5,0.5,1.96,0,,1,11.76,1,1,0
2,09/04/2024 02:01:31 PM,09/04/2024 02:06:36 PM,N,1,41,151,1,1,7.2,0,0.5,2.61,0,,1,11.31,1,1,0
2,08/12/2024 09:51:15 PM,08/12/2024 10:23:01 PM,N,1,66,256,2,3.24,30.3,1,0.5,2,0,,1,34.8,1,1,0
2,04/29/2024 04:53:23 PM,04/29/2024 04:56:55 PM,N,1,49,97,1,0.54,5.8,2.5,0.5,1.96,0,,1,11.76,1,1,0
2,07/10/2024 11:09:16 PM,07/10/2024 11:25:59 PM,N,1,93,255,5,9.24,36.6,1,0.5,7.82,0,,1,46.92,1,1,0
2,10/20/2024 11:05:33 AM,10/20/2024 11:39:20 AM,N,1,129,166,1,7.8,38.7,0,0.5,5,6.94,,1,52.14,1,1,0
2,04/05/2024 06:17:25 PM,04/05/2024 06:24:56 PM,N,1,130,10,1,1.3,9.3,2.5,0.5,2.66,0,,1,15.96,1,1,0
2,01/30/2024 07:08:23 PM,01/30/2024 07:21:02 PM,N,1,166,142,1,2.35,14.9,2.5,0.5,2,0,,1,23.65,1,1,2.75
2,06/20/2024 03:39:17 PM,06/20/2024 03:54:07 PM,N,1,41,116,1,2.1,15.6,0,0.5,0,0,,1,17.1,2,1,0
2,04/07/2024 02:35:01 PM,04/07/2024 02:41:40 PM,N,1,236,75,1,1.02,8.6,0,0.5,0,0,,1,10.1,2,1,0
2,06/11/2024 04:19:42 PM,06/11/2024 04:38:35 PM,N,1,74,138,1,6.52,28.2,7.5,0.5,6.62,6.94,,1,50.76,1,1,0
2,12/21/2024 12:15:07 PM,12/21/2024 12:25:48 PM,N,1,97,40,1,1.63,11.4,0,0.5,3.22,0,,1,16.12,1,1,0
2,04/03/2024 06:36:55 PM,04/03/2024 06:48:23 PM,N,1,82,138,2,3.79,17.7,7.5,0.5,5.34,0,,1,32.04,1,1,0
2,01/28/2024 12:30:18 PM,01/28/2024 12:42:17 PM,N,1,74,237,1,2.6,14.2,0,0.5,5.54,0,,1,23.99,1,1,2.75
2,05/05/2024 02:04:11 PM,05/05/2024 02:09:12 PM,N,1,97,97,1,0.47,5.8,0,0.5,0,0,,1,7.3,1,1,0
2,10/12/2024 10:10:27 PM,10/12/2024 10:32:56 PM,N,1,92,260,1,5.87,30.3,1,0.5,0,0,,1,32.8,2,1,0
2,03/14/2024 12:34:01 PM,03/14/2024 12:41:03 PM,N,1,75,74,6,1.14,8.6,0,0.5,2.02,0,,1,12.12,1,1,0
2,03/10/2024 09:35:03 PM,03/10/2024 09:50:35 PM,N,1,41,262,1,2.93,17.7,1,0.5,3,0,,1,25.95,1,1,2.75
2,06/13/2024 11:16:41 PM,06/13/2024 11:24:25 PM,N,1,166,238,1,1.56,10.7,1,0.5,3.19,0,,1,19.14,1,1,2.75
2,08/17/2024 08:58:28 PM,08/17/2024 09:03:19 PM,N,1,74,75,1,1.17,7.9,1,0.5,0,0,,1,10.4,1,1,0
1,04/05/2024 07:10:41 PM,04/05/2024 07:14:36 PM,N,1,210,150,1,1.1,6.5,2.5,1.5,2.1,0,,1,12.6,1,1,0
2,08/23/2024 12:02:46 PM,08/23/2024 12:12:35 PM,N,1,82,138,1,3.69,17.7,5,0.5,4.84,0,,1,29.04,1,1,0
2,09/17/2024 02:40:11 PM,09/17/2024 02:52:36 PM,N,1,74,263,1,2.1,13.5,0,0.5,2,0,,1,19.75,1,1,2.75
2,06/24/2024 08:32:41 PM,06/24/2024 08:52:12 PM,N,1,43,243,1,6.24,28.9,1,0.5,0,0,,1,31.4,2,1,0
2,06/06/2024 06:29:08 AM,06/06/2024 06:37:20 AM,N,1,95,102,1,1.61,10.7,0,0.5,0,0,,1,12.2,2,1,0
2,09/27/2024 12:30:09 PM,09/27/2024 12:39:14 PM,N,1,7,138,1,3.69,17,5,0.5,2,0,,1,25.5,1,1,0
2,03/24/2024 01:57:39 PM,03/24/2024 02:30:14 PM,N,1,7,144,1,6.64,33.1,0,0.5,3,0,,1,40.35,1,1,2.75
2,09/07/2024 10:09:38 PM,09/07/2024 10:25:29 PM,N,1,41,239,1,3.12,18.4,1,0.5,4,0,,1,27.65,1,1,2.75
2,06/25/2024 09:38:50 PM,06/25/2024 10:03:20 PM,N,1,237,97,1,8.47,36.6,1,0.5,8.32,0,,1,49.92,1,1,2.5
2,11/30/2024 11:38:03 PM,11/30/2024 11:50:36 PM,N,1,74,166,1,2.17,14.2,1,0.5,3.34,0,,1,20.04,1,1,0
2,06/24/2024 03:28:52 PM,06/24/2024 03:36:21 PM,N,1,75,74,1,1.44,9.3,0,0.5,0,0,,1,10.8,1,1,0
1,09/11/2024 11:41:12 AM,09/11/2024 11:51:39 AM,N,1,152,42,1,2,12.8,0,1.5,0,0,,1,14.3,2,1,0
2,09/21/2024 10:32:11 PM,09/21/2024 10:59:18 PM,N,1,95,79,1,9.37,41.5,1,0.5,13.42,6.94,,1,67.11,1,1,2.75
2,01/19/2024 06:45:12 PM,01/19/2024 06:56:32 PM,N,1,75,262,2,1.31,10.7,2.5,0.5,5,0,,1,22.45,1,1,2.75
1,05/24/2024 03:02:09 PM,05/24/2024 03:02:58 PM,N,5,244,244,1,5.5,10,0,0,0.01,0,,0,10.01,1,2,0
2,05/24/2024 12:03:29 AM,05/24/2024 12:11:34 AM,N,5,82,129,1,0.99,16,0,0,4,0,,1,21,1,2,0
2,06/11/2024 03:56:51 PM,06/11/2024 04:05:12 PM,N,1,75,166,1,1.11,9.3,0,0.5,0,0,,1,10.8,2,1,0
2,06/01/2024 10:52:42 PM,06/01/2024 11:04:24 PM,N,1,95,95,2,0.57,11.4,1,0.5,0,0,,1,13.9,2,1,0
2,07/31/2024 02:18:38 PM,07/31/2024 02:41:45 PM,N,1,95,10,1,4.82,25.4,0,0.5,0,0,,1,26.9,2,1,0
2,01/24/2024 10:46:21 AM,01/24/2024 10:48:09 AM,N,1,55,55,1,0,3.7,0,0.5,0,0,,1,5.2,2,1,0
2,04/03/2024 08:20:37 AM,04/03/2024 08:36:14 AM,N,1,92,53,1,3.01,17,0,0.5,3.7,0,,1,22.2,1,1,0
2,07/29/2024 03:16:57 PM,07/29/2024 03:24:03 PM,N,1,134,135,1,1.47,10,0,0.5,1.8,0,,1,13.3,1,1,0
2,04/19/2024 08:31:23 PM,04/19/2024 08:38:35 PM,N,1,74,75,1,1.8,10,1,0.5,1.88,0,,1,14.38,1,1,0
2,09/26/2024 03:24:27 PM,09/26/2024 03:54:57 PM,N,1,74,48,1,6.48,35.2,0,0.5,0,0,,1,39.45,2,1,2.75
1,05/17/2024 11:49:11 AM,05/17/2024 11:53:10 AM,N,1,7,223,1,0.7,5.8,0,1.5,0,0,,1,7.3,2,1,0
2,02/23/2024 06:07:13 PM,02/23/2024 06:18:05 PM,N,1,116,159,1,1.56,12.1,2.5,0.5,0,0,,1,16.1,2,1,0
2,07/09/2024 12:15:28 PM,07/09/2024 12:23:27 PM,N,1,42,42,1,1.43,10,0,0.5,0,0,,1,11.5,2,1,0
2,09/13/2024 01:58:02 AM,09/13/2024 02:21:41 AM,N,1,95,124,1,8.61,36.6,1,0.5,0,0,,1,39.1,2,1,0
1,08/25/2024 02:20:08 AM,08/25/2024 02:34:13 AM,N,1,80,145,1,4.1,19.8,1,1.5,0,0,,1,22.3,1,1,0
2,09/26/2024 07:06:57 AM,09/26/2024 07:15:33 AM,N,1,75,238,2,1.79,10.7,0,0.5,2.99,0,,1,17.94,1,1,2.75
2,12/30/2024 10:05:54 PM,12/30/2024 10:10:59 PM,N,1,75,75,1,0.53,6.5,1,0.5,1.8,0,,1,10.8,1,1,0
2,02/26/2024 10:35:15 PM,02/26/2024 10:44:02 PM,N,1,74,152,1,1.78,11.4,1,0.5,1,0,,1,14.9,1,1,0
2,12/23/2024 03:58:09 PM,12/23/2024 04:45:03 PM,N,1,196,258,1,3.16,38.7,2.5,0.5,0,0,,1,42.7,2,1,0
2,01/26/2024 07:10:00 AM,01/26/2024 07:11:00 AM,,,125,125,,0.05,36.39,0,0,8.03,0,,1,48.17,,,
2,08/05/2024 09:35:56 PM,08/05/2024 09:46:41 PM,N,1,74,166,1,1.96,12.8,1,0.5,3.06,0,,1,18.36,1,1,0
2,08/16/2024 03:09:06 PM,08/16/2024 03:17:28 PM,N,1,75,263,2,1.11,9.3,0,0.5,3.39,0,,1,16.94,1,1,2.75
2,05/26/2024 07:48:44 PM,05/26/2024 08:30:28 PM,N,1,66,158,1,6.24,40.8,0,0.5,2.08,0,,1,44.38,1,1,0
2,12/11/2024 08:30:13 AM,12/11/2024 08:50:04 AM,N,1,130,205,1,3.67,21.2,0,0.5,0,0,,1,22.7,1,1,0
1,05/25/2024 03:06:14 PM,05/25/2024 03:21:29 PM,N,1,41,143,4,4.3,21.9,2.75,1.5,3,0,,1,29.15,1,1,2.75
2,01/07/2024 07:24:41 PM,01/07/2024 07:49:39 PM,N,1,33,90,2,6.09,28.9,0,0.5,2,0,,1,35.15,1,1,2.75
2,09/17/2024 05:57:16 PM,09/17/2024 06:01:17 PM,N,1,75,236,1,0.54,5.8,2.5,0.5,2.25,0,,1,14.8,1,1,2.75
2,06/22/2024 05:58:01 PM,06/22/2024 06:15:09 PM,N,1,74,239,1,3.68,19.8,0,0.5,0,0,,1,24.05,2,1,2.75
2,12/31/2024 04:06:29 PM,12/31/2024 04:20:09 PM,N,1,74,151,1,2.6,15.6,2.5,0.5,0.8,0,,1,20.4,1,1,0
1,07/09/2024 07:48:23 PM,07/09/2024 08:11:16 PM,N,1,75,162,1,3.5,23.3,5.25,1.5,5,0,,1,35.05,1,1,2.75
2,02/26/2024 12:18:22 PM,02/26/2024 12:29:39 PM,N,1,75,239,1,1.95,12.8,0,0.5,1,0,,1,18.05,1,1,2.75
2,09/19/2024 02:57:04 PM,09/19/2024 03:09:59 PM,N,1,74,74,1,1.67,13.5,0,0.5,3.75,0,,1,18.75,1,1,0
2,09/06/2024 07:24:48 PM,09/06/2024 08:11:15 PM,N,1,93,181,5,13.03,59,2.5,0.5,12.6,0,,1,75.6,1,1,0
2,02/02/2024 08:33:55 AM,02/02/2024 08:52:14 AM,N,1,121,130,1,3.13,19.8,0,0.5,0,0,,1,21.3,2,1,0
2,12/19/2024 07:30:07 PM,12/19/2024 07:32:49 PM,N,1,74,74,1,0.23,4.4,2.5,0.5,0,0,,1,8.4,2,1,0
2,10/15/2024 12:28:09 AM,10/15/2024 12:43:15 AM,N,1,82,160,1,2.66,16.3,1,0.5,4,0,,1,22.8,1,1,0
2,06/23/2024 04:19:45 AM,06/23/2024 04:36:55 AM,N,1,166,51,1,0,14.2,1,0.5,40,0,,1,56.7,1,1,0
2,02/12/2024 05:06:03 PM,02/12/2024 05:16:34 PM,N,1,95,28,5,1.62,11.4,2.5,0.5,4.62,0,,1,20.02,1,1,0
2,12/07/2024 10:56:45 PM,12/07/2024 10:57:05 PM,N,5,168,168,1,0,20,0,0,0.01,0,,1,21.01,1,2,0
2,05/25/2024 08:46:56 PM,05/25/2024 08:52:01 PM,N,1,41,41,1,0.6,6.5,1,0.5,0,0,,1,9,2,1,0
2,10/29/2024 06:09:17 PM,10/29/2024 06:24:17 PM,N,1,166,42,2,2.05,15.6,2.5,0.5,3,0,,1,22.6,1,1,0
2,12/15/2024 09:48:11 PM,12/15/2024 09:55:23 PM,N,1,95,95,1,1.17,8.6,1,0.5,2,0,,1,13.1,1,1,0
2,07/21/2024 07:04:53 PM,07/21/2024 07:21:53 PM,N,1,74,244,1,3.16,19.1,0,0.5,0,0,,1,20.6,2,1,0
2,02/21/2024 08:17:47 PM,02/21/2024 08:31:58 PM,N,1,196,173,1,1.98,14.2,1,0.5,0,0,,1,16.7,2,1,0
2,01/25/2024 02:59:26 PM,01/25/2024 03:03:18 PM,N,1,75,238,1,1.04,7.2,0,0.5,3,0,,1,11.7,1,1,0
2,10/07/2024 06:34:00 PM,10/07/2024 06:43:00 PM,,,181,189,,1.77,15.25,0,0,1.58,0,,1,17.83,,,
2,02/03/2024 06:45:57 PM,02/03/2024 06:58:56 PM,N,1,65,189,1,1.42,12.8,0,0.5,2.86,0,,1,17.16,1,1,0
2,03/25/2024 08:33:30 PM,03/25/2024 08:48:37 PM,N,1,66,144,1,2.57,16.3,1,0.5,4.31,0,,1,25.86,1,1,2.75
2,03/05/2024 01:02:43 PM,03/05/2024 01:14:48 PM,N,1,74,166,1,1.22,12.1,0,0.5,4.08,0,,1,17.68,1,1,0
2,12/06/2024 04:57:21 PM,12/06/2024 04:58:21 PM,N,1,247,119,1,0.14,3.7,2.5,0.5,0,0,,1,7.7,2,1,0
2,09/02/2024 01:58:47 AM,09/02/2024 01:58:49 AM,N,5,121,121,1,0,37,0,0,0,0,,1,38,1,2,0
2,02/09/2024 11:16:28 PM,02/09/2024 11:33:42 PM,N,1,66,189,1,2.9,18.4,1,0.5,4.18,0,,1,25.08,1,1,0
2,05/13/2024 11:09:06 PM,05/13/2024 11:12:31 PM,N,1,75,74,1,1.29,7.2,1,0.5,1.46,0,,1,11.16,1,1,0
2,11/03/2024 02:52:00 PM,11/03/2024 02:58:00 PM,,,42,42,,0.94,12.3,0,0.5,1.38,0,,1,15.18,,,
2,03/07/2024 10:35:42 AM,03/07/2024 10:46:29 AM,N,1,95,135,1,2.14,12.8,0,0.5,1,0,,1,15.3,1,1,0
2,05/11/2024 02:34:00 AM,05/11/2024 02:37:48 AM,N,1,82,83,1,0.63,5.8,1,0.5,2.49,0,,1,10.79,1,1,0
2,01/21/2024 02:08:11 PM,01/21/2024 02:12:24 PM,N,1,41,151,6,0.73,6.5,0,0.5,0,0,,1,8,2,1,0
2,09/24/2024 04:30:38 PM,09/24/2024 04:46:45 PM,N,1,130,192,1,5.15,24.7,2.5,0.5,5.74,0,,1,34.44,1,1,0
2,11/22/2024 06:11:38 AM,11/22/2024 06:16:54 AM,N,1,74,75,1,0.84,7.2,0,0.5,2,0,,1,10.7,1,1,0
2,11/10/2024 06:34:03 AM,11/10/2024 06:45:41 AM,N,1,74,243,1,4.48,20.5,0,0.5,4.4,0,,1,26.4,1,1,0
2,08/28/2024 10:46:52 AM,08/28/2024 10:51:59 AM,N,1,42,41,1,0.58,6.5,0,0.5,0,0,,1,8,2,1,0
2,09/29/2024 09:04:45 PM,09/29/2024 09:26:38 PM,,,157,4,,4.78,29.68,0,0.5,10.18,0,,1,44.11,,,
2,12/14/2024 12:09:05 AM,12/14/2024 12:13:25 AM,N,1,42,42,1,1.01,7.2,1,0.5,0,0,,1,9.7,1,1,0
2,08/16/2024 05:04:38 PM,08/16/2024 05:40:20 PM,N,1,75,231,6,8.59,42.2,2.5,0.5,5,0,,1,53.95,1,1,2.75
1,12/10/2024 04:06:21 PM,12/10/2024 04:11:24 PM,N,1,24,166,0,0.8,6.5,2.5,1.5,2.1,0,,1,12.6,1,1,0
2,06/27/2024 09:21:10 AM,06/27/2024 09:21:14 AM,N,1,193,193,6,0,3,0,0.5,0,0,,1,4.5,3,1,0
2,01/15/2024 02:29:20 PM,01/15/2024 02:37:39 PM,N,1,74,43,1,1.25,10,0,0.5,2.3,0,,1,13.8,1,1,0
2,05/08/2024 01:00:16 AM,05/08/2024 01:18:31 AM,N,1,75,235,1,6.07,26.8,1,0.5,6,0,,1,35.3,1,1,0
2,03/03/2024 01:02:15 PM,03/03/2024 01:18:36 PM,N,1,97,61,1,2.51,17.7,0,0.5,3.84,0,,1,23.04,1,1,0
2,10/25/2024 03:03:23 PM,10/25/2024 03:17:05 PM,N,1,82,70,3,3.26,17,0,0.5,0,0,,1,18.5,2,1,0
2,10/29/2024 08:17:19 AM,10/29/2024 08:32:19 AM,N,1,74,43,1,2.17,14.9,0,0.5,3.83,0,,1,22.98,1,1,2.75
2,08/09/2024 12:51:19 PM,08/09/2024 12:51:32 PM,N,1,193,193,1,0,3,0,0.5,0.9,0,,1,5.4,1,1,0
2,05/31/2024 12:02:50 AM,05/31/2024 12:10:21 AM,N,1,247,119,4,0.99,8.6,1,0.5,2.22,0,,1,13.32,1,1,0
2,01/07/2024 03:31:47 PM,01/07/2024 03:45:44 PM,N,1,74,141,1,2.72,16.3,0,0.5,4.11,0,,1,24.66,1,1,2.75
2,01/19/2024 10:52:28 PM,01/19/2024 10:57:41 PM,N,1,75,74,1,1.33,7.9,1,0.5,2.08,0,,1,12.48,1,1,0
2,04/02/2024 03:32:57 PM,04/02/2024 03:43:41 PM,N,1,65,97,1,1.06,10.7,0,0.5,2.44,0,,1,14.64,1,1,0
2,11/16/2024 09:58:38 AM,11/16/2024 10:05:57 AM,N,1,74,236,2,1.64,10,0,0.5,2.85,0,,1,17.1,1,1,2.75
1,04/23/2024 07:08:55 AM,04/23/2024 07:16:59 AM,N,1,74,236,1,1.8,10.7,2.75,1.5,2.95,0,,1,17.9,1,1,2.75
2,05/13/2024 05:38:22 PM,05/13/2024 05:53:34 PM,N,1,244,238,1,4.79,22.6,2.5,0.5,5.87,0,,1,35.22,1,1,2.75
2,12/16/2024 07:07:15 AM,12/16/2024 07:17:07 AM,N,1,43,43,1,1.43,10.7,0,0.5,0,0,,1,14.95,1,1,2.75
2,10/14/2024 07:14:41 PM,10/14/2024 07:22:52 PM,N,1,74,263,1,2.08,11.4,0,0.5,3,0,,1,18.65,1,1,2.75
1,01/27/2024 07:22:45 PM,01/27/2024 07:26:36 PM,N,1,166,151,1,0.6,6.5,2.5,1.5,2.1,0,,1,12.6,1,1,0
2,02/12/2024 03:31:33 PM,02/12/2024 03:49:29 PM,N,1,75,69,1,3.79,19.8,2.5,0.5,0,0,,1,23.8,2,1,0
1,02/03/2024 07:31:22 PM,02/03/2024 07:38:02 PM,N,1,74,42,0,1,8.6,2.5,1.5,2.5,0,,1,15.1,1,1,0
2,06/22/2024 06:14:24 PM,06/22/2024 06:19:26 PM,N,1,129,260,1,0.82,6.5,0,0.5,0,0,,1,8,2,1,0
2,11/22/2024 06:29:53 PM,11/22/2024 06:38:41 PM,N,1,134,134,1,0.79,9.3,2.5,0.5,2.66,0,,1,15.96,1,1,0
2,08/19/2024 01:31:02 PM,08/19/2024 01:46:02 PM,N,1,129,82,1,0,12.8,0,0.5,0,0,,1,14.3,2,1,0
2,11/16/2024 09:08:23 PM,11/16/2024 09:15:24 PM,N,1,75,74,1,1.54,10,1,0.5,0,0,,1,12.5,2,1,0
2,04/10/2024 07:53:00 PM,04/10/2024 08:10:03 PM,N,1,75,68,1,4.26,21.2,2.5,0.5,6.99,0,,1,34.94,1,1,2.75
2,06/21/2024 12:03:27 PM,06/21/2024 12:28:21 PM,N,1,244,75,1,6.49,33.1,0,0.5,0,0,,1,37.35,2,1,2.75
2,09/22/2024 07:38:24 PM,09/22/2024 07:48:39 PM,N,1,74,263,1,2.13,12.8,0,0.5,3.41,0,,1,20.46,1,1,2.75
2,03/07/2024 10:37:59 PM,03/07/2024 11:04:33 PM,N,1,130,265,1,9.61,40.1,1,0.5,0,0,,1,42.6,1,1,0
2,05/01/2024 02:44:19 PM,05/01/2024 02:55:04 PM,N,1,74,42,1,1.2,10.7,0,0.5,0,0,,1,12.2,2,1,0
2,07/18/2024 09:04:32 PM,07/18/2024 09:08:35 PM,N,1,95,95,1,0.68,5.8,1,0.5,0,0,,1,8.3,2,1,0
2,08/17/2024 10:14:00 AM,08/17/2024 10:23:00 AM,,,120,220,,3.68,20.55,0,0,3.63,3.18,,1,28.36,,,
1,10/22/2024 10:23:26 AM,10/22/2024 10:41:18 AM,N,1,75,229,0,2.2,17,2.75,1.5,4.25,0,,1,25.5,1,1,2.75
2,09/08/2024 07:49:02 PM,09/08/2024 08:15:31 PM,N,1,97,228,1,1.63,21.2,0,0.5,4,0,,1,26.7,1,1,0
2,02/26/2024 07:29:28 PM,02/26/2024 07:43:46 PM,N,1,166,75,1,2.02,14.9,2.5,0.5,3.78,0,,1,22.68,1,1,0
1,06/04/2024 06:51:48 AM,06/04/2024 07:08:57 AM,N,1,74,140,1,3.7,18.4,2.75,1.5,2,0,,1,24.65,1,1,2.75
2,07/02/2024 06:24:01 PM,07/02/2024 06:39:12 PM,N,1,75,141,1,2.08,15.6,2.5,0.5,0,0,,1,22.35,2,1,2.75
2,04/19/2024 02:53:13 PM,04/19/2024 03:06:06 PM,N,1,196,95,1,2.35,14.9,0,0.5,3.28,0,,1,19.68,1,1,0
2,07/18/2024 10:26:30 AM,07/18/2024 10:38:35 AM,N,1,74,263,1,2.26,13.5,0,0.5,3.55,0,,1,21.3,1,1,2.75
2,09/20/2024 03:55:34 PM,09/20/2024 04:52:32 PM,N,1,92,132,1,12.19,63.9,0,0.5,13.08,0,,1,78.48,1,1,0
2,04/02/2024 10:52:10 PM,04/02/2024 10:58:32 PM,N,1,7,179,1,1.14,7.9,1,0.5,2.08,0,,1,12.48,1,1,0
2,09/28/2024 02:00:58 PM,09/28/2024 02:24:19 PM,N,1,74,142,1,3.59,22.6,0,0.5,5.37,0,,1,32.22,1,1,2.75
2,02/24/2024 01:29:53 AM,02/24/2024 01:56:01 AM,N,1,80,90,1,8.91,38,1,0.5,8.6,0,,1,51.6,1,1,2.5
2,10/03/2024 06:10:21 PM,10/03/2024 06:22:36 PM,N,1,166,74,1,1.56,12.8,2.5,0.5,2,0,,1,18.8,1,1,0
2,06/17/2024 04:19:32 PM,06/17/2024 04:31:37 PM,N,1,75,141,1,2.52,14.2,2.5,0.5,4.19,0,,1,25.14,1,1,2.75
2,07/30/2024 10:05:34 AM,07/30/2024 10:29:54 AM,N,1,74,140,1,3.32,23.3,0,0.5,5.51,0,,1,33.06,1,1,2.75
2,12/22/2024 02:26:20 PM,12/22/2024 02:39:45 PM,N,1,74,236,1,2.39,14.9,0,0.5,1.92,0,,1,21.07,1,1,2.75
2,11/18/2024 06:05:40 PM,11/18/2024 06:33:19 PM,N,1,75,90,1,6.22,31.7,2.5,0.5,10,0,,1,48.45,1,1,2.75
2,10/22/2024 01:16:01 PM,10/22/2024 01:28:57 PM,N,1,43,239,1,2.01,14.2,0,0.5,2.5,0,,1,20.95,1,1,2.75
2,05/12/2024 05:40:33 PM,05/12/2024 05:43:22 PM,N,1,7,7,1,0.32,5.1,0,0.5,1.32,0,,1,7.92,1,1,0
2,12/06/2024 04:49:18 PM,12/06/2024 05:02:01 PM,N,1,43,262,1,1.27,12.1,2.5,0.5,3.77,0,,1,22.62,1,1,2.75
2,02/27/2024 04:27:49 PM,02/27/2024 04:35:13 PM,N,1,43,166,1,1.74,10,2.5,0.5,0,0,,1,14,1,1,0
1,06/16/2024 05:18:30 PM,06/16/2024 05:35:28 PM,N,1,65,17,2,2.6,16.3,2.5,1.5,0,0,,1,20.3,2,1,0
2,08/07/2024 09:01:37 PM,08/07/2024 09:09:27 PM,N,1,69,116,1,1.44,10,1,0.5,3.75,0,,1,16.25,1,1,0
2,03/08/2024 07:34:39 AM,03/08/2024 07:38:17 AM,N,1,74,41,1,0.5,5.8,0,0.5,0,0,,0.3,6.6,2,1,0
2,10/06/2024 10:22:01 AM,10/06/2024 10:57:51 AM,N,5,195,43,1,9.69,50,0,0,0.01,0,,1,53.76,1,2,2.75
1,06/20/2024 05:37:42 PM,06/20/2024 05:41:28 PM,N,1,43,236,1,0.9,5.8,5.25,1.5,0,0,,1,12.55,2,1,2.75
2,06/06/2024 06:50:59 AM,06/06/2024 06:56:44 AM,N,1,75,161,1,2.29,10.7,0,0.5,0,0,,1,14.95,2,1,2.75
2,11/24/2024 10:47:26 AM,11/24/2024 10:53:27 AM,N,1,83,138,2,3.37,14.9,5,0.5,0,0,,1,21.4,2,1,0
2,05/02/2024 03:03:47 AM,05/02/2024 03:11:59 AM,N,1,129,129,2,1.27,9.3,1,0.5,3.54,0,,1,15.34,1,1,0
2,01/15/2024 12:51:58 PM,01/15/2024 01:01:19 PM,N,1,66,209,1,2.14,12.8,0,0.5,3.41,0,,1,20.46,1,1,2.75
2,08/14/2024 10:06:16 PM,08/14/2024 10:13:35 PM,N,1,66,52,1,1.39,9.3,1,0.5,2.36,0,,1,14.16,1,1,0
2,02/24/2024 02:52:53 PM,02/24/2024 03:10:53 PM,N,1,42,240,1,6.53,28.2,0,0.5,0,0,,1,29.7,1,1,0
2,05/10/2024 10:58:36 PM,05/10/2024 11:25:51 PM,N,5,75,129,2,7.44,55,0,0,0,6.94,,1,62.94,2,2,0
2,08/18/2024 12:53:14 AM,08/18/2024 01:07:25 AM,N,1,255,65,2,3.47,17.7,1,0.5,4.04,0,,1,24.24,1,1,0
2,01/25/2024 01:11:18 PM,01/25/2024 01:32:59 PM,N,1,75,230,1,3.33,21.9,0,0.5,0,0,,1,26.15,2,1,2.75
2,01/03/2024 10:04:27 AM,01/03/2024 10:26:43 AM,N,1,74,142,1,3.76,23.3,0,0.5,5.51,0,,1,33.06,1,1,2.75
2,09/26/2024 02:38:26 PM,09/26/2024 03:03:14 PM,N,1,74,143,1,5.75,30.3,0,0.5,5.18,0,,1,39.73,1,1,2.75
2,02/07/2024 06:24:33 PM,02/07/2024 07:04:50 PM,N,1,66,158,1,4.11,35.9,2.5,0.5,0,0,,1,42.65,2,1,2.75
2,02/20/2024 05:05:45 PM,02/20/2024 05:19:46 PM,N,1,74,151,1,2.29,15.6,2.5,0.5,3.78,0,,0.3,22.68,1,1,0
2,10/02/2024 04:51:11 PM,10/02/2024 05:14:15 PM,N,1,166,43,1,3.73,24,2.5,0.5,1,0,,1,31.75,1,1,2.75
1,10/15/2024 01:54:36 PM,10/15/2024 02:06:11 PM,N,1,74,166,1,1.5,10.7,0,1.5,0,0,,1,12.2,1,1,0
2,01/31/2024 06:40:18 PM,01/31/2024 06:56:01 PM,N,1,74,138,1,6.66,28.2,7.5,0.5,5,6.94,,1,49.14,1,1,0
2,08/20/2024 09:15:29 PM,08/20/2024 09:23:50 PM,N,1,223,179,1,1.2,9.3,1,0.5,3.54,0,,1,15.34,1,1,0
2,05/29/2024 11:38:54 AM,05/29/2024 11:44:35 AM,N,1,7,7,1,0.52,5.8,0,0.5,0,0,,1,7.3,2,1,0
2,12/01/2024 12:58:26 AM,12/01/2024 01:03:47 AM,N,1,95,95,1,1.02,7.9,1,0.5,2.6,0,,1,13,1,1,0
2,08/19/2024 08:05:38 PM,08/19/2024 08:16:38 PM,N,1,75,42,1,2.4,13.5,1,0.5,0,0,,1,16,2,1,0
2,08/02/2024 02:30:11 PM,08/02/2024 03:07:55 PM,N,5,195,246,1,6.71,48,0,0,14.67,6.94,,1,73.36,1,2,2.75
2,08/29/2024 12:43:28 PM,08/29/2024 12:54:05 PM,N,1,33,65,1,1.32,11.4,0,0.5,2.58,0,,1,15.48,1,1,0
2,10/22/2024 10:56:35 PM,10/22/2024 11:09:38 PM,N,1,75,143,1,3.32,16.3,1,0.5,4.31,0,,1,25.86,1,1,2.75
2,05/26/2024 06:54:13 PM,05/26/2024 07:20:52 PM,N,1,41,79,1,8.12,38,0,0.5,8.4,0,,1,50.4,1,1,2.5
1,03/30/2024 01:08:58 PM,03/30/2024 01:27:33 PM,N,1,82,129,2,2.1,14.2,0,1.5,0,0,,1,15.7,2,1,0
2,04/20/2024 04:21:49 AM,04/20/2024 04:32:03 AM,N,1,129,260,1,1.17,10,1,0.5,1,0,,1,13.5,1,1,0
2,08/05/2024 05:20:04 PM,08/05/2024 05:37:28 PM,N,1,65,189,1,1.66,16.3,2.5,0.5,4.06,0,,1,24.36,1,1,0
2,04/10/2024 02:36:09 PM,04/10/2024 02:46:39 PM,N,1,42,41,1,1.69,11.4,0,0.5,0,0,,1,12.9,2,1,0
2,08/03/2024 03:27:51 PM,08/03/2024 03:34:15 PM,N,1,74,42,6,0.64,7.9,0,0.5,0,0,,1,9.4,1,1,0
2,01/10/2024 08:46:03 AM,01/10/2024 08:58:22 AM,N,1,74,166,1,1.98,13.5,0,0.5,4.5,0,,1,19.5,1,1,0
2,01/25/2024 12:27:12 PM,01/25/2024 12:35:39 PM,N,1,75,24,1,1.4,10,0,0.5,3.45,0,,1,14.95,1,1,0
2,06/05/2024 09:30:44 PM,06/05/2024 09:35:18 PM,N,1,75,74,1,1.32,7.9,1,0.5,3.12,0,,1,13.52,1,1,0
2,06/28/2024 10:43:06 PM,06/28/2024 10:56:55 PM,N,1,41,42,1,2.39,15.6,1,0.5,0,0,,1,18.1,2,1,0
1,12/17/2024 01:03:26 PM,12/17/2024 01:37:21 PM,N,1,205,39,1,0,36.5,0,1.5,0,0,,1,38,1,1,0
2,07/18/2024 04:36:46 PM,07/18/2024 04:42:55 PM,N,1,75,74,1,1.31,8.6,2.5,0.5,2.52,0,,1,15.12,1,1,0
2,03/28/2024 03:45:40 PM,03/28/2024 03:58:44 PM,N,1,82,138,3,3.69,17.7,5,0.5,3.63,0,,1,27.83,1,1,0
2,08/09/2024 05:39:35 PM,08/09/2024 05:40:22 PM,N,1,41,42,1,0.33,3.7,2.5,0.5,0,0,,1,7.7,2,1,0
2,12/01/2024 12:11:34 PM,12/01/2024 12:36:40 PM,N,1,95,73,1,5.57,29.6,0,0.5,0,0,,1,31.1,2,1,0
2,03/15/2024 10:12:21 AM,03/15/2024 10:23:02 AM,N,1,260,82,1,1.55,11.4,0,0.5,0,0,,1,12.9,2,1,0
2,10/03/2024 09:32:01 PM,10/03/2024 09:38:06 PM,N,1,97,25,1,0.4,7.2,1,0.5,2.91,0,,1,12.61,1,1,0
2,06/01/2024 01:37:21 AM,06/01/2024 01:45:41 AM,N,5,157,80,1,1.88,24,0,0,5,0,,1,30,1,2,0
1,06/17/2024 02:50:58 PM,06/17/2024 04:02:32 PM,N,1,91,262,1,0,67.5,0,1.5,0,0,,1,69,1,1,0
2,04/18/2024 09:40:46 AM,04/18/2024 10:11:43 AM,N,1,54,138,1,12.05,52,5,0.5,0,0,,1,58.5,2,1,0
2,12/06/2024 08:58:06 PM,12/06/2024 09:09:40 PM,N,1,74,238,1,2.35,14.2,1,0.5,0,0,,1,16.7,2,1,0
2,12/26/2024 05:46:15 PM,12/26/2024 05:51:09 PM,N,1,247,247,1,1,7.2,2.5,0.5,0,0,,1,11.2,1,1,0
2,06/03/2024 12:43:38 AM,06/03/2024 01:00:51 AM,N,5,80,223,1,6.83,40,0,0,10.25,0,,1,51.25,1,2,0
1,10/15/2024 02:48:49 PM,10/15/2024 03:47:43 PM,N,1,49,75,1,0,36.5,0,1.5,0,0,,1,38,1,1,0
2,01/05/2024 06:34:34 PM,01/05/2024 06:52:43 PM,N,1,97,17,2,2.67,19.1,2.5,0.5,0,0,,1,23.1,2,1,0
2,01/26/2024 01:53:48 PM,01/26/2024 02:17:29 PM,N,1,75,48,6,3.26,22.6,0,0.5,6.71,0,,1,33.56,1,1,2.75
2,12/06/2024 06:16:39 PM,12/06/2024 06:33:19 PM,N,1,74,116,1,2.32,16.3,2.5,0.5,0,0,,1,20.3,2,1,0
2,07/06/2024 02:06:59 PM,07/06/2024 02:19:59 PM,N,1,82,226,1,2.72,16.3,0,0.5,0,0,,1,17.8,1,1,0
2,09/18/2024 05:52:07 PM,09/18/2024 06:00:35 PM,N,1,75,151,1,1.43,10.7,2.5,0.5,2.94,0,,1,17.64,1,1,0
2,05/07/2024 02:34:32 AM,05/07/2024 02:38:35 AM,N,1,244,244,2,0.69,6.5,1,0.5,0,0,,1,9,2,1,0
2,07/26/2024 09:02:52 AM,07/26/2024 09:23:44 AM,N,1,75,183,6,10.01,40.1,0,0.5,0,0,,1,41.6,1,1,0
2,02/12/2024 02:07:44 PM,02/12/2024 02:25:13 PM,N,1,74,263,1,2.04,15.6,0,0.5,3.97,0,,1,23.82,1,1,2.75
2,02/21/2024 08:07:00 AM,02/21/2024 08:23:00 AM,,,33,4,,4.73,23.53,0,0,5.46,0,,1,32.74,,,
2,01/03/2024 08:48:08 AM,01/03/2024 09:00:23 AM,N,1,129,7,1,2.58,14.2,0,0.5,1.57,0,,1,17.27,1,1,0
1,09/20/2024 02:13:24 PM,09/20/2024 02:21:03 PM,N,1,74,75,1,1.3,9.3,0,1.5,0,0,,1,10.8,3,1,0
1,03/06/2024 12:23:07 PM,03/06/2024 12:34:07 PM,N,1,74,263,1,2.1,12.8,2.75,1.5,0,0,,1,17.05,2,1,2.75
2,05/23/2024 07:05:24 PM,05/23/2024 07:07:57 PM,N,1,75,75,5,0.37,5.1,2.5,0.5,1,0,,1,10.1,1,1,0
2,09/15/2024 04:24:53 PM,09/15/2024 05:01:37 PM,N,1,260,255,5,5.4,35.9,0,0.5,3.7,0,,1,41.1,1,1,0
2,05/29/2024 07:58:45 AM,05/29/2024 08:05:12 AM,N,1,116,244,1,0.94,8.6,0,0.5,1,0,,1,11.1,1,1,0
2,12/21/2024 11:43:42 PM,12/21/2024 11:43:43 PM,N,5,264,264,3,0,30,0,0,0,0,,1,31,2,2,0
2,06/17/2024 02:30:16 PM,06/17/2024 02:33:45 PM,N,1,43,43,1,0.65,5.8,0,0.5,1.87,0,,0.3,11.22,1,1,2.75
2,02/03/2024 05:05:23 PM,02/03/2024 05:17:20 PM,N,1,196,95,1,0,10.7,0,0.5,0,0,,1,12.2,2,1,0
2,02/07/2024 12:15:51 AM,02/07/2024 12:33:26 AM,N,1,130,205,1,4.32,21.2,1,0.5,0,0,,1,23.7,1,1,0
2,05/21/2024 03:03:41 PM,05/21/2024 03:11:58 PM,N,1,74,41,1,1.09,9.3,0,0.5,0,0,,1,10.8,2,1,0
2,11/12/2024 04:59:41 PM,11/12/2024 05:08:06 PM,N,1,74,74,2,0.82,9.3,2.5,0.5,0,0,,1,13.3,2,1,0
2,01/19/2024 03:43:19 PM,01/19/2024 03:54:18 PM,N,1,43,142,1,2.4,12.8,0,0.5,0,0,,1,17.05,2,1,2.75
2,10/02/2024 05:29:00 PM,10/02/2024 05:36:00 PM,,,193,193,,0.88,11.02,0,0,2.4,0,,1,14.42,,,
2,03/27/2024 11:48:25 PM,03/27/2024 11:55:33 PM,N,1,25,33,1,1.17,9.3,1,0.5,2.95,0,,1,14.75,1,1,0
2,06/21/2024 12:50:51 PM,06/21/2024 01:03:51 PM,N,1,65,97,1,0.97,12.1,0,0.5,2.72,0,,1,16.32,1,1,0
2,11/02/2024 04:58:35 AM,11/02/2024 04:58:40 AM,N,1,34,34,2,0,3,1,0.5,0,0,,1,5.5,2,1,0
2,10/15/2024 08:12:09 PM,10/15/2024 08:21:48 PM,N,1,74,75,1,1.54,11.4,1,0.5,1.39,0,,1,15.29,1,1,0
2,05/23/2024 01:56:24 PM,05/23/2024 02:07:54 PM,N,1,74,166,1,2.17,12.8,0,0.5,0,0,,1,14.3,2,1,0
2,03/15/2024 06:03:08 PM,03/15/2024 06:12:24 PM,N,1,223,223,1,0.94,10,2.5,0.5,3.5,0,,1,17.5,1,1,0
2,06/28/2024 04:36:55 PM,06/28/2024 04:36:59 PM,N,5,130,130,1,0,300,0,0,0,0,,1,301,2,2,0
2,01/27/2024 04:56:20 PM,01/27/2024 05:05:37 PM,N,1,66,97,1,1.54,10,0,0.5,2,0,,1,13.5,1,1,0
2,07/26/2024 08:15:50 AM,07/26/2024 08:25:43 AM,N,1,74,151,1,1.87,11.4,0,0.5,2.58,0,,1,15.48,1,1,0
2,03/30/2024 11:27:15 AM,03/30/2024 11:40:33 AM,N,1,116,50,1,5.59,24.7,0,0.5,3.33,0,,1,32.28,1,1,2.75
1,03/15/2024 10:36:47 AM,03/15/2024 10:43:37 AM,N,1,74,42,1,1.1,8.6,0,1.5,0,0,,1,10.1,2,1,0
1,01/05/2024 05:32:13 PM,01/05/2024 05:43:22 PM,N,1,75,263,1,1.6,12.1,5.25,1.5,3.2,0,,1,22.05,1,1,2.75
2,08/31/2024 06:34:47 PM,08/31/2024 06:43:37 PM,N,1,75,237,2,1.67,10.7,0,0.5,0,0,,1,14.95,1,1,2.75
2,04/02/2024 05:17:00 PM,04/02/2024 05:27:01 PM,N,1,7,146,1,1.46,10,2.5,0.5,0,0,,1,14,2,1,0
2,07/07/2024 03:51:49 PM,07/07/2024 04:07:23 PM,N,1,260,112,5,4.01,21.2,0,0.5,3,0,,1,25.7,1,1,0
1,12/03/2024 12:16:30 PM,12/03/2024 12:36:36 PM,N,1,41,236,1,2.8,17,2.75,1.5,4.25,0,,1,25.5,1,1,2.75
2,08/21/2024 09:44:27 PM,08/21/2024 09:45:42 PM,N,1,193,193,2,0,3.7,1,0.5,0,0,,1,6.2,2,1,0
2,09/09/2024 10:26:28 PM,09/09/2024 10:37:59 PM,N,1,166,239,2,2.17,14.2,1,0.5,0,0,,1,19.45,2,1,2.75
2,12/23/2024 02:47:41 PM,12/23/2024 02:56:31 PM,N,1,75,141,1,1.39,10.7,0,0.5,5,0,,1,19.95,1,1,2.75
1,07/17/2024 10:31:03 PM,07/17/2024 11:01:58 PM,N,1,65,177,1,4.7,28.2,1,1.5,6.1,0,,1,36.8,1,1,0
2,03/15/2024 11:31:12 AM,03/15/2024 11:41:03 AM,N,1,74,263,1,2.28,12.8,0,0.5,4.26,0,,1,21.31,1,1,2.75
2,03/09/2024 03:07:48 AM,03/09/2024 03:23:49 AM,N,1,244,24,1,3.14,18.4,1,0.5,4,0,,1,24.9,1,1,0
2,01/05/2024 08:10:36 PM,01/05/2024 08:28:17 PM,N,1,65,144,1,2.93,19.8,1,0.5,6.26,0,,1,31.31,1,1,2.75
2,04/04/2024 09:10:24 AM,04/04/2024 09:16:17 AM,N,1,145,193,1,1.38,8.6,0,0.5,2.02,0,,1,12.12,1,1,0
2,05/18/2024 04:52:40 PM,05/18/2024 05:01:00 PM,N,1,74,41,1,1.02,9.3,0,0.5,0,0,,1,10.8,2,1,0
2,09/14/2024 04:43:36 PM,09/14/2024 04:59:26 PM,N,1,74,116,1,1.88,15.6,0,0.5,3,0,,1,20.1,1,1,0
2,09/11/2024 03:23:29 PM,09/11/2024 03:45:56 PM,N,1,196,28,1,3.21,21.2,0,0.5,0,0,,1,22.7,2,1,0
2,03/05/2024 10:54:37 AM,03/05/2024 11:02:56 AM,N,1,97,25,1,0.89,9.3,0,0.5,0,0,,1,10.8,2,1,0
2,06/04/2024 05:23:28 PM,06/04/2024 05:30:01 PM,N,1,42,74,1,1.01,7.9,2.5,0.5,0,0,,1,11.9,2,1,0
2,04/27/2024 07:31:05 PM,04/27/2024 07:37:22 PM,N,1,43,75,1,0.93,7.9,0,0.5,2.43,0,,1,14.58,1,1,2.75
2,06/20/2024 02:05:16 PM,06/20/2024 02:24:42 PM,N,1,7,83,1,4.14,22.6,0,0.5,0,0,,1,24.1,2,1,0
2,08/13/2024 05:34:05 PM,08/13/2024 05:40:27 PM,N,1,75,74,1,1.26,8.6,2.5,0.5,2.52,0,,1,15.12,1,1,0
2,08/14/2024 08:06:26 PM,08/14/2024 08:23:20 PM,N,1,75,48,2,5.03,24,1,0.5,0,0,,1,29.25,2,1,2.75
2,01/25/2024 10:44:26 AM,01/25/2024 11:08:14 AM,N,1,74,141,1,3.27,22.6,0,0.5,6.71,0,,1,33.56,1,1,2.75
2,10/07/2024 11:59:47 AM,10/07/2024 12:14:23 PM,N,1,78,259,1,4.66,22.6,0,0.5,0,0,,1,24.1,1,1,0
1,08/29/2024 09:30:40 PM,08/29/2024 09:40:35 PM,N,1,93,157,0,4.6,19.8,1,1.5,0,0,,1,22.3,2,1,0
1,02/26/2024 07:58:50 AM,02/26/2024 08:18:40 AM,Y,1,74,238,2,2.7,19.8,2.75,1.5,3.61,0,,1,27.66,1,1,2.75
2,09/23/2024 11:00:06 AM,09/23/2024 11:19:53 AM,N,1,82,179,1,3.15,19.8,0,0.5,6.39,0,,1,27.69,1,1,0
2,01/24/2024 05:43:30 PM,01/24/2024 05:43:32 PM,N,5,264,264,1,0,19,0,0,0,0,,1,20,1,2,0
2,07/19/2024 10:33:52 PM,07/19/2024 10:34:02 PM,N,5,243,243,1,0.24,10.5,0,0,0,0,,1,11.5,1,2,0
2,01/22/2024 05:08:30 PM,01/22/2024 05:16:01 PM,N,1,166,238,1,1.14,9.3,2.5,0.5,4.82,0,,1,20.87,1,1,2.75
2,04/11/2024 12:15:12 PM,04/11/2024 12:35:00 PM,N,1,244,41,1,2.98,20.5,0,0.5,4.4,0,,1,26.4,1,1,0
1,10/12/2024 03:30:57 PM,10/12/2024 03:34:56 PM,N,1,74,74,1,0.7,5.8,0,1.5,0,0,,1,7.3,2,1,0
2,05/27/2024 12:53:19 PM,05/27/2024 01:04:33 PM,N,1,65,49,1,1.2,11.4,0,0.5,0,0,,1,12.9,2,1,0
2,11/25/2024 05:20:31 PM,11/25/2024 05:26:51 PM,N,1,75,74,1,1.32,8.6,2.5,0.5,2.52,0,,1,15.12,1,1,0
1,08/18/2024 10:28:47 AM,08/18/2024 10:37:44 AM,N,1,74,263,0,2.2,12.1,2.75,1.5,3.25,0,,1,19.6,1,1,2.75
2,07/31/2024 11:16:07 PM,07/31/2024 11:21:14 PM,N,1,74,41,1,1.01,7.2,1,0.5,0,0,,1,9.7,2,1,0
2,11/23/2024 05:49:09 PM,11/23/2024 06:58:02 PM,N,1,146,132,1,16.75,80,0,0.5,0.2,0,,1,81.7,1,1,0
2,12/31/2024 10:14:41 AM,12/31/2024 10:22:48 AM,N,1,35,35,1,1.37,10,0,0.5,0,0,,1,11.5,1,1,0
2,06/17/2024 06:24:09 PM,06/17/2024 06:27:55 PM,N,1,75,74,1,1.36,7.2,2.5,0.5,1.12,0,,1,12.32,1,1,0
2,08/04/2024 04:35:07 PM,08/04/2024 04:50:01 PM,N,1,74,263,1,2.54,15.6,0,0.5,2.5,0,,1,22.35,1,1,2.75
2,05/29/2024 03:49:56 PM,05/29/2024 04:01:49 PM,N,1,82,138,2,3.79,18.4,5,0.5,0,0,,1,24.9,2,1,0
2,06/25/2024 08:25:50 AM,06/25/2024 08:39:50 AM,N,5,92,95,1,3.39,20,0,0,1.88,0,,1,22.88,1,2,0
2,10/06/2024 07:26:11 PM,10/06/2024 07:39:10 PM,N,1,74,263,1,2.08,13.5,0,0.5,3.55,0,,1,21.3,1,1,2.75
2,06/07/2024 09:20:01 PM,06/07/2024 09:29:32 PM,N,1,166,239,1,1.77,12.1,1,0.5,0,0,,1,17.35,2,1,2.75
2,01/03/2024 06:59:05 PM,01/03/2024 06:59:56 PM,N,1,95,95,1,0.05,-3,-2.5,-0.5,0,0,,-1,-7,4,1,0
2,01/14/2024 12:09:45 PM,01/14/2024 12:13:10 PM,N,1,74,74,1,0.99,6.5,0,0.5,0,0,,1,8,2,1,0
2,02/08/2024 10:03:51 PM,02/08/2024 10:22:30 PM,N,1,97,228,1,2.6,18.4,1,0.5,4.18,0,,1,25.08,1,1,0
2,08/07/2024 07:35:56 PM,08/07/2024 07:39:38 PM,N,1,43,236,1,0.9,6.5,2.5,0.5,2.5,0,,1,15.75,1,1,2.75
2,11/20/2024 07:34:29 PM,11/20/2024 07:42:46 PM,N,1,97,65,1,0.91,8.6,2.5,0.5,2.52,0,,1,15.12,1,1,0
2,11/03/2024 04:17:09 AM,11/03/2024 04:17:50 AM,N,5,80,80,1,0.2,40,0,0,3,0,,1,44,1,2,0
2,02/02/2024 12:17:10 AM,02/02/2024 12:25:46 AM,N,1,223,7,1,1.95,11.4,1,0.5,3.48,0,,1,17.38,1,1,0
2,02/17/2024 03:03:00 PM,02/17/2024 03:25:00 PM,,,75,136,,6.49,26.33,0,0,5.47,0,,1,32.8,,,
2,08/07/2024 02:51:37 PM,08/07/2024 03:10:17 PM,N,1,74,229,1,4,21.2,0,0.5,5.09,0,,1,30.54,1,1,2.75
2,05/14/2024 03:46:18 PM,05/14/2024 03:51:18 PM,N,1,75,236,1,0.68,6.5,2.5,0.5,0,0,,1,13.25,2,1,2.75
2,07/09/2024 02:37:37 PM,07/09/2024 02:48:21 PM,N,1,74,166,1,1.54,11.4,0,0.5,2.58,0,,1,15.48,1,1,0
2,09/08/2024 12:36:50 AM,09/08/2024 12:49:10 AM,N,1,93,15,1,6.29,26.1,1,0.5,0,0,,1,28.6,2,1,0
2,01/08/2024 08:26:58 PM,01/08/2024 08:36:34 PM,N,1,43,239,1,1.95,12.1,1,0.5,2.95,0,,1,20.3,1,1,2.75
2,08/09/2024 09:52:58 AM,08/09/2024 10:01:58 AM,N,1,75,166,2,1.5,10,0,0.5,3.45,0,,1,14.95,1,1,0
2,01/07/2024 08:42:08 PM,01/07/2024 09:05:34 PM,N,1,82,258,1,4.65,26.1,1,0.5,0,0,,1,28.6,2,1,0
1,10/16/2024 08:28:00 AM,10/16/2024 08:46:54 AM,N,1,74,75,1,1.7,17,0,1.5,2,0,,1,20.5,1,1,0
1,03/17/2024 09:19:16 AM,03/17/2024 09:40:40 AM,N,1,72,61,1,0,21.5,0,1.5,0,0,,1,23,1,1,0
2,08/27/2024 06:48:55 PM,08/27/2024 07:17:37 PM,N,1,95,141,1,8.96,40.1,2.5,0.5,9.37,0,,1,56.22,1,1,2.75
2,10/18/2024 08:57:36 PM,10/18/2024 09:06:30 PM,N,1,65,106,1,1.14,10.7,1,0.5,2.64,0,,1,15.84,1,1,0
2,08/30/2024 10:19:37 AM,08/30/2024 10:32:38 AM,N,1,75,229,1,3.06,17.7,0,0.5,0,0,,1,21.95,2,1,2.75
2,01/18/2024 11:53:44 AM,01/18/2024 11:53:53 AM,N,1,7,7,1,0,3,0,0.5,0,0,,1,4.5,2,1,0
2,03/21/2024 06:05:21 PM,03/21/2024 06:13:21 PM,N,1,210,210,1,1.22,9.3,2.5,0.5,2.66,0,,1,15.96,1,1,0
2,02/12/2024 04:48:45 PM,02/12/2024 04:56:36 PM,N,1,166,238,5,1.51,10,2.5,0.5,3.35,0,,1,20.1,1,1,2.75
2,04/02/2024 07:25:48 PM,04/02/2024 07:36:34 PM,N,1,82,82,1,1.18,10.7,2.5,0.5,0,0,,1,14.7,2,1,0
2,04/08/2024 10:04:00 AM,04/08/2024 10:19:00 AM,,,7,202,,2.71,18.57,0,0,3.81,0,,1,23.38,,,
2,04/15/2024 01:28:18 PM,04/15/2024 01:41:21 PM,N,1,95,135,1,2.32,14.9,0,0.5,0,0,,1,16.4,1,1,0
2,08/29/2024 09:40:35 PM,08/29/2024 09:58:19 PM,N,1,75,127,1,6.25,28.2,1,0.5,6.14,0,,1,36.84,1,1,0
2,10/19/2024 03:59:27 PM,10/19/2024 04:07:45 PM,N,1,75,166,6,1.37,10,0,0.5,2.3,0,,1,13.8,1,1,0
1,09/10/2024 07:22:02 PM,09/10/2024 07:32:41 PM,N,1,74,236,1,2,12.1,5.25,1.5,0,0,,1,18.85,2,1,2.75
2,04/10/2024 01:00:23 AM,04/10/2024 01:05:52 AM,N,1,75,41,1,1.13,8.6,1,0.5,3.33,0,,1,14.43,1,1,0
2,05/08/2024 05:43:46 PM,05/08/2024 06:08:29 PM,N,1,43,230,2,3.4,23.3,2.5,0.5,4.51,0,,1,34.56,1,1,2.75
2,11/20/2024 01:06:30 PM,11/20/2024 01:26:06 PM,N,1,75,263,2,1.54,17,0,0.5,4.25,0,,1,25.5,1,1,2.75
2,08/01/2024 10:06:43 AM,08/01/2024 10:24:08 AM,N,1,74,239,1,3.14,18.4,0,0.5,4.53,0,,1,27.18,1,1,2.75
1,04/12/2024 02:29:08 PM,04/12/2024 02:40:16 PM,N,1,75,74,1,1.6,12.1,0,1.5,3.4,0,,1,17,1,1,0
2,09/30/2024 04:23:43 PM,09/30/2024 04:41:28 PM,N,1,166,143,1,2.3,17.7,2.5,0.5,4.89,0,,1,29.34,1,1,2.75
2,01/06/2024 04:28:49 PM,01/06/2024 04:42:42 PM,N,1,74,262,1,2.92,17,0,0.5,1,0,,1,22.25,1,1,2.75
2,05/15/2024 03:03:04 PM,05/15/2024 03:56:51 PM,N,1,66,239,1,9.8,50.6,0,0.5,5,0,,1,59.85,1,1,2.75
2,03/17/2024 03:54:50 PM,03/17/2024 04:08:45 PM,N,1,95,121,1,3.13,17,0,0.5,3,0,,1,21.5,1,1,0
2,05/10/2024 04:17:00 PM,05/10/2024 04:22:48 PM,N,1,75,75,5,0.75,7.2,2.5,0.5,0,0,,1,11.2,1,1,0
2,03/08/2024 12:04:50 PM,03/08/2024 12:19:27 PM,N,1,74,43,1,2.21,14.9,0,0.5,3.83,0,,1,22.98,1,1,2.75
2,04/30/2024 07:19:57 PM,04/30/2024 07:25:11 PM,N,1,244,243,1,0.83,7.2,2.5,0.5,2.24,0,,1,13.44,1,1,0
1,03/25/2024 11:54:12 AM,03/25/2024 12:15:59 PM,N,1,41,233,2,5.3,27.5,2.75,1.5,0,0,,1,31.75,2,1,2.75
2,01/30/2024 06:58:30 PM,01/30/2024 07:08:23 PM,N,1,97,65,2,1.23,10.7,2.5,0.5,2.94,0,,1,17.64,1,1,0
2,05/23/2024 09:01:36 PM,05/23/2024 09:26:10 PM,N,1,74,235,1,4.1,24,1,0.5,0,0,,0.3,25.8,1,1,0
2,11/12/2024 10:07:31 AM,11/12/2024 10:19:25 AM,N,1,74,75,1,1.35,12.1,0,0.5,3.4,0,,1,17,1,1,0
2,04/20/2024 05:54:18 PM,04/20/2024 06:10:05 PM,N,1,75,48,1,3.43,17.7,0,0.5,5.49,0,,1,27.44,1,1,2.75
2,08/04/2024 09:28:42 AM,08/04/2024 09:33:29 AM,N,1,74,141,1,2.02,10,0,0.5,0,0,,1,14.25,2,1,2.75
2,11/25/2024 12:09:20 PM,11/25/2024 12:31:15 PM,N,1,43,237,1,1.57,19.8,0,0.5,4.81,0,,1,28.86,1,1,2.75
2,11/10/2024 06:55:05 PM,11/10/2024 07:06:09 PM,N,1,82,138,1,3.84,19.1,5,0.5,4.5,0,,1,30.1,1,1,0
2,10/07/2024 06:16:10 PM,10/07/2024 06:20:32 PM,,,193,193,,0.9,11.66,0,0.5,0,0,,1,13.16,,,
1,12/06/2024 04:37:20 PM,12/06/2024 04:42:37 PM,N,1,75,74,1,1.4,8.6,2.5,1.5,2.5,0,,1,15.1,1,1,0
2,11/26/2024 02:28:24 PM,11/26/2024 02:36:27 PM,N,1,7,179,1,0.9,8.6,0,0.5,2.02,0,,1,12.12,1,1,0
2,01/06/2024 11:56:42 AM,01/06/2024 12:01:42 PM,N,1,41,24,1,0.79,7.2,0,0.5,1.74,0,,1,10.44,1,1,0
2,07/21/2024 01:49:17 AM,07/21/2024 02:16:08 AM,N,1,36,144,2,5.81,31,1,0.5,0,0,,1,36.25,1,1,2.75
2,08/31/2024 02:02:40 AM,08/31/2024 02:18:07 AM,N,1,93,232,1,11.08,42.2,1,0.5,7.12,0,,1,54.57,1,1,2.75
2,03/22/2024 09:06:25 PM,03/22/2024 09:07:07 PM,N,5,56,56,0,0,13.8,0,0,0,0,,1,14.8,2,2,0
2,01/11/2024 03:27:40 PM,01/11/2024 03:35:38 PM,N,1,7,146,1,1.39,10,0,0.5,2.3,0,,1,13.8,1,1,0
2,09/13/2024 04:01:49 PM,09/13/2024 04:02:07 PM,N,1,193,264,1,0,-3,-2.5,-0.5,0,0,,-1,-7,3,1,0
2,08/13/2024 04:45:37 PM,08/13/2024 04:54:20 PM,N,1,7,226,1,1.02,10,2.5,0.5,0,0,,1,14,2,1,0
2,05/04/2024 04:12:03 AM,05/04/2024 04:38:48 AM,N,5,80,113,4,6.13,75,0,0,0,0,,1,78.75,1,2,2.75
2,10/28/2024 07:14:29 PM,10/28/2024 07:20:22 PM,N,1,166,238,1,1.04,7.9,2.5,0.5,2.93,0,,1,17.58,1,1,2.75
2,07/04/2024 12:56:55 PM,07/04/2024 01:09:01 PM,N,1,260,83,6,0.9,11.4,0,0.5,0,0,,1,12.9,2,1,0
2,09/11/2024 11:00:37 PM,09/11/2024 11:14:52 PM,N,1,166,236,1,2.79,17,1,0.5,4.45,0,,1,26.7,1,1,2.75
2,01/08/2024 01:01:59 PM,01/08/2024 01:02:07 PM,N,1,207,207,1,0,3,0,0.5,0,0,,1,4.5,2,1,0
1,11/10/2024 08:39:53 AM,11/10/2024 08:44:03 AM,N,1,65,97,0,0.5,6.5,0,1.5,0,0,,1,8,2,1,0
2,08/24/2024 09:40:02 AM,08/24/2024 09:45:03 AM,N,1,43,263,1,1.19,7.2,0,0.5,2.29,0,,1,13.74,1,1,2.75
2,02/07/2024 04:11:45 PM,02/07/2024 04:26:48 PM,N,1,74,42,1,1.43,14.2,2.5,0.5,2,0,,1,20.2,1,1,0
2,06/14/2024 08:50:31 PM,06/14/2024 09:02:11 PM,N,1,260,83,5,1.72,12.8,1,0.5,0,0,,1,15.3,2,1,0
2,10/01/2024 11:27:21 AM,10/01/2024 11:39:21 AM,N,1,82,223,1,2.49,14.9,0,0.5,1.64,0,,1,18.04,1,1,0
1,02/09/2024 07:20:20 AM,02/09/2024 07:28:37 AM,N,1,166,41,1,1.5,10.7,0,1.5,2.4,0,,1,14.6,1,1,0
2,07/26/2024 12:55:54 PM,07/26/2024 01:09:15 PM,N,1,97,106,1,1.45,13.5,0,0.5,3,0,,1,18,1,1,0
2,08/31/2024 12:50:51 PM,08/31/2024 01:06:10 PM,N,1,66,211,1,2.97,17.7,0,0.5,4.39,0,,1,26.34,1,1,2.75
1,12/06/2024 05:05:07 PM,12/06/2024 05:34:36 PM,N,1,65,89,1,3.5,26.8,2.5,1.5,3,0,,1,33.8,1,1,0
2,05/15/2024 12:37:29 AM,05/15/2024 12:50:18 AM,N,1,74,151,1,1.9,14.2,1,0.5,3.34,0,,1,20.04,1,1,0
2,12/19/2024 09:09:11 AM,12/19/2024 09:29:45 AM,N,1,260,138,6,3.94,21.2,5,0.5,0,0,,1,27.7,2,1,0
2,04/02/2024 08:37:32 AM,04/02/2024 08:43:01 AM,N,1,116,166,1,1.7,9.3,0,0.5,0,0,,1,10.8,2,1,0
2,05/16/2024 12:13:21 AM,05/16/2024 12:18:34 AM,N,1,75,238,2,1.27,7.9,1,0.5,3.29,0,,1,16.44,1,1,2.75
2,11/14/2024 07:39:54 AM,11/14/2024 07:51:18 AM,N,1,74,75,1,1.32,11.4,0,0.5,1.5,0,,1,14.4,1,1,0
2,08/28/2024 04:30:31 PM,08/28/2024 04:48:30 PM,N,1,74,239,1,3.46,20.5,2.5,0.5,3,0,,1,30.25,1,1,2.75
2,07/13/2024 11:51:52 PM,07/13/2024 11:55:53 PM,N,1,42,42,6,0.67,6.5,1,0.5,0,0,,1,9,2,1,0
2,08/09/2024 09:16:50 PM,08/09/2024 09:28:26 PM,N,1,130,215,1,1.87,12.1,1,0.5,3,0,,1,17.6,1,1,0
2,08/26/2024 06:54:59 PM,08/26/2024 07:08:15 PM,N,1,74,238,2,2.59,15.6,2.5,0.5,4.47,0,,1,26.82,1,1,2.75
2,06/26/2024 11:09:58 PM,06/26/2024 11:16:31 PM,N,1,43,42,1,1.33,9.3,1,0.5,2.36,0,,1,14.16,1,1,0
1,01/11/2024 08:14:57 PM,01/11/2024 08:26:32 PM,N,1,65,49,1,1.6,12.1,1,1.5,2.9,0,,1,17.5,1,1,0
2,02/06/2024 07:29:06 PM,02/06/2024 07:42:04 PM,N,1,130,205,1,2.36,14.9,2.5,0.5,3.78,0,,1,22.68,1,1,0
2,01/16/2024 05:43:22 PM,01/16/2024 05:52:54 PM,N,1,43,239,1,2.05,12.1,2.5,0.5,1,0,,1,19.85,1,1,2.75
2,08/10/2024 01:14:15 PM,08/10/2024 01:17:47 PM,N,1,75,41,1,0.78,5.8,0,0.5,0,0,,1,7.3,2,1,0
2,08/17/2024 09:58:48 PM,08/17/2024 10:12:17 PM,N,1,74,238,1,2.88,16.3,1,0.5,3.76,0,,1,22.56,1,1,0
2,06/12/2024 04:52:44 PM,06/12/2024 05:07:08 PM,N,1,75,237,1,2.26,15.6,2.5,0.5,4.47,0,,1,26.82,1,1,2.75
2,05/17/2024 06:38:32 PM,05/17/2024 06:51:36 PM,N,1,95,196,5,1.87,13.5,2.5,0.5,0,0,,1,17.5,1,1,0
2,03/23/2024 03:47:09 PM,03/23/2024 03:53:07 PM,N,1,197,134,5,0.55,7.2,0,0.5,0,0,,1,8.7,2,1,0
2,11/14/2024 11:53:07 PM,11/15/2024 12:05:22 AM,N,1,75,166,1,1.88,13.5,1,0.5,3.2,0,,1,19.2,1,1,0
2,09/06/2024 04:22:01 PM,09/06/2024 04:43:47 PM,N,1,75,237,6,2.48,21.2,2.5,0.5,4.19,0,,1,32.14,1,1,2.75
2,04/06/2024 12:43:59 PM,04/06/2024 12:48:54 PM,N,1,43,236,1,0.93,7.2,0,0.5,1.72,0,,1,13.17,1,1,2.75
2,10/24/2024 05:42:26 PM,10/24/2024 05:54:23 PM,N,1,97,97,2,1.12,12.1,2.5,0.5,2,0,,1,18.1,1,1,0
2,03/07/2024 12:16:49 AM,03/07/2024 12:20:32 AM,N,5,42,42,1,0.55,10,0,0,0,0,,1,11,2,2,0
1,02/15/2024 11:58:56 AM,02/15/2024 12:46:56 PM,N,1,39,202,1,0,50.5,0,1.5,0,0,,1,52,1,1,0
1,04/16/2024 07:05:39 AM,04/16/2024 07:15:05 AM,N,1,74,236,1,1.9,11.4,2.75,1.5,3.13,0,,1,18.78,1,1,2.75
2,07/14/2024 10:29:22 AM,07/14/2024 11:59:22 AM,N,1,123,55,1,12.18,78.6,0,0.5,0,0,,1,80.1,2,1,0
2,08/07/2024 09:56:59 PM,08/07/2024 10:19:49 PM,N,5,93,90,1,11.99,80,0,0,5,6.94,,1,95.69,1,2,2.75
2,12/16/2024 08:38:00 AM,12/16/2024 09:07:56 AM,N,1,74,140,1,3.25,26.1,0,0.5,6.07,0,,1,36.42,1,1,2.75
2,06/01/2024 03:16:17 PM,06/01/2024 03:18:20 PM,N,1,74,75,1,0.7,5.1,0,0.5,1.32,0,,1,7.92,1,1,0
2,05/08/2024 11:11:09 AM,05/08/2024 11:29:10 AM,N,1,260,198,2,3.75,19.8,0,0.5,4.26,0,,1,25.56,1,1,0
2,01/23/2024 09:14:14 AM,01/23/2024 09:23:14 AM,N,1,196,135,1,2.49,12.8,0,0.5,0,0,,1,14.3,2,1,0
2,05/13/2024 09:35:50 AM,05/13/2024 09:48:26 AM,N,1,74,75,1,1.42,12.1,0,0.5,2.72,0,,1,16.32,1,1,0
2,04/18/2024 07:39:00 AM,04/18/2024 07:58:00 AM,,,166,237,,2.83,22.36,0,0,5.12,0,,1,31.23,,,
2,10/15/2024 05:22:41 PM,10/15/2024 05:47:13 PM,N,1,75,229,6,2.59,23.3,2.5,0.5,6.01,0,,1,36.06,1,1,2.75
2,07/15/2024 06:28:02 PM,07/15/2024 06:50:16 PM,N,1,97,177,1,4.05,23.3,2.5,0.5,5.46,0,,1,32.76,1,1,0
1,04/15/2024 08:41:47 PM,04/15/2024 08:54:31 PM,N,1,75,229,1,1.8,12.8,3.75,1.5,3.61,0,,1,21.66,1,1,2.75
2,08/24/2024 09:57:18 PM,08/24/2024 10:11:04 PM,N,1,74,127,6,5.39,24,1,0.5,0,0,,1,26.5,2,1,0
2,12/09/2024 11:10:16 AM,12/09/2024 11:32:01 AM,N,1,75,237,1,2.13,19.1,0,0.5,5.84,0,,1,29.19,1,1,2.75
2,09/05/2024 09:12:13 PM,09/05/2024 09:21:02 PM,N,1,43,238,1,1.71,10.7,1,0.5,3.19,0,,1,19.14,1,1,2.75
2,10/30/2024 11:17:36 AM,10/30/2024 11:30:12 AM,N,1,89,91,1,1.71,13.5,0,0.5,0,0,,1,15,1,1,0
2,03/21/2024 03:48:26 PM,03/21/2024 03:59:03 PM,N,1,260,138,1,4.02,17.7,5,0.5,4.84,0,,1,29.04,1,1,0
2,10/03/2024 11:55:11 AM,10/03/2024 12:20:08 PM,N,1,42,48,1,6.76,33.1,0,0.5,0,0,,1,37.35,2,1,2.75
2,12/13/2024 06:21:38 PM,12/13/2024 06:32:30 PM,N,1,95,134,1,1.25,11.4,2.5,0.5,3.85,0,,1,19.25,1,1,0
2,05/19/2024 03:17:58 AM,05/19/2024 03:43:56 AM,N,1,36,7,1,5.81,29.6,1,0.5,6.42,0,,1,38.52,1,1,0
2,05/02/2024 05:12:09 PM,05/02/2024 05:26:29 PM,N,1,33,65,2,2.9,17,2.5,0.5,4.2,0,,1,25.2,1,1,0
2,08/13/2024 02:57:48 PM,08/13/2024 03:04:13 PM,N,1,75,75,1,0.74,7.9,0,0.5,2.6,0,,1,12,1,1,0
2,11/30/2024 08:46:57 PM,11/30/2024 09:00:14 PM,N,1,95,258,1,2.49,14.2,1,0.5,0,0,,1,16.7,2,1,0
2,06/19/2024 05:47:00 PM,06/19/2024 05:53:00 PM,,,193,7,,0.83,11.73,0,0,2.55,0,,1,15.28,,,
2,06/06/2024 12:50:25 PM,06/06/2024 01:09:21 PM,N,1,75,142,1,2.92,19.1,0,0.5,0,0,,1,23.35,2,1,2.75
2,03/14/2024 02:41:52 PM,03/14/2024 02:52:41 PM,N,1,82,157,1,1.68,11.4,0,0.5,2,0,,1,14.9,1,1,0
2,06/02/2024 02:44:09 AM,06/02/2024 02:48:14 AM,N,1,42,152,1,0.78,6.5,1,0.5,2.25,0,,1,11.25,1,1,0
2,05/12/2024 12:39:03 PM,05/12/2024 12:45:58 PM,N,1,75,75,1,0.79,8.6,0,0.5,0.71,0,,1,10.81,1,1,0
1,07/09/2024 12:36:08 PM,07/09/2024 12:59:02 PM,N,1,76,72,1,0,17.5,0,1.5,0,0,,1,19,1,1,0
1,02/08/2024 08:46:09 AM,02/08/2024 09:07:21 AM,N,1,74,239,1,2.9,20.5,2.75,1.5,0,0,,1,24.75,2,1,2.75
2,04/20/2024 03:51:04 PM,04/20/2024 04:50:35 PM,N,1,247,161,1,7.39,51.3,0,0.5,13.89,0,,1,69.44,1,1,2.75
2,06/14/2024 10:32:42 PM,06/14/2024 11:05:00 PM,N,1,36,48,1,8.31,40.8,1,0.5,10.6,6.94,,1,63.59,1,1,2.75
2,12/21/2024 11:58:37 AM,12/21/2024 12:12:15 PM,N,1,74,236,1,2.3,14.2,0,0.5,0,0,,1,18.45,2,1,2.75
2,06/10/2024 09:17:54 PM,06/10/2024 09:29:36 PM,N,1,166,50,1,4.03,19.8,1,0.5,5.01,0,,1,30.06,1,1,2.75
2,02/12/2024 06:08:28 PM,02/12/2024 06:13:09 PM,N,1,75,74,6,0.84,7.2,2.5,0.5,0,0,,1,11.2,2,1,0
1,05/25/2024 09:54:03 PM,05/25/2024 10:07:44 PM,N,1,33,231,2,2.4,14.9,3.75,1.5,0,0,,1,20.15,2,1,2.75
2,11/01/2024 07:52:50 AM,11/01/2024 08:01:14 AM,N,1,74,152,1,1.28,10,0,0.5,2.3,0,,1,13.8,1,1,0
1,03/11/2024 03:23:52 PM,03/11/2024 03:33:06 PM,N,1,55,150,1,2.4,12.8,0,1.5,2.85,0,,1,17.15,1,1,0
2,11/09/2024 09:38:10 PM,11/09/2024 09:54:32 PM,N,1,74,262,1,2.93,17.7,1,0.5,3.44,0,,1,26.39,1,1,2.75
2,06/02/2024 02:28:40 AM,06/02/2024 02:36:04 AM,N,1,95,102,1,1.32,10,1,0.5,2.5,0,,1,15,1,1,0
2,03/12/2024 08:25:37 PM,03/12/2024 08:45:27 PM,N,1,75,50,1,3.79,21.2,1,0.5,0,0,,1,26.45,1,1,2.75
2,11/01/2024 12:04:36 PM,11/01/2024 12:24:25 PM,N,1,75,233,1,4,23.3,0,0.5,2.48,0,,1,30.03,1,1,2.75
2,07/18/2024 05:01:11 PM,07/18/2024 05:12:43 PM,N,1,75,74,1,1.73,12.1,2.5,0.5,3.22,0,,1,19.32,1,1,0
2,08/02/2024 11:31:10 AM,08/02/2024 11:31:16 AM,N,5,259,259,1,0,40,0,0,0,0,,1,41,1,2,0
1,11/10/2024 02:00:24 PM,11/10/2024 02:16:05 PM,N,1,97,33,0,1.2,14.2,0,1.5,3.9,0,,1,19.6,1,1,0
2,06/26/2024 07:29:18 AM,06/26/2024 07:32:41 AM,N,1,75,263,1,0.63,5.8,0,0.5,2.01,0,,1,12.06,1,1,2.75
2,04/26/2024 08:01:54 AM,04/26/2024 08:15:46 AM,N,1,43,141,1,2.06,14.2,0,0.5,3.69,0,,1,22.14,1,1,2.75
2,12/20/2024 02:54:39 PM,12/20/2024 03:07:07 PM,N,1,95,95,2,1.2,12.1,0,0.5,0,0,,1,13.6,2,1,0
1,11/25/2024 05:15:37 PM,11/25/2024 05:25:31 PM,N,1,75,42,3,1.7,11.4,2.5,1.5,0,0,,1,15.4,2,1,0
2,12/23/2024 08:43:00 AM,12/23/2024 08:52:07 AM,N,1,75,141,1,2,11.4,0,0.5,3.13,0,,1,18.78,1,1,2.75
1,03/28/2024 09:38:37 AM,03/28/2024 10:04:10 AM,,,166,138,,0,34.5,5,0.5,4.79,6.94,,1,54.73,,,
2,01/12/2024 06:17:50 PM,01/12/2024 06:34:09 PM,N,1,146,260,1,2.8,17,2.5,0.5,0,0,,1,21,2,1,0
1,07/20/2024 10:45:45 AM,07/20/2024 11:11:54 AM,N,1,7,68,1,5.6,29.6,2.75,1.5,3.39,0,,1,37.24,1,1,2.75
2,07/16/2024 08:28:41 AM,07/16/2024 08:42:54 AM,N,1,130,132,1,3.75,19.8,0,0.5,3.2,0,,1,24.5,1,1,0
2,02/18/2024 10:32:45 AM,02/18/2024 10:43:42 AM,N,1,166,239,1,1.94,12.8,0,0.5,3.41,0,,1,20.46,1,1,2.75
2,11/25/2024 05:32:28 PM,11/25/2024 05:53:49 PM,N,1,82,129,2,3.7,22.6,2.5,0.5,2.08,0,,1,28.68,1,1,0
2,10/18/2024 11:07:23 AM,10/18/2024 11:17:43 AM,N,1,74,236,1,1.85,12.1,0,0.5,3.27,0,,1,19.62,1,1,2.75
2,10/16/2024 10:41:00 AM,10/16/2024 11:14:00 AM,,,195,239,,9.25,52.15,0,0.5,12.67,6.94,,1,76.01,,,
1,11/19/2024 07:33:53 PM,11/19/2024 08:02:45 PM,N,1,97,61,1,3.8,23.3,2.5,1.5,3,0,,1,30.3,1,1,0
2,07/17/2024 10:37:00 PM,07/17/2024 10:42:00 PM,,,255,255,,0.66,12.62,0,0.5,2,0,,1,16.12,,,
2,01/12/2024 06:23:50 PM,01/12/2024 06:35:51 PM,N,1,24,75,1,1.37,12.1,2.5,0.5,3.22,0,,1,19.32,1,1,0
2,01/06/2024 08:20:27 AM,01/06/2024 08:23:31 AM,N,1,74,41,1,0.63,5.8,0,0.5,0,0,,1,7.3,2,1,0
2,09/11/2024 07:13:56 PM,09/11/2024 07:26:23 PM,N,1,74,263,6,2.23,14.2,2.5,0.5,4.19,0,,1,25.14,1,1,2.75
2,03/28/2024 06:07:05 PM,03/28/2024 06:18:03 PM,N,1,82,95,1,1.6,12.1,2.5,0.5,3.22,0,,1,19.32,1,1,0
2,08/25/2024 06:31:04 PM,08/25/2024 06:57:41 PM,N,1,95,112,1,7.18,34.5,0,0.5,7.2,0,,1,43.2,1,1,0
2,07/17/2024 08:17:12 PM,07/17/2024 08:26:03 PM,N,1,166,239,1,1.97,12.1,1,0.5,3.47,0,,1,20.82,1,1,2.75
2,10/26/2024 03:01:45 PM,10/26/2024 03:07:17 PM,N,1,129,83,1,0.43,6.5,0,0.5,1.6,0,,1,9.6,1,1,0
2,02/05/2024 06:37:52 PM,02/05/2024 06:54:03 PM,N,1,47,60,1,1.89,15.6,2.5,0.5,0,0,,1,19.6,1,1,0
2,05/26/2024 03:31:01 PM,05/26/2024 03:53:30 PM,N,1,41,107,1,6.72,30.3,0,0.5,0,0,,1,34.55,2,1,2.75
1,04/20/2024 03:04:37 PM,04/20/2024 03:12:07 PM,N,1,166,238,3,1,7.9,0,1.5,2.35,0,,1,11.75,1,1,0
2,06/02/2024 07:27:07 PM,06/02/2024 07:38:53 PM,N,1,74,263,1,2.37,14.2,0,0.5,3,0,,1,21.45,1,1,2.75
2,01/05/2024 01:21:21 PM,01/05/2024 01:46:43 PM,N,1,95,82,1,3.36,24.7,0,0.5,9,0,,1,35.2,1,1,0
2,09/13/2024 03:37:46 PM,09/13/2024 03:43:54 PM,N,1,166,24,1,1.07,8.6,0,0.5,1.5,0,,0.3,10.9,1,1,0
1,11/13/2024 04:59:23 PM,11/13/2024 05:01:38 PM,N,1,41,43,1,0.5,5.1,2.5,1.5,0,0,,1,9.1,1,1,0
1,03/01/2024 09:39:06 AM,03/01/2024 09:51:57 AM,N,1,130,28,0,1.4,12.8,0,1.5,2.85,0,,1,17.15,1,1,0
2,07/10/2024 08:22:02 PM,07/10/2024 08:29:29 PM,N,1,130,10,1,1.71,10,1,0.5,0,0,,1,12.5,1,1,0
2,09/23/2024 08:53:26 PM,09/23/2024 09:05:37 PM,N,1,92,129,1,3.49,17,1,0.5,0,0,,1,19.5,2,1,0
2,11/02/2024 01:16:46 PM,11/02/2024 01:36:21 PM,N,1,43,161,6,2.6,19.1,0,0.5,2,0,,1,25.35,1,1,2.75
2,05/31/2024 12:00:53 AM,05/31/2024 12:03:56 AM,N,1,166,151,1,0.6,5.8,1,0.5,0,0,,1,8.3,2,1,0
2,06/24/2024 07:29:46 AM,06/24/2024 07:58:08 AM,N,1,7,112,1,3.85,26.1,0,0.5,5.52,0,,1,33.12,1,1,0
2,10/30/2024 07:21:51 PM,10/30/2024 07:33:55 PM,N,1,33,61,2,2.73,14.9,2.5,0.5,0,0,,1,18.9,2,1,0
2,08/08/2024 05:08:22 PM,08/08/2024 05:17:43 PM,N,1,75,74,1,1.35,10,2.5,0.5,0,0,,1,14,1,1,0
2,07/28/2024 10:01:52 AM,07/28/2024 10:21:18 AM,N,1,74,239,6,4.43,22.6,0,0.5,4.03,0,,1,30.88,1,1,2.75
2,10/21/2024 08:37:24 AM,10/21/2024 09:06:29 AM,N,1,179,134,1,8.11,40.1,0,0.5,6,0,,1,47.6,1,1,0
2,02/29/2024 09:36:47 AM,02/29/2024 10:05:38 AM,N,1,166,186,5,4.47,28.2,0,0.5,6.49,0,,1,38.94,1,1,2.75
2,09/10/2024 10:58:32 AM,09/10/2024 11:06:33 AM,N,1,75,263,6,0.66,8.6,0,0.5,2,0,,1,14.85,1,1,2.75
2,07/25/2024 11:58:54 PM,07/26/2024 12:43:25 AM,N,5,66,125,2,9.38,75,0,0,15.75,0,,1,94.5,1,2,2.75
2,01/19/2024 06:14:46 AM,01/19/2024 06:20:44 AM,N,1,74,75,1,1.51,8.6,0,0.5,3.03,0,,1,13.13,1,1,0
2,01/07/2024 09:18:36 PM,01/07/2024 09:25:53 PM,N,1,75,42,1,1.98,10.7,1,0.5,0,0,,1,13.2,2,1,0
2,03/31/2024 01:45:03 PM,03/31/2024 01:52:30 PM,N,1,42,116,1,1.83,10.7,0,0.5,2.44,0,,1,14.64,1,1,0
2,06/18/2024 08:08:17 PM,06/18/2024 08:16:50 PM,N,1,65,97,1,1.04,9.3,1,0.5,0,0,,1,11.8,1,1,0
2,06/14/2024 09:50:41 AM,06/14/2024 10:08:48 AM,N,1,82,260,1,1.84,16.3,0,0.5,0,0,,1,17.8,2,1,0
1,06/08/2024 09:17:59 PM,06/08/2024 10:12:35 PM,N,1,33,151,1,11.5,59.7,3.75,1.5,19.45,0,,1,84.4,1,1,2.75
2,01/08/2024 07:08:10 PM,01/08/2024 07:15:03 PM,N,1,74,41,1,1.09,8.6,2.5,0.5,2.52,0,,1,15.12,1,1,0
2,06/05/2024 10:56:37 PM,06/05/2024 11:00:21 PM,N,1,260,260,1,0.5,5.8,1,0.5,2.49,0,,1,10.79,1,1,0
2,02/17/2024 10:19:26 PM,02/17/2024 10:29:18 PM,N,1,159,74,1,2.36,12.8,1,0.5,0,0,,1,15.3,2,1,0
2,03/26/2024 05:59:48 PM,03/26/2024 06:07:40 PM,N,1,41,152,1,1.27,9.3,2.5,0.5,2.66,0,,1,15.96,1,1,0
2,05/16/2024 08:04:22 AM,05/16/2024 08:16:11 AM,N,1,75,42,1,1.81,12.8,0,0.5,0,0,,1,14.3,1,1,0
2,05/28/2024 09:26:25 PM,05/28/2024 09:53:59 PM,N,5,93,230,1,11.6,85,0,0,0,6.94,,1,95.69,1,2,2.75
2,11/18/2024 09:58:04 AM,11/18/2024 10:16:20 AM,,,244,143,,5.39,30,0,0.5,6.85,0,,1,41.1,,,
2,01/09/2024 07:53:51 AM,01/09/2024 08:20:43 AM,N,1,223,146,1,2.59,22.6,0,0.5,4.82,0,,1,28.92,1,1,0
2,03/21/2024 06:02:58 PM,03/21/2024 06:27:17 PM,N,1,74,163,1,3.58,24.7,2.5,0.5,3,0,,1,34.45,1,1,2.75
2,01/30/2024 03:28:11 PM,01/30/2024 03:48:18 PM,N,1,75,140,1,2.14,17.7,0,0.5,5.49,0,,1,27.44,1,1,2.75
2,06/02/2024 12:34:00 AM,06/02/2024 12:43:36 AM,N,1,74,42,1,2.06,12.1,1,0.5,3.65,0,,1,18.25,1,1,0
2,04/01/2024 01:55:15 PM,04/01/2024 02:15:52 PM,N,1,41,235,1,4.5,24.7,0,0.5,0,0,,1,26.2,2,1,0
2,02/27/2024 07:53:15 AM,02/27/2024 08:06:38 AM,N,1,74,166,1,1.9,13.5,0,0.5,1,0,,1,16,1,1,0
2,03/25/2024 04:11:25 PM,03/25/2024 04:52:02 PM,N,1,97,26,1,5.52,37.3,2.5,0.5,2,0,,1,43.3,1,1,0
2,11/14/2024 07:33:08 AM,11/14/2024 07:47:25 AM,N,1,74,263,1,1.95,14.9,0,0.5,2,0,,0.3,17.7,1,1,0
2,12/03/2024 05:16:38 PM,12/03/2024 05:30:15 PM,N,1,166,239,1,0,12.1,2.5,0.5,0,0,,1,18.85,2,1,2.75
2,05/25/2024 08:25:20 PM,05/25/2024 08:31:46 PM,N,1,95,134,1,1.06,8.6,1,0.5,2.22,0,,1,13.32,1,1,0
2,09/10/2024 02:04:18 PM,09/10/2024 02:30:33 PM,N,1,75,244,1,4.18,25.4,0,0.5,5.38,0,,1,32.28,1,1,0
2,04/16/2024 04:59:49 PM,04/16/2024 05:10:42 PM,N,1,97,181,1,0.53,10.7,2.5,0.5,0,0,,1,14.7,2,1,0
2,02/02/2024 11:29:02 AM,02/02/2024 11:38:42 AM,N,1,74,236,1,1.61,10.7,0,0.5,3.74,0,,1,18.69,1,1,2.75
2,06/02/2024 11:12:38 AM,06/02/2024 11:17:50 AM,N,1,7,7,1,0.89,7.2,0,0.5,1.74,0,,1,10.44,1,1,0
1,06/19/2024 06:04:50 PM,06/19/2024 06:31:10 PM,N,1,66,181,3,3.6,24.7,2.5,1.5,5.7,0,,1,34.4,1,1,0
2,10/08/2024 09:06:28 AM,10/08/2024 09:11:01 AM,N,1,41,74,1,0.61,6.5,0,0.5,0,0,,1,8,1,1,0
2,11/13/2024 06:54:00 PM,11/13/2024 07:02:24 PM,N,1,75,151,1,1.33,10,2.5,0.5,0,0,,1,14,2,1,0
2,11/04/2024 07:51:41 AM,11/04/2024 07:54:59 AM,N,1,55,55,1,1.01,6.5,0,0.5,0,0,,1,8,2,1,0
2,05/01/2024 08:30:52 AM,05/01/2024 08:56:39 AM,N,1,95,132,1,6.92,33.8,0,0.5,7.06,0,,1,42.36,1,1,0
2,01/08/2024 05:46:01 AM,01/08/2024 05:47:48 AM,N,1,43,43,1,0.35,4.4,1,0.5,0,0,,1,6.9,2,1,0
2,06/26/2024 05:54:58 PM,06/26/2024 05:59:45 PM,N,1,75,74,1,1.26,7.9,2.5,0.5,2.38,0,,1,14.28,1,1,0
2,08/23/2024 03:25:53 PM,08/23/2024 03:56:23 PM,N,1,130,198,1,5.88,31.7,0,0.5,6.64,0,,1,39.84,1,1,0
2,11/10/2024 10:26:00 PM,11/10/2024 10:37:00 PM,,,65,33,,1.18,13.02,0,0.5,2.9,0,,1,17.42,,,
2,10/15/2024 07:33:37 AM,10/15/2024 07:39:44 AM,N,1,166,152,1,0.98,8.6,0,0.5,2.02,0,,1,12.12,1,1,0
2,05/02/2024 03:30:33 PM,05/02/2024 03:44:01 PM,N,1,74,236,1,1.92,14.2,0,0.5,3.69,0,,1,22.14,1,1,2.75
2,01/27/2024 10:47:07 AM,01/27/2024 10:58:26 AM,N,1,95,197,1,2,12.8,0,0.5,0,0,,1,14.3,2,1,0
2,11/23/2024 12:00:40 AM,11/23/2024 12:16:58 AM,N,1,130,63,1,3.72,19.1,1,0.5,0,0,,1,21.6,2,1,0
2,04/22/2024 06:43:15 PM,04/22/2024 06:52:26 PM,N,1,74,236,1,1.77,11.4,2.5,0.5,1.82,0,,1,19.97,1,1,2.75
2,11/27/2024 01:14:27 PM,11/27/2024 01:15:45 PM,N,1,166,152,1,0.25,3.7,0,0.5,0,0,,1,5.2,2,1,0
2,03/07/2024 05:00:39 PM,03/07/2024 05:14:29 PM,N,1,130,205,3,3.03,17,2.5,0.5,5,0,,1,26,1,1,0
2,03/04/2024 04:01:06 PM,03/04/2024 04:29:51 PM,N,5,93,132,1,10.01,28,0,0,0,0,,1,29,2,2,0
2,10/16/2024 02:33:43 PM,10/16/2024 02:34:51 PM,N,1,92,92,1,0,3.7,0,0.5,0,0,,1,5.2,2,1,0
2,07/02/2024 12:52:55 PM,07/02/2024 01:00:33 PM,N,1,225,225,1,0.8,8.6,0,0.5,0,0,,1,10.1,1,1,0
2,04/29/2024 09:40:17 AM,04/29/2024 09:53:57 AM,N,1,74,236,1,2.63,15.6,0,0.5,3.97,0,,1,23.82,1,1,2.75
2,10/03/2024 07:12:38 PM,10/03/2024 07:19:26 PM,N,1,75,24,1,1.25,9.3,2.5,0.5,2.66,0,,1,15.96,1,1,0
2,06/16/2024 05:25:45 PM,06/16/2024 05:30:48 PM,N,1,41,41,1,0.7,7.2,0,0.5,0,0,,1,8.7,1,1,0
1,12/18/2024 02:43:54 PM,12/18/2024 02:51:34 PM,N,1,42,41,1,1.4,8.6,0,1.5,0,0,,1,10.1,2,1,0
2,12/30/2024 09:08:06 PM,12/30/2024 09:10:36 PM,N,5,42,42,1,0.43,10,0,0,5,0,,1,16,1,2,0
2,12/08/2024 10:26:26 AM,12/08/2024 10:55:38 AM,N,5,65,132,1,18.14,75,0,0,2.28,0,,1,78.28,1,2,0
2,09/26/2024 07:22:54 PM,09/26/2024 07:42:30 PM,N,1,97,148,1,2.69,19.8,2.5,0.5,0,0,,1,26.55,1,1,2.75
1,05/01/2024 06:48:59 AM,05/01/2024 06:53:15 AM,N,1,244,116,1,0.9,7.2,0,1.5,1.74,0,,1,10.44,1,1,0
2,12/16/2024 09:59:56 PM,12/16/2024 10:25:12 PM,N,1,65,162,1,7.39,35.2,1,0.5,5,0,,1,45.45,1,1,2.75
2,01/20/2024 02:32:34 PM,01/20/2024 03:06:42 PM,N,5,65,1,1,15.27,110,0,0,12,0,,1,123,1,2,0
2,03/14/2024 01:08:47 PM,03/14/2024 01:40:08 PM,N,5,226,132,2,13.57,80,0,0,16.2,0,,1,97.2,1,2,0
2,12/23/2024 09:37:49 PM,12/23/2024 09:43:49 PM,N,1,7,179,1,0.93,7.9,1,0.5,1,0,,1,11.4,1,1,0
2,05/24/2024 07:06:21 PM,05/24/2024 07:20:48 PM,N,1,166,43,1,2.57,16.3,2.5,0.5,4.61,0,,1,27.66,1,1,2.75
2,02/26/2024 11:11:35 AM,02/26/2024 11:19:34 AM,N,1,260,157,5,1.61,10,0,0.5,2.88,0,,1,14.38,1,1,0
2,01/26/2024 06:21:56 PM,01/26/2024 06:36:26 PM,N,1,75,237,1,1.82,14.2,2.5,0.5,5.24,0,,1,26.19,1,1,2.75
2,05/29/2024 11:06:25 PM,05/29/2024 11:10:26 PM,N,1,61,225,1,0.77,6.5,1,0.5,0,0,,1,9,2,1,0
2,06/18/2024 06:29:53 AM,06/18/2024 06:34:28 AM,N,1,74,75,1,1.35,7.9,0,0.5,0,0,,1,9.4,1,1,0
2,10/30/2024 10:12:33 AM,10/30/2024 10:35:37 AM,N,1,43,158,1,6.85,32.4,0,0.5,5,0,,1,41.65,1,1,2.75
2,03/03/2024 05:21:19 PM,03/03/2024 05:33:11 PM,N,1,74,236,2,1.92,12.8,0,0.5,3.41,0,,1,20.46,1,1,2.75
2,03/06/2024 05:18:32 PM,03/06/2024 05:30:40 PM,N,1,82,129,1,1.37,12.1,2.5,0.5,3.22,0,,1,19.32,1,1,0
2,05/26/2024 09:37:28 PM,05/26/2024 10:00:31 PM,N,1,74,200,1,8.96,38.7,1,0.5,8.24,0,,1,49.44,1,1,0
2,02/23/2024 10:28:38 PM,02/23/2024 10:41:01 PM,N,1,97,61,1,1.37,11.4,1,0.5,2,0,,1,15.9,1,1,0
2,08/02/2024 05:35:09 PM,08/02/2024 06:02:09 PM,N,1,66,189,1,3.37,25.4,2.5,0.5,5.88,0,,1,35.28,1,1,0
2,10/10/2024 06:46:55 PM,10/10/2024 06:54:03 PM,N,1,75,74,1,1.32,9.3,2.5,0.5,2.66,0,,1,15.96,1,1,0
2,07/01/2024 02:38:55 PM,07/01/2024 02:54:53 PM,N,1,130,138,1,6.78,29.6,5,0.5,6.5,0,,1,42.6,1,1,0
2,07/09/2024 06:10:34 PM,07/09/2024 06:24:19 PM,N,1,43,141,1,1.68,14.2,2.5,0.5,2.1,0,,1,23.05,1,1,2.75
2,01/20/2024 06:56:05 AM,01/20/2024 07:15:10 AM,N,1,126,75,1,5.13,24.7,0,0.5,5.24,0,,1,31.44,1,1,0
2,12/18/2024 01:22:14 PM,12/18/2024 01:26:36 PM,N,1,75,236,1,0.86,6.5,0,0.5,0,0,,1,10.75,2,1,2.75
2,03/22/2024 06:51:33 PM,03/22/2024 06:57:44 PM,N,1,75,74,1,1.08,7.9,2.5,0.5,0,0,,1,11.9,2,1,0
2,09/03/2024 09:14:18 PM,09/03/2024 09:36:04 PM,N,5,253,152,2,10.71,65,0,0,5,6.94,,1,77.94,1,2,0
1,09/03/2024 11:46:20 AM,09/03/2024 12:06:37 PM,N,1,74,238,1,3,19.8,2.75,1.5,4.8,0,,1,28.85,1,1,2.75
2,08/11/2024 09:30:24 PM,08/11/2024 09:45:36 PM,N,1,75,230,1,3.11,17,1,0.5,4.45,0,,1,26.7,1,1,2.75
2,02/02/2024 06:18:54 PM,02/02/2024 06:25:27 PM,N,1,83,129,1,1.31,9.3,2.5,0.5,3.99,0,,1,17.29,1,1,0
2,12/27/2024 03:13:50 PM,12/27/2024 03:22:43 PM,N,1,74,236,1,1.74,10.7,0,0.5,0,0,,1,14.95,2,1,2.75
2,07/03/2024 06:55:27 PM,07/03/2024 07:05:06 PM,N,1,74,42,1,1.44,11.4,2.5,0.5,1.08,0,,1,16.48,1,1,0
2,06/14/2024 07:27:59 AM,06/14/2024 07:38:48 AM,N,1,74,75,1,1.75,12.8,0,0.5,2.72,0,,0.3,16.32,1,1,0
2,02/18/2024 12:50:31 PM,02/18/2024 01:05:29 PM,N,1,95,258,1,2.59,17,0,0.5,0,0,,1,18.5,2,1,0
2,05/14/2024 06:30:05 AM,05/14/2024 06:44:36 AM,N,1,74,75,1,1.82,14.2,0,0.5,3.14,0,,1,18.84,1,1,0
2,01/12/2024 08:54:21 AM,01/12/2024 09:00:10 AM,N,1,166,238,5,1.44,9.3,0,0.5,4.06,0,,1,17.61,1,1,2.75
2,01/05/2024 10:41:00 AM,01/05/2024 10:57:00 AM,,,248,169,,3.52,17.63,0,0,0,0,,1,18.63,,,
2,03/18/2024 10:05:36 AM,03/18/2024 10:05:40 AM,N,5,165,165,1,0,10,0,0,0,0,,1,11,1,2,0
2,10/09/2024 04:30:13 PM,10/09/2024 04:56:50 PM,N,1,244,48,1,7.46,37.3,2.5,0.5,0,0,,1,44.05,2,1,2.75
2,12/08/2024 06:38:35 PM,12/08/2024 06:50:00 PM,N,1,74,166,1,1.9,12.8,0,0.5,0,0,,1,14.3,2,1,0
2,05/01/2024 04:34:06 PM,05/01/2024 04:53:27 PM,N,1,74,43,1,2.65,19.8,2.5,0.5,5.31,0,,1,31.86,1,1,2.75
2,07/06/2024 05:59:34 PM,07/06/2024 06:06:17 PM,N,1,97,49,1,1.22,8.6,0,0.5,2.02,0,,1,12.12,1,1,0
2,10/01/2024 11:53:50 AM,10/01/2024 12:08:20 PM,N,1,166,247,1,2.8,16.3,0,0.5,0,0,,1,17.8,2,1,0
1,04/11/2024 08:24:21 AM,04/11/2024 08:28:59 AM,N,1,95,95,1,0.9,6.5,0,1.5,2.35,0,,1,10.35,1,1,0
2,11/27/2024 10:27:51 AM,11/27/2024 10:29:44 AM,N,1,166,151,4,0.37,4.4,0,0.5,1.18,0,,1,7.08,1,1,0
2,03/31/2024 06:41:12 PM,03/31/2024 06:55:59 PM,N,5,33,125,1,2.99,40,0,0,8.75,0,,1,52.5,1,2,2.75
2,09/13/2024 10:49:55 AM,09/13/2024 11:01:08 AM,N,1,116,74,1,2.79,14.9,0,0.5,0,0,,1,16.4,2,1,0
2,02/25/2024 01:10:10 AM,02/25/2024 01:30:06 AM,N,1,112,148,1,3.76,24,1,0.5,5.8,0,,1,34.8,1,1,2.5
2,12/19/2024 10:42:48 AM,12/19/2024 10:44:38 AM,N,1,41,74,1,0.3,4.4,0,0.5,1.18,0,,1,7.08,1,1,0
2,10/27/2024 06:48:12 PM,10/27/2024 07:26:00 PM,N,1,41,137,1,6.09,33.8,0,0.5,0,0,,1,38.05,2,1,2.75
2,06/29/2024 11:30:12 AM,06/29/2024 11:33:04 AM,N,1,75,75,1,0.43,5.1,0,0.5,1.98,0,,1,8.58,1,1,0
2,07/18/2024 02:45:59 PM,07/18/2024 02:54:13 PM,N,1,236,238,1,1.52,10,0,0.5,0,0,,1,14.25,2,1,2.75
2,02/21/2024 04:22:42 PM,02/21/2024 04:53:44 PM,N,5,97,198,1,4.71,40,0,0,6,0,,1,47,1,2,0
2,03/18/2024 09:46:07 PM,03/18/2024 09:53:56 PM,N,1,166,41,1,1.4,9.3,1,0.5,3.54,0,,1,15.34,1,1,0
2,04/12/2024 11:08:57 AM,04/12/2024 11:16:18 AM,N,1,55,55,1,1.5,10,0,0.5,1,0,,1,12.5,1,1,0
2,09/05/2024 03:37:51 PM,09/05/2024 03:55:30 PM,N,1,144,137,1,1.83,16.3,0,0.5,4.06,0,,1,24.36,1,1,2.5
2,05/17/2024 09:14:29 AM,05/17/2024 09:51:03 AM,N,1,89,137,1,11.98,51.3,0,0.5,18.75,6.94,,1,81.24,1,1,2.75
2,12/09/2024 04:46:17 PM,12/09/2024 04:59:17 PM,N,1,95,95,1,1.05,9.3,2.5,0.5,0,0,,1,13.3,2,1,0
2,03/25/2024 08:17:16 PM,03/25/2024 08:26:57 PM,N,1,25,181,1,1.93,11.4,1,0.5,2.78,0,,1,16.68,1,1,0
1,02/19/2024 01:04:37 AM,02/19/2024 01:24:27 AM,N,1,65,177,1,4.6,23.3,1,1.5,5,0,,1,30.8,1,1,0
2,09/27/2024 09:08:44 AM,09/27/2024 09:29:14 AM,N,1,74,138,1,6.75,31,5,0.5,11.11,6.94,,1,55.55,1,1,0
2,11/28/2024 11:13:24 PM,11/28/2024 11:21:01 PM,N,1,95,56,1,1.33,10,1,0.5,0,0,,1,12.5,2,1,0
2,05/20/2024 07:57:41 PM,05/20/2024 08:04:05 PM,N,1,74,75,1,1.37,8.6,2.5,0.5,2,0,,0.3,13.9,1,1,0
2,07/13/2024 05:44:36 PM,07/13/2024 05:55:47 PM,N,1,74,141,1,3.39,16.3,0,0.5,6.16,0,,1,26.71,1,1,2.75
2,09/27/2024 06:18:00 PM,09/27/2024 06:29:15 PM,N,1,74,41,2,1.17,11.4,2.5,0.5,3.08,0,,1,18.48,1,1,0
2,02/03/2024 02:52:05 PM,02/03/2024 03:01:44 PM,N,1,130,135,1,2.85,14.2,0,0.5,3.14,0,,1,18.84,1,1,0
2,04/16/2024 06:19:17 PM,04/16/2024 06:36:04 PM,N,1,74,151,1,2.46,17,2.5,0.5,4.2,0,,1,25.2,1,1,0
2,01/01/2024 10:46:42 PM,01/01/2024 11:01:35 PM,N,1,25,226,1,6.42,27.5,1,0.5,3,0,,1,33,1,1,0
1,07/03/2024 10:48:01 AM,07/03/2024 10:57:07 AM,N,1,75,262,1,1.6,11.4,2.75,1.5,3.1,0,,1,18.75,1,1,2.75
2,12/03/2024 11:05:25 AM,12/03/2024 11:15:43 AM,N,1,166,42,2,1.63,11.4,0,0.5,0,0,,1,12.9,2,1,0
1,08/09/2024 03:44:13 PM,08/09/2024 03:57:54 PM,N,1,52,181,1,2.4,14.2,0,1.5,2.5,0,,1,18.2,1,1,0
2,10/27/2024 04:26:06 PM,10/27/2024 04:55:28 PM,N,1,97,198,2,4.12,27.5,0,0.5,5.8,0,,1,34.8,1,1,0
2,05/10/2024 08:40:29 PM,05/10/2024 08:50:32 PM,N,1,244,243,2,2.91,14.9,1,0.5,0,0,,1,17.4,2,1,0
1,12/20/2024 05:44:49 PM,12/20/2024 06:38:09 PM,N,1,100,259,1,0,45.5,0,1.5,0,3.18,,1,50.18,1,1,0
2,12/10/2024 05:31:23 PM,12/10/2024 05:45:41 PM,N,1,75,237,1,2.2,14.9,2.5,0.5,0,0,,1,21.65,2,1,2.75
2,09/13/2024 08:34:04 AM,09/13/2024 08:45:38 AM,N,1,41,75,1,1.6,12.1,0,0.5,0,0,,1,13.6,2,1,0
2,08/01/2024 07:00:45 PM,08/01/2024 07:26:29 PM,N,1,82,145,6,3.77,25.4,2.5,0.5,0,0,,1,29.4,2,1,0
2,03/05/2024 09:25:00 AM,03/05/2024 09:45:03 AM,N,1,74,138,1,5.48,27.5,5,0.5,0,6.94,,1,40.94,2,1,0
2,09/20/2024 09:05:45 AM,09/20/2024 09:34:54 AM,N,1,95,226,5,6.44,35.2,0,0.5,0,0,,1,36.7,2,1,0
2,06/22/2024 07:22:01 PM,06/22/2024 07:41:11 PM,N,1,66,256,1,3.47,21.2,0,0.5,3,0,,1,25.7,1,1,0
2,01/09/2024 02:48:01 PM,01/09/2024 02:56:16 PM,N,1,95,95,1,1.06,9.3,0,0.5,2.16,0,,1,12.96,1,1,0
2,09/17/2024 07:32:15 PM,09/17/2024 07:37:25 PM,N,1,74,75,1,1.1,7.9,2.5,0.5,0,0,,1,11.9,2,1,0
2,10/13/2024 06:58:58 PM,10/13/2024 07:19:46 PM,N,1,74,236,1,2.72,20.5,0,0.5,3.5,0,,1,28.25,1,1,2.75
1,02/08/2024 09:30:49 AM,02/08/2024 09:39:46 AM,N,1,74,236,1,1.5,9.3,2.75,1.5,3.35,0,,1,16.9,1,1,2.75
2,09/23/2024 07:47:39 PM,09/23/2024 07:52:07 PM,N,1,41,152,6,0.79,6.5,2.5,0.5,1,0,,1,11.5,1,1,0
2,08/06/2024 10:43:45 PM,08/06/2024 10:51:20 PM,N,1,260,157,5,1.54,10,1,0.5,2.5,0,,1,15,1,1,0
2,04/22/2024 02:44:59 PM,04/22/2024 02:50:37 PM,N,1,41,151,1,0.79,7.2,0,0.5,3,0,,1,11.7,1,1,0
2,01/11/2024 05:38:05 PM,01/11/2024 05:53:29 PM,N,1,74,237,1,2.57,16.3,2.5,0.5,1,0,,1,24.05,1,1,2.75
2,10/19/2024 03:34:38 PM,10/19/2024 03:49:38 PM,N,1,75,179,1,4.64,21.9,0,0.5,0,6.94,,1,30.34,2,1,0
2,10/14/2024 06:20:55 PM,10/14/2024 06:25:34 PM,N,1,75,74,1,1.25,7.9,0,0.5,0,0,,1,9.4,1,1,0
2,03/21/2024 07:48:04 PM,03/21/2024 07:51:53 PM,N,1,75,74,1,1.33,7.2,2.5,0.5,2.8,0,,1,14,1,1,0
1,07/09/2024 02:29:09 PM,07/09/2024 03:33:06 PM,N,1,127,14,1,0,56.5,0,1.5,0,0,,1,58,1,1,0
2,01/15/2024 07:07:43 PM,01/15/2024 07:19:25 PM,N,1,236,224,1,4.5,19.8,0,0.5,7.22,0,,1,31.27,1,1,2.75
2,02/02/2024 01:19:19 PM,02/02/2024 01:40:48 PM,N,1,75,43,1,2.45,19.8,0,0.5,4.81,0,,1,28.86,1,1,2.75
1,03/24/2024 08:48:27 AM,03/24/2024 09:02:10 AM,N,1,152,136,1,5.7,24.7,0,1.5,7.85,0,,1,34.05,1,1,0
2,07/09/2024 02:48:15 AM,07/09/2024 02:56:57 AM,N,5,82,56,2,1.67,20,0,0,0,0,,1,21,2,2,0
2,11/30/2024 03:15:52 PM,11/30/2024 03:23:23 PM,N,1,75,236,1,0.81,8.6,0,0.5,0,0,,1,12.85,2,1,2.75
2,10/15/2024 04:58:29 PM,10/15/2024 05:08:28 PM,N,1,74,41,1,1.32,10.7,2.5,0.5,3.68,0,,1,18.38,1,1,0
1,06/18/2024 05:21:46 PM,06/18/2024 05:28:39 PM,N,1,75,236,1,0.7,8.6,5.25,1.5,3.07,0,,1,18.42,1,1,2.75
2,09/14/2024 09:44:19 PM,09/14/2024 09:55:57 PM,N,1,74,238,1,2.97,14.9,1,0.5,4.03,0,,1,24.18,1,1,2.75
2,12/16/2024 07:01:59 PM,12/16/2024 07:14:38 PM,N,1,97,49,1,1.36,12.1,2.5,0.5,3.22,0,,1,19.32,1,1,0
2,06/25/2024 04:49:49 PM,06/25/2024 04:49:56 PM,N,5,132,132,1,0,30,0,0,6.45,0,,1,38.7,1,2,0
2,08/25/2024 02:20:30 AM,08/25/2024 02:31:07 AM,N,5,80,97,3,7.35,60,0,0,12.2,0,,1,73.2,1,2,0
2,02/26/2024 07:30:04 PM,02/26/2024 07:42:25 PM,N,1,74,127,1,5.23,23.3,2.5,0.5,5.46,0,,1,32.76,1,1,0
2,09/15/2024 12:13:42 AM,09/15/2024 12:36:47 AM,,,211,148,,0.77,36.11,0,0.5,8.02,0,,1,48.13,,,
2,10/13/2024 08:00:24 PM,10/13/2024 08:09:39 PM,N,1,74,263,1,2.25,12.8,0,0.5,3.27,0,,0.3,19.62,1,1,2.75
2,06/16/2024 06:34:22 PM,06/16/2024 06:42:26 PM,N,1,74,236,1,1.89,10.7,0,0.5,4.48,0,,1,19.43,1,1,2.75
2,10/06/2024 10:11:44 AM,10/06/2024 10:17:16 AM,N,1,41,42,1,1.16,7.9,0,0.5,1.88,0,,1,11.28,1,1,0
2,08/16/2024 03:52:50 PM,08/16/2024 04:07:07 PM,N,1,75,42,1,2.44,15.6,0,0.5,3.42,0,,1,20.52,1,1,0
2,02/03/2024 02:48:45 PM,02/03/2024 02:56:36 PM,N,1,75,41,1,1.13,9.3,0,0.5,0,0,,1,10.8,2,1,0
2,06/02/2024 09:36:02 PM,06/02/2024 09:43:18 PM,N,1,74,75,1,1.18,8.6,1,0.5,0,0,,1,11.1,2,1,0
2,03/07/2024 08:33:29 AM,03/07/2024 08:42:31 AM,N,1,74,43,1,1.53,10.7,0,0.5,2.44,0,,1,14.64,1,1,0
2,01/24/2024 09:59:19 AM,01/24/2024 10:16:58 AM,N,1,75,162,1,2.87,18.4,0,0.5,4.53,0,,1,27.18,1,1,2.75
2,06/01/2024 05:58:43 PM,06/01/2024 06:06:13 PM,N,1,42,116,1,0.85,8.6,0,0.5,0,0,,1,10.1,2,1,0
2,07/18/2024 04:17:37 PM,07/18/2024 04:26:34 PM,N,1,43,237,1,1.68,11.4,2.5,0.5,2,0,,1,20.15,1,1,2.75
2,12/14/2024 10:45:45 AM,12/14/2024 11:00:11 AM,N,1,166,142,1,2.81,16.3,0,0.5,0,0,,1,20.55,1,1,2.75
2,05/16/2024 09:03:27 AM,05/16/2024 09:11:13 AM,N,1,74,74,1,1.15,9.3,0,0.5,0,0,,1,10.8,1,1,0
2,10/23/2024 11:29:17 AM,10/23/2024 11:40:09 AM,N,1,166,239,1,1.83,12.8,0,0.5,3.41,0,,1,20.46,1,1,2.75
2,03/16/2024 02:18:04 AM,03/16/2024 02:27:19 AM,N,1,112,80,1,1.54,10.7,1,0.5,0,0,,1,13.2,2,1,0
1,12/10/2024 12:20:52 PM,12/10/2024 12:34:48 PM,N,1,196,95,1,2.1,14.9,0,1.5,3.25,0,,1,19.65,1,1,0
2,06/05/2024 01:57:26 PM,06/05/2024 02:00:26 PM,N,1,166,166,6,0.62,5.8,0,0.5,0,0,,1,7.3,2,1,0
2,10/25/2024 01:17:19 PM,10/25/2024 01:51:18 PM,N,1,75,151,1,4.52,29.6,0,0.5,6.22,0,,1,37.32,1,1,0
2,09/25/2024 05:15:52 PM,09/25/2024 05:21:27 PM,N,1,74,42,1,1.3,7.9,2.5,0.5,0,0,,1,11.9,2,1,0
2,10/23/2024 05:06:19 PM,10/23/2024 05:18:09 PM,N,1,75,236,1,1.66,12.1,2.5,0.5,0,0,,1,18.85,2,1,2.75
1,02/24/2024 03:59:35 PM,02/24/2024 04:04:41 PM,N,1,41,24,1,1.1,7.9,0,1.5,1,0,,1,10.4,1,1,0
2,12/30/2024 01:37:22 PM,12/30/2024 01:48:33 PM,N,1,166,238,2,2.01,13.5,0,0.5,5.32,0,,1,23.07,1,1,2.75
2,02/29/2024 08:41:27 AM,02/29/2024 09:28:13 AM,N,1,74,41,1,0.61,7.9,0,0.5,0,0,,1,9.4,2,1,0
2,02/15/2024 07:21:43 PM,02/15/2024 07:30:43 PM,N,1,95,95,1,1.51,10.7,2.5,0.5,2.94,0,,1,17.64,1,1,0
2,12/16/2024 09:41:09 PM,12/16/2024 10:07:26 PM,N,1,7,143,1,5.09,28.9,1,0.5,0,0,,1,34.15,2,1,2.75
1,05/31/2024 03:20:56 PM,05/31/2024 03:31:41 PM,N,1,75,262,1,1.5,11.4,2.75,1.5,3.1,0,,1,18.75,1,1,2.75
2,01/11/2024 10:52:51 PM,01/11/2024 11:06:18 PM,N,1,75,161,1,2.75,15.6,1,0.5,4.17,0,,1,25.02,1,1,2.75
1,01/09/2024 06:21:04 AM,01/09/2024 06:35:46 AM,N,1,7,163,1,0,21.5,0,1.5,0,6.94,,1,29.94,1,1,0
2,01/19/2024 09:48:21 AM,01/19/2024 10:00:55 AM,N,1,95,95,1,1.76,13.5,0,0.5,0,0,,1,15,2,1,0
1,11/20/2024 08:16:21 AM,11/20/2024 09:25:40 AM,N,1,195,132,1,30.6,115,0,1.5,25,0,,1,141.5,1,1,0
2,07/28/2024 09:58:29 AM,07/28/2024 10:00:14 AM,,,243,244,,0.1,17.2,0,0,3.54,0,,1,21.74,,,
2,12/14/2024 10:20:03 AM,12/14/2024 10:31:51 AM,N,1,24,142,1,2.11,14.2,0,0.5,0,0,,1,18.45,2,1,2.75
2,08/21/2024 01:19:38 AM,08/21/2024 01:30:08 AM,N,1,166,200,2,6.26,25.4,1,0.5,0,3.18,,1,31.08,2,1,0
1,06/11/2024 03:12:06 PM,06/11/2024 03:25:59 PM,N,1,75,239,1,2,12.8,2.75,1.5,3.4,0,,1,20.45,1,1,2.75
2,07/03/2024 08:55:34 AM,07/03/2024 09:11:07 AM,N,1,42,259,1,7.44,29.6,0,0.5,0,0,,1,31.1,2,1,0
2,06/18/2024 06:31:44 PM,06/18/2024 07:08:05 PM,N,1,82,213,1,10.32,45.7,2.5,0.5,5,6.94,,1,61.64,1,1,0
2,09/06/2024 01:56:15 PM,09/06/2024 02:19:32 PM,N,1,53,7,1,6.39,30.3,0,0.5,0,0,,1,31.8,2,1,0
2,02/02/2024 07:08:06 AM,02/02/2024 07:17:33 AM,N,1,74,41,1,1.25,10.7,0,0.5,2,0,,1,14.2,1,1,0
2,11/12/2024 11:52:39 AM,11/12/2024 12:14:25 PM,N,1,75,141,1,1.66,18.4,0,0.5,0,0,,1,22.65,2,1,2.75
2,06/28/2024 10:45:48 PM,06/28/2024 10:51:41 PM,N,1,134,134,1,0.82,7.9,1,0.5,0,0,,1,10.4,2,1,0
1,08/22/2024 04:24:12 PM,08/22/2024 04:31:33 PM,Y,1,74,75,1,0.9,7.2,2.5,1.5,2.2,0,,1,13.4,1,1,0
2,09/04/2024 11:36:38 AM,09/04/2024 11:48:50 AM,N,1,74,75,1,1.26,11.4,0,0.5,2.58,0,,1,15.48,1,1,0
2,08/07/2024 01:20:14 PM,08/07/2024 01:39:20 PM,N,1,65,233,1,6.53,28.9,0,0.5,5.97,0,,1,39.12,1,1,2.75
2,11/26/2024 06:19:57 AM,11/26/2024 06:27:27 AM,N,1,74,236,1,2.14,11.4,0,0.5,3.13,0,,1,18.78,1,1,2.75
2,05/12/2024 11:00:39 PM,05/12/2024 11:04:24 PM,N,1,112,255,3,0.5,5.8,1,0.5,1.66,0,,1,9.96,1,1,0
2,10/17/2024 06:03:19 PM,10/17/2024 06:29:36 PM,N,1,74,237,1,3.44,24.7,2.5,0.5,6.29,0,,1,37.74,1,1,2.75
2,12/08/2024 02:12:53 PM,12/08/2024 02:26:54 PM,N,1,166,243,1,3.86,19.1,0,0.5,0,0,,1,20.6,2,1,0
2,10/22/2024 08:59:42 PM,10/22/2024 09:03:56 PM,N,1,75,74,1,1.05,7.2,1,0.5,2.91,0,,1,12.61,1,1,0
2,02/07/2024 08:06:23 PM,02/07/2024 08:17:09 PM,N,1,7,226,1,1.58,11.4,1,0.5,2.1,0,,1,16,1,1,0
2,01/09/2024 12:47:07 PM,01/09/2024 12:53:17 PM,N,1,74,75,1,1.45,8.6,0,0.5,2.52,0,,1,12.62,1,1,0
2,01/20/2024 05:57:28 PM,01/20/2024 06:04:24 PM,N,1,74,75,2,1.73,10,0,0.5,2.3,0,,1,13.8,1,1,0
1,05/28/2024 09:16:20 PM,05/28/2024 09:55:01 PM,N,1,232,182,1,0,41.5,0,1.5,0,0,,1,43,1,1,0
2,02/02/2024 08:10:53 PM,02/02/2024 08:16:13 PM,N,1,43,237,1,1.69,9.3,1,0.5,2.91,0,,1,17.46,1,1,2.75
2,02/25/2024 04:27:26 PM,02/25/2024 04:39:35 PM,N,1,74,236,1,2.14,13.5,0,0.5,1.5,0,,1,19.25,1,1,2.75
1,03/04/2024 06:31:13 PM,03/04/2024 06:44:21 PM,N,1,65,97,1,1.3,12.8,2.5,1.5,3.35,0,,1,20.15,1,1,0
2,05/17/2024 10:00:13 PM,05/17/2024 10:08:20 PM,N,1,95,95,1,0.89,9.3,1,0.5,0,0,,1,11.8,2,1,0
2,07/10/2024 05:39:18 PM,07/10/2024 06:00:27 PM,N,1,74,238,6,2.91,20.5,2.5,0.5,7.35,0,,1,31.85,1,1,0
2,02/22/2024 02:10:25 PM,02/22/2024 02:16:20 PM,N,1,196,56,1,1.29,8.6,0,0.5,0,0,,1,10.1,2,1,0
2,09/18/2024 03:14:08 PM,09/18/2024 03:31:37 PM,N,1,74,166,1,1.98,16.3,0,0.5,4.45,0,,1,22.25,1,1,0
2,10/18/2024 08:04:14 PM,10/18/2024 08:04:26 PM,N,5,210,210,1,0.21,9,0,0,0,0,,1,10,1,2,0
2,10/24/2024 04:06:56 PM,10/24/2024 04:23:41 PM,N,1,97,33,1,1.32,14.9,2.5,0.5,1,0,,1,19.9,1,1,0
2,05/17/2024 05:01:07 PM,05/17/2024 05:11:12 PM,N,1,43,74,6,1.51,11.4,2.5,0.5,3.85,0,,1,19.25,1,1,0
2,02/07/2024 11:11:50 AM,02/07/2024 11:36:21 AM,N,1,75,48,2,3.26,23.3,0,0.5,5.51,0,,1,33.06,1,1,2.75
2,05/04/2024 03:25:19 PM,05/04/2024 03:43:35 PM,N,1,74,238,1,2.87,18.4,0,0.5,3,0,,1,25.65,1,1,2.75
2,10/15/2024 02:38:35 PM,10/15/2024 02:47:35 PM,N,1,41,74,1,0.71,9.3,0,0.5,0,0,,1,10.8,2,1,0
2,10/01/2024 09:45:38 AM,10/01/2024 09:50:26 AM,N,1,75,239,2,1.18,7.2,0,0.5,0,0,,1,11.45,2,1,2.75
2,08/22/2024 03:02:14 PM,08/22/2024 03:12:18 PM,N,1,43,236,2,1.18,10.7,0,0.5,1.5,0,,1,16.45,1,1,2.75
2,10/22/2024 09:19:51 AM,10/22/2024 09:31:40 AM,N,1,74,236,2,1.69,12.1,0,0.5,0,0,,1,16.35,2,1,2.75
2,09/06/2024 02:44:34 PM,09/06/2024 03:29:01 PM,N,1,134,197,5,2.15,35.2,0,0.5,5.08,0,,1,41.78,1,1,0
2,03/18/2024 11:32:16 AM,03/18/2024 11:55:10 AM,N,1,43,68,1,6.01,30.3,0,0.5,6.91,0,,1,41.46,1,1,2.75
2,12/31/2024 05:50:03 PM,12/31/2024 06:16:12 PM,N,1,24,114,1,7.13,33.8,2.5,0.5,8,0,,1,48.55,1,1,2.75
2,02/13/2024 09:30:00 AM,02/13/2024 09:36:00 AM,,,7,7,,0.97,10.3,0,0,2.26,0,,1,13.56,,,
2,07/12/2024 10:14:27 PM,07/12/2024 10:28:21 PM,N,1,210,165,1,3.5,17.7,1,0.5,4.04,0,,1,24.24,1,1,0
2,11/08/2024 11:21:45 PM,11/08/2024 11:26:09 PM,N,1,255,256,1,0.77,6.5,1,0.5,1.8,0,,1,10.8,1,1,0
2,08/01/2024 03:31:29 PM,08/01/2024 03:37:49 PM,N,1,42,42,1,1.2,8.6,0,0.5,0,0,,1,10.1,2,1,0
1,07/11/2024 04:24:47 PM,07/11/2024 04:34:52 PM,N,1,43,238,2,1.7,12.1,5.25,1.5,3,0,,1,21.85,1,1,2.75
2,03/27/2024 09:38:59 AM,03/27/2024 09:45:37 AM,N,1,74,75,1,1.23,8.6,0,0.5,2.02,0,,1,12.12,1,1,0
1,07/19/2024 07:07:03 PM,07/19/2024 07:44:43 PM,N,1,39,55,1,9,47.1,2.5,1.5,0,0,,1,51.1,2,1,0
2,10/14/2024 12:31:46 AM,10/14/2024 12:41:53 AM,N,1,74,140,1,2.94,14.2,1,0.5,1,0,,1,20.45,1,1,2.75
2,08/28/2024 09:21:00 PM,08/28/2024 09:41:05 PM,N,1,93,130,1,4.63,24,1,0.5,5.3,0,,1,31.8,1,1,0
1,05/15/2024 12:37:02 PM,05/15/2024 12:44:46 PM,N,1,65,52,1,1,7.9,0,1.5,0,0,,1,9.4,2,1,0
2,10/23/2024 08:22:00 PM,10/23/2024 08:35:00 PM,,,75,163,,2.85,19.48,0,0.5,3.56,0,,1,27.29,,,
2,12/06/2024 04:03:27 PM,12/06/2024 04:22:28 PM,N,1,74,116,1,2.33,18.4,2.5,0.5,3,0,,1,25.4,1,1,0
2,02/19/2024 05:03:21 PM,02/19/2024 05:12:29 PM,N,1,220,200,1,1.16,10,0,0.5,0,0,,1,11.5,2,1,0
1,09/28/2024 07:09:45 AM,09/28/2024 07:49:10 AM,N,1,195,132,2,26.6,96.8,0,1.5,19.65,0,,1,117.95,1,1,0
2,08/21/2024 05:27:57 PM,08/21/2024 05:46:37 PM,N,1,66,257,1,4.74,23.3,2.5,0.5,5.46,0,,1,32.76,1,1,0
2,02/23/2024 10:31:37 AM,02/23/2024 10:48:53 AM,N,1,95,82,1,2.39,17,0,0.5,0,0,,1,18.5,2,1,0
2,10/13/2024 06:36:07 PM,10/13/2024 06:48:20 PM,N,1,42,69,1,1.72,12.8,0,0.5,0,0,,1,14.3,2,1,0
1,10/11/2024 09:58:07 AM,10/11/2024 10:44:41 AM,N,1,47,49,1,0,46.5,0,1.5,0,6.94,,1,54.94,1,1,0
2,12/11/2024 09:21:34 PM,12/11/2024 09:29:12 PM,N,1,95,95,1,1.04,8.6,1,0.5,1.11,0,,1,12.21,1,1,0
2,06/01/2024 11:26:18 PM,06/01/2024 11:39:55 PM,N,1,74,151,1,2.27,14.9,1,0.5,0.87,0,,1,18.27,1,1,0
2,09/06/2024 03:35:33 PM,09/06/2024 03:55:06 PM,N,1,134,131,1,3.47,19.8,0,0.5,4.26,0,,1,25.56,1,1,0
1,01/23/2024 11:14:03 AM,01/23/2024 11:22:19 AM,N,1,95,95,1,1.2,9.3,0,1.5,3,0,,1,13.8,1,1,0
2,04/02/2024 05:35:59 PM,04/02/2024 05:36:07 PM,N,1,193,193,1,0,3,2.5,0.5,0,0,,1,7,3,1,0
2,01/19/2024 03:04:24 PM,01/19/2024 03:13:26 PM,N,1,95,134,1,1.35,10.7,0,0.5,0,0,,1,12.2,2,1,0
2,05/05/2024 10:37:47 AM,05/05/2024 11:01:57 AM,N,1,166,161,1,0,19.8,0,0.5,6.01,0,,1,30.06,1,1,2.75
2,08/11/2024 05:27:48 PM,08/11/2024 05:42:18 PM,N,1,74,166,1,1.98,14.9,0,0.5,0,0,,1,16.4,2,1,0
2,10/15/2024 01:36:39 PM,10/15/2024 01:43:35 PM,N,1,56,95,1,1.42,10,0,0.5,0,0,,1,11.5,2,1,0
2,08/03/2024 08:28:20 PM,08/03/2024 08:40:07 PM,N,5,93,171,1,3.9,30,0,0,9.3,0,,1,40.3,1,2,0
2,08/17/2024 04:15:04 PM,08/17/2024 04:18:15 PM,N,1,166,151,1,0.5,5.1,0,0.5,2.4,0,,1,9,1,1,0
2,01/08/2024 02:35:00 PM,01/08/2024 02:48:00 PM,,,43,74,,1.7,16,0,0,4.25,0,,1,21.25,,,
1,10/20/2024 03:12:42 PM,10/20/2024 03:37:46 PM,Y,1,65,225,1,3.9,21.2,0,1.5,4.5,0,,1,27.2,1,1,0
2,12/27/2024 08:34:17 PM,12/27/2024 08:42:46 PM,N,1,130,28,1,1.19,10,1,0.5,2.5,0,,1,15,1,1,0
2,05/05/2024 04:19:10 PM,05/05/2024 04:53:28 PM,N,1,41,68,1,5.34,32.4,0,0.5,0,0,,1,36.65,2,1,2.75
2,12/18/2024 08:24:02 AM,12/18/2024 08:44:41 AM,N,1,33,170,3,6.01,27.5,0,0.5,7.94,0,,1,39.69,1,1,2.75
2,09/08/2024 07:39:41 PM,09/08/2024 07:53:54 PM,,,74,140,,3.19,21.33,0,0.5,5.12,0,,1,30.7,,,
2,03/14/2024 09:16:07 PM,03/14/2024 09:22:06 PM,N,1,24,42,1,0,6.5,1,0.5,0,0,,1,9,2,1,0
2,01/29/2024 10:42:36 AM,01/29/2024 11:02:10 AM,N,1,75,238,2,1.61,18.4,0,0.5,4.53,0,,1,27.18,1,1,2.75
2,06/03/2024 06:43:57 PM,06/03/2024 07:22:36 PM,N,2,74,132,1,16.44,70,5,0.5,16.69,6.94,,1,100.13,1,1,0
2,09/12/2024 12:57:20 AM,09/12/2024 01:05:15 AM,N,1,66,65,1,0.95,9.3,1,0.5,2.36,0,,1,14.16,1,1,0
2,10/27/2024 02:03:09 PM,10/27/2024 02:30:31 PM,N,1,65,178,1,5.79,31.7,0,0.5,6.64,0,,1,39.84,1,1,0
1,11/17/2024 09:38:41 AM,11/17/2024 09:44:06 AM,N,1,42,42,1,0,15.5,0,1.5,0,0,,1,17,1,1,0
2,06/03/2024 02:40:19 PM,06/03/2024 02:43:11 PM,N,1,75,75,1,0.45,5.1,0,0.5,1.32,0,,1,7.92,1,1,0
2,06/18/2024 03:58:07 AM,06/18/2024 04:10:45 AM,N,1,116,246,1,5.87,25.4,1,0.5,6.13,0,,1,36.78,1,1,2.75
2,12/31/2024 10:29:11 PM,12/31/2024 10:32:31 PM,N,1,95,95,1,0.58,5.1,1,0.5,2.22,0,,1,9.82,1,1,0
2,05/03/2024 10:05:19 AM,05/03/2024 11:52:56 AM,N,1,165,55,1,13.46,90.5,0,0.5,0,0,,1,92,2,1,0
2,10/12/2024 11:09:48 AM,10/12/2024 11:15:26 AM,N,1,166,238,1,1,7.9,0,0.5,0,0,,1,9.4,2,1,0
2,08/09/2024 04:56:05 AM,08/09/2024 04:56:07 AM,N,5,129,129,1,0,18,0,0,0,0,,1,19,1,2,0
2,08/04/2024 07:52:51 AM,08/04/2024 08:00:27 AM,N,1,82,138,1,3.76,17,5,0.5,5.88,0,,1,29.38,1,1,0
2,06/27/2024 04:09:10 PM,06/27/2024 04:21:24 PM,N,1,75,74,1,1.65,12.8,2.5,0.5,0,0,,1,16.8,2,1,0
1,09/27/2024 11:36:40 AM,09/27/2024 11:46:51 AM,N,1,82,138,1,3.8,17.7,5,1.5,4.8,0,,1,29,1,1,0
2,08/17/2024 11:39:36 AM,08/17/2024 11:48:02 AM,N,1,74,43,1,1.07,10,0,0.5,0,0,,1,11.5,2,1,0
2,12/11/2024 10:43:14 PM,12/11/2024 10:56:37 PM,N,1,7,260,1,2.32,14.2,1,0.5,0,0,,1,16.7,2,1,0
2,07/02/2024 07:30:25 PM,07/02/2024 07:50:25 PM,N,1,188,25,1,2.26,19.1,2.5,0.5,4.62,0,,1,27.72,1,1,0
2,01/29/2024 09:23:09 PM,01/29/2024 09:33:29 PM,N,1,74,238,1,2.49,13.5,1,0.5,3.75,0,,1,22.5,1,1,2.75
2,03/25/2024 02:47:03 PM,03/25/2024 03:00:26 PM,N,1,95,196,1,1.85,14.9,0,0.5,3.28,0,,1,19.68,1,1,0
1,05/16/2024 10:57:43 PM,05/16/2024 11:17:04 PM,N,1,66,162,2,6.5,22,3.25,0.5,5.15,0,,0,30.9,1,1,2.75
1,08/22/2024 10:09:01 AM,08/22/2024 10:26:20 AM,N,1,74,138,1,7.2,31,5,1.5,5,6.94,,1,49.44,1,1,0
1,04/26/2024 01:55:46 PM,04/26/2024 02:26:53 PM,N,1,244,229,1,7.8,37.3,2.75,1.5,0,0,,1,41.55,2,1,2.75
2,07/12/2024 08:35:31 AM,07/12/2024 08:42:23 AM,N,1,74,75,1,1.4,8.6,0,0.5,2.02,0,,1,12.12,1,1,0
2,05/23/2024 12:19:00 PM,05/23/2024 12:45:00 PM,,,166,138,,8.86,35.47,0,0,6.44,6.94,,1,49.85,,,
2,08/17/2024 01:21:03 PM,08/17/2024 01:39:02 PM,N,1,65,181,2,2.28,17.7,0,0.5,0,0,,1,19.2,2,1,0
2,04/06/2024 01:40:09 PM,04/06/2024 01:43:54 PM,N,1,240,265,1,2.04,10,0,0.5,0,0,,1,11.5,2,1,0
2,03/05/2024 06:24:18 PM,03/05/2024 07:03:06 PM,N,1,190,62,1,4.49,34.5,2.5,0.5,0,0,,1,38.5,2,1,0
2,06/25/2024 07:00:47 PM,06/25/2024 07:05:10 PM,N,1,43,238,1,0.91,7.2,2.5,0.5,2.24,0,,1,13.44,1,1,0
2,02/29/2024 08:11:17 AM,02/29/2024 08:28:52 AM,N,1,41,140,1,3.16,19.1,0,0.5,2,0,,1,25.35,1,1,2.75
2,01/31/2024 07:22:01 AM,01/31/2024 07:34:56 AM,N,1,74,166,1,2.09,14.2,0,0.5,2,0,,1,17.7,1,1,0
2,02/01/2024 01:04:52 PM,02/01/2024 01:15:13 PM,N,1,74,166,1,1.76,11.4,0,0.5,2.58,0,,1,15.48,1,1,0
2,07/17/2024 05:55:18 PM,07/17/2024 06:05:04 PM,N,1,97,49,1,1.22,10,2.5,0.5,2.8,0,,1,16.8,1,1,0
2,09/09/2024 03:30:36 PM,09/09/2024 03:39:51 PM,N,1,7,146,1,0.9,10,0,0.5,1,0,,1,12.5,1,1,0
2,08/02/2024 05:51:02 PM,08/02/2024 06:07:10 PM,N,1,82,160,5,2.17,15.6,2.5,0.5,0,0,,1,19.6,2,1,0
1,06/05/2024 06:08:24 PM,06/05/2024 06:15:04 PM,N,1,223,223,1,0.8,7.9,2.5,1.5,0,0,,1,11.9,1,1,0
2,08/14/2024 10:37:31 AM,08/14/2024 10:42:59 AM,N,1,74,75,2,1.39,7.9,0,0.5,5,0,,1,14.4,1,1,0
1,08/05/2024 10:00:42 PM,08/05/2024 10:14:10 PM,N,1,93,255,3,8.5,33.1,1,1.5,7.1,0,,1,42.7,1,1,0
2,04/14/2024 12:12:57 AM,04/14/2024 12:30:21 AM,,,255,226,,3.05,19.6,0,0,4.02,0,,1,24.62,,,
2,10/22/2024 07:29:09 AM,10/22/2024 07:34:32 AM,N,1,74,41,2,0.81,7.2,0,0.5,0,0,,1,8.7,1,1,0
2,06/07/2024 12:01:01 PM,06/07/2024 12:13:43 PM,N,1,223,138,1,3.31,17.7,5,0.5,7.26,0,,1,31.46,1,1,0
2,05/14/2024 07:48:46 PM,05/14/2024 07:53:52 PM,N,1,234,113,1,0.74,6.5,2.5,0.5,3.25,0,,1,16.25,1,1,2.5
2,01/06/2024 05:00:04 PM,01/06/2024 05:37:01 PM,N,1,193,144,1,6.08,35.9,0,0.5,10.04,0,,1,50.19,1,1,2.75
1,09/13/2024 08:02:55 AM,09/13/2024 08:10:58 AM,N,1,74,75,1,1.5,10,0,1.5,2.3,0,,1,13.8,1,1,0
2,07/26/2024 07:17:36 PM,07/26/2024 07:35:40 PM,N,1,75,162,5,2.69,18.4,2.5,0.5,0,0,,1,25.15,2,1,2.75
2,11/24/2024 08:32:28 PM,11/24/2024 08:44:03 PM,N,1,92,138,1,2.96,16.3,6,0.5,0,0,,1,23.8,2,1,0
1,08/15/2024 06:09:33 AM,08/15/2024 06:15:24 AM,N,1,74,74,1,0.9,7.9,0,1.5,0,0,,1,9.4,2,1,0
2,12/02/2024 01:01:47 PM,12/02/2024 01:09:38 PM,N,1,74,41,1,0.87,9.3,0,0.5,0,0,,0.3,10.1,2,1,0
2,06/15/2024 09:55:11 PM,06/15/2024 10:17:11 PM,N,1,33,170,1,4.43,24.7,1,0.5,4,0,,1,33.95,1,1,2.75
2,09/20/2024 02:16:19 PM,09/20/2024 02:34:38 PM,N,1,226,107,5,3.44,19.8,0,0.5,0,6.94,,1,30.99,2,1,2.75
2,11/17/2024 07:49:33 PM,11/17/2024 08:03:21 PM,N,1,129,129,1,1.5,13.5,0,0.5,3,0,,1,18,1,1,0
2,02/09/2024 05:31:40 PM,02/09/2024 05:43:53 PM,N,1,24,74,1,1.46,12.1,2.5,0.5,0,0,,1,16.1,2,1,0
1,05/14/2024 06:04:13 PM,05/14/2024 06:21:13 PM,N,1,75,238,2,2,13.5,5.25,1.5,1,0,,1,21.25,1,1,2.75
2,01/01/2024 03:38:14 PM,01/01/2024 03:46:42 PM,N,1,196,157,2,2,11.4,0,0.5,0,0,,1,12.9,1,1,0
2,08/19/2024 12:25:00 PM,08/19/2024 12:51:00 PM,,,244,138,,10.13,37.91,0,0,2,6.94,,1,47.85,,,
2,05/12/2024 01:15:43 PM,05/12/2024 01:32:22 PM,N,1,66,148,1,4.37,21.9,0,0.5,1,0,,1,27.15,1,1,2.75
2,10/04/2024 07:51:19 AM,10/04/2024 08:22:10 AM,N,1,260,102,5,4.32,28.2,0,0.5,5.94,0,,1,35.64,1,1,0
2,08/17/2024 09:44:42 PM,08/17/2024 09:54:37 PM,N,5,95,134,1,1.45,20,0,0,1,0,,1,22,1,2,0
1,08/29/2024 05:58:11 PM,08/29/2024 06:08:19 PM,N,1,244,220,1,4.4,19.8,2.5,1.5,0,3.18,,1,26.98,1,1,0
2,11/09/2024 05:30:38 PM,11/09/2024 05:39:36 PM,N,1,97,49,1,1.19,10,0,0.5,0,0,,1,11.5,2,1,0
2,05/21/2024 07:58:53 AM,05/21/2024 08:06:22 AM,N,1,179,264,1,1.02,6.5,0,0.5,0,0,,1,8,2,1,0
2,04/14/2024 07:00:12 PM,04/14/2024 07:10:37 PM,N,1,74,42,1,1.75,12.1,0,0.5,0,0,,1,13.6,2,1,0
1,01/19/2024 12:45:18 PM,01/19/2024 12:56:53 PM,N,1,74,159,2,2.1,12.8,0,1.5,0,0,,1,14.3,2,1,0
2,10/30/2024 02:17:53 PM,10/30/2024 02:48:54 PM,N,1,95,216,1,3.38,28.2,0,0.5,3,0,,1,32.7,1,1,0
2,01/28/2024 12:39:41 PM,01/28/2024 12:48:13 PM,N,1,41,43,1,1.86,11.4,0,0.5,3.13,0,,1,18.78,1,1,2.75
2,12/10/2024 04:46:44 PM,12/10/2024 04:51:56 PM,N,1,75,74,1,1.35,7.9,2.5,0.5,2.98,0,,1,14.88,1,1,0
2,10/08/2024 05:27:24 PM,10/08/2024 05:57:15 PM,N,1,244,141,6,6.42,32.4,2.5,0.5,7.83,0,,1,46.98,1,1,2.75
2,10/10/2024 04:51:27 PM,10/10/2024 04:59:30 PM,N,1,75,263,1,1.31,9.3,2.5,0.5,2,0,,1,18.05,1,1,2.75
2,03/21/2024 09:17:53 PM,03/21/2024 09:21:59 PM,N,1,75,75,1,1.29,7.9,1,0.5,2.6,0,,1,13,1,1,0
2,09/03/2024 05:47:07 AM,09/03/2024 05:54:01 AM,N,1,41,75,1,1.92,10.7,1,0.5,0,0,,1,13.2,2,1,0
2,08/09/2024 04:24:47 PM,08/09/2024 04:39:57 PM,N,1,43,239,1,1.93,15.6,2.5,0.5,5.59,0,,1,27.94,1,1,2.75
2,08/31/2024 11:45:10 AM,08/31/2024 11:51:05 AM,N,1,95,134,1,1.13,8.6,0,0.5,3,0,,1,13.1,1,1,0
2,11/29/2024 02:26:25 PM,11/29/2024 02:36:22 PM,N,1,82,70,1,3.21,16.3,0,0.5,4.45,0,,1,22.25,1,1,0
2,09/07/2024 03:29:37 PM,09/07/2024 03:36:35 PM,N,1,74,75,1,1.54,9.3,0,0.5,2.16,0,,1,12.96,1,1,0
2,03/12/2024 05:09:20 PM,03/12/2024 05:14:20 PM,N,1,75,75,1,0.27,6.5,2.5,0.5,1.26,0,,1,11.76,1,1,0
2,12/04/2024 08:09:52 PM,12/04/2024 08:21:59 PM,N,1,236,237,1,1.7,12.8,1,0.5,2.5,0,,1,20.55,1,1,2.75
2,05/18/2024 05:40:23 PM,05/18/2024 06:06:30 PM,N,1,97,188,1,3.85,26.1,0,0.5,7.05,0,,1,34.65,1,1,0
2,09/25/2024 04:58:59 AM,09/25/2024 05:04:13 AM,N,1,260,129,1,0.72,7.2,1,0.5,1.94,0,,1,11.64,1,1,0
2,08/15/2024 09:04:02 AM,08/15/2024 09:20:10 AM,N,1,74,238,5,2.77,17.7,0,0.5,1,0,,1,20.2,1,1,0
2,05/25/2024 09:55:38 PM,05/25/2024 10:00:42 PM,N,1,166,41,1,1.1,7.9,1,0.5,3.12,0,,1,13.52,1,1,0
2,01/17/2024 06:46:34 PM,01/17/2024 06:54:43 PM,N,1,260,129,1,1.23,9.3,2.5,0.5,3.32,0,,1,16.62,1,1,0
2,06/14/2024 01:21:12 PM,06/14/2024 01:33:47 PM,N,1,43,43,1,1.99,14.2,0,0.5,5.54,0,,1,23.99,1,1,2.75
2,12/19/2024 07:41:45 PM,12/19/2024 07:46:23 PM,N,1,75,75,1,0.88,7.2,2.5,0.5,0,0,,1,11.2,2,1,0
2,04/05/2024 11:57:14 PM,04/06/2024 12:20:47 AM,N,1,74,238,1,3.29,19.8,1,0.5,5.01,0,,1,30.06,1,1,2.75
2,10/22/2024 02:39:07 PM,10/22/2024 03:14:48 PM,N,1,75,95,1,11.33,49.9,0,0.5,11.67,6.94,,1,70.01,1,1,0
2,11/13/2024 02:03:55 PM,11/13/2024 02:20:30 PM,N,1,74,247,1,2.14,16.3,0,0.5,7.19,0,,1,24.99,1,1,0
2,08/28/2024 04:10:01 PM,08/28/2024 04:15:50 PM,N,1,75,74,1,1.16,7.9,2.5,0.5,1.1,0,,1,13,1,1,0
2,07/15/2024 06:29:37 AM,07/15/2024 06:41:41 AM,N,1,260,157,1,2.08,13.5,0,0.5,3,0,,1,18,1,1,0
2,06/10/2024 11:06:25 AM,06/10/2024 11:21:24 AM,N,1,166,74,1,2.15,15.6,0,0.5,6,0,,1,23.1,1,1,0
2,11/02/2024 07:24:16 PM,11/02/2024 07:36:33 PM,N,1,97,97,2,1.36,12.8,0,0.5,0,0,,1,14.3,2,1,0
2,09/02/2024 02:31:19 PM,09/02/2024 02:35:49 PM,N,1,49,61,1,0.52,6.5,0,0.5,0,0,,1,8,2,1,0
2,04/14/2024 12:09:22 AM,04/14/2024 12:43:10 AM,N,1,146,16,1,10.28,46.4,1,0.5,9.78,0,,1,58.68,1,1,0
2,01/27/2024 06:18:16 PM,01/27/2024 06:24:21 PM,N,1,95,95,1,0.74,7.9,0,0.5,0,0,,1,9.4,1,1,0
2,10/02/2024 05:56:44 PM,10/02/2024 06:09:57 PM,N,1,74,166,1,2.06,14.2,2.5,0.5,3.64,0,,1,21.84,1,1,0
2,10/28/2024 02:52:07 PM,10/28/2024 02:58:22 PM,N,1,75,238,1,1.04,8.6,0,0.5,3.03,0,,1,13.13,1,1,0
2,03/07/2024 07:42:00 AM,03/07/2024 07:54:00 AM,,,75,24,,1.61,20.75,0,0,0,0,,1,21.75,,,
2,09/08/2024 12:02:24 PM,09/08/2024 12:08:36 PM,N,1,74,236,1,1.47,9.3,0,0.5,1.08,0,,1,11.88,1,1,0
2,10/13/2024 06:06:34 PM,10/13/2024 06:11:55 PM,N,1,74,41,1,1.33,7.9,0,0.5,1.88,0,,1,11.28,1,1,0
2,03/22/2024 06:31:36 PM,03/22/2024 06:40:11 PM,N,1,74,42,1,1.99,10.7,2.5,0.5,2,0,,1,16.7,1,1,0
2,09/11/2024 05:08:07 PM,09/11/2024 05:19:42 PM,N,1,75,42,1,1.88,12.1,2.5,0.5,0,0,,1,16.1,2,1,0
2,02/22/2024 05:52:22 PM,02/22/2024 06:03:38 PM,N,1,75,262,6,1.6,12.1,2.5,0.5,3.77,0,,1,22.62,1,1,2.75
1,12/06/2024 06:10:06 AM,12/06/2024 06:19:03 AM,N,1,74,194,0,2.7,14.2,0,0.5,0,6.94,,0,21.64,2,1,0
2,04/19/2024 10:01:00 PM,04/20/2024 09:25:55 PM,N,1,130,145,2,10.49,43.6,1,0.5,0.1,6.94,,1,53.14,1,1,0
2,02/04/2024 11:15:40 PM,02/04/2024 11:19:55 PM,N,1,129,129,5,0.9,6.5,1,0.5,0,0,,1,9,2,1,0
2,03/13/2024 05:47:13 PM,03/13/2024 05:57:54 PM,N,1,75,142,1,2.51,13.5,2.5,0.5,0,0,,1,20.25,2,1,2.75
2,02/22/2024 02:28:47 PM,02/22/2024 02:39:15 PM,N,1,74,151,1,1.76,12.1,0,0.5,2.72,0,,1,16.32,1,1,0
2,09/05/2024 01:57:58 PM,09/05/2024 02:08:38 PM,N,1,244,238,1,4.67,20.5,0,0.5,4.95,0,,1,29.7,1,1,2.75
2,11/29/2024 05:46:12 PM,11/29/2024 06:02:42 PM,N,1,74,237,1,2.83,18.4,2.5,0.5,5.03,0,,1,30.18,1,1,2.75
1,08/31/2024 09:00:26 PM,08/31/2024 09:31:39 PM,N,1,82,216,1,4.9,27.5,1,1.5,0,0,,1,30,2,1,0
2,12/17/2024 10:29:19 PM,12/17/2024 10:33:25 PM,N,1,95,95,1,0.76,6.5,1,0.5,1.8,0,,1,10.8,1,1,0
2,12/22/2024 09:25:42 AM,12/22/2024 09:37:49 AM,N,1,166,142,2,2.7,14.9,0,0.5,3.83,0,,1,22.98,1,1,2.75
2,12/21/2024 07:45:27 PM,12/21/2024 08:05:47 PM,N,1,66,61,1,3.97,21.9,0,0.5,3,0,,1,26.4,1,1,0
2,08/07/2024 01:14:38 AM,08/07/2024 01:33:30 AM,N,1,82,56,1,2.15,14.9,1,0.5,0,0,,1,17.4,2,1,0
2,01/31/2024 08:50:00 AM,01/31/2024 09:08:53 AM,N,1,74,142,1,3.47,20.5,0,0.5,4.95,0,,1,29.7,1,1,2.75
2,08/05/2024 11:51:56 AM,08/05/2024 12:09:50 PM,N,1,43,237,1,2.42,17.7,0,0.5,4.39,0,,1,26.34,1,1,2.75
1,09/19/2024 02:56:59 PM,09/19/2024 03:12:02 PM,N,1,74,236,1,1.9,14.9,2.75,1.5,3.8,0,,1,22.95,1,1,2.75
2,01/06/2024 03:50:39 PM,01/06/2024 04:05:23 PM,N,1,65,17,1,1.93,14.2,0,0.5,3.14,0,,1,18.84,1,1,0
2,11/18/2024 08:06:06 AM,11/18/2024 08:17:34 AM,N,1,74,75,1,1.62,12.1,0,0.5,0,0,,1,13.6,1,1,0
2,04/05/2024 12:26:01 PM,04/05/2024 12:33:22 PM,N,1,75,74,1,1.31,9.3,0,0.5,2.16,0,,1,12.96,1,1,0
2,04/22/2024 11:27:24 AM,04/22/2024 11:44:45 AM,N,1,74,262,1,2.85,17.7,0,0.5,4.39,0,,1,26.34,1,1,2.75
2,12/30/2024 06:21:01 PM,12/30/2024 06:43:10 PM,N,1,95,16,1,9.49,38,2.5,0.5,0,0,,1,42,2,1,0
2,11/14/2024 05:49:00 PM,11/14/2024 06:05:00 PM,,,127,166,,5.26,29.22,0,0.5,6.14,0,,1,36.86,,,
2,01/23/2024 03:33:29 PM,01/23/2024 03:47:56 PM,N,1,43,50,1,4.25,21.2,0,0.5,5.09,0,,1,30.54,1,1,2.75
2,04/20/2024 01:10:53 AM,04/20/2024 01:34:33 AM,N,1,82,122,1,12.17,49.2,1,0.5,0,0,,1,51.7,2,1,0
2,11/15/2024 08:40:03 PM,11/15/2024 08:46:26 PM,N,1,41,151,1,0.94,7.9,1,0.5,2.08,0,,1,12.48,1,1,0
2,05/22/2024 09:46:30 PM,05/22/2024 10:20:00 PM,N,1,247,258,2,17.13,65.3,1,0.5,0,6.94,,1,74.74,1,1,0
2,08/09/2024 04:58:48 PM,08/09/2024 05:40:11 PM,N,1,130,112,1,11.28,52.7,2.5,0.5,11.34,0,,1,68.04,1,1,0
2,08/17/2024 02:08:51 PM,08/17/2024 02:24:54 PM,N,1,166,163,5,2.93,18.4,0,0.5,6.8,0,,1,29.45,1,1,2.75
2,04/08/2024 03:04:56 PM,04/08/2024 03:21:27 PM,N,1,41,141,1,2.74,17.7,0,0.5,5.49,0,,1,27.44,1,1,2.75
2,09/25/2024 01:09:35 PM,09/25/2024 01:31:20 PM,N,1,41,43,1,0,17.7,0,0.5,4.39,0,,1,26.34,1,1,2.75
2,05/01/2024 05:49:40 PM,05/01/2024 05:54:18 PM,N,1,24,41,1,0.8,6.5,2.5,0.5,0,0,,1,10.5,2,1,0
2,07/13/2024 07:06:25 PM,07/13/2024 07:06:28 PM,N,5,157,264,1,0,15,0,0,0,0,,1,16,1,2,0
2,11/02/2024 07:31:59 PM,11/02/2024 07:36:37 PM,N,1,41,74,1,0.8,6.5,0,0.5,0,0,,0.3,7.3,2,1,0
2,06/26/2024 03:40:02 PM,06/26/2024 03:55:09 PM,N,1,75,166,1,2.78,17,2.5,0.5,0,0,,1,21,2,1,0
2,09/06/2024 01:42:04 PM,09/06/2024 01:54:05 PM,N,1,74,75,1,1.77,12.8,0,0.5,0,0,,1,14.3,2,1,0
2,05/07/2024 08:56:13 PM,05/07/2024 09:06:03 PM,N,1,130,134,1,1.83,12.1,1,0.5,0,0,,1,14.6,1,1,0
2,07/19/2024 01:39:33 PM,07/19/2024 02:18:47 PM,N,1,75,181,2,11.41,53.4,0,0.5,0,0,,1,57.65,2,1,2.75
2,01/25/2024 03:18:48 PM,01/25/2024 03:24:21 PM,N,1,42,41,6,0.95,7.9,0,0.5,1,0,,1,10.4,1,1,0
2,03/23/2024 02:06:50 AM,03/23/2024 02:49:56 AM,N,1,129,28,1,11.67,54.8,1,0.5,0,0,,1,57.3,2,1,0
2,03/01/2024 07:36:36 PM,03/01/2024 07:42:17 PM,N,1,74,41,1,1.08,7.9,2.5,0.5,2.24,0,,0.3,13.44,1,1,0
2,01/22/2024 06:17:27 PM,01/22/2024 06:29:58 PM,N,1,97,40,2,1.75,12.8,2.5,0.5,1,0,,1,17.8,1,1,0
2,02/07/2024 07:23:32 AM,02/07/2024 07:36:12 AM,N,1,74,166,1,1.36,12.8,0,0.5,0,0,,1,14.3,2,1,0
1,09/19/2024 01:52:34 PM,09/19/2024 02:10:45 PM,N,1,95,130,1,2.8,19.1,0,1.5,4.1,0,,1,24.7,1,1,0
2,10/27/2024 08:11:16 PM,10/27/2024 08:18:01 PM,N,1,74,74,1,1.14,8.6,1,0.5,0,0,,1,11.1,2,1,0
2,10/14/2024 04:15:06 PM,10/14/2024 04:22:09 PM,N,1,75,237,2,1.33,9.3,0,0.5,2.71,0,,1,16.26,1,1,2.75
2,03/15/2024 02:56:03 PM,03/15/2024 03:04:33 PM,N,1,166,41,1,1.01,10,0,0.5,1,0,,1,12.5,1,1,0
2,02/16/2024 06:01:29 PM,02/16/2024 06:22:34 PM,N,1,43,163,5,2.54,19.8,2.5,0.5,6.64,0,,1,33.19,1,1,2.75
2,06/04/2024 08:42:14 PM,06/04/2024 09:05:25 PM,N,1,130,256,1,11.99,47.1,1,0.5,12.4,0,,1,62,1,1,0
2,03/24/2024 09:40:35 PM,03/24/2024 09:46:31 PM,N,1,75,75,1,1.54,9.3,1,0.5,0,0,,1,11.8,2,1,0
2,05/24/2024 02:44:19 PM,05/24/2024 03:13:45 PM,N,1,74,138,1,6.77,33.1,5,0.5,8.38,6.94,,1,54.92,1,1,0
2,02/25/2024 01:53:53 AM,02/25/2024 01:54:01 AM,N,5,132,132,1,0,20,0,0,0,0,,1,21,1,2,0
1,01/08/2024 11:40:36 AM,01/08/2024 11:52:18 AM,N,1,42,247,1,1.6,11.4,0,1.5,0,0,,1,12.9,1,1,0
2,11/03/2024 08:24:19 PM,11/03/2024 08:31:35 PM,N,1,95,95,1,1.2,8.6,1,0.5,2,0,,1,13.1,1,1,0
1,02/16/2024 03:45:32 PM,02/16/2024 04:17:18 PM,N,1,25,85,1,0,22,0,0,0,0,,0,22,1,1,0
2,05/25/2024 07:54:27 AM,05/25/2024 08:19:59 AM,N,1,41,125,1,3.13,26.8,0,0.5,0,0,,1,31.05,2,1,2.75
2,11/18/2024 08:58:27 AM,11/18/2024 09:14:02 AM,N,1,74,75,1,1.21,14.2,0,0.5,3.14,0,,1,18.84,1,1,0
2,03/15/2024 09:21:57 AM,03/15/2024 09:26:36 AM,N,1,74,41,1,0.63,6.5,0,0.5,2.4,0,,1,10.4,1,1,0
2,01/12/2024 07:11:02 PM,01/12/2024 07:29:07 PM,N,1,82,102,1,3.2,18.4,2.5,0.5,0,0,,1,22.4,2,1,0
2,01/14/2024 12:05:31 AM,01/14/2024 12:56:17 AM,N,1,130,265,2,41.9,152.1,1,0.5,0,0,,1,154.6,2,1,0
2,04/18/2024 10:02:38 AM,04/18/2024 10:21:20 AM,N,1,75,237,5,1.93,17,0,0.5,0,0,,1,21.25,2,1,2.75
2,08/07/2024 09:30:20 AM,08/07/2024 09:41:41 AM,N,1,74,75,1,1.33,11.4,0,0.5,1.94,0,,1,14.84,1,1,0
1,08/02/2024 07:59:10 PM,08/02/2024 08:04:43 PM,N,1,65,97,2,0.8,6.5,1,1.5,0,0,,1,9,2,1,0
2,02/19/2024 05:28:12 PM,02/19/2024 05:42:13 PM,N,1,74,238,1,2.95,17,0,0.5,4.11,0,,0.3,24.66,1,1,2.75
2,05/28/2024 02:00:16 PM,05/28/2024 02:10:19 PM,N,1,244,166,1,2.61,14.2,0,0.5,3.14,0,,1,18.84,1,1,0
1,03/24/2024 01:00:02 PM,03/24/2024 01:04:41 PM,N,1,166,166,1,0.6,6.5,0,1.5,1.6,0,,1,9.6,1,1,0
2,03/18/2024 08:53:07 PM,03/18/2024 09:03:05 PM,N,1,7,223,1,1.42,10.7,1,0.5,2.64,0,,1,15.84,1,1,0
2,09/11/2024 11:00:32 AM,09/11/2024 11:10:35 AM,N,1,82,138,1,3.97,17.7,5,0.5,0,0,,1,24.2,2,1,0
2,01/12/2024 09:08:00 AM,01/12/2024 10:08:00 AM,,,65,132,,17.7,72.24,0,0,14.65,0,,1,87.89,,,
2,02/19/2024 07:12:00 PM,02/19/2024 07:25:00 PM,,,256,80,,2.47,5.87,0,0.5,0,0,,1,7.37,,,
2,01/06/2024 09:23:00 PM,01/06/2024 09:42:00 PM,,,112,36,,0.8,22.26,0,0,5.82,0,,1,29.08,,,
1,04/06/2024 07:26:15 PM,04/06/2024 07:45:54 PM,N,1,244,116,1,2.1,15.6,0,1.5,0,0,,1,17.1,1,1,0
2,04/06/2024 10:36:13 AM,04/06/2024 10:45:41 AM,N,1,7,226,1,1.59,11.4,0,0.5,0,0,,1,12.9,2,1,0
2,02/14/2024 04:38:03 PM,02/14/2024 04:48:04 PM,N,1,82,138,5,3.67,17,7.5,0.5,5.2,0,,1,31.2,1,1,0
2,10/17/2024 10:52:18 AM,10/17/2024 10:55:40 AM,N,1,244,244,1,0.55,5.8,0,0.5,0,0,,1,7.3,2,1,0
2,05/23/2024 02:28:39 PM,05/23/2024 02:54:23 PM,N,1,75,140,1,2.39,22.6,0,0.5,2.68,0,,1,29.53,1,1,2.75
2,03/23/2024 02:06:59 AM,03/23/2024 02:27:19 AM,N,1,80,62,1,4.35,22.6,1,0.5,5.02,0,,1,30.12,1,1,0
1,03/12/2024 06:24:54 PM,03/12/2024 06:37:59 PM,N,1,74,166,1,1.7,12.8,2.5,1.5,0,0,,1,16.8,2,1,0
2,06/11/2024 05:36:55 PM,06/11/2024 05:40:43 PM,N,1,41,41,1,0.42,5.8,2.5,0.5,0,0,,1,9.8,2,1,0
2,10/12/2024 05:04:20 PM,10/12/2024 05:12:01 PM,N,1,75,41,1,1.19,9.3,0,0.5,0,0,,1,10.8,2,1,0
2,06/01/2024 11:44:49 AM,06/01/2024 11:44:58 AM,N,1,74,74,1,0.01,3,0,0.5,0,0,,1,4.5,3,1,0
2,11/21/2024 06:10:05 PM,11/21/2024 06:32:04 PM,N,5,134,132,1,6.51,35,0,0,0,0,,1,36,2,2,0
2,01/29/2024 06:56:41 PM,01/29/2024 07:04:28 PM,N,1,95,95,1,1.24,10,2.5,0.5,2.8,0,,1,16.8,1,1,0
2,11/13/2024 01:17:53 PM,11/13/2024 01:35:33 PM,N,1,43,143,6,2.84,18.4,0,0.5,1.5,0,,1,24.15,1,1,2.75
2,04/03/2024 05:05:33 PM,04/03/2024 05:20:16 PM,N,1,130,215,1,1.96,14.9,2.5,0.5,0,0,,1,18.9,1,1,0
2,05/22/2024 10:32:07 PM,05/22/2024 10:41:33 PM,N,1,74,168,1,3.13,14.9,1,0.5,0,0,,1,17.4,2,1,0
2,10/19/2024 05:57:10 PM,10/19/2024 06:13:16 PM,N,1,65,61,1,1.84,14.9,0,0.5,3.28,0,,1,19.68,1,1,0
2,08/28/2024 10:38:40 PM,08/28/2024 10:57:14 PM,N,1,95,173,2,3.05,19.1,1,0.5,5.4,0,,1,27,1,1,0
2,05/22/2024 03:58:46 PM,05/22/2024 03:59:01 PM,N,1,74,74,1,0.01,3,0,0.5,0,0,,1,4.5,2,1,0
1,05/02/2024 01:02:05 PM,05/02/2024 01:02:36 PM,N,1,65,65,1,0,0,0,0,0,0,,0,0,1,1,0
2,04/23/2024 05:03:13 PM,04/23/2024 05:10:50 PM,N,1,75,43,1,1.15,9.3,2.5,0.5,3.21,0,,1,19.26,1,1,2.75
1,10/03/2024 10:19:38 AM,10/03/2024 11:24:00 AM,N,1,21,140,1,0,43.5,0,1.5,0,0,,1,45,1,1,0
2,07/10/2024 06:15:58 PM,07/10/2024 06:27:11 PM,N,1,260,223,1,2.69,14.2,2.5,0.5,4.55,0,,1,22.75,1,1,0
2,05/15/2024 06:47:49 PM,05/15/2024 06:58:28 PM,N,1,129,129,1,1.21,10.7,2.5,0.5,0,0,,1,14.7,2,1,0
2,06/16/2024 04:09:02 PM,06/16/2024 04:22:23 PM,N,1,226,141,1,3.2,16.3,0,0.5,2.5,0,,1,22.8,1,1,2.5
2,07/28/2024 11:50:06 AM,07/28/2024 11:52:41 AM,N,1,75,74,1,1.03,6.5,0,0.5,2.4,0,,1,10.4,1,1,0
2,05/17/2024 02:08:56 PM,05/17/2024 02:53:21 PM,N,1,75,160,2,10.23,50.6,0,0.5,0,6.94,,1,59.04,2,1,0
2,08/10/2024 04:36:42 PM,08/10/2024 05:00:43 PM,N,1,41,42,1,5.21,28.9,0,0.5,0,0,,1,30.4,1,1,0
2,10/23/2024 12:30:42 PM,10/23/2024 01:06:06 PM,N,1,43,170,1,4.7,32.4,0,0.5,9.16,0,,1,45.81,1,1,2.75
2,02/09/2024 09:48:34 AM,02/09/2024 10:04:27 AM,N,1,95,138,1,5.45,24,5,0.5,0,0,,1,30.5,2,1,0
2,12/10/2024 02:48:56 PM,12/10/2024 03:10:07 PM,N,1,82,258,1,3.99,22.6,0,0.5,0,0,,1,24.1,2,1,0
2,05/21/2024 12:04:06 PM,05/21/2024 12:04:25 PM,N,5,65,65,1,0.09,50,0,0,12.75,0,,1,63.75,1,2,0
2,11/26/2024 05:38:38 PM,11/26/2024 05:47:10 PM,N,1,75,41,5,1.46,10,2.5,0.5,2.8,0,,1,16.8,1,1,0
2,05/27/2024 11:57:26 AM,05/27/2024 12:05:37 PM,N,1,43,263,1,1.39,10,0,0.5,1.42,0,,1,15.67,1,1,2.75
2,04/01/2024 04:11:09 PM,04/01/2024 04:13:10 PM,N,1,7,7,1,0.05,3.7,2.5,0.5,0,0,,1,7.7,4,1,0
2,04/20/2024 10:45:32 PM,04/20/2024 11:06:52 PM,N,1,65,188,1,3.2,21.9,1,0.5,3.66,0,,1,28.06,1,1,0
2,05/16/2024 04:51:09 PM,05/16/2024 04:59:54 PM,N,1,82,129,1,1.23,10,2.5,0.5,0,0,,1,14,2,1,0
2,02/14/2024 01:25:51 PM,02/14/2024 01:28:15 PM,N,1,74,74,1,0.1,4.4,0,0.5,0,0,,1,5.9,3,1,0
2,10/15/2024 02:14:23 AM,10/15/2024 02:18:50 AM,N,1,129,129,5,0.71,6.5,1,0.5,1,0,,1,10,1,1,0
2,12/24/2024 07:15:33 PM,12/24/2024 07:23:42 PM,N,1,75,41,1,1.68,10,2.5,0.5,2.8,0,,1,16.8,1,1,0
2,08/01/2024 12:26:00 AM,08/01/2024 12:33:00 AM,,,243,244,,1.3,12.8,0,0,3.32,0,,1,17.12,,,
2,10/25/2024 02:51:33 PM,10/25/2024 03:18:42 PM,N,1,43,246,1,4.74,30.3,0,0.5,6.91,0,,1,41.46,1,1,2.75
2,07/09/2024 09:19:22 AM,07/09/2024 09:26:08 AM,N,1,75,41,1,1.48,9.3,0,0.5,0,0,,1,10.8,2,1,0
2,04/24/2024 06:38:33 PM,04/24/2024 06:52:25 PM,N,1,244,239,1,5.08,23.3,2.5,0.5,0,0,,1,30.05,2,1,2.75
2,04/29/2024 07:26:59 PM,04/29/2024 07:48:44 PM,N,1,152,164,2,6.41,31,2.5,0.5,3,0,,1,40.75,1,1,2.75
2,09/03/2024 05:31:14 PM,09/03/2024 05:34:02 PM,N,1,75,263,1,0.55,5.1,2.5,0.5,2.37,0,,1,14.22,1,1,2.75
2,09/03/2024 12:09:54 PM,09/03/2024 12:14:03 PM,N,1,41,42,1,0.82,6.5,0,0.5,1.6,0,,1,9.6,1,1,0
1,04/04/2024 05:57:27 PM,04/04/2024 06:34:12 PM,N,1,166,3,1,0,38.5,0,1.5,0,3.18,,1,43.18,1,1,0
2,02/28/2024 10:10:21 PM,02/28/2024 10:18:50 PM,N,1,166,239,2,1.97,11.4,1,0.5,1.66,0,,1,18.31,1,1,2.75
2,09/18/2024 02:47:01 PM,09/18/2024 03:02:40 PM,N,1,75,142,1,2.23,16.3,0,0.5,5.14,0,,1,25.69,1,1,2.75
2,09/07/2024 09:53:32 AM,09/07/2024 10:08:59 AM,N,1,74,262,1,2.74,17.7,0,0.5,3.29,0,,1,25.24,1,1,2.75
1,03/03/2024 04:44:21 PM,03/03/2024 04:57:28 PM,N,1,65,97,0,1.4,13.5,0,1.5,0,0,,1,15,1,1,0
2,01/10/2024 01:48:16 PM,01/10/2024 01:54:57 PM,N,1,41,42,1,1.16,9.3,0,0.5,0,0,,1,10.8,1,1,0
1,10/31/2024 11:13:02 AM,10/31/2024 11:20:58 AM,N,1,74,152,1,1.3,9.3,0,1.5,2.15,0,,1,12.95,1,1,0
2,10/11/2024 07:02:12 PM,10/11/2024 07:08:27 PM,N,1,134,134,1,0.45,7.2,2.5,0.5,2,0,,1,13.2,1,1,0
2,09/12/2024 06:27:07 PM,09/12/2024 06:34:37 PM,N,1,166,151,5,1.28,9.3,2.5,0.5,1.5,0,,1,14.8,1,1,0
2,11/22/2024 10:15:11 PM,11/22/2024 10:25:18 PM,N,1,66,256,1,3.47,16.3,1,0.5,3.76,0,,1,22.56,1,1,0
2,12/08/2024 07:45:56 PM,12/08/2024 08:14:41 PM,N,1,223,82,1,7.38,39.4,0,0.5,0,0,,1,40.9,2,1,0
1,06/06/2024 03:22:43 PM,06/06/2024 03:43:47 PM,N,1,244,238,1,5.1,26.1,2.75,1.5,7.55,0,,1,37.9,1,1,2.75
2,03/08/2024 07:56:51 PM,03/08/2024 08:04:18 PM,N,1,7,179,1,0.55,7.9,2.5,0.5,0,0,,1,11.9,2,1,0
1,08/24/2024 10:22:32 AM,08/24/2024 10:22:49 AM,N,1,7,7,1,0,3,0,1.5,0,0,,1,4.5,2,1,0
2,06/02/2024 03:26:49 PM,06/02/2024 03:32:20 PM,N,1,75,74,2,1.43,8.6,0,0.5,0,0,,1,10.1,1,1,0
1,09/24/2024 09:51:32 PM,09/24/2024 09:56:43 PM,N,1,75,262,2,1.1,7.9,3.75,1.5,2.6,0,,1,15.75,1,1,2.75
2,08/31/2024 12:53:56 AM,08/31/2024 01:12:00 AM,N,5,173,185,1,12.49,75,0,0,5,6.94,,1,87.94,1,2,0
1,02/05/2024 09:29:41 AM,02/05/2024 09:39:18 AM,N,1,74,75,1,1.2,9.3,0,1.5,2.15,0,,1,12.95,1,1,0
2,05/21/2024 09:29:09 AM,05/21/2024 09:50:03 AM,N,1,130,138,1,7.12,30.3,5,0.5,9.2,0,,1,46,1,1,0
2,04/23/2024 07:38:26 AM,04/23/2024 07:49:29 AM,N,1,74,75,1,1.37,11.4,0,0.5,2.58,0,,1,15.48,1,1,0
2,10/08/2024 08:15:02 PM,10/08/2024 08:50:52 PM,N,1,93,226,1,7.63,42.9,1,0.5,11.35,0,,1,56.75,1,1,0
2,03/20/2024 07:57:08 AM,03/20/2024 07:58:43 AM,N,1,75,74,1,0.57,5.1,0,0.5,0,0,,1,6.6,2,1,0
2,07/14/2024 11:53:39 AM,07/14/2024 12:04:40 PM,N,1,41,238,1,2.03,12.8,0,0.5,0,0,,1,17.05,1,1,2.75
2,07/25/2024 06:38:29 PM,07/25/2024 06:41:29 PM,N,1,24,238,5,0.68,5.8,2.5,0.5,3,0,,1,12.8,1,1,0
2,08/26/2024 04:28:41 PM,08/26/2024 04:51:01 PM,N,1,75,138,2,8.08,34.5,7.5,0.5,9.56,6.94,,1,60,1,1,0
2,10/05/2024 10:34:56 AM,10/05/2024 10:59:31 AM,N,1,95,112,1,7.31,34.5,0,0.5,0,0,,1,36,1,1,0
2,07/10/2024 09:48:37 PM,07/10/2024 10:09:39 PM,N,1,129,121,1,9.17,38,1,0.5,0,0,,1,40.5,2,1,0
2,06/14/2024 06:25:53 PM,06/14/2024 06:36:39 PM,N,1,74,263,1,2.19,12.8,2.5,0.5,0,0,,1,19.55,2,1,2.75
1,09/08/2024 12:57:01 PM,09/08/2024 01:44:37 PM,N,1,75,93,1,10.3,49.9,0,1.5,10,6.94,,1,68.34,1,1,0
2,10/17/2024 04:45:01 PM,10/17/2024 04:56:14 PM,N,1,41,74,1,1.35,11.4,2.5,0.5,0,0,,1,15.4,2,1,0
2,08/15/2024 05:36:07 PM,08/15/2024 05:59:11 PM,N,1,74,239,3,3.57,21.9,2.5,0.5,2,0,,1,30.65,1,1,2.75
2,09/22/2024 08:28:46 PM,09/22/2024 08:40:57 PM,N,1,41,159,1,2.26,14.2,1,0.5,0,0,,1,16.7,2,1,0
2,10/14/2024 03:08:04 PM,10/14/2024 03:14:47 PM,N,1,43,238,2,1.66,10,0,0.5,3.56,0,,1,17.81,1,1,2.75
2,05/11/2024 03:31:04 PM,05/11/2024 03:42:53 PM,N,1,180,124,1,2.12,13.5,0,0.5,0,0,,1,15,2,1,0
2,04/25/2024 06:21:47 PM,04/25/2024 06:42:49 PM,N,1,74,239,1,3.42,21.2,2.5,0.5,5.59,0,,1,33.54,1,1,2.75
2,04/10/2024 06:57:09 AM,04/10/2024 07:03:48 AM,N,1,74,152,1,1.21,9.3,0,0.5,1.62,0,,1,12.42,1,1,0
2,02/02/2024 09:13:17 PM,02/02/2024 09:19:05 PM,N,1,43,263,1,1.06,7.9,1,0.5,3.94,0,,1,17.09,1,1,2.75
2,06/25/2024 08:32:50 PM,06/25/2024 08:35:37 PM,N,1,196,95,1,0.69,5.8,1,0.5,2,0,,1,10.3,1,1,0
2,05/25/2024 02:00:34 PM,05/25/2024 02:00:49 PM,N,5,195,195,2,0,45,0,0,0,0,,1,46,1,2,0
2,02/29/2024 12:13:58 PM,02/29/2024 12:55:17 PM,N,1,127,170,1,10.38,53.4,0,0.5,0,0,,1,57.65,2,1,2.75
2,01/19/2024 12:01:01 AM,01/19/2024 12:10:21 AM,N,1,66,257,1,4.66,19.8,1,0.5,4.46,0,,1,26.76,1,1,0
2,06/24/2024 09:45:43 AM,06/24/2024 09:58:15 AM,N,1,74,75,1,1.16,10.7,0,0.5,0.11,0,,1,12.31,1,1,0
2,02/18/2024 01:35:09 PM,02/18/2024 01:52:11 PM,N,1,74,238,1,2.74,18.4,0,0.5,4.53,0,,1,27.18,1,1,2.75
2,06/12/2024 08:49:28 PM,06/12/2024 08:54:41 PM,N,1,25,181,1,1.09,7.9,1,0.5,2.6,0,,1,13,1,1,0
2,05/12/2024 07:45:40 PM,05/12/2024 08:03:32 PM,N,1,260,255,1,4.37,22.6,0,0.5,4.82,0,,1,28.92,1,1,0
2,04/29/2024 03:30:32 PM,04/29/2024 03:34:04 PM,N,1,41,75,1,0.41,5.1,0,0.5,0,0,,1,6.6,2,1,0
2,02/20/2024 05:01:28 PM,02/20/2024 05:13:12 PM,N,1,74,75,1,1.67,12.1,2.5,0.5,3.22,0,,1,19.32,1,1,0
2,07/26/2024 09:40:45 AM,07/26/2024 09:47:21 AM,N,1,74,75,1,1.23,8.6,0,0.5,2.02,0,,1,12.12,1,1,0
2,05/03/2024 04:23:21 PM,05/03/2024 05:13:22 PM,N,1,97,62,1,1.41,38,2.5,0.5,0,0,,1,42,1,1,0
2,02/15/2024 12:35:12 PM,02/15/2024 12:40:46 PM,N,1,43,238,5,1.22,7.9,0,0.5,1.82,0,,1,13.97,1,1,2.75
2,06/21/2024 11:34:55 PM,06/22/2024 12:08:23 AM,N,1,33,230,1,18.03,73.7,1,0.5,0,0,,1,78.95,2,1,2.75
2,08/04/2024 04:46:28 PM,08/04/2024 05:00:49 PM,N,1,76,76,1,2.64,14.9,0,0.5,0,0,,1,16.4,2,1,0
1,11/09/2024 01:19:36 PM,11/09/2024 01:38:45 PM,N,1,65,255,2,3.7,22.6,0,1.5,4.82,0,,1,28.92,1,1,0
2,05/18/2024 04:36:47 PM,05/18/2024 05:14:43 PM,N,1,65,223,1,9.1,41.5,0,0.5,10.75,0,,1,53.75,1,1,0
2,05/20/2024 02:52:46 PM,05/20/2024 02:59:11 PM,N,1,75,236,1,0.83,7.9,0,0.5,0,0,,1,12.15,2,1,2.75
2,09/15/2024 05:33:49 PM,09/15/2024 05:41:59 PM,N,1,74,41,1,1.03,9.3,0,0.5,1,0,,1,11.8,1,1,0
2,08/22/2024 03:58:16 PM,08/22/2024 04:09:12 PM,N,1,74,236,1,2.12,13.5,0,0.5,3,0,,1,20.75,1,1,2.75
2,06/01/2024 11:14:50 AM,06/01/2024 11:29:35 AM,N,1,166,50,1,4.12,21.9,0,0.5,0,0,,1,26.15,1,1,2.75
2,09/02/2024 06:54:20 PM,09/02/2024 06:59:37 PM,N,1,66,66,1,1.06,7.9,0,0.5,2.82,0,,1,12.22,1,1,0
1,08/29/2024 10:42:06 PM,08/29/2024 11:02:37 PM,Y,1,66,164,4,6.6,27.5,3.75,1.5,0,0,,1,32.75,2,1,2.75
2,05/23/2024 02:59:39 PM,05/23/2024 03:01:34 PM,N,1,166,166,1,0.55,5.1,0,0.5,0,0,,1,6.6,2,1,0
2,01/11/2024 04:52:59 PM,01/11/2024 05:39:39 PM,N,1,260,260,2,2.56,38,2.5,0.5,0,0,,1,42,2,1,0
1,09/15/2024 06:59:53 PM,09/15/2024 07:12:57 PM,N,1,74,75,1,1.5,11.4,0,1.5,2,0,,1,14.9,1,1,0
2,10/07/2024 02:51:37 PM,10/07/2024 03:09:53 PM,N,1,43,244,1,5.74,26.1,0,0.5,0,0,,1,27.6,2,1,0
2,11/03/2024 01:14:57 PM,11/03/2024 01:49:51 PM,N,1,74,244,1,3.06,29.6,0,0.5,0,0,,1,31.1,2,1,0
2,05/17/2024 10:05:16 PM,05/17/2024 10:17:58 PM,N,1,247,159,1,1.57,12.8,1,0.5,0,0,,1,15.3,1,1,0
2,03/23/2024 03:31:45 PM,03/23/2024 03:56:30 PM,N,1,74,143,1,4.35,26.1,0,0.5,5.93,0,,0.3,35.58,1,1,2.75
2,01/12/2024 05:18:03 PM,01/12/2024 05:24:51 PM,N,1,74,41,1,0.83,7.9,2.5,0.5,0,0,,1,11.9,2,1,0
2,07/31/2024 04:00:17 PM,07/31/2024 04:14:25 PM,N,1,130,258,2,2.98,16.3,2.5,0.5,1.5,0,,1,21.8,1,1,0
2,07/09/2024 07:05:25 PM,07/09/2024 07:09:42 PM,N,1,43,75,1,0.73,6.5,2.5,0.5,2.1,0,,1,12.6,1,1,0
1,02/08/2024 06:16:15 PM,02/08/2024 06:51:32 PM,N,1,244,246,1,8,41.5,5.25,1.5,0,0,,1,48.25,4,1,2.75
2,04/04/2024 03:23:58 PM,04/04/2024 03:32:18 PM,N,1,41,166,1,0.89,9.3,0,0.5,2.7,0,,1,13.5,1,1,0
2,10/10/2024 04:46:12 PM,10/10/2024 05:07:01 PM,N,1,75,140,1,3.63,20.5,2.5,0.5,5.45,0,,1,32.7,1,1,2.75
2,09/26/2024 06:39:33 AM,09/26/2024 06:55:43 AM,N,1,75,68,1,4.41,20.5,0,0.5,2.48,0,,1,27.23,1,1,2.75
2,05/29/2024 05:13:11 PM,05/29/2024 05:18:46 PM,N,1,43,236,6,0.95,7.2,2.5,0.5,0,0,,1,13.95,2,1,2.75
2,09/26/2024 04:18:04 PM,09/26/2024 04:29:47 PM,N,1,65,97,1,1.25,11.4,2.5,0.5,3.85,0,,1,19.25,1,1,0
1,07/09/2024 05:57:39 PM,07/09/2024 06:08:19 PM,N,1,52,195,1,2.1,12.1,2.5,1.5,0,0,,1,16.1,2,1,0
2,10/21/2024 11:08:54 PM,10/21/2024 11:12:17 PM,N,1,75,74,5,1.33,7.2,1,0.5,1,0,,1,10.7,1,1,0
2,04/14/2024 05:33:01 AM,04/14/2024 05:38:38 AM,N,1,112,256,2,1.17,7.9,1,0.5,2.6,0,,1,13,1,1,0
1,02/09/2024 03:41:46 PM,02/09/2024 04:19:17 PM,N,1,41,234,1,7.6,34.5,2.75,1.5,0,0,,1,38.75,1,1,2.75
2,05/01/2024 01:10:52 PM,05/01/2024 01:18:43 PM,N,1,92,138,1,3.13,14.9,5,0.5,4.28,0,,1,25.68,1,1,0
2,09/01/2024 06:37:18 PM,09/01/2024 06:42:47 PM,N,5,93,138,3,2.38,25,5,0,0,0,,1,31,2,2,0
2,10/06/2024 08:06:08 AM,10/06/2024 08:19:08 AM,N,1,75,170,1,3.61,17.7,0,0.5,4.39,0,,1,26.34,1,1,2.75
2,07/27/2024 10:09:38 AM,07/27/2024 10:19:22 AM,N,1,92,93,1,3.08,15.6,0,0.5,1.88,0,,1,18.98,1,1,0
2,02/01/2024 06:11:31 PM,02/01/2024 06:29:20 PM,N,1,196,28,1,2.89,19.1,2.5,0.5,0,0,,1,23.1,1,1,0
2,08/16/2024 05:18:25 PM,08/16/2024 05:28:34 PM,N,1,82,138,1,3.86,18.4,7.5,0.5,2,0,,1,29.4,1,1,0
2,05/14/2024 04:33:34 PM,05/14/2024 04:42:24 PM,N,1,166,75,1,1.37,10.7,2.5,0.5,3.68,0,,1,18.38,1,1,0
2,11/21/2024 10:42:52 PM,11/21/2024 10:49:58 PM,N,1,166,151,1,1.4,9.3,1,0.5,0,0,,1,11.8,2,1,0
2,07/13/2024 01:48:51 PM,07/13/2024 01:56:47 PM,N,1,74,75,1,1.27,9.3,0,0.5,1.94,0,,1,12.74,1,1,0
2,07/18/2024 05:13:44 PM,07/18/2024 05:28:19 PM,N,1,74,236,1,1.73,14.2,2.5,0.5,3,0,,1,23.95,1,1,2.75
2,09/28/2024 11:24:13 AM,09/28/2024 11:39:36 AM,N,1,33,17,1,2.93,17,0,0.5,4.62,0,,1,23.12,1,1,0
2,10/26/2024 11:27:50 PM,10/26/2024 11:42:27 PM,N,1,129,252,1,8.89,35.2,1,0.5,2,0,,1,39.7,1,1,0
2,12/23/2024 04:16:43 PM,12/23/2024 04:28:36 PM,N,1,33,25,1,0.62,11.4,2.5,0.5,0,0,,1,15.4,2,1,0
1,01/07/2024 02:39:49 PM,01/07/2024 02:49:24 PM,N,1,74,236,1,1.7,10.7,2.75,1.5,0,0,,1,14.95,2,1,2.75
1,04/11/2024 07:53:35 PM,04/11/2024 08:29:00 PM,N,1,188,25,1,0,21.5,0,1.5,0,0,,1,23,1,1,0
2,09/30/2024 11:11:00 AM,09/30/2024 11:22:00 AM,,,145,146,,1.59,13.52,0,0,2.8,0,,1,17.32,,,
2,09/29/2024 12:41:10 PM,09/29/2024 12:55:20 PM,N,1,95,95,1,1.78,13.5,0,0.5,0,0,,1,15,2,1,0
1,12/23/2024 06:56:09 PM,12/23/2024 07:03:43 PM,N,1,74,75,1,1.4,9.3,1,1.5,2,0,,1,13.8,1,1,0
2,06/14/2024 04:37:48 PM,06/14/2024 04:49:50 PM,N,1,166,143,2,2.35,14.9,2.5,0.5,4.33,0,,1,25.98,1,1,2.75
2,01/18/2024 01:16:00 AM,01/18/2024 01:26:00 AM,,,74,236,,2.32,11.58,0,0,0,0,,1,15.33,,,
2,02/09/2024 05:28:38 PM,02/09/2024 05:42:30 PM,N,1,65,40,1,1.98,14.2,2.5,0.5,3.64,0,,1,21.84,1,1,0
2,03/07/2024 08:28:14 AM,03/07/2024 08:45:31 AM,N,1,43,161,2,2.81,18.4,0,0.5,4.53,0,,1,27.18,1,1,2.75
1,06/22/2024 10:27:02 AM,06/22/2024 10:33:02 AM,N,1,74,263,1,1.6,8.6,2.75,1.5,0,0,,1,12.85,2,1,2.75
2,02/24/2024 08:15:08 PM,02/24/2024 08:25:23 PM,N,1,43,161,1,2.56,13.5,1,0.5,4.69,0,,1,23.44,1,1,2.75
2,09/17/2024 07:33:10 PM,09/17/2024 07:37:00 PM,N,1,260,260,2,0.38,5.8,2.5,0.5,0,0,,1,9.8,2,1,0
2,08/09/2024 05:36:03 PM,08/09/2024 06:01:42 PM,N,1,247,126,1,3.42,24,2.5,0.5,0,0,,1,28,2,1,0
2,04/19/2024 07:06:17 AM,04/19/2024 07:16:52 AM,N,1,74,75,1,1.87,12.8,0,0.5,0,0,,1,14.3,2,1,0
2,11/18/2024 04:47:04 PM,11/18/2024 04:56:55 PM,N,1,43,239,5,1.74,11.4,2.5,0.5,2,0,,1,20.15,1,1,2.75
2,04/03/2024 06:46:03 PM,04/03/2024 06:47:03 PM,N,1,74,74,1,0.12,3.7,2.5,0.5,0,0,,1,7.7,2,1,0
2,08/11/2024 05:04:22 PM,08/11/2024 05:17:31 PM,N,1,65,181,1,2.07,14.2,0,0.5,5,0,,1,20.7,1,1,0
2,10/22/2024 07:21:48 PM,10/22/2024 07:37:26 PM,N,1,74,243,1,4.96,22.6,2.5,0.5,6.65,0,,1,33.25,1,1,0
1,08/29/2024 05:50:21 PM,08/29/2024 06:02:40 PM,N,1,82,173,2,1.3,10,2.5,1.5,0,0,,1,14,2,1,0
2,03/16/2024 07:27:49 PM,03/16/2024 07:36:28 PM,N,1,74,41,1,1.27,9.3,0,0.5,2.16,0,,1,12.96,1,1,0
2,12/17/2024 05:28:09 PM,12/17/2024 05:59:25 PM,N,1,74,127,1,4.57,29.6,2.5,0.5,0,0,,1,33.6,2,1,0
2,08/16/2024 07:45:35 AM,08/16/2024 07:57:20 AM,N,1,130,130,1,1.4,8.6,0,0.5,0,0,,1,10.1,2,1,0
2,03/24/2024 12:45:51 PM,03/24/2024 01:05:56 PM,N,1,166,244,1,3.6,21.2,0,0.5,0,0,,1,22.7,2,1,0
2,08/23/2024 05:15:17 PM,08/23/2024 05:25:12 PM,N,1,43,151,1,1.63,10.7,2.5,0.5,0,0,,1,14.7,2,1,0
1,07/18/2024 06:24:02 PM,07/18/2024 06:31:18 PM,,,75,262,,1.2,9.3,2.5,0.5,2.41,0,,1,18.46,,,
2,02/19/2024 01:34:32 PM,02/19/2024 01:47:15 PM,N,1,74,236,1,2.25,14.2,0,0.5,3.69,0,,1,22.14,1,1,2.75
2,04/24/2024 06:54:25 PM,04/24/2024 07:06:25 PM,N,1,95,102,1,1.73,13.5,2.5,0.5,3.5,0,,1,21,1,1,0
2,03/09/2024 06:21:04 PM,03/09/2024 06:23:04 PM,N,1,7,7,1,0.38,4.4,0,0.5,0,0,,1,5.9,1,1,0
2,05/09/2024 10:26:31 AM,05/09/2024 10:37:37 AM,N,1,75,236,1,1.17,10.7,0,0.5,2.99,0,,1,17.94,1,1,2.75
2,11/04/2024 04:32:25 AM,11/04/2024 04:33:41 AM,N,5,70,70,1,0,14,0,0,0,0,,1,15,1,2,0
2,05/31/2024 01:41:49 AM,05/31/2024 01:48:41 AM,N,1,179,179,1,0.95,7.9,1,0.5,0,0,,1,10.4,1,1,0
2,05/19/2024 12:57:11 PM,05/19/2024 01:00:42 PM,N,5,260,129,1,0.79,10,0,0,1,0,,1,12,1,2,0
2,06/05/2024 11:28:14 AM,06/05/2024 11:49:36 AM,N,1,74,31,1,5.24,27.5,0,0.5,3,0,,1,32,1,1,0
2,05/07/2024 12:26:17 PM,05/07/2024 12:28:44 PM,N,1,42,41,1,0.48,5.1,0,0.5,0,0,,1,6.6,2,1,0
2,12/31/2024 01:21:49 PM,12/31/2024 01:33:51 PM,N,1,95,102,1,2.21,14.2,0,0.5,2.36,0,,1,18.06,1,1,0
2,02/09/2024 12:46:00 AM,02/09/2024 12:58:00 AM,,,166,42,,2.14,13.61,0,0,3,0,,1,17.61,,,
1,10/12/2024 03:59:21 PM,10/12/2024 04:16:56 PM,N,1,74,239,1,3.1,19.1,2.75,1.5,3,0,,1,26.35,1,1,2.75
2,06/28/2024 11:39:08 AM,06/28/2024 11:44:19 AM,N,1,75,236,1,0.4,6.5,0,0.5,0,0,,1,8,3,1,0
2,12/16/2024 10:59:00 AM,12/16/2024 11:04:00 AM,,,7,193,,0.77,11.66,0,0.5,2.63,0,,1,15.79,,,
2,08/12/2024 04:05:58 PM,08/12/2024 04:23:24 PM,N,1,83,129,6,1.59,15.6,2.5,0.5,0,0,,1,19.6,2,1,0
2,07/12/2024 02:31:31 PM,07/12/2024 03:41:04 PM,N,2,166,132,1,19.01,70,0,0.5,0,6.94,,1,78.44,2,1,0
2,09/30/2024 10:29:23 AM,09/30/2024 10:49:53 AM,N,1,74,140,1,3.24,20.5,0,0.5,4.95,0,,1,29.7,1,1,2.75
2,02/01/2024 04:04:39 PM,02/01/2024 04:33:39 PM,N,1,75,141,1,2.46,24.7,2.5,0.5,6.29,0,,1,37.74,1,1,2.75
2,11/14/2024 11:02:36 PM,11/14/2024 11:06:50 PM,N,1,243,243,1,0.9,6.5,1,0.5,0,0,,1,9,2,1,0
2,01/15/2024 01:26:33 PM,01/15/2024 01:30:31 PM,N,1,74,41,1,0.68,5.8,0,0.5,1.46,0,,1,8.76,1,1,0
2,05/08/2024 08:30:24 AM,05/08/2024 08:45:00 AM,N,1,74,116,1,2.51,15.6,0,0.5,3.42,0,,1,20.52,1,1,0
2,07/25/2024 06:58:45 PM,07/25/2024 07:14:49 PM,N,1,130,191,1,4.52,21.9,2.5,0.5,5.18,0,,1,31.08,1,1,0
2,10/28/2024 01:00:24 PM,10/28/2024 01:08:43 PM,N,1,166,151,1,1.14,9.3,0,0.5,0,0,,1,10.8,2,1,0
2,06/25/2024 09:51:02 PM,06/25/2024 10:32:22 PM,N,5,93,265,1,23.68,90,0,0,5,0,,1,96,1,2,0
2,01/05/2024 01:34:29 PM,01/05/2024 01:42:12 PM,N,1,152,166,1,1.02,9.3,0,0.5,0,0,,1,10.8,2,1,0
2,11/08/2024 10:17:10 PM,11/08/2024 10:53:09 PM,N,1,65,50,1,6.6,37.3,1,0.5,6.38,0,,1,48.93,1,1,2.75
2,04/29/2024 03:05:54 PM,04/29/2024 03:07:44 PM,N,1,75,74,2,0.64,5.1,0,0.5,1.32,0,,1,7.92,1,1,0
2,10/11/2024 09:23:14 AM,10/11/2024 09:30:45 AM,N,1,74,166,1,0.86,8.6,0,0.5,1,0,,1,11.1,1,1,0
2,12/03/2024 07:43:41 AM,12/03/2024 07:59:07 AM,N,1,130,130,1,1.85,15.6,0,0.5,3.42,0,,1,20.52,1,1,0
2,03/27/2024 11:17:50 PM,03/27/2024 11:25:57 PM,N,1,75,141,1,2.25,12.1,1,0.5,0,0,,1,17.35,2,1,2.75
2,05/14/2024 11:43:24 AM,05/14/2024 11:59:45 AM,N,1,152,246,1,5.73,26.8,0,0.5,6.21,0,,1,37.26,1,1,2.75
2,06/10/2024 07:21:29 PM,06/10/2024 07:41:29 PM,N,1,43,48,1,3.7,20.5,2.5,0.5,5,0,,1,32.25,1,1,2.75
2,10/28/2024 06:40:27 PM,10/28/2024 06:50:30 PM,N,1,74,263,3,2.2,12.8,2.5,0.5,3.91,0,,1,23.46,1,1,2.75
1,09/09/2024 11:04:00 AM,09/09/2024 11:13:12 AM,N,1,74,24,1,1.6,10.7,0,1.5,2.4,0,,1,14.6,1,1,0
2,04/09/2024 07:08:39 PM,04/09/2024 07:14:08 PM,N,1,74,41,2,1.05,7.9,2.5,0.5,2.38,0,,1,14.28,1,1,0
2,08/16/2024 06:25:31 PM,08/16/2024 06:29:35 PM,N,1,75,74,1,1.12,7.2,2.5,0.5,2.24,0,,1,13.44,1,1,0
2,02/02/2024 06:03:19 PM,02/02/2024 06:24:00 PM,N,1,74,239,1,3.4,20.5,2.5,0.5,5.45,0,,1,32.7,1,1,2.75
2,06/20/2024 12:39:34 AM,06/20/2024 12:45:37 AM,N,1,116,244,1,1.35,9.3,1,0.5,0,0,,1,11.8,2,1,0
1,02/12/2024 08:12:02 AM,02/12/2024 08:20:08 AM,N,1,74,75,1,0.9,9.3,0,1.5,2.7,0,,1,13.5,1,1,0
1,05/29/2024 04:40:41 PM,05/29/2024 04:51:04 PM,N,1,75,263,1,1.2,9.3,5.25,1.5,2,0,,1,18.05,1,1,2.75
2,05/17/2024 05:51:00 PM,05/17/2024 06:03:55 PM,N,1,130,134,1,1.56,13.5,2.5,0.5,0,0,,1,17.5,1,1,0
2,08/12/2024 06:56:45 PM,08/12/2024 07:14:11 PM,N,1,65,181,2,1.38,15.6,2.5,0.5,3.92,0,,1,23.52,1,1,0
2,03/26/2024 09:46:11 PM,03/26/2024 09:53:25 PM,N,1,75,151,1,1.3,9.3,1,0.5,2.36,0,,1,14.16,1,1,0
2,12/21/2024 03:16:28 PM,12/21/2024 03:23:22 PM,N,1,166,42,1,0.92,8.6,0,0.5,0,0,,1,10.1,2,1,0
2,03/11/2024 09:46:16 AM,03/11/2024 10:06:19 AM,N,1,116,263,1,3.46,20.5,0,0.5,0,0,,1,22,2,1,0
2,03/15/2024 02:04:02 PM,03/15/2024 02:13:15 PM,N,1,95,134,1,1.35,10.7,0,0.5,0,0,,1,12.2,2,1,0
2,03/20/2024 06:22:22 AM,03/20/2024 06:32:08 AM,N,1,116,41,1,2.25,12.8,0,0.5,2,0,,1,16.3,1,1,0
2,12/27/2024 11:27:48 AM,12/27/2024 11:38:11 AM,N,1,74,263,1,2.27,12.8,0,0.5,4.26,0,,1,21.31,1,1,2.75
2,06/14/2024 11:16:23 AM,06/14/2024 11:38:10 AM,N,1,83,233,2,5.85,27.5,0,0.5,7.74,6.94,,1,46.43,1,1,2.75
2,05/21/2024 11:02:00 AM,05/21/2024 11:15:00 AM,,,134,102,,2.17,17.86,0,0,2.75,0,,1,21.61,,,
1,02/14/2024 07:14:26 AM,02/14/2024 07:20:35 AM,N,1,166,166,1,0.7,7.9,0,1.5,0,0,,1,9.4,1,1,0
2,07/14/2024 02:15:09 AM,07/14/2024 02:18:20 AM,N,1,129,83,1,0.58,4.5,0.5,0.5,0,0,,0.3,5.8,2,1,0
2,09/04/2024 02:25:00 PM,09/04/2024 03:20:00 PM,,,95,86,,13.22,63.27,0,0,0,0,,1,67.02,,,
2,09/04/2024 05:45:30 PM,09/04/2024 06:01:48 PM,N,1,75,42,2,2.29,16.3,2.5,0.5,5.08,0,,1,25.38,1,1,0
2,07/12/2024 02:29:32 PM,07/12/2024 02:42:52 PM,N,1,166,239,1,1.6,13.5,0,0.5,2.5,0,,1,20.25,1,1,2.75
2,07/09/2024 02:55:17 PM,07/09/2024 03:23:13 PM,N,1,65,225,1,2.62,21.2,0,0.5,0,0,,1,22.7,2,1,0
2,05/04/2024 05:36:42 PM,05/04/2024 05:56:29 PM,N,1,41,262,1,2.52,19.1,0,0.5,0.75,0,,1,24.1,1,1,2.75
2,02/27/2024 11:01:51 AM,02/27/2024 11:02:22 AM,N,1,42,42,2,0,3,0,0.5,0,0,,1,4.5,3,1,0
1,07/10/2024 04:05:42 PM,07/10/2024 04:24:39 PM,N,1,244,48,1,6.6,31,2.75,1.5,3.53,0,,1,38.78,1,1,2.75
2,10/13/2024 07:29:29 AM,10/13/2024 07:47:48 AM,N,1,129,121,1,8.18,33.1,0,0.5,0,0,,1,34.6,2,1,0
2,03/21/2024 09:39:57 AM,03/21/2024 09:56:11 AM,N,1,74,243,1,4.42,21.9,0,0.5,4.68,0,,1,28.08,1,1,0
2,03/23/2024 02:59:41 AM,03/23/2024 03:19:24 AM,N,5,80,140,3,6.36,55,0,0,0,0,,1,58.75,1,2,2.75
2,11/04/2024 12:23:05 PM,11/04/2024 12:33:23 PM,N,1,75,151,1,1.7,12.1,0,0.5,0,0,,1,13.6,1,1,0
2,08/06/2024 07:18:17 AM,08/06/2024 07:29:42 AM,N,1,74,140,1,3.56,16.3,0,0.5,0,0,,1,20.55,2,1,2.75
2,05/24/2024 03:34:54 PM,05/24/2024 03:40:24 PM,N,1,74,41,1,0.54,6.5,0,0.5,1.6,0,,1,9.6,1,1,0
2,01/29/2024 08:24:41 AM,01/29/2024 08:33:23 AM,N,1,43,43,2,1.46,10.7,0,0.5,2.99,0,,1,17.94,1,1,2.75
2,02/25/2024 01:35:17 PM,02/25/2024 01:51:10 PM,N,1,43,140,1,2.5,17,0,0.5,3,0,,1,24.25,1,1,2.75
2,02/22/2024 02:16:07 PM,02/22/2024 02:45:20 PM,N,1,61,112,1,4.46,30.3,0,0.5,3,0,,1,34.8,1,1,0
2,04/13/2024 02:44:57 PM,04/13/2024 03:05:29 PM,N,1,130,138,1,8.11,32.4,5,0.5,0,0,,1,38.9,1,1,0
2,01/04/2024 07:36:44 AM,01/04/2024 07:47:59 AM,N,1,74,75,1,1.35,12.1,0,0.5,2.72,0,,1,16.32,1,1,0
2,10/24/2024 05:57:31 PM,10/24/2024 06:23:26 PM,N,1,95,196,1,3.19,23.3,2.5,0.5,6.82,0,,1,34.12,1,1,0
2,01/24/2024 10:05:20 AM,01/24/2024 10:34:47 AM,N,1,166,141,1,4.19,26.8,0,0.5,6.21,0,,1,37.26,1,1,2.75
2,07/10/2024 06:15:27 PM,07/10/2024 06:19:20 PM,N,1,66,33,1,0.9,6.5,2.5,0.5,2,0,,1,12.5,1,1,0
2,10/26/2024 08:02:51 AM,10/26/2024 08:12:22 AM,N,1,116,244,1,1.94,12.8,0,0.5,2.5,0,,1,16.8,1,1,0
2,08/12/2024 08:11:56 AM,08/12/2024 08:21:28 AM,N,1,74,75,1,1.25,10,0,0.5,2.3,0,,1,13.8,1,1,0
2,10/11/2024 12:13:30 PM,10/11/2024 12:20:40 PM,N,1,75,74,2,1.34,9.3,0,0.5,2.7,0,,1,13.5,1,1,0
2,07/22/2024 08:34:07 PM,07/22/2024 08:42:55 PM,N,1,74,263,6,1.97,10.7,1,0.5,2.64,0,,1,15.84,1,1,0
2,01/05/2024 09:32:48 AM,01/05/2024 09:42:39 AM,N,1,166,151,1,1.72,11.4,0,0.5,2.58,0,,1,15.48,1,1,0
2,12/21/2024 04:52:11 AM,12/21/2024 05:04:34 AM,N,1,157,198,2,2.25,13.5,1,0.5,3.2,0,,1,19.2,1,1,0
2,06/11/2024 10:16:40 AM,06/11/2024 10:32:48 AM,N,1,83,146,1,2.65,17,0,0.5,0,0,,1,18.5,2,1,0
2,05/23/2024 09:04:57 AM,05/23/2024 09:19:23 AM,N,1,74,116,1,2.27,15.6,0,0.5,2.9,0,,1,20,1,1,0
2,01/28/2024 02:58:46 PM,01/28/2024 03:29:01 PM,N,1,75,107,1,4.97,31,0,0.5,2,0,,1,37.25,1,1,2.75
2,01/23/2024 04:30:11 PM,01/23/2024 04:38:53 PM,N,1,260,129,1,1.29,9.3,2.5,0.5,0,0,,1,13.3,2,1,0
2,04/18/2024 06:25:00 AM,04/18/2024 06:31:00 AM,,,75,194,,2.4,12.24,0,0,4,6.94,,1,24.18,,,
2,06/09/2024 06:10:14 PM,06/09/2024 06:24:37 PM,N,1,74,239,1,3.46,17.7,0,0.5,4.39,0,,1,26.34,1,1,2.75
2,05/15/2024 11:52:05 AM,05/15/2024 11:55:06 AM,N,1,24,166,1,0.43,5.1,0,0.5,0,0,,1,6.6,2,1,0
2,07/23/2024 02:18:43 PM,07/23/2024 02:23:08 PM,N,1,166,166,1,0.93,7.2,0,0.5,0,0,,1,8.7,2,1,0
2,09/24/2024 01:27:51 PM,09/24/2024 01:31:17 PM,N,1,33,52,1,0.75,5.8,0,0.5,0,0,,1,7.3,2,1,0
2,04/14/2024 11:06:00 PM,04/14/2024 11:21:28 PM,N,1,82,196,1,3.31,18.4,1,0.5,2,0,,1,22.9,1,1,0
2,02/27/2024 08:47:00 AM,02/27/2024 08:53:00 AM,,,7,193,,0.78,12.22,0,0,2,0,,1,15.22,,,
1,12/14/2024 11:38:18 AM,12/14/2024 11:52:53 AM,N,1,74,263,1,2.5,15.6,2.75,1.5,0,0,,1,19.85,1,1,2.75
2,06/19/2024 02:08:45 PM,06/19/2024 02:17:03 PM,N,1,134,134,1,1.05,9.3,0,0.5,0,0,,1,10.8,2,1,0
2,03/13/2024 02:29:40 PM,03/13/2024 02:35:25 PM,N,1,75,75,5,0.73,7.2,0,0.5,0.87,0,,1,9.57,1,1,0
1,02/06/2024 08:09:15 AM,02/06/2024 08:19:31 AM,N,1,116,151,1,2.4,12.1,0,1.5,2.7,0,,1,16.3,1,1,0
1,10/03/2024 07:33:08 AM,10/03/2024 07:40:58 AM,N,1,223,223,1,1.4,9.3,0,1.5,0,0,,1,10.8,1,1,0
1,09/27/2024 11:13:48 AM,09/27/2024 11:50:29 AM,N,1,26,65,1,0,24.5,0,1.5,0,0,,1,26,1,1,0
2,08/01/2024 03:24:35 PM,08/01/2024 03:39:06 PM,N,1,74,236,2,2.01,14.9,0,0.5,3.83,0,,1,22.98,1,1,2.75
2,03/16/2024 08:31:05 AM,03/16/2024 08:40:41 AM,N,1,74,166,1,1.65,11.4,0,0.5,2.58,0,,1,15.48,1,1,0
2,08/05/2024 09:46:16 AM,08/05/2024 10:02:27 AM,N,1,146,230,1,2.87,17.7,0,0.5,10,0,,1,31.95,1,1,2.75
2,04/29/2024 08:13:04 AM,04/29/2024 08:24:01 AM,N,1,74,75,1,1.4,11.4,0,0.5,1.94,0,,1,14.84,1,1,0
2,06/02/2024 04:04:08 PM,06/02/2024 04:16:50 PM,N,1,223,129,1,2.74,15.6,0,0.5,0,0,,1,17.1,2,1,0
2,01/10/2024 07:40:03 AM,01/10/2024 07:56:34 AM,N,1,74,236,1,2.47,16.3,0,0.5,4.11,0,,1,24.66,1,1,2.75
2,03/12/2024 01:16:03 PM,03/12/2024 01:39:01 PM,N,1,75,43,1,1.12,19.1,0,0.5,4.67,0,,1,28.02,1,1,2.75
2,04/02/2024 02:53:15 PM,04/02/2024 03:04:04 PM,N,1,43,239,1,1.71,12.1,0,0.5,3.27,0,,1,19.62,1,1,2.75
1,06/15/2024 06:32:03 PM,06/15/2024 06:39:09 PM,N,1,74,236,2,1.7,10,2.75,1.5,2,0,,1,16.25,1,1,2.75
2,01/14/2024 12:31:53 PM,01/14/2024 12:40:46 PM,N,1,74,262,2,2.58,13.5,0,0.5,3.55,0,,1,21.3,1,1,2.75
1,03/02/2024 05:29:57 PM,03/02/2024 05:40:33 PM,N,1,74,236,2,1.8,10.7,2.75,1.5,2.95,0,,1,17.9,1,1,2.75
1,07/11/2024 03:23:08 PM,07/11/2024 03:36:47 PM,N,1,74,263,1,2.3,14.9,2.75,1.5,3.8,0,,1,22.95,1,1,2.75
2,05/11/2024 03:45:41 PM,05/11/2024 03:49:16 PM,N,1,141,141,1,0.65,5.8,0,0.5,1.47,0,,1,11.27,1,1,2.5
2,06/15/2024 06:02:20 PM,06/15/2024 06:27:07 PM,N,1,161,148,1,4.64,26.1,0,0.5,6.02,0,,1,36.12,1,1,2.5
2,07/17/2024 02:18:43 PM,07/17/2024 02:22:46 PM,N,1,75,75,1,0.86,6.5,0,0.5,1,0,,1,9,1,1,0
2,12/07/2024 05:46:04 PM,12/07/2024 05:57:54 PM,N,1,74,262,1,2.28,13.5,0,0.5,3.55,0,,1,21.3,1,1,2.75
2,11/07/2024 08:59:45 AM,11/07/2024 09:11:04 AM,N,1,74,166,1,1.59,12.1,0,0.5,2.72,0,,1,16.32,1,1,0
2,01/04/2024 02:41:39 PM,01/04/2024 02:57:55 PM,N,1,75,239,6,2.03,16.3,0,0.5,0,0,,1,20.55,2,1,2.75
2,11/25/2024 10:06:41 PM,11/25/2024 10:15:49 PM,N,1,74,263,1,2.28,12.8,1,0.5,4.51,0,,1,22.56,1,1,2.75
2,03/05/2024 06:50:53 AM,03/05/2024 07:08:42 AM,N,1,74,239,1,3.64,19.8,0,0.5,4.81,0,,1,28.86,1,1,2.75
1,05/06/2024 09:47:40 PM,05/06/2024 10:06:22 PM,N,1,166,163,1,4.1,21.2,3.75,1.5,5.25,0,,1,31.7,1,1,2.75
2,04/10/2024 10:10:55 AM,04/10/2024 10:24:11 AM,N,1,43,43,1,1.73,13.5,0,0.5,2.5,0,,1,20.25,1,1,2.75
2,08/13/2024 12:40:33 PM,08/13/2024 12:50:59 PM,N,1,82,138,1,3.68,17.7,5,0.5,6.05,0,,1,30.25,1,1,0
2,02/13/2024 07:06:20 PM,02/13/2024 07:15:22 PM,N,1,65,97,1,0.86,9.3,2.5,0.5,2.66,0,,1,15.96,1,1,0
2,04/03/2024 11:55:36 AM,04/03/2024 12:03:53 PM,N,1,166,244,1,1.45,10.7,0,0.5,2.3,0,,0.3,13.8,1,1,0
2,02/26/2024 08:52:45 AM,02/26/2024 08:58:40 AM,N,1,75,236,1,0.94,7.9,0,0.5,2.43,0,,1,14.58,1,1,2.75
2,05/28/2024 10:41:43 AM,05/28/2024 10:58:57 AM,N,1,74,138,1,6.7,29.6,5,0.5,8.61,6.94,,1,51.65,1,1,0
2,01/19/2024 10:49:19 PM,01/19/2024 10:51:20 PM,N,1,42,247,1,0.44,5.1,1,0.5,0,0,,1,7.6,2,1,0
2,10/24/2024 05:50:16 PM,10/24/2024 06:05:48 PM,N,1,82,138,1,4.23,20.5,7.5,0.5,0,0,,1,29.5,1,1,0
2,05/27/2024 04:17:29 PM,05/27/2024 04:20:54 PM,N,1,41,151,1,0.81,6.5,0,0.5,1.6,0,,1,9.6,1,1,0
2,01/21/2024 04:12:53 PM,01/21/2024 04:18:55 PM,N,1,95,28,1,1.48,9.3,0,0.5,2.16,0,,1,12.96,1,1,0
2,02/22/2024 08:23:10 AM,02/22/2024 08:37:16 AM,N,1,74,236,1,2.21,14.2,0,0.5,3.69,0,,1,22.14,1,1,2.75
2,07/20/2024 05:58:12 PM,07/20/2024 06:09:00 PM,N,1,75,239,1,2.41,13.5,0,0.5,3.55,0,,1,21.3,1,1,2.75
2,01/27/2024 07:37:05 AM,01/27/2024 07:41:06 AM,N,1,75,238,1,0.87,7.2,0,0.5,1.74,0,,1,10.44,1,1,0
2,06/16/2024 12:36:27 AM,06/16/2024 01:01:05 AM,N,1,7,173,1,4.58,25.4,1,0.5,6.98,0,,1,34.88,1,1,0
2,05/02/2024 03:16:21 PM,05/02/2024 03:32:59 PM,N,1,134,121,1,1.89,16.3,0,0.5,0,0,,1,17.8,1,1,0
2,06/12/2024 11:05:30 AM,06/12/2024 11:17:50 AM,N,1,244,243,1,1.09,12.1,0,0.5,0,0,,1,13.6,2,1,0
2,09/19/2024 05:56:28 PM,09/19/2024 06:36:24 PM,N,1,65,161,2,7.44,40.8,2.5,0.5,9.51,0,,1,57.06,1,1,2.75
2,12/27/2024 04:17:48 PM,12/27/2024 04:22:37 PM,N,1,74,41,6,0.89,7.2,2.5,0.5,0,0,,1,11.2,2,1,0
1,10/14/2024 04:15:45 PM,10/14/2024 04:28:04 PM,N,1,65,40,0,1.9,13.5,0,1.5,3,0,,1,18,1,1,0
2,08/11/2024 01:57:33 PM,08/11/2024 02:16:54 PM,N,1,74,237,1,3.11,20.5,0,0.5,6.19,0,,1,30.94,1,1,2.75
2,06/14/2024 05:12:28 PM,06/14/2024 05:23:26 PM,N,1,166,239,1,2.13,13.5,2.5,0.5,5,0,,1,25,1,1,2.5
2,02/09/2024 07:41:36 AM,02/09/2024 07:47:17 AM,N,1,129,82,1,0.73,7.2,0,0.5,0,0,,1,8.7,2,1,0
2,07/19/2024 03:45:21 PM,07/19/2024 03:54:12 PM,N,1,43,263,1,1.1,9.3,0,0.5,2.45,0,,1,16,1,1,2.75
2,05/04/2024 10:58:42 AM,05/04/2024 11:03:14 AM,N,1,95,95,2,0.83,7.2,0,0.5,0,0,,1,8.7,2,1,0
2,11/29/2024 02:36:59 PM,11/29/2024 02:52:06 PM,N,1,166,42,1,2.21,14.9,0,0.5,0,0,,1,16.4,2,1,0
2,03/04/2024 05:41:49 PM,03/04/2024 05:51:07 PM,N,1,75,239,1,1.92,12.1,2.5,0.5,1.32,0,,1,20.17,1,1,2.75
1,04/15/2024 10:34:11 AM,04/15/2024 10:51:49 AM,N,1,41,235,1,4.7,24,0,1.5,0,0,,1,25.5,2,1,0
2,09/22/2024 02:15:25 PM,09/22/2024 02:49:04 PM,N,1,82,138,1,3.99,33.1,5,0.5,7.92,0,,1,47.52,1,1,0
2,10/22/2024 08:40:18 PM,10/22/2024 08:51:01 PM,N,1,74,151,1,1.95,12.1,1,0.5,3.4,0,,1,18,1,1,0
2,12/15/2024 10:04:01 AM,12/15/2024 10:36:33 AM,N,1,82,130,1,7.17,41.5,0,0.5,0,0,,1,43,2,1,0
2,06/19/2024 09:49:48 AM,06/19/2024 09:49:55 AM,N,5,62,62,1,0,24,0,0,0,0,,1,25,1,2,0
2,07/21/2024 04:42:18 PM,07/21/2024 05:05:23 PM,N,1,41,163,1,3.62,23.3,0,0.5,0,0,,1,27.55,1,1,2.75
2,04/13/2024 07:57:40 PM,04/13/2024 08:12:12 PM,N,1,260,223,5,3.19,18.4,1,0.5,2,0,,1,22.9,1,1,0
2,05/10/2024 03:23:04 PM,05/10/2024 03:35:19 PM,N,1,74,41,1,1.04,12.1,0,0.5,2.72,0,,1,16.32,1,1,0
2,06/11/2024 05:07:00 PM,06/11/2024 05:20:00 PM,,,193,145,,1.94,16.35,0,0,3.47,0,,1,20.82,,,
2,03/03/2024 04:30:11 PM,03/03/2024 04:39:56 PM,N,1,82,160,1,0.93,10,0,0.5,0,0,,1,11.5,2,1,0
2,05/14/2024 05:18:49 AM,05/14/2024 05:52:28 AM,N,1,129,159,1,0,26.1,1,0.5,10.66,6.94,,1,46.2,1,1,0
2,04/06/2024 05:53:48 PM,04/06/2024 06:15:19 PM,N,1,92,130,1,6.44,31,0,0.5,2.5,0,,1,35,1,1,0
2,01/23/2024 10:00:26 PM,01/23/2024 10:00:30 PM,N,5,97,97,0,0,80,0,0,0,0,,1,81,1,2,0
2,08/05/2024 06:12:50 PM,08/05/2024 06:19:22 PM,N,1,244,243,1,1.35,8.6,2.5,0.5,2,0,,1,14.6,1,1,0
2,02/02/2024 06:05:43 PM,02/02/2024 06:10:40 PM,N,1,75,74,1,1.33,7.9,2.5,0.5,2.38,0,,1,14.28,1,1,0
2,03/30/2024 12:00:21 PM,03/30/2024 12:35:58 PM,N,1,83,216,1,7.77,38.7,0,0.5,3,0,,1,43.2,1,1,0
2,11/12/2024 01:33:15 AM,11/12/2024 01:36:10 AM,N,1,55,55,1,0.4,5.1,1,0.5,0,0,,1,7.6,2,1,0
2,07/21/2024 12:02:14 PM,07/21/2024 12:12:45 PM,N,1,74,237,1,2.66,13.5,0,0.5,5,0,,1,22.75,1,1,2.75
1,01/26/2024 07:33:08 AM,01/26/2024 07:43:01 AM,N,1,74,75,1,1.4,10.7,0,1.5,0,0,,1,12.2,1,1,0
1,03/20/2024 11:32:13 AM,03/20/2024 11:40:31 AM,N,1,210,210,1,1.1,8.6,0,1.5,2,0,,1,12.1,1,1,0
2,06/03/2024 11:12:51 AM,06/03/2024 11:22:11 AM,N,1,236,238,1,1.75,11.4,0,0.5,4.7,0,,1,20.35,1,1,2.75
2,08/26/2024 10:53:26 AM,08/26/2024 11:03:07 AM,N,1,75,262,1,1.77,11.4,0,0.5,3.91,0,,1,19.56,1,1,2.75
1,03/04/2024 08:03:34 PM,03/04/2024 08:19:41 PM,N,1,244,263,3,7.1,30.3,3.75,1.5,7.11,0,,1,42.66,1,1,2.75
2,04/09/2024 04:02:44 PM,04/09/2024 04:06:42 PM,N,1,41,41,2,0.89,6.5,2.5,0.5,3.5,0,,1,14,1,1,0
1,02/15/2024 11:42:38 AM,02/15/2024 11:49:01 AM,N,1,116,42,1,1,8.6,0,1.5,0,0,,1,10.1,2,1,0
2,01/25/2024 09:06:55 AM,01/25/2024 09:30:09 AM,N,1,244,236,1,5.82,28.2,0,0.5,0,0,,1,32.45,2,1,2.75
2,11/06/2024 06:14:19 PM,11/06/2024 06:28:11 PM,N,1,82,138,1,3.86,19.8,7.5,0.5,5.76,0,,1,34.56,1,1,0
2,02/20/2024 11:39:11 AM,02/20/2024 11:50:22 AM,N,1,75,236,1,1.55,12.1,0,0.5,3.27,0,,1,19.62,1,1,2.75
1,04/23/2024 12:55:06 PM,04/23/2024 01:15:48 PM,N,1,75,141,1,2.8,19.8,2.75,1.5,4.8,0,,1,28.85,1,1,2.75
2,06/08/2024 06:59:22 AM,06/08/2024 07:11:32 AM,N,5,66,138,1,10.22,50,5,0,11.2,0,,1,67.2,1,2,0
2,05/24/2024 06:30:11 PM,05/24/2024 06:51:54 PM,N,1,75,48,1,3.66,21.9,2.5,0.5,5.16,0,,1,33.81,1,1,2.75
2,10/11/2024 12:07:22 PM,10/11/2024 12:07:33 PM,N,5,75,75,1,0.03,15,0,0,4.8,0,,1,20.8,1,2,0
2,01/18/2024 10:11:35 PM,01/18/2024 10:31:54 PM,N,1,41,168,6,3.17,18.4,1,0.5,4.18,0,,1,25.08,1,1,0
2,10/20/2024 05:06:55 PM,10/20/2024 05:27:42 PM,N,1,33,33,1,3.89,22.6,0,0.5,4.82,0,,1,28.92,1,1,0
2,12/10/2024 02:08:17 PM,12/10/2024 02:19:30 PM,N,1,95,95,1,1.32,12.1,0,0.5,0,0,,1,13.6,2,1,0
2,12/05/2024 04:34:37 PM,12/05/2024 04:44:07 PM,N,1,43,239,1,1.41,10.7,2.5,0.5,2,0,,1,19.45,1,1,2.75
2,02/06/2024 11:01:33 AM,02/06/2024 11:14:55 AM,N,1,75,237,1,1.58,13.5,0,0.5,0.5,0,,1,18.25,1,1,2.75
1,04/01/2024 04:45:10 PM,04/01/2024 04:51:31 PM,N,1,65,25,0,0.6,7.2,2.5,1.5,0,0,,1,11.2,2,1,0
2,09/01/2024 01:58:41 PM,09/01/2024 02:06:41 PM,N,1,74,41,1,1.07,9.3,0,0.5,0,0,,1,10.8,1,1,0
1,01/26/2024 09:04:26 AM,01/26/2024 09:58:15 AM,N,1,195,88,0,6.5,47.8,2.75,1.5,10.4,0,,1,62.45,1,1,2.75
2,08/09/2024 12:28:45 PM,08/09/2024 12:45:51 PM,N,1,130,132,1,5.38,26.1,0,0.5,5.52,0,,1,33.12,1,1,0
1,08/22/2024 11:51:42 AM,08/22/2024 12:18:19 PM,N,1,74,143,1,3.8,25.4,2.75,1.5,5.9,0,,1,35.55,1,1,2.75
2,03/28/2024 02:23:00 PM,03/28/2024 02:48:00 PM,,,95,132,,7.39,32.47,0,0,6.59,0,,1,40.06,,,
2,01/26/2024 06:59:11 AM,01/26/2024 07:34:03 AM,N,1,260,145,1,3.21,29.6,0,0.5,0,0,,1,31.1,2,1,0
2,09/03/2024 07:17:36 AM,09/03/2024 07:38:12 AM,N,1,74,236,1,2.12,19.1,0,0.5,4.67,0,,1,28.02,1,1,2.75
2,12/30/2024 12:15:50 PM,12/30/2024 12:54:42 PM,N,1,75,148,1,7.67,40.1,0,0.5,8.87,0,,1,53.22,1,1,2.75
2,12/27/2024 08:26:00 PM,12/27/2024 08:43:00 PM,,,31,244,,5.87,29.93,0,0.5,4.71,0,,1,36.14,,,
2,03/08/2024 04:09:47 PM,03/08/2024 04:17:58 PM,N,1,75,74,1,1.33,10,2.5,0.5,3.5,0,,1,17.5,1,1,0
2,10/23/2024 09:44:19 AM,10/23/2024 09:49:05 AM,N,1,75,74,1,1.34,7.9,0,0.5,1.88,0,,1,11.28,1,1,0
1,07/18/2024 01:27:55 PM,07/18/2024 01:44:01 PM,N,1,83,196,1,3.7,19.8,0,1.5,0,0,,1,21.3,1,1,0
2,01/25/2024 02:07:16 PM,01/25/2024 02:31:37 PM,N,1,130,173,1,5.59,29.6,0,0.5,0,0,,1,31.1,2,1,0
1,10/18/2024 07:35:48 AM,10/18/2024 07:52:27 AM,N,1,74,140,1,3,16.3,2.75,1.5,4.1,0,,1,24.65,1,1,2.75
1,08/19/2024 02:41:21 PM,08/19/2024 03:06:43 PM,N,1,75,212,1,0,29.5,0,1.5,0,0,,1,31,1,1,0
2,08/27/2024 04:33:55 PM,08/27/2024 04:59:17 PM,N,1,66,181,1,2.22,21.9,2.5,0.5,0,0,,1,25.9,1,1,0
1,06/24/2024 12:35:16 PM,06/24/2024 12:42:32 PM,N,1,41,166,2,1.4,9.3,0,1.5,0,0,,1,10.8,1,1,0
2,03/21/2024 08:48:28 AM,03/21/2024 08:54:04 AM,N,1,41,75,1,1.35,8.6,0,0.5,2.02,0,,1,12.12,1,1,0
2,06/08/2024 07:53:15 AM,06/08/2024 08:01:16 AM,N,1,116,166,1,1.62,10.7,0,0.5,0,0,,1,12.2,1,1,0
2,08/04/2024 09:28:22 PM,08/04/2024 09:41:06 PM,N,1,95,82,1,2.45,15.6,1,0.5,4.52,0,,1,22.62,1,1,0
2,12/07/2024 03:54:16 PM,12/07/2024 04:16:27 PM,N,1,97,256,1,3.54,23.3,0,0.5,4.96,0,,1,29.76,1,1,0
2,11/16/2024 03:34:40 PM,11/16/2024 03:55:59 PM,N,1,33,231,1,8.27,38,0,0.5,8.45,0,,1,50.7,1,1,2.75
2,05/30/2024 10:51:40 PM,05/30/2024 11:00:21 PM,N,1,223,223,1,1.38,10,1,0.5,0,0,,1,12.5,2,1,0
2,12/11/2024 11:15:52 AM,12/11/2024 11:31:31 AM,N,1,188,91,1,2.68,16.3,0,0.5,0,0,,1,17.8,1,1,0
2,01/02/2024 06:38:21 AM,01/02/2024 06:43:52 AM,N,1,95,95,2,0.66,7.2,0,0.5,0,0,,1,8.7,2,1,0
1,08/14/2024 03:48:21 PM,08/14/2024 04:21:45 PM,N,1,65,14,1,0,27.5,0,1.5,0,0,,1,29,1,1,0
2,02/28/2024 07:11:55 PM,02/28/2024 07:29:38 PM,N,1,74,151,1,2.45,17.7,2.5,0.5,3.5,0,,1,25.2,1,1,0
2,09/09/2024 11:05:54 PM,09/09/2024 11:14:38 PM,N,5,181,66,1,1.81,30,0,0,0,0,,1,31,1,2,0
2,03/27/2024 08:52:08 AM,03/27/2024 09:10:55 AM,N,1,43,140,1,3.1,19.8,0,0.5,5.84,0,,0.3,29.19,1,1,2.75
2,03/30/2024 02:53:43 PM,03/30/2024 03:03:31 PM,N,1,74,42,1,3.73,17,0,0.5,0,0,,1,18.5,2,1,0
2,02/29/2024 10:28:07 AM,02/29/2024 10:40:16 AM,N,1,74,43,1,2.35,14.2,0,0.5,4.61,0,,1,23.06,1,1,2.75
2,09/10/2024 07:11:10 PM,09/10/2024 07:29:56 PM,N,1,74,238,1,3.22,19.8,2.5,0.5,5.31,0,,1,31.86,1,1,2.75
2,04/26/2024 05:40:36 PM,04/26/2024 05:52:56 PM,N,1,236,237,1,1.71,13.5,2.5,0.5,0,0,,1,20,1,1,2.5
2,03/15/2024 08:00:43 PM,03/15/2024 08:06:44 PM,N,1,75,151,1,1.12,7.9,1,0.5,0,0,,1,10.4,2,1,0
2,09/17/2024 08:48:55 AM,09/17/2024 08:52:51 AM,N,1,166,24,1,0.45,5.8,0,0.5,1.46,0,,1,8.76,1,1,0
2,02/27/2024 07:53:24 PM,02/27/2024 07:55:41 PM,N,1,82,82,1,0.3,4.4,2.5,0.5,1.68,0,,1,10.08,1,1,0
2,08/24/2024 09:02:39 AM,08/24/2024 09:22:53 AM,N,1,195,52,1,2.03,19.1,0,0.5,0,0,,1,20.6,2,1,0
2,08/13/2024 09:54:13 PM,08/13/2024 10:10:34 PM,N,1,93,252,1,5.88,25.4,1,0.5,0,0,,1,27.9,2,1,0
2,10/01/2024 12:14:06 PM,10/01/2024 12:24:46 PM,N,1,97,97,1,1.09,10.7,0,0.5,2.44,0,,1,14.64,1,1,0
2,10/29/2024 09:17:21 PM,10/29/2024 09:19:58 PM,N,1,75,75,1,0.84,5.8,1,0.5,1.24,0,,1,9.54,1,1,0
2,01/17/2024 09:09:00 AM,01/17/2024 09:37:00 AM,,,74,161,,4.5,22.35,0,0,5.22,0,,1,31.32,,,
2,08/20/2024 07:10:31 AM,08/20/2024 07:45:59 AM,N,1,74,138,1,6.74,40.8,5,0.5,10.85,6.94,,1,65.09,1,1,0
2,07/16/2024 11:16:00 AM,07/16/2024 11:26:00 AM,,,244,247,,3.65,18.87,0,0,0,0,,1,19.87,,,
2,11/02/2024 09:31:23 PM,11/02/2024 09:57:57 PM,N,1,82,263,1,8.1,36.6,1,0.5,9.76,6.94,,1,58.55,1,1,2.75
2,07/19/2024 05:24:16 PM,07/19/2024 05:30:53 PM,N,1,129,260,5,0.84,7.9,2.5,0.5,0,0,,1,11.9,2,1,0
2,09/30/2024 05:38:44 PM,09/30/2024 05:54:14 PM,N,1,74,43,1,2.28,16.3,2.5,0.5,6.92,0,,1,29.97,1,1,2.75
1,01/27/2024 07:38:04 PM,01/27/2024 07:48:54 PM,N,1,260,7,1,2.1,12.1,0,1.5,2.7,0,,1,16.3,1,1,0
2,08/29/2024 07:07:49 PM,08/29/2024 07:28:00 PM,N,1,74,151,1,2.35,17,2.5,0.5,4.2,0,,1,25.2,1,1,0
2,07/22/2024 07:55:45 AM,07/22/2024 08:09:27 AM,N,1,74,43,1,1.42,13.5,0,0.5,0,0,,1,15,2,1,0
1,05/25/2024 05:11:43 PM,05/25/2024 05:22:12 PM,N,1,95,131,1,4.5,19.8,0,1.5,4.25,0,,1,25.55,1,1,0
1,06/25/2024 05:12:38 PM,06/25/2024 05:27:11 PM,N,1,74,263,1,2.4,15.6,5.25,1.5,4,0,,1,26.35,1,1,2.75
2,09/08/2024 08:28:49 PM,09/08/2024 08:43:37 PM,N,1,130,92,2,5.29,24,1,0.5,6.62,0,,1,33.12,1,1,0
2,07/24/2024 07:20:07 PM,07/24/2024 07:36:45 PM,N,1,66,189,1,3.19,18.4,2.5,0.5,4.48,0,,1,26.88,1,1,0
2,12/19/2024 11:32:14 PM,12/19/2024 11:56:24 PM,N,5,65,263,1,8.43,60,0,0,12,0,,1,75.75,1,2,2.75
2,11/02/2024 12:10:21 PM,11/02/2024 01:27:41 PM,N,1,166,166,6,17.73,89.8,0,0.5,0,0,,1,91.3,2,1,0
2,12/09/2024 01:33:57 PM,12/09/2024 01:55:57 PM,N,1,41,143,1,3.18,20.5,0,0.5,2,0,,1,26.75,1,1,2.75
2,05/05/2024 11:56:18 AM,05/05/2024 12:00:40 PM,N,1,74,75,1,0.78,6.5,0,0.5,0,0,,1,8,2,1,0
2,08/08/2024 10:05:32 AM,08/08/2024 10:30:31 AM,N,1,74,239,1,5.55,29.6,0,0.5,6.77,0,,1,40.62,1,1,2.75
2,01/29/2024 09:10:47 AM,01/29/2024 09:15:57 AM,N,5,28,121,1,1.14,14,0,0,3.64,0,,1,18.64,1,1,0
2,01/20/2024 03:40:26 PM,01/20/2024 04:07:37 PM,N,1,7,163,1,4.05,25.4,0,0.5,0,0,,1,29.65,2,1,2.75
2,04/23/2024 10:14:05 PM,04/23/2024 10:28:40 PM,N,1,152,246,1,5.89,26.8,1,0.5,0,0,,1,32.05,2,1,2.75
2,01/11/2024 03:42:42 PM,01/11/2024 04:02:40 PM,N,1,244,151,1,3.74,22.6,0,0.5,4.82,0,,1,28.92,1,1,0
2,10/27/2024 12:16:37 PM,10/27/2024 12:39:53 PM,N,1,43,246,1,5.33,28.9,0,0.5,6.63,0,,1,39.78,1,1,2.75
2,06/02/2024 05:39:13 PM,06/02/2024 05:46:24 PM,N,1,74,41,2,1.07,8.6,0,0.5,2.02,0,,1,12.12,1,1,0
2,10/04/2024 11:52:08 AM,10/04/2024 11:59:32 AM,N,1,41,238,1,1.34,10,0,0.5,0,0,,1,11.5,2,1,0
2,12/07/2024 12:35:27 PM,12/07/2024 01:11:04 PM,N,1,66,164,1,6.98,40.8,0,0.5,9.01,0,,1,54.06,1,1,2.75
2,03/13/2024 10:45:11 AM,03/13/2024 10:50:48 AM,N,1,97,97,1,0.61,7.2,0,0.5,1.74,0,,1,10.44,1,1,0
2,11/26/2024 11:55:31 AM,11/26/2024 12:10:17 PM,N,1,75,236,1,1,13.5,0,0.5,2.75,0,,1,20.5,1,1,2.75
1,01/22/2024 02:53:33 PM,01/22/2024 03:10:55 PM,N,1,74,166,1,2.4,17,0,1.5,0,0,,1,18.5,2,1,0
2,05/24/2024 04:47:57 PM,05/24/2024 05:02:44 PM,N,1,74,152,5,1.22,13.5,2.5,0.5,3.5,0,,1,21,1,1,0
2,03/15/2024 02:37:23 PM,03/15/2024 03:06:24 PM,N,1,244,249,1,9.1,42.2,0,0.5,5,0,,1,51.45,1,1,2.75
2,02/17/2024 12:23:00 PM,02/17/2024 12:30:00 PM,,,42,75,,1.7,11.74,0,0,2.55,0,,1,15.29,,,
2,08/10/2024 12:02:59 PM,08/10/2024 12:15:26 PM,N,1,82,138,2,2.54,16.3,5,0.5,0,0,,1,22.8,2,1,0
2,04/14/2024 12:23:33 AM,04/14/2024 12:47:23 AM,N,5,181,223,1,10.21,90,0,0,5,0,,1,96,1,2,0
2,06/15/2024 05:49:13 PM,06/15/2024 06:14:35 PM,N,1,66,165,1,7.92,35.9,0,0.5,9.35,0,,1,46.75,1,1,0
2,01/13/2024 01:34:32 AM,01/13/2024 01:40:50 AM,N,1,83,83,1,1.21,7.9,1,0.5,0,0,,1,10.4,2,1,0
2,07/14/2024 10:40:20 PM,07/14/2024 10:51:22 PM,N,1,74,262,1,2.77,14.9,1,0.5,4.03,0,,1,24.18,1,1,2.75
2,10/16/2024 11:13:00 AM,10/16/2024 11:52:00 AM,,,42,237,,4.33,38.84,0,0.5,10.77,0,,1,53.86,,,
1,03/13/2024 01:48:28 PM,03/13/2024 01:59:43 PM,N,1,65,181,1,1.3,10.7,0,1.5,3.65,0,,1,15.85,1,1,0
2,04/18/2024 02:08:38 PM,04/18/2024 02:18:55 PM,N,1,41,166,1,1.55,11.4,0,0.5,3.87,0,,1,16.77,1,1,0
1,07/17/2024 07:31:38 AM,07/17/2024 07:46:55 AM,N,1,74,69,1,2.6,15.6,0,1.5,3.4,0,,1,20.5,1,1,0
2,03/07/2024 12:52:10 PM,03/07/2024 01:03:49 PM,N,1,74,236,1,1.73,12.8,0,0.5,2.05,0,,1,19.1,1,1,2.75
2,09/18/2024 08:39:17 AM,09/18/2024 08:42:49 AM,N,1,166,166,2,0.62,5.8,0,0.5,1.46,0,,1,8.76,1,1,0
2,02/19/2024 08:49:21 PM,02/19/2024 09:11:22 PM,N,1,7,17,5,9,38,1,0.5,0,0,,1,40.5,2,1,0
2,02/14/2024 07:35:10 PM,02/14/2024 07:48:24 PM,N,1,130,205,1,2.72,15.6,2.5,0.5,3.92,0,,1,23.52,1,1,0
2,09/27/2024 01:22:26 PM,09/27/2024 02:04:49 PM,N,1,179,87,1,11.92,51.3,0,0.5,0,0,,1,55.55,2,1,2.75
2,01/27/2024 11:00:38 AM,01/27/2024 11:15:46 AM,N,1,129,130,2,9.99,39.4,0,0.5,5,0,,1,45.9,1,1,0
2,01/04/2024 03:29:36 PM,01/04/2024 03:46:58 PM,N,1,74,151,1,2.53,18.4,0,0.5,4.98,0,,1,24.88,1,1,0
2,05/15/2024 10:56:41 PM,05/15/2024 11:12:50 PM,N,1,166,236,1,3.14,18.4,1,0.5,2,0,,1,25.65,1,1,2.75
2,09/15/2024 06:26:31 PM,09/15/2024 06:44:36 PM,N,1,74,151,1,2.32,17.7,0,0.5,4.8,0,,1,24,1,1,0
2,04/18/2024 02:46:57 PM,04/18/2024 03:03:36 PM,N,1,65,189,2,1.88,15.6,0,0.5,0,0,,1,17.1,2,1,0
2,01/11/2024 10:19:15 PM,01/11/2024 10:30:39 PM,N,1,95,197,1,2.22,13.5,1,0.5,0,0,,1,16,1,1,0
